system,run_id,max_cpus,host_system,payload_size,iterations,workers,category,total_ops,throughput_ops_sec,latency_mean_ms,latency_p50_ms,latency_p95_ms,latency_p99_ms,latency_min_ms,latency_max_ms,cpu_db_mean_perc,cpu_client_mean_perc,mem_db_mean_mib,mem_client_mean_mib,io_db_read_mib,io_db_write_mib,io_client_read_mib,io_client_write_mib,resource_samples
berkeleydb,2026-07-09-02-29-05,1,wsl,medium,0,1,mix_10W_90R,10000,106768.19,0.009366086,0.0048,0.024008997,0.0543491,0.0024449981,14.938857,0.0,80.155,0.0,3250.688,0.0,0.0,0.0,0.0,2
berkeleydb,2026-07-09-02-29-05,1,wsl,medium,0,1,mix_50W_50R,20000,75143.28,0.01330791,0.012454002,0.027174499,0.06777538,0.0022950007,2.346453,0.0,80.155,0.0,3250.688,0.0,0.0,0.0,0.0,2
berkeleydb,2026-07-09-02-29-05,1,wsl,medium,0,1,mix_90W_10R,10000,18526.043,0.05397807,0.042659998,0.099243,0.1387556,0.003576999,15.43092,0.0,80.155,0.0,3250.688,0.0,0.0,0.0,0.0,2
berkeleydb,2026-07-09-02-29-05,1,wsl,medium,0,2,mix_10W_90R,20000,56245.086,0.033190865,0.01,0.135702,0.2330689,0.0036269994,29.429935,0.0,99.74000000000001,0.0,3307.1786666666667,0.0,0.0,0.0,1024.0,6
berkeleydb,2026-07-09-02-29-05,1,wsl,medium,0,2,mix_50W_50R,40000,17550.697,0.11302848,0.089538,0.2191356,0.42524898,0.0024049988,49.15895,0.0,99.74000000000001,0.0,3307.1786666666667,0.0,0.0,0.0,1024.0,6
berkeleydb,2026-07-09-02-29-05,1,wsl,medium,0,2,mix_90W_10R,20000,8177.679,0.24103035,0.173195,0.334415,0.48373482,0.0040880004,74.09912,0.0,99.74000000000001,0.0,3307.1786666666667,0.0,0.0,0.0,1024.0,6
berkeleydb,2026-07-09-02-29-05,1,wsl,medium,0,4,mix_10W_90R,40000,18775.574,0.20631723,0.082925,0.55779654,0.87565964,0.004008001,53.382416,0.0,100.6595238095238,0.0,3386.806857142857,0.0,0.0,0.0,2048.0,21
berkeleydb,2026-07-09-02-29-05,1,wsl,medium,0,4,mix_50W_50R,80000,8644.92,0.460725,0.322041,0.64630127,1.0225096,0.0024549991,73.52732,0.0,100.6595238095238,0.0,3386.806857142857,0.0,0.0,0.0,2048.0,21
berkeleydb,2026-07-09-02-29-05,1,wsl,medium,0,4,mix_90W_10R,40000,5061.394,0.7780177,0.58625555,0.963005,1.3813242,0.005351001,41.784317,0.0,100.6595238095238,0.0,3386.806857142857,0.0,0.0,0.0,2048.0,21
berkeleydb,2026-07-09-02-29-05,1,wsl,medium,0,8,mix_10W_90R,80000,12111.035,0.60739374,0.1563115,1.4665964,2.3381498,0.00507,80.80706,0.0,99.616,0.0,3543.2448000000004,0.0,0.0,0.0,5120.0,65
berkeleydb,2026-07-09-02-29-05,1,wsl,medium,0,8,mix_50W_50R,160000,6172.0347,1.2567766,0.89966846,1.9431249,20.562716,0.002465,90.30744,0.0,99.616,0.0,3543.2448000000004,0.0,0.0,0.0,5120.0,65
berkeleydb,2026-07-09-02-29-05,1,wsl,medium,0,8,mix_90W_10R,80000,3539.0403,2.183751,1.6670535,2.8935127,26.806309,0.008757001,51.903084,0.0,99.616,0.0,3543.2448000000004,0.0,0.0,0.0,5120.0,65
berkeleydb,2026-07-09-02-29-05,1,wsl,medium,10000,1,delete,10000,17932.928,0.05576334,0.042905003,0.087372996,0.133686,0.018546999,28.753853,0.0,92.3,0.0,3046.4,0.0,0.0,0.0,0.0,1
berkeleydb,2026-07-09-02-29-05,1,wsl,medium,10000,1,insert,10000,16698.795,0.05988456,0.0509405,0.100600995,0.14072,0.016593,14.95452,0.0,67.12,0.0,3003.392,0.0,0.0,0.0,0.0,1
berkeleydb,2026-07-09-02-29-05,1,wsl,medium,10000,1,read,10000,33642.62,0.029724201,0.024698999,0.06382805,0.08958941,0.007134,0.633084,0.0,94.19,0.0,3007.488,0.0,0.0,0.0,0.0,1
berkeleydb,2026-07-09-02-29-05,1,wsl,medium,10000,1,update,10000,13657.032,0.073222354,0.058656,0.10623194,0.1492216,0.023777,23.397633,0.0,65.63,0.0,3015.68,0.0,0.0,0.0,0.0,1
berkeleydb,2026-07-09-02-29-05,1,wsl,medium,10000,2,delete,20000,7588.4893,0.26268515,0.185617,0.39874777,0.59152853,0.018737,54.29833,0.0,100.17666666666666,0.0,3085.653333333333,0.0,0.0,0.0,0.0,3
berkeleydb,2026-07-09-02-29-05,1,wsl,medium,10000,2,insert,20000,7218.5405,0.27367866,0.195813,0.359153,0.51197517,0.019989002,52.74899,0.0,97.10000000000001,0.0,3085.312,0.0,0.0,0.0,0.0,3
berkeleydb,2026-07-09-02-29-05,1,wsl,medium,10000,2,read,20000,12780.944,0.15310359,0.0950735,0.285404,0.51473933,0.0077349977,48.540176,0.0,99.92,0.0,3082.752,0.0,0.0,0.0,0.0,2
berkeleydb,2026-07-09-02-29-05,1,wsl,medium,10000,2,update,20000,6114.5347,0.32644862,0.222114,0.431116,0.6272593,0.026944002,56.298237,0.0,99.96000000000001,0.0,3085.824,0.0,0.0,0.0,1024.0,4
berkeleydb,2026-07-09-02-29-05,1,wsl,medium,10000,4,delete,40000,4642.4473,0.85784143,0.5767765,0.96470493,7.0960813,0.020992,73.27337,0.0,102.12899999999999,0.0,3159.552,0.0,0.0,0.0,1024.0,10
berkeleydb,2026-07-09-02-29-05,1,wsl,medium,10000,4,insert,40000,4519.928,0.8782385,0.644873,1.0165089,4.452103,0.019158,79.71674,0.0,100.515,0.0,3159.3472,0.0,0.0,0.0,1024.0,10
berkeleydb,2026-07-09-02-29-05,1,wsl,medium,10000,4,read,40000,7971.0254,0.4924038,0.135813,1.0044173,1.6718022,0.0065929997,72.92249,0.0,97.3775,0.0,3098.624,0.0,0.0,0.0,0.0,4
berkeleydb,2026-07-09-02-29-05,1,wsl,medium,10000,4,update,40000,3695.1694,1.0734441,0.7198885,1.1691113,22.053362,0.032564,91.63573,0.0,101.8125,0.0,3153.408,0.0,0.0,0.0,1024.0,12
berkeleydb,2026-07-09-02-29-05,1,wsl,medium,10000,8,delete,80000,2908.4333,2.7370024,1.810497,3.264646,31.913149,0.099525996,89.65754,0.0,100.19058823529411,0.0,3322.7595294117646,0.0,0.0,0.0,3072.0,34
berkeleydb,2026-07-09-02-29-05,1,wsl,medium,10000,8,insert,80000,2653.2976,2.9213579,1.9217515,6.6195264,26.741186,0.032002997,89.83325,0.0,98.8564,0.0,3292.20096,0.0,0.0,0.0,2048.0,25
berkeleydb,2026-07-09-02-29-05,1,wsl,medium,10000,8,read,80000,2563.4526,3.0548594,1.1146181,4.5785875,58.024223,0.0055210004,90.413445,0.0,100.25777777777779,0.0,3271.736888888889,0.0,0.0,0.0,1024.0,18
berkeleydb,2026-07-09-02-29-05,1,wsl,medium,10000,8,update,80000,2370.7603,3.3214195,2.1258044,5.2508173,32.915466,0.033536002,231.43324,0.0,99.74000000000001,0.0,3315.9912727272726,0.0,0.0,0.10000000000000142,3072.0,33
berkeleydb,2026-07-09-02-29-05,1,wsl,medium,100000,1,delete,100000,7689.801,0.13004239,0.038511,0.093415,0.1454862,0.015220001,1139.6046,0.0,40.65083333333333,0.0,3055.701333333333,0.0,0.0,0.0,2048.0,12
berkeleydb,2026-07-09-02-29-05,1,wsl,medium,100000,1,insert,100000,16147.0625,0.06193077,0.0396585,0.11997605,0.1902453,0.015410999,173.63454,0.0,75.576,0.0,3053.568,0.0,0.0,0.0,2048.0,5
berkeleydb,2026-07-09-02-29-05,1,wsl,medium,100000,1,read,100000,36578.223,0.027338669,0.013056,0.1123625,0.18585739,0.004810001,5.347331,0.0,99.515,0.0,3030.016,0.0,0.0,0.0,0.0,2
berkeleydb,2026-07-09-02-29-05,1,wsl,medium,100000,1,update,100000,13964.934,0.07160793,0.043887,0.099336,0.14511651,0.021972999,183.28691,0.0,80.80166666666666,0.0,3054.421333333333,0.0,0.0,0.0,3072.0,6
berkeleydb,2026-07-09-02-29-05,1,wsl,medium,100000,2,delete,200000,5136.788,0.38915208,0.2332595,0.5732115,0.9055431,0.015751,302.5305,0.0,95.92541666666666,0.0,3098.2826666666665,0.0,0.0,0.0,5120.0,24
berkeleydb,2026-07-09-02-29-05,1,wsl,medium,100000,2,insert,200000,4970.708,0.40209308,0.2542415,0.5485225,0.88279,0.016864,248.82245,0.0,91.9128,0.0,3096.04352,0.0,0.0,0.0,5120.0,25
berkeleydb,2026-07-09-02-29-05,1,wsl,medium,100000,2,read,200000,19904.215,0.100439444,0.016872998,0.3396943,0.68673533,0.008497002,52.99387,0.0,99.80833333333334,0.0,3076.4373333333333,0.0,0.0,0.0,0.0,6
berkeleydb,2026-07-09-02-29-05,1,wsl,medium,100000,2,update,200000,4571.0093,0.43699837,0.26117402,0.6046347,0.9733003,0.024028,191.04044,0.0,95.57222222222221,0.0,3112.6186666666667,0.0,0.0,0.0,5120.0,27
berkeleydb,2026-07-09-02-29-05,1,wsl,medium,100000,4,delete,400000,2197.2737,1.8187902,1.011236,1.8322312,31.20604,0.017324,785.4031,0.0,87.08554455445544,0.0,3663.5374257425747,0.0,0.0,438.2,10240.0,101
berkeleydb,2026-07-09-02-29-05,1,wsl,medium,100000,4,insert,400000,2515.0242,1.5887067,1.0116966,1.7602569,13.649808,0.018276002,842.7223,0.0,81.4890909090909,0.0,3189.387636363637,0.0,0.0,0.6000000000000014,10240.0,88
berkeleydb,2026-07-09-02-29-05,1,wsl,medium,100000,4,read,400000,10946.143,0.36259437,0.037995,0.84294754,2.0341902,0.009058,77.417694,0.0,100.72200000000001,0.0,3173.6832,0.0,0.0,0.1999999999999993,0.0,20
berkeleydb,2026-07-09-02-29-05,1,wsl,medium,100000,4,update,400000,2240.0735,1.7842124,1.1158946,2.0088983,30.911396,0.024207998,681.21515,0.0,94.83287128712873,0.0,3550.491881188119,0.0,0.0,3.0,14336.0,101
berkeleydb,2026-07-09-02-29-05,1,wsl,medium,100000,8,delete,800000,1457.8221,5.4758725,3.3559725,7.511262,35.46587,0.050701,5157.0063,0.0,85.5308041958042,0.0,3442.480335664336,0.0,0.0,4188.160000000001,43008.0,286
berkeleydb,2026-07-09-02-29-05,1,wsl,medium,100000,8,insert,800000,1975.7489,4.0386868,2.947151,6.0044074,21.427286,0.027714003,3671.0032,0.0,90.51227906976744,0.0,4096.557246511627,0.0,0.0,0.0,25600.0,215
berkeleydb,2026-07-09-02-29-05,1,wsl,medium,100000,8,read,800000,1945.8795,4.10531,1.6264131,6.837519,58.51361,0.011232998,210.55968,0.0,100.49408653846154,0.0,4423.089230769231,0.0,0.0,3443.68,17408.0,208
berkeleydb,2026-07-09-02-29-05,1,wsl,medium,100000,8,update,800000,1190.8195,6.700375,3.7244606,18.17134,44.260323,0.069037996,4381.0483,0.0,77.7532122905028,0.0,3438.137206703911,0.0,0.0,3553.2799999999997,37888.0,358
berkeleydb,2026-07-09-02-29-05,1,wsl,small,0,1,mix_10W_90R,10000,323944.8,0.0030869453,0.0018430001,0.006221999,0.019630488,0.0017229976,0.110547,0.0,91.97,0.0,3023.872,0.0,0.0,0.0,0.0,1
berkeleydb,2026-07-09-02-29-05,1,wsl,small,0,1,mix_50W_50R,20000,270849.7,0.0036920845,0.005009999,0.006984502,0.013206097,0.0013130012,0.115477,0.0,91.97,0.0,3023.872,0.0,0.0,0.0,0.0,1
berkeleydb,2026-07-09-02-29-05,1,wsl,small,0,1,mix_90W_10R,10000,90289.11,0.011075533,0.00525,0.034532998,0.07710332,0.0018040009,23.196112,0.0,91.97,0.0,3023.872,0.0,0.0,0.0,0.0,1
berkeleydb,2026-07-09-02-29-05,1,wsl,small,0,2,mix_10W_90R,20000,126491.09,0.014980748,0.0029250004,0.0283275,0.10077901,0.0017029997,36.47685,0.0,96.03666666666668,0.0,3044.0106666666666,0.0,0.0,0.10000000000000142,0.0,3
berkeleydb,2026-07-09-02-29-05,1,wsl,small,0,2,mix_50W_50R,40000,32454.37,0.060735915,0.017254,0.15661995,0.2323473,0.0013220015,48.448334,0.0,96.03666666666668,0.0,3044.0106666666666,0.0,0.0,0.10000000000000142,0.0,3
berkeleydb,2026-07-09-02-29-05,1,wsl,small,0,2,mix_90W_10R,20000,31346.47,0.06180763,0.0180505,0.1366743,0.24133532,0.0018939972,37.405792,0.0,96.03666666666668,0.0,3044.0106666666666,0.0,0.0,0.10000000000000142,0.0,3
berkeleydb,2026-07-09-02-29-05,1,wsl,small,0,4,mix_10W_90R,40000,65145.363,0.045019127,0.0065230015,0.0874345,0.29866633,0.0016830018,60.4518,0.0,99.411,0.0,3085.2096,0.0,0.0,0.0,1024.0,10
berkeleydb,2026-07-09-02-29-05,1,wsl,small,0,4,mix_50W_50R,80000,10469.102,0.3702803,0.262324,0.5425505,0.7902984,0.0013829995,68.694626,0.0,99.411,0.0,3085.2096,0.0,0.0,0.0,1024.0,10
berkeleydb,2026-07-09-02-29-05,1,wsl,small,0,4,mix_90W_10R,40000,15779.562,0.22218381,0.042895,0.35353196,0.62044567,0.0017630009,60.533875,0.0,99.411,0.0,3085.2096,0.0,0.0,0.0,1024.0,10
berkeleydb,2026-07-09-02-29-05,1,wsl,small,0,8,mix_10W_90R,80000,40205.406,0.13296664,0.009168001,0.1988703,0.53156984,0.0016929989,80.08522,0.0,99.8796,0.0,3164.40576,0.0,0.0,4.099999999999998,0.0,25
berkeleydb,2026-07-09-02-29-05,1,wsl,small,0,8,mix_50W_50R,160000,7848.9043,0.9192878,0.685203,1.19087,2.0909798,0.0017240017,89.29216,0.0,99.8796,0.0,3164.40576,0.0,0.0,4.099999999999998,0.0,25
berkeleydb,2026-07-09-02-29-05,1,wsl,small,0,8,mix_90W_10R,80000,9891.136,0.6651751,0.104072005,0.57883465,1.2917929,0.0018639985,103.44365,0.0,99.8796,0.0,3164.40576,0.0,0.0,4.099999999999998,0.0,25
berkeleydb,2026-07-09-02-29-05,1,wsl,small,10000,1,delete,10000,103551.27,0.009657051,0.0055210004,0.012465449,0.031499412,0.0050299987,15.83339,0.0,90.98,0.0,62.47,0.0,0.0,0.0,0.0,1
berkeleydb,2026-07-09-02-29-05,1,wsl,small,10000,1,insert,10000,124810.3,0.00801216,0.0051299995,0.0233165,0.03702601,0.0044480003,4.907572,0.0,77.22,0.0,12.28,0.0,0.0,0.0,0.0,1
berkeleydb,2026-07-09-02-29-05,1,wsl,small,10000,1,read,10000,418249.16,0.0023909195,0.0018230003,0.0042794514,0.0108112,0.0016229987,0.088736996,0.0,92.11,0.0,37.33,0.0,0.0,0.0,0.0,1
berkeleydb,2026-07-09-02-29-05,1,wsl,small,10000,1,update,10000,171589.56,0.0058278604,0.004789001,0.010301501,0.0201501,0.0045589986,0.340838,0.0,84.16,0.0,42.36,0.0,0.0,0.0,0.0,1
berkeleydb,2026-07-09-02-29-05,1,wsl,small,10000,2,delete,20000,30260.547,0.06134144,0.031563,0.12565051,0.20342296,0.005471,40.00883,0.0,84.59,0.0,70.185,0.0,0.0,0.0,9.0,2
berkeleydb,2026-07-09-02-29-05,1,wsl,small,10000,2,insert,20000,31443.201,0.057923403,0.0202,0.1179465,0.20272806,0.0043579983,52.342342,0.0,91.7,0.0,43.88,0.0,0.0,0.0,0.0,1
berkeleydb,2026-07-09-02-29-05,1,wsl,small,10000,2,read,20000,238773.31,0.006135883,0.0023640005,0.008927998,0.03744491,0.0016030008,41.03021,0.0,86.16,0.0,24.97,0.0,0.0,0.0,0.0,1
berkeleydb,2026-07-09-02-29-05,1,wsl,small,10000,2,update,20000,45012.184,0.040205788,0.011903,0.08040495,0.14101684,0.004609001,51.157597,0.0,105.41,0.0,65.95,0.0,0.0,0.0,0.0,1
berkeleydb,2026-07-09-02-29-05,1,wsl,small,10000,4,delete,40000,18435.29,0.20646948,0.041427,0.3133635,0.51956064,0.0053700004,72.94795,0.0,98.81333333333333,0.0,115.3,0.0,0.0,0.0,29.0,3
berkeleydb,2026-07-09-02-29-05,1,wsl,small,10000,4,insert,40000,19142.922,0.19970426,0.038647,0.31933343,0.55196464,0.0046999995,76.33241,0.0,77.47333333333334,0.0,89.53333333333335,0.0,0.0,0.0,38.2,3
berkeleydb,2026-07-09-02-29-05,1,wsl,small,10000,4,read,40000,139411.05,0.018572029,0.0023350003,0.017335,0.08948081,0.0016129997,77.73542,0.0,95.84,0.0,89.66,0.0,0.0,0.0,0.0,2
berkeleydb,2026-07-09-02-29-05,1,wsl,small,10000,4,update,40000,23255.246,0.15739734,0.0289405,0.23131356,0.3713058,0.0045489995,79.415,0.0,98.87,0.0,101.43,0.0,0.0,0.0,22.0,2
berkeleydb,2026-07-09-02-29-05,1,wsl,small,10000,8,delete,80000,10425.461,0.7252073,0.134783,0.54639876,1.115968,0.005240001,89.37421,0.0,92.29857142857144,0.0,170.28714285714287,0.0,0.0,0.0,92.0,7
berkeleydb,2026-07-09-02-29-05,1,wsl,small,10000,8,insert,80000,10732.069,0.71029377,0.118148,0.63402003,1.7815949,0.004499001,89.42266,0.0,98.43714285714285,0.0,170.4857142857143,0.0,0.0,0.0,121.0,7
berkeleydb,2026-07-09-02-29-05,1,wsl,small,10000,8,read,80000,80631.336,0.073833555,0.0042680004,0.0706705,0.1659434,0.001593,89.09309,0.0,101.04333333333334,0.0,162.96666666666667,0.0,0.0,0.0,0.0,3
berkeleydb,2026-07-09-02-29-05,1,wsl,small,10000,8,update,80000,12820.873,0.5907955,0.094630495,0.41450608,0.70091337,0.0044489987,90.38234,0.0,98.44333333333333,0.0,178.71666666666667,0.0,0.0,0.0,43.0,6
berkeleydb,2026-07-09-02-29-05,1,wsl,small,100000,1,delete,100000,130744.91,0.007648482,0.0055609997,0.010881999,0.018416101,0.00516,21.63981,0.0,81.16,0.0,52.27,0.0,0.0,0.0,0.0,1
berkeleydb,2026-07-09-02-29-05,1,wsl,small,100000,1,insert,100000,128445.45,0.007785406,0.0050500003,0.020871,0.029729102,0.004359001,14.631608,0.0,91.63499999999999,0.0,64.875,0.0,0.0,0.0,67.0,2
berkeleydb,2026-07-09-02-29-05,1,wsl,small,100000,1,read,100000,414985.0,0.002409726,0.0019130002,0.0045590005,0.0065929997,0.0016630001,0.456516,0.0,89.17,0.0,63.18,0.0,0.0,0.0,0.0,1
berkeleydb,2026-07-09-02-29-05,1,wsl,small,100000,1,update,100000,172122.0,0.005809833,0.004759999,0.009509,0.01700301,0.004529,18.752449,0.0,84.68,0.0,73.33,0.0,0.0,0.0,0.0,1
berkeleydb,2026-07-09-02-29-05,1,wsl,small,100000,2,delete,200000,28561.842,0.068973154,0.0297295,0.1235265,0.20298915,0.005251,136.62856,0.0,95.928,0.0,132.38,0.0,0.0,0.0,159.6400000000001,5
berkeleydb,2026-07-09-02-29-05,1,wsl,small,100000,2,insert,200000,29559.777,0.06711154,0.030705001,0.125496,0.2150284,0.004679001,123.409966,0.0,93.998,0.0,96.452,0.0,0.0,0.0,190.0,5
berkeleydb,2026-07-09-02-29-05,1,wsl,small,100000,2,read,200000,226424.06,0.008644735,0.0022250006,0.009448,0.06447531,0.0017329985,53.249817,0.0,99.87,0.0,126.8,0.0,0.0,0.0,0.0,1
berkeleydb,2026-07-09-02-29-05,1,wsl,small,100000,2,update,200000,37757.734,0.052225456,0.018135998,0.102003,0.16886632,0.0047000013,92.33677,0.0,89.0025,0.0,117.73,0.0,0.0,0.0,157.0,4
berkeleydb,2026-07-09-02-29-05,1,wsl,small,100000,4,delete,400000,16913.26,0.2344607,0.062383,0.32409108,0.5144005,0.0054809987,74.9903,0.0,101.11999999999999,0.0,237.41333333333333,0.0,0.0,0.0,450.55999999999995,15
berkeleydb,2026-07-09-02-29-05,1,wsl,small,100000,4,insert,400000,14946.321,0.2632033,0.061963,0.35961306,0.6056226,0.0044590016,566.25916,0.0,98.4170588235294,0.0,173.4235294117647,0.0,0.0,0.13000000000000034,501.76,17
berkeleydb,2026-07-09-02-29-05,1,wsl,small,100000,4,read,400000,108038.914,0.036586188,0.004218,0.053877,0.16683002,0.0018029987,75.46914,0.0,99.815,0.0,227.25,0.0,0.0,0.0,0.0,4
berkeleydb,2026-07-09-02-29-05,1,wsl,small,100000,4,update,400000,20407.143,0.19292623,0.041001,0.25333205,0.39836007,0.0047689993,484.59607,0.0,96.38076923076923,0.0,232.19230769230768,0.0,0.0,0.0,327.67999999999984,13
berkeleydb,2026-07-09-02-29-05,1,wsl,small,100000,8,delete,800000,9823.206,0.79824674,0.153233,0.5707781,1.0785034,0.005551001,90.25561,0.0,100.69021276595744,0.0,455.4255319148936,0.0,0.0,0.1299999999999999,1320.96,47
berkeleydb,2026-07-09-02-29-05,1,wsl,small,100000,8,insert,800000,9812.814,0.80134743,0.14086899,0.6757612,1.9201163,0.0047290013,97.0573,0.0,100.4808888888889,0.0,326.58222222222224,0.0,0.0,0.0,1218.56,45
berkeleydb,2026-07-09-02-29-05,1,wsl,small,100000,8,read,800000,48096.727,0.16050641,0.0075949994,0.13766375,0.29913813,0.0017639996,89.365166,0.0,100.77333333333333,0.0,436.6166666666666,0.0,0.0,0.1299999999999999,286.72000000000025,12
berkeleydb,2026-07-09-02-29-05,1,wsl,small,100000,8,update,800000,12420.704,0.62604135,0.1090765,0.407949,0.6773421,0.004719001,89.45919,0.0,100.23025641025642,0.0,453.25128205128203,0.0,0.0,0.0,727.04,39
berkeleydb,2026-07-09-02-29-05,1,wsl,small,1000000,1,delete,1000000,112903.82,0.008857096,0.005842001,0.015330999,0.03515,0.0052999984,36.644726,0.0,92.17857142857143,0.0,386.4142857142857,0.0,0.0,0.0,1064.96,7
berkeleydb,2026-07-09-02-29-05,1,wsl,small,1000000,1,insert,1000000,113354.945,0.008821848,0.005239999,0.023075,0.044488,0.0043389993,101.92304,0.0,89.84857142857143,0.0,322.07142857142856,0.0,0.0,0.0,1218.5600000000004,7
berkeleydb,2026-07-09-02-29-05,1,wsl,small,1000000,1,read,1000000,372321.38,0.0026858517,0.0020340013,0.0053099995,0.01250401,0.0018039991,0.224443,0.0,95.85666666666667,0.0,351.26666666666665,0.0,0.0,0.0,0.0,3
berkeleydb,2026-07-09-02-29-05,1,wsl,small,1000000,1,update,1000000,154003.28,0.006493368,0.0052100006,0.011251999,0.021612009,0.0048500006,29.444637,0.0,96.01666666666667,0.0,378.76666666666665,0.0,0.0,0.0,481.27999999999975,6
berkeleydb,2026-07-09-02-29-05,1,wsl,small,1000000,2,delete,2000000,24914.377,0.078714445,0.034568,0.168833,0.29877022,0.005500999,276.3666,0.0,99.93133333333333,0.0,1142.2378666666666,0.0,0.0,0.0,4403.200000000001,45
berkeleydb,2026-07-09-02-29-05,1,wsl,small,1000000,2,insert,2000000,26533.625,0.07482414,0.033436,0.154286,0.28375,0.004468999,90.37639,0.0,99.94,0.0,423.3,0.0,0.0,0.0,3799.040000000001,45
berkeleydb,2026-07-09-02-29-05,1,wsl,small,1000000,2,read,2000000,135627.38,0.014719254,0.002465,0.033326,0.15128504,0.001814,53.094765,0.0,99.57300000000001,0.0,708.5,0.0,0.0,0.0,102.39999999999964,10
berkeleydb,2026-07-09-02-29-05,1,wsl,small,1000000,2,update,2000000,28420.066,0.066262215,0.020501,0.140689,0.271567,0.00482,198.42052,0.0,99.6275,0.0,947.2777,0.0,0.0,0.0,4607.999999999998,40
berkeleydb,2026-07-09-02-29-05,1,wsl,small,1000000,4,delete,4000000,12721.185,0.31243992,0.082042,0.473766,0.8391741,0.0054810005,220.0619,0.0,100.45724550898204,0.0,1896.6503473053892,0.0,0.0,0.0,8806.400000000001,167
berkeleydb,2026-07-09-02-29-05,1,wsl,small,1000000,4,insert,4000000,13064.145,0.30210945,0.070480004,0.46735606,0.95409405,0.004619,3922.378,0.0,98.52240963855421,0.0,1242.6980240963856,0.0,0.0,0.0,11161.600000000002,166
berkeleydb,2026-07-09-02-29-05,1,wsl,small,1000000,4,read,4000000,41375.477,0.095613375,0.0046490002,0.258812,0.6362892,0.0017929997,77.4097,0.0,100.5823076923077,0.0,1407.665230769231,0.0,0.0,0.0,1945.5999999999985,52
berkeleydb,2026-07-09-02-29-05,1,wsl,small,1000000,4,update,4000000,13167.489,0.30137232,0.068516,0.48720807,1.1062043,0.004869,1114.7811,0.0,99.51115151515151,0.0,1880.889406060606,0.0,0.0,0.0,12185.599999999999,165
berkeleydb,2026-07-09-02-29-05,1,wsl,small,1000000,8,delete,8000000,6860.497,1.160132,0.217966,1.1575214,64.65771,0.0054109986,3063.8384,0.0,99.87396694214875,0.0,3210.8510148760333,0.0,0.0,2.5,34816.0,605
berkeleydb,2026-07-09-02-29-05,1,wsl,small,1000000,8,insert,8000000,8490.352,0.9382994,0.14169249,1.3571111,4.7189016,0.004358997,5032.437,0.0,99.71370221327967,0.0,2011.679935613682,0.0,0.0,2.47,30208.0,497
berkeleydb,2026-07-09-02-29-05,1,wsl,small,1000000,8,read,8000000,14751.391,0.5410455,0.015922,0.99723804,2.7542682,0.0019239996,1766.7302,0.0,100.71144927536233,0.0,2266.675942028986,0.0,0.0,13.04,15872.0,276
berkeleydb,2026-07-09-02-29-05,1,wsl,small,1000000,8,update,8000000,8407.93,0.94478726,0.154295,1.0022705,4.2720637,0.004929003,142.61705,0.0,100.7183632734531,0.0,3192.0696207584833,0.0,0.0,0.0,27648.0,501
berkeleydb,2026-07-09-05-03-32,2,wsl,medium,0,1,mix_10W_90R,10000,68645.516,0.014567593,0.004968999,0.023126453,0.058215905,0.0026449997,67.17693,0.0,70.47,0.0,3997.696,0.0,0.0,0.0,0.0,3
berkeleydb,2026-07-09-05-03-32,2,wsl,medium,0,1,mix_50W_50R,20000,18407.584,0.05432544,0.012715002,0.030489998,0.0707006,0.0024340006,130.02232,0.0,70.47,0.0,3997.696,0.0,0.0,0.0,0.0,3
berkeleydb,2026-07-09-05-03-32,2,wsl,medium,0,1,mix_90W_10R,10000,11269.363,0.088736154,0.036527,0.094008,0.124207,0.0036070014,128.80847,0.0,70.47,0.0,3997.696,0.0,0.0,0.0,0.0,3
berkeleydb,2026-07-09-05-03-32,2,wsl,medium,0,2,mix_10W_90R,20000,71929.555,0.027518336,0.01009,0.13337451,0.22662939,0.002525001,0.638243,0.0,84.33,0.0,4037.4857142857145,0.0,0.0,0.0,0.0,7
berkeleydb,2026-07-09-05-03-32,2,wsl,medium,0,2,mix_50W_50R,40000,13308.032,0.14781362,0.089157,0.2119005,0.4939894,0.002435001,145.31593,0.0,84.33,0.0,4037.4857142857145,0.0,0.0,0.0,0.0,7
berkeleydb,2026-07-09-05-03-32,2,wsl,medium,0,2,mix_90W_10R,20000,6804.5083,0.2933462,0.17184,0.323923,0.47207862,0.0050799972,358.98447,0.0,84.33,0.0,4037.4857142857145,0.0,0.0,0.0,0.0,7
berkeleydb,2026-07-09-05-03-32,2,wsl,medium,0,4,mix_10W_90R,40000,21771.906,0.15783702,0.062729,0.4858604,0.7610603,0.002544999,189.47108,0.0,107.9635,0.0,4125.4400000000005,0.0,0.0,0.0,1024.0,20
berkeleydb,2026-07-09-05-03-32,2,wsl,medium,0,4,mix_50W_50R,80000,8287.797,0.45228878,0.2986325,0.592025,0.8491307,0.0027250026,151.39119,0.0,107.9635,0.0,4125.4400000000005,0.0,0.0,0.0,1024.0,20
berkeleydb,2026-07-09-05-03-32,2,wsl,medium,0,4,mix_90W_10R,40000,5779.416,0.68054825,0.512147,0.82596475,1.0020097,0.0075949975,216.30498,0.0,107.9635,0.0,4125.4400000000005,0.0,0.0,0.0,1024.0,20
berkeleydb,2026-07-09-05-03-32,2,wsl,medium,0,8,mix_10W_90R,80000,27739.297,0.26297897,0.095328,1.107393,1.6298386,0.0044890004,278.50385,0.0,125.26104166666666,0.0,4240.384,0.0,0.0,0.0,4096.0,48
berkeleydb,2026-07-09-05-03-32,2,wsl,medium,0,8,mix_50W_50R,160000,6390.1206,1.1738392,0.85512,1.7580439,2.1898234,0.004118003,293.00375,0.0,125.26104166666666,0.0,4240.384,0.0,0.0,0.0,4096.0,48
berkeleydb,2026-07-09-05-03-32,2,wsl,medium,0,8,mix_90W_10R,80000,3241.0334,2.4274695,1.650113,2.809664,3.330796,0.011623001,4164.4297,0.0,125.26104166666666,0.0,4240.384,0.0,0.0,0.0,4096.0,48
berkeleydb,2026-07-09-05-03-32,2,wsl,medium,10000,1,delete,10000,19090.836,0.052381154,0.038888,0.088110454,0.12339089,0.018556999,15.156543,0.0,128.24,0.0,3030.016,0.0,0.0,0.0,0.0,1
berkeleydb,2026-07-09-05-03-32,2,wsl,medium,10000,1,insert,10000,17234.354,0.058023646,0.044164002,0.0972485,0.13034411,0.015622001,15.063269,0.0,87.51,0.0,3030.016,0.0,0.0,0.0,0.0,1
berkeleydb,2026-07-09-05-03-32,2,wsl,medium,10000,1,read,10000,35185.01,0.028421191,0.021963999,0.06348605,0.087055095,0.007325001,0.176526,0.0,113.37,0.0,3028.992,0.0,0.0,0.0,0.0,1
berkeleydb,2026-07-09-05-03-32,2,wsl,medium,10000,1,update,10000,13947.598,0.07169694,0.052285,0.10773045,0.14654961,0.023506997,18.933758,0.0,67.72,0.0,3000.32,0.0,0.0,0.0,0.0,1
berkeleydb,2026-07-09-05-03-32,2,wsl,medium,10000,2,delete,20000,6843.6274,0.29223275,0.186162,0.3648675,0.5281515,0.021041997,132.17334,0.0,61.919999999999995,0.0,3069.9519999999998,0.0,0.0,0.0,0.0,3
berkeleydb,2026-07-09-05-03-32,2,wsl,medium,10000,2,insert,20000,8967.88,0.2227564,0.1926175,0.34608045,0.47240308,0.01973,37.22278,0.0,106.8125,0.0,3068.672,0.0,0.0,0.0,1024.0,4
berkeleydb,2026-07-09-05-03-32,2,wsl,medium,10000,2,read,20000,17352.23,0.114893846,0.0957525,0.259032,0.44562086,0.0078060003,10.430471,0.0,119.42500000000001,0.0,3066.3680000000004,0.0,0.0,0.0,0.0,2
berkeleydb,2026-07-09-05-03-32,2,wsl,medium,10000,2,update,20000,4955.803,0.4032033,0.21286851,0.40075105,0.5612895,0.027975999,175.51645,0.0,71.535,0.0,3069.696,0.0,0.0,0.0,1024.0,4
berkeleydb,2026-07-09-05-03-32,2,wsl,medium,10000,4,delete,40000,5123.8457,0.7760801,0.55261004,0.89539546,1.0859475,0.021744004,189.40865,0.0,100.438,0.0,3135.6928,0.0,0.0,0.0,1024.0,10
berkeleydb,2026-07-09-05-03-32,2,wsl,medium,10000,4,insert,40000,4891.773,0.8097419,0.5958545,0.9432938,1.1892385,0.03462,159.52242,0.0,103.76444444444445,0.0,3150.6204444444443,0.0,0.0,0.0,1024.0,9
berkeleydb,2026-07-09-05-03-32,2,wsl,medium,10000,4,read,40000,14554.211,0.27146637,0.15113801,0.864058,1.3136415,0.009178999,38.732758,0.0,176.47500000000002,0.0,3141.632,0.0,0.0,0.0,0.0,2
berkeleydb,2026-07-09-05-03-32,2,wsl,medium,10000,4,update,40000,3472.3616,1.1475922,0.696271,1.1020886,1.3186553,0.032826,667.42596,0.0,115.162,0.0,3151.6672,0.0,0.0,0.0,1024.0,10
berkeleydb,2026-07-09-05-03-32,2,wsl,medium,10000,8,delete,80000,4233.9434,1.8854805,1.669141,2.891735,3.6015549,0.178158,75.807076,0.0,163.04749999999999,0.0,3296.5631999999996,0.0,0.0,0.0,2048.0,20
berkeleydb,2026-07-09-05-03-32,2,wsl,medium,10000,8,insert,80000,3745.2205,2.1250641,1.8109396,3.1098762,3.98034,0.120533004,140.45789,0.0,158.30272727272725,0.0,3296.488727272727,0.0,0.0,0.0,3072.0,22
berkeleydb,2026-07-09-05-03-32,2,wsl,medium,10000,8,read,80000,5910.7705,1.331309,0.9478875,3.3904278,9.511905,0.0047989995,75.66088,0.0,201.34125,0.0,3264.384,0.0,0.0,0.0,0.0,8
berkeleydb,2026-07-09-05-03-32,2,wsl,medium,10000,8,update,80000,3468.311,2.30145,1.977313,3.493958,5.716297,0.074239,81.745155,0.0,163.23863636363637,0.0,3303.5636363636363,0.0,0.0,0.0,3072.0,22
berkeleydb,2026-07-09-05-03-32,2,wsl,medium,100000,1,delete,100000,17051.357,0.05864636,0.038958002,0.108366996,0.17281619,0.015480997,150.63264,0.0,96.88,0.0,3035.136,0.0,0.0,0.0,2048.0,5
berkeleydb,2026-07-09-05-03-32,2,wsl,medium,100000,1,insert,100000,18098.914,0.055251937,0.0365185,0.088348,0.1274062,0.015339999,158.25322,0.0,84.944,0.0,3032.6784,0.0,0.0,0.0,2048.0,5
berkeleydb,2026-07-09-05-03-32,2,wsl,medium,100000,1,read,100000,37864.812,0.026409743,0.0131669985,0.10620545,0.1785897,0.00498,0.483351,0.0,95.745,0.0,3010.048,0.0,0.0,0.0,0.0,2
berkeleydb,2026-07-09-05-03-32,2,wsl,medium,100000,1,update,100000,12448.253,0.080332555,0.047245,0.11502245,0.18010151,0.022365002,248.31252,0.0,90.72142857142858,0.0,3043.1817142857144,0.0,0.0,0.0,3072.0,7
berkeleydb,2026-07-09-05-03-32,2,wsl,medium,100000,2,delete,200000,3506.654,0.5702982,0.246093,0.5899625,0.8879921,0.016613001,3948.9873,0.0,63.065294117647056,0.0,3082.1195294117647,0.0,0.0,0.0,5120.0,34
berkeleydb,2026-07-09-05-03-32,2,wsl,medium,100000,2,insert,200000,6755.8145,0.29572055,0.234822,0.5166085,0.77327913,0.017495,167.92786,0.0,116.46894736842104,0.0,3080.0303157894737,0.0,0.0,0.0,5120.0,19
berkeleydb,2026-07-09-05-03-32,2,wsl,medium,100000,2,read,200000,30522.273,0.06552299,0.018195998,0.317136,0.62381107,0.008817002,5.457342,0.0,158.005,0.0,3066.88,0.0,0.0,0.0,0.0,4
berkeleydb,2026-07-09-05-03-32,2,wsl,medium,100000,2,update,200000,4487.095,0.44549483,0.2389,0.541898,0.81550306,0.024809,829.7796,0.0,89.16655172413793,0.0,3102.6140689655176,0.0,0.0,0.0,5120.0,29
berkeleydb,2026-07-09-05-03-32,2,wsl,medium,100000,4,delete,400000,2643.6836,1.4856663,0.914265,1.6872056,2.4530947,0.028837,3508.5854,0.0,94.27358974358974,0.0,3648.7614358974356,0.0,0.0,436.0,10240.0,78
berkeleydb,2026-07-09-05-03-32,2,wsl,medium,100000,4,insert,400000,2676.8794,1.4893749,0.961025,1.677174,2.5606542,0.031934,5266.64,0.0,90.94814814814815,0.0,3171.0119506172837,0.0,0.0,0.0,11264.0,81
berkeleydb,2026-07-09-05-03-32,2,wsl,medium,100000,4,read,400000,21290.283,0.18660375,0.045831,0.7745807,1.6799548,0.008937998,48.772953,0.0,187.50727272727272,0.0,3162.8567272727273,0.0,0.0,0.0,0.0,11
berkeleydb,2026-07-09-05-03-32,2,wsl,medium,100000,4,update,400000,3179.8196,1.2573917,1.058645,1.9172485,2.7377002,0.040331002,262.68674,0.0,133.47042857142858,0.0,3503.7622857142856,0.0,0.0,3.0,12288.0,70
berkeleydb,2026-07-09-05-03-32,2,wsl,medium,100000,8,delete,800000,1747.1876,4.5581145,3.1570244,5.650916,18.422415,0.06038,4336.7114,0.0,101.13147679324895,0.0,3708.042261603375,0.0,0.0,4464.639999999999,31744.0,237
berkeleydb,2026-07-09-05-03-32,2,wsl,medium,100000,8,insert,800000,2305.9946,3.467005,2.7604966,4.3183975,6.91889,0.109046,1097.801,0.0,103.5718817204301,0.0,4094.5630967741936,0.0,0.0,1.0,22528.0,186
berkeleydb,2026-07-09-05-03-32,2,wsl,medium,100000,8,read,800000,5653.9624,1.4133855,0.5794835,3.9070754,7.909305,0.009609001,2302.446,0.0,186.90885714285716,0.0,4722.702628571428,0.0,0.0,3547.4799999999996,5120.0,70
berkeleydb,2026-07-09-05-03-32,2,wsl,medium,100000,8,update,800000,1528.3392,5.2304463,3.437072,6.0460505,32.676296,0.063315004,4641.1797,0.0,96.35003663003664,0.0,3715.7546666666667,0.0,0.0,3389.4400000000005,29696.0,273
berkeleydb,2026-07-09-05-03-32,2,wsl,small,0,1,mix_10W_90R,10000,340858.16,0.0029337718,0.001862998,0.005941998,0.016217701,0.0017640013,0.138618,0.0,122.46,0.0,2989.056,0.0,0.0,0.0,0.0,1
berkeleydb,2026-07-09-05-03-32,2,wsl,small,0,1,mix_50W_50R,20000,274475.72,0.0036433097,0.0049900007,0.006794448,0.011542997,0.0013829995,0.228319,0.0,122.46,0.0,2989.056,0.0,0.0,0.0,0.0,1
berkeleydb,2026-07-09-05-03-32,2,wsl,small,0,1,mix_90W_10R,10000,100440.53,0.00995614,0.0053000003,0.033779,0.07662461,0.0017940002,14.70654,0.0,122.46,0.0,2989.056,0.0,0.0,0.0,0.0,1
berkeleydb,2026-07-09-05-03-32,2,wsl,small,0,2,mix_10W_90R,20000,197363.64,0.009067356,0.003698,0.035364,0.1036711,0.0016930025,3.7521,0.0,158.16,0.0,3039.914666666667,0.0,0.0,0.0,0.0,3
berkeleydb,2026-07-09-05-03-32,2,wsl,small,0,2,mix_50W_50R,40000,48681.137,0.038099065,0.0105409995,0.1229275,0.20259742,0.0013629978,0.600044,0.0,158.16,0.0,3039.914666666667,0.0,0.0,0.0,0.0,3
berkeleydb,2026-07-09-05-03-32,2,wsl,small,0,2,mix_90W_10R,20000,40649.434,0.04809017,0.036167003,0.12493655,0.2118981,0.001954002,22.071936,0.0,158.16,0.0,3039.914666666667,0.0,0.0,0.0,0.0,3
berkeleydb,2026-07-09-05-03-32,2,wsl,small,0,4,mix_10W_90R,40000,162792.94,0.023279564,0.006422997,0.08638555,0.27030754,0.0017029997,23.501093,0.0,144.72666666666666,0.0,3064.1493333333333,0.0,0.0,0.0,0.0,6
berkeleydb,2026-07-09-05-03-32,2,wsl,small,0,4,mix_50W_50R,80000,15355.66,0.25701937,0.2428135,0.50195295,0.6841285,0.0014029974,47.102016,0.0,144.72666666666666,0.0,3064.1493333333333,0.0,0.0,0.0,0.0,6
berkeleydb,2026-07-09-05-03-32,2,wsl,small,0,4,mix_90W_10R,40000,35230.906,0.09882705,0.039609,0.3016595,0.4875814,0.001954002,23.940462,0.0,144.72666666666666,0.0,3064.1493333333333,0.0,0.0,0.0,0.0,6
berkeleydb,2026-07-09-05-03-32,2,wsl,small,0,8,mix_10W_90R,80000,90790.14,0.06874472,0.009389001,0.19158494,0.48293146,0.0017139973,55.84643,0.0,150.3270588235294,0.0,3148.7397647058824,0.0,0.0,0.0,1024.0,17
berkeleydb,2026-07-09-05-03-32,2,wsl,small,0,8,mix_50W_50R,160000,11354.473,0.67817265,0.65016353,1.1142375,1.5487452,0.0016640006,80.07741,0.0,150.3270588235294,0.0,3148.7397647058824,0.0,0.0,0.0,1024.0,17
berkeleydb,2026-07-09-05-03-32,2,wsl,small,0,8,mix_90W_10R,80000,21815.541,0.3285913,0.112141505,0.535782,1.0341221,0.0020039987,54.87534,0.0,150.3270588235294,0.0,3148.7397647058824,0.0,0.0,0.0,1024.0,17
berkeleydb,2026-07-09-05-03-32,2,wsl,small,10000,1,delete,10000,89192.91,0.011211653,0.005730999,0.0116535025,0.021683102,0.0053010006,32.34331,0.0,165.18,0.0,62.11,0.0,0.0,0.0,0.0,1
berkeleydb,2026-07-09-05-03-32,2,wsl,small,10000,1,insert,10000,135450.81,0.0073827547,0.0050000018,0.021894451,0.02858731,0.004329002,3.259655,0.0,104.92,0.0,10.83,0.0,0.0,0.0,0.0,1
berkeleydb,2026-07-09-05-03-32,2,wsl,small,10000,1,read,10000,416096.56,0.0024032884,0.0018639985,0.004198002,0.010611002,0.0016339981,0.074939005,0.0,148.48,0.0,36.96,0.0,0.0,0.0,0.0,1
berkeleydb,2026-07-09-05-03-32,2,wsl,small,10000,1,update,10000,176382.06,0.0056695105,0.0047299983,0.00986955,0.019319398,0.0045689996,0.64444,0.0,99.53,0.0,20.71,0.0,0.0,0.0,0.0,1
berkeleydb,2026-07-09-05-03-32,2,wsl,small,10000,2,delete,20000,38246.703,0.05132001,0.0386415,0.12381655,0.1917726,0.005490998,18.114573,0.0,162.69,0.0,66.24,0.0,0.0,0.0,0.0,1
berkeleydb,2026-07-09-05-03-32,2,wsl,small,10000,2,insert,20000,51759.55,0.038342245,0.0254955,0.10576245,0.1983766,0.004619,19.672728,0.0,165.18,0.0,62.11,0.0,0.0,0.0,0.0,1
berkeleydb,2026-07-09-05-03-32,2,wsl,small,10000,2,read,20000,433182.1,0.004576384,0.0024450019,0.009358052,0.05910831,0.0016239973,1.59539,0.0,155.9,0.0,44.9,0.0,0.0,0.0,0.0,1
berkeleydb,2026-07-09-05-03-32,2,wsl,small,10000,2,update,20000,65958.375,0.030278724,0.015310001,0.09387745,0.14924341,0.0045789964,2.108193,0.0,155.9,0.0,44.9,0.0,0.0,0.0,0.0,1
berkeleydb,2026-07-09-05-03-32,2,wsl,small,10000,4,delete,40000,33635.875,0.10975899,0.0576245,0.29732823,0.4503631,0.0053600017,51.964603,0.0,110.25999999999999,0.0,96.18,0.0,0.0,0.0,29.0,2
berkeleydb,2026-07-09-05-03-32,2,wsl,small,10000,4,insert,40000,34522.652,0.10979754,0.054408,0.31642652,0.5120481,0.004439,35.186035,0.0,183.29000000000002,0.0,69.43,0.0,0.0,0.20000000000000018,30.200000000000003,2
berkeleydb,2026-07-09-05-03-32,2,wsl,small,10000,4,read,40000,237255.0,0.013381843,0.0030660012,0.03942,0.1220825,0.0016230006,48.098164,0.0,166.93,0.0,31.66,0.0,0.0,0.0,0.0,1
berkeleydb,2026-07-09-05-03-32,2,wsl,small,10000,4,update,40000,42049.723,0.093608886,0.044148,0.23356551,0.36447996,0.0046299975,49.562443,0.0,190.41,0.0,96.32,0.0,0.0,0.04999999999999982,65.0,2
berkeleydb,2026-07-09-05-03-32,2,wsl,small,10000,8,delete,80000,19004.4,0.39713597,0.150096,0.5169661,0.8177808,0.005310998,229.14342,0.0,153.6775,0.0,159.7225,0.0,0.0,0.0,58.0,4
berkeleydb,2026-07-09-05-03-32,2,wsl,small,10000,8,insert,80000,21963.531,0.34572595,0.124827996,0.57396555,1.171148,0.0043379986,76.5569,0.0,162.51,0.0,146.0575,0.0,0.0,0.10000000000000009,76.0,4
berkeleydb,2026-07-09-05-03-32,2,wsl,small,10000,8,read,80000,119732.71,0.05632583,0.0058820006,0.0876555,0.18144338,0.0016029989,76.57595,0.0,181.125,0.0,165.8,0.0,0.0,0.0,0.0,2
berkeleydb,2026-07-09-05-03-32,2,wsl,small,10000,8,update,80000,24774.93,0.30498794,0.112742,0.38941437,0.59257805,0.004608999,80.476776,0.0,193.71333333333334,0.0,193.13333333333333,0.0,0.0,0.0,52.0,3
berkeleydb,2026-07-09-05-03-32,2,wsl,small,100000,1,delete,100000,87764.77,0.011394093,0.005722002,0.011201999,0.0192182,0.005310998,100.96134,0.0,122.685,0.0,83.265,0.0,0.0,0.0,63.0,2
berkeleydb,2026-07-09-05-03-32,2,wsl,small,100000,1,insert,100000,63766.293,0.015682267,0.0052299984,0.021923998,0.031653,0.0044789994,333.76013,0.0,87.31,0.0,63.91,0.0,0.0,0.0,46.0,2
berkeleydb,2026-07-09-05-03-32,2,wsl,small,100000,1,read,100000,410035.75,0.0024388118,0.0019640028,0.004598998,0.006664092,0.0016740013,0.090459,0.0,122.82,0.0,60.8,0.0,0.0,0.0,0.0,1
berkeleydb,2026-07-09-05-03-32,2,wsl,small,100000,1,update,100000,154096.97,0.0064894203,0.004989997,0.01014,0.017305193,0.0046589994,59.66358,0.0,104.855,0.0,73.005,0.0,0.0,0.0,51.0,2
berkeleydb,2026-07-09-05-03-32,2,wsl,small,100000,2,delete,200000,45453.77,0.04382375,0.030340001,0.116622955,0.19611406,0.0053799995,23.557068,0.0,145.3525,0.0,134.475,0.0,0.0,0.0,165.96000000000004,4
berkeleydb,2026-07-09-05-03-32,2,wsl,small,100000,2,insert,200000,37393.41,0.053408727,0.037244,0.1264422,0.21378519,0.004610003,150.02562,0.0,144.51,0.0,99.43,0.0,0.0,0.21999999999999975,182.0,4
berkeleydb,2026-07-09-05-03-32,2,wsl,small,100000,2,read,200000,419744.78,0.004712173,0.0020739972,0.013697051,0.064859204,0.0017630009,0.532266,0.0,156.33,0.0,86.63,0.0,0.0,0.0,0.0,1
berkeleydb,2026-07-09-05-03-32,2,wsl,small,100000,2,update,200000,59336.586,0.033695336,0.018196002,0.095529,0.15380639,0.004919999,22.45649,0.0,148.88,0.0,128.43333333333334,0.0,0.0,0.0,81.0,3
berkeleydb,2026-07-09-05-03-32,2,wsl,small,100000,4,delete,400000,32494.613,0.12293008,0.073796,0.31731007,0.482218,0.0055909986,62.37918,0.0,194.38,0.0,226.7625,0.0,0.0,0.0,450.5600000000002,8
berkeleydb,2026-07-09-05-03-32,2,wsl,small,100000,4,insert,400000,33728.56,0.11743977,0.064919,0.32218105,0.518247,0.0046800016,33.07614,0.0,199.45625,0.0,182.475,0.0,0.0,3.34,450.55999999999995,8
berkeleydb,2026-07-09-05-03-32,2,wsl,small,100000,4,read,400000,229944.14,0.017167741,0.0039879996,0.051332,0.16363518,0.001772998,51.354027,0.0,201.135,0.0,236.5,0.0,0.0,0.0,0.0,2
berkeleydb,2026-07-09-05-03-32,2,wsl,small,100000,4,update,400000,41131.99,0.09413457,0.047629498,0.2438855,0.3715591,0.0047699977,51.838833,0.0,198.46857142857144,0.0,234.44285714285712,0.0,0.0,0.0,194.55999999999995,7
berkeleydb,2026-07-09-05-03-32,2,wsl,small,100000,8,delete,800000,19376.648,0.4090342,0.164286,0.52973914,0.8348181,0.005460999,92.51103,0.0,201.10666666666665,0.0,462.87083333333334,0.0,0.0,0.0,1136.6399999999999,24
berkeleydb,2026-07-09-05-03-32,2,wsl,small,100000,8,insert,800000,19869.764,0.39852196,0.149029,0.62541306,1.2496283,0.004638998,73.57556,0.0,201.42333333333332,0.0,330.54583333333335,0.0,0.0,12.280000000000001,1034.2399999999998,24
berkeleydb,2026-07-09-05-03-32,2,wsl,small,100000,8,read,800000,107850.875,0.071974345,0.007545001,0.11135125,0.27513716,0.0017839993,78.050476,0.0,200.00666666666666,0.0,443.81666666666666,0.0,0.0,0.0,0.0,6
berkeleydb,2026-07-09-05-03-32,2,wsl,small,100000,8,update,800000,23847.107,0.32686862,0.1226385,0.396611,0.60157406,0.004788999,80.41649,0.0,196.7955,0.0,454.06499999999994,0.0,0.0,0.0,389.1199999999999,20
berkeleydb,2026-07-09-05-03-32,2,wsl,small,1000000,1,delete,1000000,84321.484,0.011859373,0.0060220007,0.013436998,0.02649201,0.0054409974,193.98611,0.0,66.80555555555556,0.0,388.6666666666667,0.0,0.0,0.0,747.5200000000004,9
berkeleydb,2026-07-09-05-03-32,2,wsl,small,1000000,1,insert,1000000,69365.37,0.014416416,0.0054109986,0.022866,0.03617101,0.0044490006,166.25012,0.0,60.357272727272736,0.0,331.71818181818185,0.0,0.0,0.0,1064.96,11
berkeleydb,2026-07-09-05-03-32,2,wsl,small,1000000,1,read,1000000,351228.25,0.0028471514,0.0021440028,0.0054699993,0.013346998,0.0018339996,5.949611,0.0,103.65333333333335,0.0,362.8,0.0,0.0,0.0,0.0,3
berkeleydb,2026-07-09-05-03-32,2,wsl,small,1000000,1,update,1000000,106112.13,0.0094239935,0.0053699985,0.012936002,0.024709003,0.005080001,1802.7286,0.0,66.5425,0.0,382.1875,0.0,0.0,0.0,747.5200000000004,8
berkeleydb,2026-07-09-05-03-32,2,wsl,small,1000000,2,delete,2000000,39040.38,0.05078473,0.035419997,0.135217,0.22870804,0.0055609997,100.5292,0.0,143.44566666666665,0.0,1140.0874666666668,0.0,0.0,0.0,3379.199999999999,30
berkeleydb,2026-07-09-05-03-32,2,wsl,small,1000000,2,insert,2000000,29969.057,0.06669992,0.031703,0.135689,0.24184,0.0046589994,3485.9568,0.0,111.36589743589745,0.0,429.80512820512826,0.0,0.0,0.9000000000000021,3327.999999999999,39
berkeleydb,2026-07-09-05-03-32,2,wsl,small,1000000,2,read,2000000,225850.73,0.008851586,0.0025149966,0.028536998,0.139598,0.0018039973,5.084748,0.0,161.39000000000001,0.0,731.3000000000001,0.0,0.0,76.0,0.0,6
berkeleydb,2026-07-09-05-03-32,2,wsl,small,1000000,2,update,2000000,45768.855,0.043631393,0.024387999,0.132272,0.23893614,0.004968999,94.554146,0.0,147.89851851851853,0.0,961.2434074074074,0.0,0.0,0.0,3788.800000000001,27
berkeleydb,2026-07-09-05-03-32,2,wsl,small,1000000,4,delete,4000000,24469.22,0.16256225,0.082774,0.43017107,0.73618114,0.0053110016,934.3349,0.0,186.29629213483145,0.0,1886.0929438202247,0.0,0.0,0.0,8499.200000000004,89
berkeleydb,2026-07-09-05-03-32,2,wsl,small,1000000,4,insert,4000000,29209.174,0.13536228,0.069678,0.395725,0.7389811,0.0045179985,92.932755,0.0,196.79090909090908,0.0,1217.629090909091,0.0,0.0,5.0,7475.200000000001,77
berkeleydb,2026-07-09-05-03-32,2,wsl,small,1000000,4,read,4000000,135549.05,0.029315421,0.0044789994,0.09145106,0.434562,0.0017829989,48.24917,0.0,195.56588235294117,0.0,1337.4042352941176,0.0,0.0,15.0,102.40000000000146,17
berkeleydb,2026-07-09-05-03-32,2,wsl,small,1000000,4,update,4000000,28973.83,0.13738018,0.0676315,0.375745,0.7671411,0.004778998,863.76624,0.0,186.73987341772153,0.0,1870.1998987341774,0.0,0.0,0.0,7884.799999999996,79
berkeleydb,2026-07-09-05-03-32,2,wsl,small,1000000,8,delete,8000000,14616.268,0.5447955,0.20974301,0.9817701,2.3538742,0.0054210033,380.16876,0.0,202.10200704225352,0.0,3204.5178591549297,0.0,0.0,1.0,18432.0,284
berkeleydb,2026-07-09-05-03-32,2,wsl,small,1000000,8,insert,8000000,17557.705,0.45487824,0.147973,0.98331517,2.414154,0.004818998,3948.7256,0.0,195.22967213114754,0.0,1991.617049180328,0.0,0.0,1.0,17305.6,244
berkeleydb,2026-07-09-05-03-32,2,wsl,small,1000000,8,read,8000000,36650.266,0.21737972,0.018135997,0.674729,1.498254,0.0019239996,199.1058,0.0,202.98283185840708,0.0,2300.583646017699,0.0,0.0,1.0,7270.399999999994,113
berkeleydb,2026-07-09-05-03-32,2,wsl,small,1000000,8,update,8000000,16570.264,0.47760925,0.160903,0.9433192,2.5056431,0.0049590017,3418.3743,0.0,201.62446640316205,0.0,3180.232347826087,0.0,0.0,0.0,22425.600000000006,253
berkeleydb,2026-07-09-06-37-44,4,wsl,medium,0,1,mix_10W_90R,10000,138908.66,0.0071989754,0.004949994,0.021152545,0.041083097,0.002544999,0.128566,0.0,110.18333333333334,0.0,3806.8906666666667,0.0,0.0,0.0,0.0,3
berkeleydb,2026-07-09-06-37-44,4,wsl,medium,0,1,mix_50W_50R,20000,77397.3,0.012920349,0.012454999,0.027034048,0.06309751,0.0024549954,8.081297,0.0,110.18333333333334,0.0,3806.8906666666667,0.0,0.0,0.0,0.0,3
berkeleydb,2026-07-09-06-37-44,4,wsl,medium,0,1,mix_90W_10R,10000,13016.058,0.076828174,0.029227998,0.074398,0.1098599,0.0046290006,130.79506,0.0,110.18333333333334,0.0,3806.8906666666667,0.0,0.0,0.0,0.0,3
berkeleydb,2026-07-09-06-37-44,4,wsl,medium,0,2,mix_10W_90R,20000,51366.06,0.03808569,0.010100004,0.115622,0.18953821,0.0025359986,133.91624,0.0,106.83428571428571,0.0,3862.0891428571426,0.0,0.0,0.0,0.0,7
berkeleydb,2026-07-09-06-37-44,4,wsl,medium,0,2,mix_50W_50R,40000,12669.506,0.15618587,0.085515,0.20504954,0.33186337,0.002435001,144.39432,0.0,106.83428571428571,0.0,3862.0891428571426,0.0,0.0,0.0,0.0,7
berkeleydb,2026-07-09-06-37-44,4,wsl,medium,0,2,mix_90W_10R,20000,8199.289,0.24358897,0.13084051,0.27928954,0.40864262,0.005431,229.80286,0.0,106.83428571428571,0.0,3862.0891428571426,0.0,0.0,0.0,0.0,7
berkeleydb,2026-07-09-06-37-44,4,wsl,medium,0,4,mix_10W_90R,40000,66765.586,0.05791549,0.014258999,0.3436698,0.5213054,0.0027959978,27.05706,0.0,137.40266666666668,0.0,3928.7466666666664,0.0,0.0,0.0,2048.0,15
berkeleydb,2026-07-09-06-37-44,4,wsl,medium,0,4,mix_50W_50R,80000,8543.351,0.45772988,0.305818,0.585046,0.7819376,0.0026460038,175.21873,0.0,137.40266666666668,0.0,3928.7466666666664,0.0,0.0,0.0,2048.0,15
berkeleydb,2026-07-09-06-37-44,4,wsl,medium,0,4,mix_90W_10R,40000,7417.733,0.53031373,0.455243,0.7438133,0.9063893,0.0073140035,171.43298,0.0,137.40266666666668,0.0,3928.7466666666664,0.0,0.0,0.0,2048.0,15
berkeleydb,2026-07-09-06-37-44,4,wsl,medium,0,8,mix_10W_90R,80000,28575.76,0.25537562,0.104102,1.1333474,1.548453,0.0053600017,177.58954,0.0,159.12861111111113,0.0,4049.0951111111112,0.0,0.0,0.0,4096.0,36
berkeleydb,2026-07-09-06-37-44,4,wsl,medium,0,8,mix_50W_50R,160000,8438.5,0.9300822,0.83804846,1.6734654,2.097921,0.007074006,40.413727,0.0,159.12861111111113,0.0,4049.0951111111112,0.0,0.0,0.0,4096.0,36
berkeleydb,2026-07-09-06-37-44,4,wsl,medium,0,8,mix_90W_10R,80000,5373.7715,1.4560437,1.3548995,2.2421474,4.8949847,0.011561999,177.89357,0.0,159.12861111111113,0.0,4049.0951111111112,0.0,0.0,0.0,4096.0,36
berkeleydb,2026-07-09-06-37-44,4,wsl,medium,10000,1,delete,10000,11754.763,0.0850719,0.029609,0.069239,0.104159325,0.018286003,153.9433,0.0,132.41,0.0,3053.568,0.0,0.0,0.0,102.39999999999418,2
berkeleydb,2026-07-09-06-37-44,4,wsl,medium,10000,1,insert,10000,11452.276,0.08731888,0.032825,0.080013,0.1172051,0.016162,142.27,0.0,113.295,0.0,3021.312,0.0,0.0,0.0,102.39999999999418,2
berkeleydb,2026-07-09-06-37-44,4,wsl,medium,10000,1,read,10000,54249.93,0.018433204,0.014128,0.047064498,0.068748,0.007044,0.182793,0.0,117.22,0.0,3035.136,0.0,0.0,0.0,0.0,1
berkeleydb,2026-07-09-06-37-44,4,wsl,medium,10000,1,update,10000,7501.818,0.13330102,0.0408865,0.08914055,0.1276631,0.024016997,144.08275,0.0,102.63,0.0,3023.8720000000003,0.0,0.0,0.0,102.40000000000873,2
berkeleydb,2026-07-09-06-37-44,4,wsl,medium,10000,2,delete,20000,3026.779,0.6606168,0.16966301,0.36979878,0.5401584,0.020901004,3862.5596,0.0,41.001999999999995,0.0,3073.6384,0.0,0.0,0.0,307.1999999999971,5
berkeleydb,2026-07-09-06-37-44,4,wsl,medium,10000,2,insert,20000,7535.1216,0.26527464,0.158786,0.304867,0.41315505,0.018537002,136.98692,0.0,67.8,0.0,3048.7893333333336,0.0,0.0,0.0,204.79999999998836,3
berkeleydb,2026-07-09-06-37-44,4,wsl,medium,10000,2,read,20000,24615.799,0.08086806,0.0689275,0.1910075,0.30936033,0.007524999,0.693483,0.0,209.55,0.0,3070.976,0.0,0.0,0.0,0.0,1
berkeleydb,2026-07-09-06-37-44,4,wsl,medium,10000,2,update,20000,5380.363,0.37164116,0.179267,0.34440652,0.4885733,0.029148003,131.27919,0.0,106.9075,0.0,3075.072,0.0,0.0,0.0,614.4000000000087,4
berkeleydb,2026-07-09-06-37-44,4,wsl,medium,10000,4,delete,40000,5959.1016,0.66427106,0.45532352,0.77258,0.9522482,0.021012,141.3837,0.0,114.40142857142858,0.0,3132.8548571428573,0.0,0.0,0.0,1126.3999999999942,7
berkeleydb,2026-07-09-06-37-44,4,wsl,medium,10000,4,insert,40000,5342.525,0.7427387,0.52464247,0.8464946,1.034966,0.025199998,182.72803,0.0,109.87285714285714,0.0,3156.406857142857,0.0,0.0,0.0,716.8000000000029,7
berkeleydb,2026-07-09-06-37-44,4,wsl,medium,10000,4,read,40000,22088.99,0.17322071,0.113746494,0.5274017,0.79946357,0.0078050033,2.087315,0.0,264.34000000000003,0.0,3147.264,0.0,0.0,0.0,0.0,2
berkeleydb,2026-07-09-06-37-44,4,wsl,medium,10000,4,update,40000,2884.2346,1.3858179,0.5919255,0.94166154,1.154881,0.056442,2707.34,0.0,83.07,0.0,3159.2261818181814,0.0,0.0,0.0,1433.5999999999913,11
berkeleydb,2026-07-09-06-37-44,4,wsl,medium,10000,8,delete,80000,5212.6455,1.5294651,1.3817279,2.2158108,3.0570493,0.058806,32.477356,0.0,192.87142857142857,0.0,3298.962285714286,0.0,0.0,0.0,1024.0,14
berkeleydb,2026-07-09-06-37-44,4,wsl,medium,10000,8,insert,80000,4415.9253,1.7767904,1.5439905,2.7502763,5.635327,0.036092,74.24981,0.0,180.57999999999998,0.0,3281.554285714286,0.0,0.0,0.0,1024.0,14
berkeleydb,2026-07-09-06-37-44,4,wsl,medium,10000,8,read,80000,10677.435,0.7415927,0.628554,1.763562,2.4290993,0.0055109994,52.586052,0.0,315.058,0.0,3249.3568,0.0,0.0,0.0,0.0,5
berkeleydb,2026-07-09-06-37-44,4,wsl,medium,10000,8,update,80000,4295.5107,1.8552023,1.6271651,2.5267973,3.8728414,0.050709,93.60887,0.0,189.95125,0.0,3295.872,0.0,0.0,0.0,3072.0,16
berkeleydb,2026-07-09-06-37-44,4,wsl,medium,100000,1,delete,100000,19947.86,0.050130695,0.031653,0.077164,0.122173704,0.015640998,138.0059,0.0,100.355,0.0,3044.864,0.0,0.0,0.0,2048.0,4
berkeleydb,2026-07-09-06-37-44,4,wsl,medium,100000,1,insert,100000,20704.9,0.048297744,0.0318835,0.075801,0.11368699,0.015321002,148.61581,0.0,110.524,0.0,3042.304,0.0,0.0,0.0,2048.0,5
berkeleydb,2026-07-09-06-37-44,4,wsl,medium,100000,1,read,100000,48393.875,0.020663772,0.013317,0.06421705,0.113295205,0.0050900015,0.434033,0.0,159.765,0.0,3023.36,0.0,0.0,0.0,0.0,2
berkeleydb,2026-07-09-06-37-44,4,wsl,medium,100000,1,update,100000,15532.046,0.064383015,0.0402,0.088796996,0.13562931,0.022634998,159.45999,0.0,100.77333333333333,0.0,3049.6426666666666,0.0,0.0,0.0,3072.0,6
berkeleydb,2026-07-09-06-37-44,4,wsl,medium,100000,2,delete,200000,4292.8906,0.4655793,0.189447,0.439333,0.68548894,0.016753001,802.2843,0.0,72.43344827586208,0.0,3090.679172413793,0.0,0.0,0.0,5120.0,29
berkeleydb,2026-07-09-06-37-44,4,wsl,medium,100000,2,insert,200000,7786.1094,0.25671938,0.198946,0.43269154,0.6781491,0.016973998,205.85254,0.0,122.97411764705882,0.0,3089.046588235294,0.0,0.0,0.0,4096.0,17
berkeleydb,2026-07-09-06-37-44,4,wsl,medium,100000,2,read,200000,39545.46,0.05039843,0.018757,0.21849504,0.43034822,0.008867999,3.811178,0.0,152.85,0.0,3047.7653333333333,0.0,0.0,0.0,0.0,3
berkeleydb,2026-07-09-06-37-44,4,wsl,medium,100000,2,update,200000,7078.0713,0.28225324,0.2100725,0.474764,0.7188186,0.024418999,269.9916,0.0,126.65105263157893,0.0,3101.9654736842103,0.0,0.0,0.0,6144.0,19
berkeleydb,2026-07-09-06-37-44,4,wsl,medium,100000,4,delete,400000,2938.4387,1.3593289,0.746166,1.3544301,2.0029802,0.024589,1908.8276,0.0,98.51986486486487,0.0,3622.7321081081077,0.0,0.0,439.0,10240.0,74
berkeleydb,2026-07-09-06-37-44,4,wsl,medium,100000,4,insert,400000,2933.5513,1.3629507,0.7928495,1.3947177,2.1858568,0.071642,1169.7374,0.0,82.64486842105264,0.0,3180.7999999999997,0.0,0.0,0.0,10240.0,76
berkeleydb,2026-07-09-06-37-44,4,wsl,medium,100000,4,read,400000,31964.986,0.12481661,0.041673,0.5228915,1.0550282,0.009659001,10.008106,0.0,243.06285714285715,0.0,3161.9657142857145,0.0,0.0,0.0,0.0,7
berkeleydb,2026-07-09-06-37-44,4,wsl,medium,100000,4,update,400000,2241.5168,1.7839653,0.83124745,1.454652,2.123018,0.033176,2980.7559,0.0,81.55947916666666,0.0,3519.0826666666667,0.0,0.0,3.0,12288.0,96
berkeleydb,2026-07-09-06-37-44,4,wsl,medium,100000,8,delete,800000,1856.8749,4.2971663,2.345984,4.730196,18.994701,0.047814995,4310.8564,0.0,84.79227906976745,0.0,3773.5971720930233,0.0,0.0,4311.040000000001,25600.0,215
berkeleydb,2026-07-09-06-37-44,4,wsl,medium,100000,8,insert,800000,2503.8245,3.1919072,2.153425,3.6269863,5.513917,0.027986003,3208.6567,0.0,96.52437125748503,0.0,3957.392095808383,0.0,0.0,9.0,21504.0,167
berkeleydb,2026-07-09-06-37-44,4,wsl,medium,100000,8,read,800000,16677.191,0.47888625,0.2124505,1.6556941,2.8960822,0.009568998,40.19356,0.0,318.862,0.0,4232.43776,0.0,0.0,3823.92,1024.0,25
berkeleydb,2026-07-09-06-37-44,4,wsl,medium,100000,8,update,800000,1777.4528,4.4956155,2.650244,5.088689,40.415485,0.058587,2251.8838,0.0,92.2003846153846,0.0,3845.0368547008543,0.0,0.0,3317.76,28672.0,234
berkeleydb,2026-07-09-06-37-44,4,wsl,small,0,1,mix_10W_90R,10000,341234.5,0.0029305362,0.0017929997,0.0060620005,0.01669172,0.0016830018,0.148956,0.0,142.57,0.0,3023.872,0.0,0.0,0.0,0.0,1
berkeleydb,2026-07-09-06-37-44,4,wsl,small,0,1,mix_50W_50R,20000,223813.47,0.004468006,0.0049044993,0.0066629983,0.011292499,0.001352997,17.39285,0.0,142.57,0.0,3023.872,0.0,0.0,0.0,0.0,1
berkeleydb,2026-07-09-06-37-44,4,wsl,small,0,1,mix_90W_10R,10000,123584.08,0.008091657,0.0053110016,0.033526044,0.055962812,0.0017540006,0.372411,0.0,142.57,0.0,3023.872,0.0,0.0,0.0,0.0,1
berkeleydb,2026-07-09-06-37-44,4,wsl,small,0,2,mix_10W_90R,20000,182007.12,0.00753861,0.0023295013,0.018687053,0.092304796,0.0017239981,5.481416,0.0,212.79999999999998,0.0,3056.64,0.0,0.0,0.0,0.0,2
berkeleydb,2026-07-09-06-37-44,4,wsl,small,0,2,mix_50W_50R,40000,93888.52,0.013260304,0.0048799994,0.0657815,0.10664201,0.0016929989,0.59242,0.0,212.79999999999998,0.0,3056.64,0.0,0.0,0.0,0.0,2
berkeleydb,2026-07-09-06-37-44,4,wsl,small,0,2,mix_90W_10R,20000,48697.383,0.031351008,0.009219002,0.10005955,0.18303668,0.0020139995,35.213474,0.0,212.79999999999998,0.0,3056.64,0.0,0.0,0.0,0.0,2
berkeleydb,2026-07-09-06-37-44,4,wsl,small,0,4,mix_10W_90R,40000,138247.05,0.020718833,0.006713002,0.082295,0.23299511,0.0017130005,109.00857,0.0,141.12,0.0,3063.4666666666667,0.0,0.0,0.0,102.39999999999418,6
berkeleydb,2026-07-09-06-37-44,4,wsl,small,0,4,mix_50W_50R,80000,13993.862,0.27610195,0.2445795,0.50305206,0.6783494,0.0014729995,360.20566,0.0,141.12,0.0,3063.4666666666667,0.0,0.0,0.0,102.39999999999418,6
berkeleydb,2026-07-09-06-37-44,4,wsl,small,0,4,mix_90W_10R,40000,34433.867,0.10951326,0.049829,0.30941802,0.5005085,0.0021640006,138.5457,0.0,141.12,0.0,3063.4666666666667,0.0,0.0,0.0,102.39999999999418,6
berkeleydb,2026-07-09-06-37-44,4,wsl,small,0,8,mix_10W_90R,80000,108864.15,0.039105803,0.009318999,0.17788295,0.40466762,0.0017029997,372.18726,0.0,140.3064705882353,0.0,3155.1247058823533,0.0,0.0,4.0,614.4000000000087,17
berkeleydb,2026-07-09-06-37-44,4,wsl,small,0,8,mix_50W_50R,160000,11228.236,0.6772145,0.630633,1.0839473,1.486828,0.0015629993,380.5906,0.0,140.3064705882353,0.0,3155.1247058823533,0.0,0.0,4.0,614.4000000000087,17
berkeleydb,2026-07-09-06-37-44,4,wsl,small,0,8,mix_90W_10R,80000,25642.115,0.28366074,0.111547,0.49416554,0.88552535,0.0020439983,359.36127,0.0,140.3064705882353,0.0,3155.1247058823533,0.0,0.0,4.0,614.4000000000087,17
berkeleydb,2026-07-09-06-37-44,4,wsl,small,10000,1,delete,10000,103284.37,0.009682007,0.0058410005,0.012183999,0.023326,0.0054600025,16.218475,0.0,149.59,0.0,33.84,0.0,0.0,0.0,0.0,1
berkeleydb,2026-07-09-06-37-44,4,wsl,small,10000,1,insert,10000,133043.44,0.007516342,0.005291,0.022555,0.028106198,0.0046000024,2.948248,0.0,174.84,0.0,18.79,0.0,0.0,0.0,0.0,1
berkeleydb,2026-07-09-06-37-44,4,wsl,small,10000,1,read,10000,417138.78,0.0023972834,0.0018530008,0.0043180007,0.010089009,0.0016330014,0.090206996,0.0,200.79,0.0,40.37,0.0,0.0,0.0,0.0,1
berkeleydb,2026-07-09-06-37-44,4,wsl,small,10000,1,update,10000,168594.14,0.005931404,0.004900001,0.010560998,0.0213232,0.004678997,0.14756,0.0,234.51,0.0,50.47,0.0,0.0,0.0,0.0,1
berkeleydb,2026-07-09-06-37-44,4,wsl,small,10000,2,delete,20000,36765.44,0.053353693,0.0418175,0.122711,0.19045852,0.005291,16.715412,0.0,191.67,0.0,67.06,0.0,0.0,0.0,0.0,1
berkeleydb,2026-07-09-06-37-44,4,wsl,small,10000,2,insert,20000,45813.324,0.043045457,0.024914,0.117272995,0.20476575,0.0046989988,13.79026,0.0,149.59,0.0,33.84,0.0,0.0,0.0,0.0,1
berkeleydb,2026-07-09-06-37-44,4,wsl,small,10000,2,read,20000,514550.12,0.003678038,0.0019239996,0.008236499,0.032745905,0.0016129997,0.289159,0.0,282.35,0.0,55.86,0.0,0.0,0.0,0.0,1
berkeleydb,2026-07-09-06-37-44,4,wsl,small,10000,2,update,20000,71322.75,0.02792327,0.0156255,0.083795995,0.13626881,0.0045189993,0.465791,0.0,221.94,0.0,55.79,0.0,0.0,0.0,0.0,1
berkeleydb,2026-07-09-06-37-44,4,wsl,small,10000,4,delete,40000,37283.61,0.1040384,0.075374,0.30036828,0.43480068,0.005550999,19.512365,0.0,268.145,0.0,135.25,0.0,0.0,0.6799999999999997,0.0,2
berkeleydb,2026-07-09-06-37-44,4,wsl,small,10000,4,insert,40000,39687.895,0.09812803,0.0592015,0.3055177,0.48225686,0.0043090004,20.085932,0.0,218.35,0.0,100.215,0.0,0.0,0.7799999999999994,30.200000000000003,2
berkeleydb,2026-07-09-06-37-44,4,wsl,small,10000,4,read,40000,490665.06,0.0072318083,0.0035269987,0.029768048,0.08016929,0.0016129997,0.330969,0.0,323.78,0.0,94.69,0.0,0.0,0.0,0.0,1
berkeleydb,2026-07-09-06-37-44,4,wsl,small,10000,4,update,40000,52708.688,0.071689755,0.040360004,0.22962305,0.34812844,0.004689002,16.373785,0.0,248.77,0.0,92.98,0.0,0.0,0.0,0.0,1
berkeleydb,2026-07-09-06-37-44,4,wsl,small,10000,8,delete,80000,39640.074,0.1949167,0.150911,0.47723,0.6835639,0.0052409996,48.678925,0.0,314.7033333333333,0.0,151.27,0.0,0.0,0.0,64.0,3
berkeleydb,2026-07-09-06-37-44,4,wsl,small,10000,8,insert,80000,36319.91,0.21204714,0.134816,0.55945426,1.0562804,0.0043779984,94.77916,0.0,322.3333333333333,0.0,181.5666666666667,0.0,0.0,0.8700000000000001,95.0,3
berkeleydb,2026-07-09-06-37-44,4,wsl,small,10000,8,read,80000,278156.6,0.024953289,0.0052099987,0.07619105,0.1625312,0.0016430021,52.641,0.0,402.63,0.0,191.35000000000002,0.0,0.0,0.0,42.0,2
berkeleydb,2026-07-09-06-37-44,4,wsl,small,10000,8,update,80000,52911.31,0.14765991,0.1105685,0.3509464,0.5052782,0.004659003,48.63477,0.0,387.5366666666667,0.0,148.03,0.0,0.0,0.0,33.0,3
berkeleydb,2026-07-09-06-37-44,4,wsl,small,100000,1,delete,100000,87949.22,0.011370198,0.005942002,0.011462001,0.0191183,0.005540998,122.641235,0.0,171.32,0.0,85.015,0.0,0.0,0.2599999999999998,62.0,2
berkeleydb,2026-07-09-06-37-44,4,wsl,small,100000,1,insert,100000,119250.86,0.008385683,0.005500999,0.021623,0.0298691,0.0046899985,19.566996,0.0,87.64,0.0,69.31,0.0,0.0,0.0,0.0,1
berkeleydb,2026-07-09-06-37-44,4,wsl,small,100000,1,read,100000,414455.12,0.0024128065,0.001952998,0.004469002,0.0066229985,0.0016329978,0.24416201,0.0,184.61,0.0,74.14,0.0,0.0,0.0,0.0,1
berkeleydb,2026-07-09-06-37-44,4,wsl,small,100000,1,update,100000,144514.33,0.006919729,0.0051300013,0.010110001,0.017203998,0.0046999995,98.68156,0.0,53.89,0.0,62.37,0.0,0.0,0.0,0.0,1
berkeleydb,2026-07-09-06-37-44,4,wsl,small,100000,2,delete,200000,30808.564,0.06454742,0.04028,0.1299575,0.211598,0.0054200026,676.06995,0.0,133.68,0.0,130.15,0.0,0.0,0.0,238.16000000000008,4
berkeleydb,2026-07-09-06-37-44,4,wsl,small,100000,2,insert,200000,36963.934,0.054096792,0.026773002,0.12615915,0.22069056,0.0047390023,151.2564,0.0,133.64249999999998,0.0,105.155,0.0,0.0,0.1299999999999999,162.0,4
berkeleydb,2026-07-09-06-37-44,4,wsl,small,100000,2,read,200000,364614.28,0.00546287,0.0021849992,0.013355999,0.0807802,0.0018130012,0.432156,0.0,192.11,0.0,118.6,0.0,0.0,0.0,0.0,1
berkeleydb,2026-07-09-06-37-44,4,wsl,small,100000,2,update,200000,50675.863,0.03944476,0.024669,0.103163995,0.1623014,0.0049400004,122.01678,0.0,154.77,0.0,129.36666666666667,0.0,0.0,0.0,83.0,3
berkeleydb,2026-07-09-06-37-44,4,wsl,small,100000,4,delete,400000,33390.207,0.118630566,0.076481,0.3056583,0.45071104,0.005541002,132.35243,0.0,221.0225,0.0,245.8,0.0,0.0,0.0,276.4799999999998,8
berkeleydb,2026-07-09-06-37-44,4,wsl,small,100000,4,insert,400000,30567.611,0.13029377,0.07052,0.3262302,0.512078,0.0045189993,161.34767,0.0,182.53222222222223,0.0,180.89999999999998,0.0,0.0,2.530000000000001,460.79999999999995,9
berkeleydb,2026-07-09-06-37-44,4,wsl,small,100000,4,read,400000,349636.2,0.010976133,0.0036970014,0.0491575,0.15563926,0.0017929997,0.671104,0.0,278.665,0.0,236.7,0.0,0.0,0.0,0.0,2
berkeleydb,2026-07-09-06-37-44,4,wsl,small,100000,4,update,400000,48604.55,0.08186966,0.054668,0.23520619,0.34736016,0.00489,114.99957,0.0,224.70285714285714,0.0,238.8857142857143,0.0,0.0,0.0,307.20000000000005,7
berkeleydb,2026-07-09-06-37-44,4,wsl,small,100000,8,delete,800000,30326.102,0.26276612,0.174925,0.512683,0.732189,0.005391001,2426.7896,0.0,297.4588235294118,0.0,464.4588235294118,0.0,0.0,0.0,901.1199999999999,17
berkeleydb,2026-07-09-06-37-44,4,wsl,small,100000,8,insert,800000,24118.68,0.33079532,0.148874,0.58627915,1.0443746,0.00493,1519.6215,0.0,238.7004761904762,0.0,342.79523809523806,0.0,0.0,13.23,1146.8799999999997,21
berkeleydb,2026-07-09-06-37-44,4,wsl,small,100000,8,read,800000,203663.88,0.037609633,0.008145998,0.11656,0.271947,0.0017530001,53.150326,0.0,407.3125,0.0,446.7,0.0,0.0,0.0,0.0,4
berkeleydb,2026-07-09-06-37-44,4,wsl,small,100000,8,update,800000,45522.742,0.17435156,0.12693301,0.39219716,0.56044304,0.004739999,130.57814,0.0,349.2676923076923,0.0,462.0,0.0,0.0,0.0,368.6400000000003,13
berkeleydb,2026-07-09-06-37-44,4,wsl,small,1000000,1,delete,1000000,83047.35,0.012041324,0.0058509978,0.012945002,0.028595997,0.0053010006,333.6318,0.0,60.14777777777778,0.0,388.27777777777777,0.0,0.0,0.0,737.2799999999997,9
berkeleydb,2026-07-09-06-37-44,4,wsl,small,1000000,1,insert,1000000,67438.4,0.014828348,0.0055910023,0.022894997,0.035109,0.0045889975,245.62881,0.0,67.15818181818182,0.0,331.0090909090909,0.0,0.0,0.1999999999999993,952.3200000000006,11
berkeleydb,2026-07-09-06-37-44,4,wsl,small,1000000,1,read,1000000,343899.88,0.002907823,0.0020240005,0.0059619998,0.010281001,0.0017839993,128.79355,0.0,113.49333333333334,0.0,345.0,0.0,0.0,0.0,327.6799999999994,3
berkeleydb,2026-07-09-06-37-44,4,wsl,small,1000000,1,update,1000000,128353.61,0.0077909767,0.005460999,0.011503002,0.021141997,0.005140002,280.5927,0.0,69.76888888888888,0.0,385.29999999999995,0.0,0.0,0.0,645.1200000000008,9
berkeleydb,2026-07-09-06-37-44,4,wsl,small,1000000,2,delete,2000000,37708.64,0.053012013,0.037264,0.140598,0.24360704,0.005692,155.4248,0.0,144.9458064516129,0.0,1128.0846451612904,0.0,0.0,0.0,4300.800000000001,31
berkeleydb,2026-07-09-06-37-44,4,wsl,small,1000000,2,insert,2000000,32877.82,0.060016062,0.036712002,0.135839,0.24235901,0.004398,2980.343,0.0,130.434,0.0,430.5914285714286,0.0,0.0,2.6000000000000014,3717.120000000001,35
berkeleydb,2026-07-09-06-37-44,4,wsl,small,1000000,2,read,2000000,261822.33,0.007630107,0.002384997,0.019948998,0.108865,0.0018139981,8.628907,0.0,164.50833333333333,0.0,764.6666666666666,0.0,0.0,62.6,0.0,6
berkeleydb,2026-07-09-06-37-44,4,wsl,small,1000000,2,update,2000000,54096.5,0.036106657,0.019078001,0.104466,0.18215008,0.004869002,132.80225,0.0,146.9713043478261,0.0,956.2026086956522,0.0,0.0,0.20000000000000284,2662.3999999999996,23
berkeleydb,2026-07-09-06-37-44,4,wsl,small,1000000,4,delete,4000000,25858.121,0.15384269,0.083116,0.370437,0.58191,0.005640999,885.23926,0.0,184.7453658536585,0.0,1888.3559024390245,0.0,0.0,3.0,8294.399999999994,82
berkeleydb,2026-07-09-06-37-44,4,wsl,small,1000000,4,insert,4000000,33616.15,0.118092015,0.071346,0.36315507,0.635706,0.0046989988,702.4047,0.0,220.01328358208954,0.0,1186.12823880597,0.0,0.0,4.799999999999997,7680.0,67
berkeleydb,2026-07-09-06-37-44,4,wsl,small,1000000,4,read,4000000,203364.52,0.01945112,0.0044890004,0.08748815,0.28866,0.0018030005,9.120348,0.0,280.565,0.0,1380.8640000000003,0.0,0.0,8.0,102.39999999999782,12
berkeleydb,2026-07-09-06-37-44,4,wsl,small,1000000,4,update,4000000,33093.83,0.11968874,0.067333,0.31860906,0.5465721,0.0044549997,3554.2058,0.0,212.3314705882353,0.0,1872.0828235294118,0.0,0.0,0.0,8704.000000000004,68
berkeleydb,2026-07-09-06-37-44,4,wsl,small,1000000,8,delete,8000000,26426.371,0.30032268,0.20591,0.75405705,1.2744472,0.005621001,4375.8955,0.0,359.01930817610065,0.0,3179.223748427673,0.0,0.0,0.0,18739.199999999997,159
berkeleydb,2026-07-09-06-37-44,4,wsl,small,1000000,8,insert,8000000,29576.18,0.26960844,0.146038,0.8008922,1.7467091,0.0046989988,1436.4152,0.0,312.98120805369126,0.0,2002.6141208053693,0.0,0.0,0.0,14028.800000000003,149
berkeleydb,2026-07-09-06-37-44,4,wsl,small,1000000,8,read,8000000,63306.95,0.12539747,0.029459,0.499592,1.034293,0.001993998,2275.9436,0.0,359.32307692307694,0.0,2283.094646153846,0.0,0.0,22.0,6451.199999999997,65
berkeleydb,2026-07-09-06-37-44,4,wsl,small,1000000,8,update,8000000,33868.406,0.23396382,0.152427,0.6370141,1.3317742,0.005080001,739.8782,0.0,373.0318939393939,0.0,3184.5236363636363,0.0,0.0,0.0,15360.0,132
berkeleydb,2026-07-09-08-34-30,1,wsl,small,0,1,doc_delete,10000,122980.03,0.008131401,0.0056620045,0.011813505,0.027386198,0.005310998,8.833936,0.0,91.75,0.0,67.74,0.0,0.0,0.0,0.0,1
berkeleydb,2026-07-09-08-34-30,1,wsl,small,0,1,doc_increment,10000,66477.86,0.015042602,0.013146004,0.023636498,0.04343571,0.012333999,0.361583,0.0,91.75,0.0,67.74,0.0,0.0,0.0,0.0,1
berkeleydb,2026-07-09-08-34-30,1,wsl,small,0,1,doc_insert,10000,72483.71,0.013796204,0.005390997,0.0552295,0.07100169,0.0048699947,19.176804,0.0,79.73,0.0,55.45,0.0,0.0,0.0,0.0,1
berkeleydb,2026-07-09-08-34-30,1,wsl,small,0,1,doc_read,10000,196199.03,0.005096865,0.0043079997,0.0074455,0.017935004,0.004107998,0.120868996,0.0,80.49,0.0,67.95,0.0,0.0,0.0,0.0,1
berkeleydb,2026-07-09-08-34-30,1,wsl,small,0,1,doc_read_partial,10000,187775.0,0.0053255227,0.004358,0.008276551,0.021753803,0.004137997,0.149335,0.0,85.63,0.0,68.93,0.0,0.0,0.0,0.0,1
berkeleydb,2026-07-09-08-34-30,1,wsl,small,0,1,doc_update_partial,10000,65071.92,0.015367611,0.013256001,0.024301004,0.051913597,0.012393997,0.457964,0.0,77.85,0.0,48.72,0.0,0.0,0.0,0.0,1
berkeleydb,2026-07-09-08-34-30,1,wsl,small,0,1,queue,20000,28.148195,35.526257,26.377966,80.6497,111.93351,0.017074002,747.84863,0.0,33.917106741573036,0.0,210.31219101123597,0.0,0.0,51.0,24370.951953125,356
berkeleydb,2026-07-09-08-34-30,1,wsl,small,0,2,doc_delete,20000,26557.428,0.07488537,0.032555,0.1452385,0.23994888,0.0054510017,48.87044,0.0,74.34,0.0,97.52000000000001,0.0,0.0,0.0,0.0,2
berkeleydb,2026-07-09-08-34-30,1,wsl,small,0,2,doc_increment,20000,30288.527,0.065884255,0.020294996,0.09884855,0.1667605,0.012274002,49.683617,0.0,94.275,0.0,98.43,0.0,0.0,0.0,102.39999999999418,2
berkeleydb,2026-07-09-08-34-30,1,wsl,small,0,2,doc_insert,20000,28729.143,0.06760084,0.017694999,0.12513751,0.22169007,0.0052800025,49.93091,0.0,89.595,0.0,85.24,0.0,0.0,0.0,0.0,2
berkeleydb,2026-07-09-08-34-30,1,wsl,small,0,2,doc_read,20000,171520.05,0.011317301,0.0044889967,0.012413999,0.038636204,0.004057998,48.22577,0.0,79.37,0.0,75.16,0.0,0.0,0.0,0.0,1
berkeleydb,2026-07-09-08-34-30,1,wsl,small,0,2,doc_read_partial,20000,115911.74,0.017025776,0.004680005,0.016147504,0.07387611,0.004128,50.106632,0.0,100.38,0.0,97.64,0.0,0.0,0.0,0.0,1
berkeleydb,2026-07-09-08-34-30,1,wsl,small,0,2,doc_update_partial,20000,34317.477,0.05776122,0.017614001,0.0859515,0.16094305,0.012594995,51.00487,0.0,92.5,0.0,75.84,0.0,0.0,0.0,0.0,1
berkeleydb,2026-07-09-08-34-30,1,wsl,small,0,2,queue,40000,40.972168,48.516674,42.315697,121.34665,160.97917,0.014488003,1554.3292,0.0,51.70176229508196,0.0,328.7064139344262,0.0,0.0,18.0,48537.600000000006,488
berkeleydb,2026-07-09-08-34-30,1,wsl,small,0,4,doc_delete,40000,18702.463,0.20457336,0.0487965,0.29646567,0.4717368,0.005410002,76.60351,0.0,72.96666666666667,0.0,128.27,0.0,0.0,0.0,0.0,3
berkeleydb,2026-07-09-08-34-30,1,wsl,small,0,4,doc_increment,40000,16201.73,0.24206768,0.056181997,0.24152665,0.38404155,0.0123740025,73.71404,0.0,95.96,0.0,133.5,0.0,0.0,0.0,0.0,3
berkeleydb,2026-07-09-08-34-30,1,wsl,small,0,4,doc_insert,40000,13634.801,0.28501773,0.055359,0.33971643,0.58213717,0.0050799935,174.2029,0.0,97.63333333333333,0.0,134.29999999999998,0.0,0.0,0.0,0.0,3
berkeleydb,2026-07-09-08-34-30,1,wsl,small,0,4,doc_read,40000,82670.24,0.042035088,0.0057319994,0.03745595,0.12916104,0.004107998,79.07801,0.0,98.63,0.0,145.8,0.0,0.0,0.0,0.0,2
berkeleydb,2026-07-09-08-34-30,1,wsl,small,0,4,doc_read_partial,40000,81609.34,0.03645886,0.005822003,0.033647455,0.12733349,0.004148002,79.1018,0.0,96.905,0.0,125.19999999999999,0.0,0.0,0.0,0.0,2
berkeleydb,2026-07-09-08-34-30,1,wsl,small,0,4,doc_update_partial,40000,14651.966,0.2624199,0.054999,0.25578225,0.41064438,0.012664997,77.8908,0.0,95.14666666666666,0.0,132.12,0.0,0.0,0.0,0.0,3
berkeleydb,2026-07-09-08-34-30,1,wsl,small,0,4,queue,80000,50.50245,78.622665,27.446198,218.44423,394.2313,0.013956997,2483.8347,0.0,67.86863463969658,0.0,529.7557522123893,0.0,0.0,19.0,96972.8,791
berkeleydb,2026-07-09-08-34-30,1,wsl,small,0,8,doc_delete,80000,9417.795,0.76490355,0.124436006,0.5303914,0.9611571,0.0054710037,935.1646,0.0,92.29571428571428,0.0,237.4857142857143,0.0,0.0,0.0,0.0,7
berkeleydb,2026-07-09-08-34-30,1,wsl,small,0,8,doc_increment,80000,9026.787,0.823013,0.128514,0.43387753,0.77086824,0.012154,103.465164,0.0,98.7225,0.0,248.2375,0.0,0.0,0.0,0.0,8
berkeleydb,2026-07-09-08-34-30,1,wsl,small,0,8,doc_insert,80000,8308.613,0.9418846,0.13146,0.7530798,5.5114636,0.00511,306.60388,0.0,91.78625,0.0,219.05,0.0,0.0,11.0,0.0,8
berkeleydb,2026-07-09-08-34-30,1,wsl,small,0,8,doc_read,80000,44679.734,0.15801266,0.009408999,0.11509226,0.24248526,0.0041189995,92.4995,0.0,102.1925,0.0,231.75,0.0,0.0,0.0,0.0,4
berkeleydb,2026-07-09-08-34-30,1,wsl,small,0,8,doc_read_partial,80000,48060.402,0.15497883,0.009609001,0.09718975,0.22428463,0.0041579986,88.33462,0.0,95.3725,0.0,199.32500000000002,0.0,0.0,0.0,0.0,4
berkeleydb,2026-07-09-08-34-30,1,wsl,small,0,8,doc_update_partial,80000,8595.951,0.8975539,0.1377775,0.44333234,0.8625846,0.012494994,88.69135,0.0,99.88625,0.0,256.6,0.0,0.0,0.0,0.0,8
berkeleydb,2026-07-09-08-34-30,1,wsl,small,0,8,queue,160000,50.165237,159.02875,150.18915,385.53458,513.49475,0.015680999,2874.5254,0.0,78.45345694531741,0.0,778.3627906976744,0.0,0.0,43.0,194560.0,1591
berkeleydb,2026-07-09-10-24-48,2,wsl,small,0,1,doc_delete,10000,94632.65,0.010567178,0.005890997,0.012605,0.026743101,0.0055109994,30.343555,0.0,138.04,0.0,68.13,0.0,0.0,0.0,0.0,1
berkeleydb,2026-07-09-10-24-48,2,wsl,small,0,1,doc_increment,10000,68425.48,0.01461444,0.012815006,0.020451501,0.044710007,0.012103999,0.401012,0.0,112.16,0.0,46.7,0.0,0.0,0.0,0.0,1
berkeleydb,2026-07-09-10-24-48,2,wsl,small,0,1,doc_insert,10000,77368.97,0.012925079,0.0053010006,0.025951505,0.043051716,0.004829002,38.677666,0.0,129.08,0.0,36.21,0.0,0.0,0.0,0.0,1
berkeleydb,2026-07-09-10-24-48,2,wsl,small,0,1,doc_read,10000,189081.03,0.005288738,0.0043690014,0.007766951,0.021112306,0.004128,0.131139,0.0,118.68,0.0,45.32,0.0,0.0,0.0,0.0,1
berkeleydb,2026-07-09-10-24-48,2,wsl,small,0,1,doc_read_partial,10000,194455.05,0.0051425765,0.004319001,0.007545001,0.0203101,0.004107998,0.089176,0.0,118.68,0.0,45.32,0.0,0.0,0.0,0.0,1
berkeleydb,2026-07-09-10-24-48,2,wsl,small,0,1,doc_update_partial,10000,65841.85,0.015187909,0.013246994,0.024139004,0.0443304,0.012393997,0.368288,0.0,109.11,0.0,45.52,0.0,0.0,0.0,0.0,1
berkeleydb,2026-07-09-10-24-48,2,wsl,small,0,1,queue,20000,24.009888,41.64951,35.563416,87.37637,122.12253,0.013997996,558.98315,0.0,29.599904076738607,0.0,197.82069544364506,0.0,0.0,35.85595703125,24370.4998046875,417
berkeleydb,2026-07-09-10-24-48,2,wsl,small,0,2,doc_delete,20000,38430.47,0.049858917,0.029627997,0.118503496,0.20052764,0.005570997,56.4981,0.0,160.26,0.0,84.24000000000001,0.0,0.0,0.0,0.0,2
berkeleydb,2026-07-09-10-24-48,2,wsl,small,0,2,doc_increment,20000,52016.324,0.038224578,0.023025498,0.11495776,0.17449383,0.012615005,0.469759,0.0,126.93,0.0,49.83,0.0,0.0,0.0,0.0,1
berkeleydb,2026-07-09-10-24-48,2,wsl,small,0,2,doc_insert,20000,30791.627,0.06491114,0.025765497,0.12332495,0.21965261,0.005150003,199.05682,0.0,94.88,0.0,52.8,0.0,0.0,0.0,0.0,1
berkeleydb,2026-07-09-10-24-48,2,wsl,small,0,2,doc_read,20000,310467.5,0.0060943053,0.0043780017,0.011863055,0.039719116,0.0040779994,0.9882,0.0,172.41,0.0,63.1,0.0,0.0,0.0,0.0,1
berkeleydb,2026-07-09-10-24-48,2,wsl,small,0,2,doc_read_partial,20000,297159.78,0.006708609,0.004759,0.013666999,0.052433304,0.0040779994,0.13535699,0.0,164.13,0.0,72.67,0.0,0.0,0.0,0.0,1
berkeleydb,2026-07-09-10-24-48,2,wsl,small,0,2,doc_update_partial,20000,59539.902,0.033534605,0.017955005,0.102283046,0.17831782,0.012814999,0.539441,0.0,143.44,0.0,63.99,0.0,0.0,0.0,0.0,1
berkeleydb,2026-07-09-10-24-48,2,wsl,small,0,2,queue,40000,36.795753,52.115944,41.91549,136.95393,210.17473,0.014348996,902.9179,0.0,46.661915285451194,0.0,290.6301104972376,0.0,0.0,16.4,48435.200000000004,543
berkeleydb,2026-07-09-10-24-48,2,wsl,small,0,4,doc_delete,40000,33527.285,0.11454786,0.0582145,0.29482624,0.45639855,0.00557,49.86604,0.0,105.98,0.0,86.455,0.0,0.0,0.0,0.0,2
berkeleydb,2026-07-09-10-24-48,2,wsl,small,0,4,doc_increment,40000,32067.086,0.12314877,0.057273,0.2358024,0.36601427,0.012484001,53.011944,0.0,174.25,0.0,112.71000000000001,0.0,0.0,0.0,0.0,2
berkeleydb,2026-07-09-10-24-48,2,wsl,small,0,4,doc_insert,40000,27376.129,0.14351135,0.057212997,0.32478195,0.5289431,0.0050089946,113.11503,0.0,166.59,0.0,101.58500000000001,0.0,0.0,0.0,0.0,2
berkeleydb,2026-07-09-10-24-48,2,wsl,small,0,4,doc_read,40000,156744.16,0.022131149,0.0060320017,0.0445215,0.1485466,0.0041179955,44.463753,0.0,196.54,0.0,126.6,0.0,0.0,0.0,0.0,1
berkeleydb,2026-07-09-10-24-48,2,wsl,small,0,4,doc_read_partial,40000,196498.94,0.018050497,0.0057310024,0.034540005,0.117521696,0.004118003,50.703064,0.0,176.95,0.0,82.95,0.0,0.0,0.0,0.0,1
berkeleydb,2026-07-09-10-24-48,2,wsl,small,0,4,doc_update_partial,40000,31822.402,0.1214178,0.0551535,0.2374185,0.3669638,0.012524004,49.928814,0.0,171.03,0.0,106.785,0.0,0.0,0.0,0.0,2
berkeleydb,2026-07-09-10-24-48,2,wsl,small,0,4,queue,80000,38.827328,102.16945,80.04636,280.48514,548.3384,0.014138,1192.3495,0.0,54.67779182879377,0.0,484.2055447470817,0.0,0.0,16.5,96972.8,1028
berkeleydb,2026-07-09-10-24-48,2,wsl,small,0,8,doc_delete,80000,15767.157,0.49048057,0.1486305,0.5130631,0.81901675,0.005511007,477.79898,0.0,159.13750000000002,0.0,188.01,0.0,0.0,0.0,0.0,4
berkeleydb,2026-07-09-10-24-48,2,wsl,small,0,8,doc_increment,80000,17527.371,0.44257763,0.136516,0.40856224,0.6220651,0.012144002,334.9507,0.0,170.126,0.0,211.1,0.0,0.0,0.0,0.0,5
berkeleydb,2026-07-09-10-24-48,2,wsl,small,0,8,doc_insert,80000,16736.662,0.4685169,0.13206601,0.71469367,1.4886662,0.0051000025,136.72546,0.0,179.594,0.0,177.048,0.0,0.0,12.0,0.0,5
berkeleydb,2026-07-09-10-24-48,2,wsl,small,0,8,doc_read,80000,100636.055,0.07307308,0.008387004,0.097817004,0.20710534,0.004107998,76.66439,0.0,198.7,0.0,191.0,0.0,0.0,0.0,0.0,2
berkeleydb,2026-07-09-10-24-48,2,wsl,small,0,8,doc_read_partial,80000,102057.09,0.07528839,0.008827999,0.1007735,0.21121311,0.004128,77.98532,0.0,179.02,0.0,154.0,0.0,0.0,0.0,0.0,2
berkeleydb,2026-07-09-10-24-48,2,wsl,small,0,8,doc_update_partial,80000,18218.963,0.42252985,0.12563151,0.399356,0.6202921,0.012404001,215.22383,0.0,181.756,0.0,205.08,0.0,0.0,1.0,0.0,5
berkeleydb,2026-07-09-10-24-48,2,wsl,small,0,8,queue,160000,51.072147,143.87613,129.15323,424.8274,841.1473,0.013076002,1962.9467,0.0,80.34107554417413,0.0,643.8003841229194,0.0,0.0,32.0,194560.0,1562
berkeleydb,2026-07-09-12-25-14,4,wsl,small,0,1,doc_delete,10000,91927.66,0.010878119,0.005531001,0.012044001,0.023198301,0.0051810057,37.626255,0.0,210.0,0.0,53.94,0.0,0.0,0.0,0.0,1
berkeleydb,2026-07-09-12-25-14,4,wsl,small,0,1,doc_increment,10000,63700.906,0.015698364,0.013536999,0.023207452,0.05777251,0.012666002,0.485628,0.0,210.0,0.0,53.94,0.0,0.0,0.0,0.0,1
berkeleydb,2026-07-09-12-25-14,4,wsl,small,0,1,doc_insert,10000,37302.38,0.026807941,0.0056209974,0.05465,0.06829709,0.005080001,145.51839,0.0,127.36,0.0,24.16,0.0,0.0,0.0,0.0,1
berkeleydb,2026-07-09-12-25-14,4,wsl,small,0,1,doc_read,10000,192330.4,0.005199386,0.0042679966,0.0075055044,0.0195691,0.004057998,0.116181,0.0,242.49,0.0,40.8,0.0,0.0,0.0,0.0,1
berkeleydb,2026-07-09-12-25-14,4,wsl,small,0,1,doc_read_partial,10000,195876.64,0.005105254,0.0042679966,0.0073854453,0.01989069,0.0040379963,0.151171,0.0,170.96,0.0,43.77,0.0,0.0,0.0,0.0,1
berkeleydb,2026-07-09-12-25-14,4,wsl,small,0,1,doc_update_partial,10000,64679.93,0.015460745,0.013196005,0.024932005,0.051734004,0.012365002,0.409195,0.0,135.77,0.0,23.95,0.0,0.0,0.0,0.0,1
berkeleydb,2026-07-09-12-25-14,4,wsl,small,0,1,queue,20000,24.345327,41.075645,35.098362,83.83514,112.06729,0.016392995,760.56433,0.0,30.94102189781022,0.0,199.46866180048661,0.0,0.0,35.95595703125,24368.98,411
berkeleydb,2026-07-09-12-25-14,4,wsl,small,0,2,doc_delete,20000,34974.93,0.055302784,0.0395485,0.14431201,0.22903955,0.0057020006,40.980034,0.0,44.7,0.0,50.62,0.0,0.0,0.0,0.0,1
berkeleydb,2026-07-09-12-25-14,4,wsl,small,0,2,doc_increment,20000,57052.34,0.034527447,0.020861,0.0880245,0.1556405,0.012274002,0.57041,0.0,183.46,0.0,71.84,0.0,0.0,0.0,0.0,1
berkeleydb,2026-07-09-12-25-14,4,wsl,small,0,2,doc_insert,20000,46295.777,0.043173853,0.016187001,0.104938,0.18243459,0.0048799994,88.70652,0.0,195.18,0.0,62.29,0.0,0.0,0.0,0.0,1
berkeleydb,2026-07-09-12-25-14,4,wsl,small,0,2,doc_read,20000,277803.62,0.007076874,0.004529,0.014709003,0.05314551,0.004048001,0.256652,0.0,201.54,0.0,30.64,0.0,0.0,0.0,0.0,1
berkeleydb,2026-07-09-12-25-14,4,wsl,small,0,2,doc_read_partial,20000,289718.7,0.0066042976,0.004690002,0.012665505,0.04360671,0.004027999,0.289859,0.0,200.85,0.0,32.04,0.0,0.0,0.0,0.0,1
berkeleydb,2026-07-09-12-25-14,4,wsl,small,0,2,doc_update_partial,20000,65645.36,0.030231018,0.017203998,0.08451106,0.15638132,0.013065,0.536022,0.0,220.22,0.0,71.61,0.0,0.0,0.0,0.0,1
berkeleydb,2026-07-09-12-25-14,4,wsl,small,0,2,queue,40000,33.80709,56.757656,55.63333,138.21278,328.5677,0.014397999,799.7964,0.0,43.08267796610169,0.0,274.685813559322,0.0,0.0,0.10000000000000142,48537.600000000006,590
berkeleydb,2026-07-09-12-25-14,4,wsl,small,0,4,doc_delete,40000,22054.697,0.16668837,0.067378506,0.30597615,0.45393246,0.0054010013,452.3419,0.0,70.6,0.0,95.755,0.0,0.0,0.0,0.0,2
berkeleydb,2026-07-09-12-25-14,4,wsl,small,0,4,doc_increment,40000,40443.023,0.097580545,0.057859503,0.236419,0.35289195,0.0122839995,143.38388,0.0,260.28,0.0,126.80000000000001,0.0,0.0,0.0,0.0,2
berkeleydb,2026-07-09-12-25-14,4,wsl,small,0,4,doc_insert,40000,27247.38,0.14583226,0.056667,0.32431144,0.5425055,0.004718997,274.83026,0.0,158.07500000000002,0.0,117.30000000000001,0.0,0.0,0.0,0.0,2
berkeleydb,2026-07-09-12-25-14,4,wsl,small,0,4,doc_read,40000,318557.5,0.012274747,0.005791,0.046173003,0.13776511,0.0040879967,0.446563,0.0,314.78,0.0,125.7,0.0,0.0,0.0,0.0,1
berkeleydb,2026-07-09-12-25-14,4,wsl,small,0,4,doc_read_partial,40000,305200.75,0.012230902,0.005490998,0.047045495,0.14398262,0.004137997,0.428803,0.0,307.81,0.0,122.5,0.0,0.0,0.0,0.0,1
berkeleydb,2026-07-09-12-25-14,4,wsl,small,0,4,doc_update_partial,40000,49182.168,0.0801509,0.056516506,0.22853306,0.33514705,0.012705001,0.852052,0.0,290.775,0.0,126.4,0.0,0.0,0.0,0.0,2
berkeleydb,2026-07-09-12-25-14,4,wsl,small,0,4,queue,80000,40.19505,97.71506,24.361343,492.1002,615.06384,0.014078003,1409.3384,0.0,54.499969666329626,0.0,474.6011830131446,0.0,0.0,19.10000000000001,96972.8,989
berkeleydb,2026-07-09-12-25-14,4,wsl,small,0,8,doc_delete,80000,22983.557,0.32754424,0.160799,0.4896242,0.7167522,0.005501002,498.189,0.0,137.955,0.0,194.0625,0.0,0.0,0.0,0.0,4
berkeleydb,2026-07-09-12-25-14,4,wsl,small,0,8,doc_increment,80000,34118.555,0.22914211,0.136275,0.3936449,0.56227034,0.012183999,288.6193,0.0,254.56333333333336,0.0,179.49333333333334,0.0,0.0,0.0,0.0,3
berkeleydb,2026-07-09-12-25-14,4,wsl,small,0,8,doc_insert,80000,28841.158,0.27453017,0.133972,0.685815,1.2478212,0.004709,137.86201,0.0,307.04333333333335,0.0,201.4,0.0,0.0,0.0,0.0,3
berkeleydb,2026-07-09-12-25-14,4,wsl,small,0,8,doc_read,80000,203539.27,0.035115108,0.008687003,0.10019891,0.19600941,0.0041179955,51.98065,0.0,386.71,0.0,233.2,0.0,0.0,0.0,0.0,1
berkeleydb,2026-07-09-12-25-14,4,wsl,small,0,8,doc_read_partial,80000,205266.58,0.03640791,0.008386003,0.0947175,0.20028858,0.004148002,52.128235,0.0,394.47,0.0,233.1,0.0,0.0,0.0,0.0,1
berkeleydb,2026-07-09-12-25-14,4,wsl,small,0,8,doc_update_partial,80000,38894.402,0.20358872,0.1313995,0.3866865,0.5513219,0.012404999,44.167538,0.0,386.77,0.0,234.46666666666667,0.0,0.0,0.0,0.0,3
berkeleydb,2026-07-09-12-25-14,4,wsl,small,0,8,queue,160000,43.442253,159.7104,130.23074,544.0594,1009.7985,0.013687001,2339.6956,0.0,67.01153133514987,0.0,558.025340599455,0.0,0.0,19.700000000000003,194560.0,1835
couchbase,2026-07-08-01-26-50,1,wsl,medium,0,1,doc_delete,10000,1201.5161,0.8322817,0.7912445,1.0628829,1.2217759,0.317876,37.249985,56.220000000000006,111.066,768.6800000000001,94.75,0.0,0.0,0.0,10.239999999999782,5
couchbase,2026-07-08-01-26-50,1,wsl,medium,0,1,doc_increment,10000,1054.8278,0.94802207,0.9432725,1.2154465,1.3638272,0.426491,2.375993,43.211666666666666,111.10000000000001,769.3333333333334,97.18,0.0,1024.0,0.0,0.0,6
couchbase,2026-07-08-01-26-50,1,wsl,medium,0,1,doc_insert,10000,1054.6395,0.9481912,0.940917,1.2170764,1.3557817,0.383996,2.601761,43.445,135.12666666666667,728.9499999999999,102.43333333333334,0.0,0.0,0.0,0.0,6
couchbase,2026-07-08-01-26-50,1,wsl,medium,0,1,doc_read,10000,1440.9342,0.6939942,0.69152045,1.0267458,1.1842887,0.303456,1.764342,41.599999999999994,92.2975,759.625,103.025,0.0,0.0,0.0,0.0,4
couchbase,2026-07-08-01-26-50,1,wsl,medium,0,1,doc_read_partial,10000,1504.919,0.6644876,0.629357,0.99397665,1.2460401,0.301432,4.651521,31.3075,71.8475,759.725,92.315,0.0,0.0,0.0,0.0,4
couchbase,2026-07-08-01-26-50,1,wsl,medium,0,1,doc_update_partial,10000,1007.1708,0.9928803,0.9894135,1.2663599,1.4133102,0.472903,2.377556,43.199999999999996,111.88333333333333,762.4333333333334,93.92833333333334,0.0,0.0,0.0,0.0,6
couchbase,2026-07-08-01-26-50,1,wsl,medium,0,1,mix_10W_90R,10000,1259.8755,0.7937292,0.7873625,1.076367,1.2191162,0.342614,2.285181,71.67290322580645,70.57161290322581,717.6290322580645,102.62258064516129,0.0,0.0,0.0,0.0,31
couchbase,2026-07-08-01-26-50,1,wsl,medium,0,1,mix_50W_50R,20000,816.32043,1.2250092,0.9104065,1.250848,1.7779771,0.38107,64.576935,71.67290322580645,70.57161290322581,717.6290322580645,102.62258064516129,0.0,0.0,0.0,0.0,31
couchbase,2026-07-08-01-26-50,1,wsl,medium,0,1,mix_90W_10R,10000,1072.0139,0.93282366,0.9281,1.2115878,1.3464593,0.424175,1.824652,71.67290322580645,70.57161290322581,717.6290322580645,102.62258064516129,0.0,0.0,0.0,0.0,31
couchbase,2026-07-08-01-26-50,1,wsl,medium,0,2,doc_delete,20000,2694.5586,0.739405,0.7328675,0.9469992,1.0552993,0.377472,1.818058,59.63199999999999,247.292,746.4399999999999,159.94,0.0,0.0,0.0,0.0,5
couchbase,2026-07-08-01-26-50,1,wsl,medium,0,2,doc_increment,20000,2240.8884,0.89097774,0.8839215,1.1074922,1.2307832,0.414696,1.858792,69.37,193.46999999999997,753.2,156.54000000000002,0.0,0.0,0.0,0.0,5
couchbase,2026-07-08-01-26-50,1,wsl,medium,0,2,doc_insert,20000,2270.2554,0.88082546,0.875701,1.1184529,1.2626679,0.446599,2.975339,62.11666666666667,235.04166666666666,694.3833333333333,156.01666666666668,0.0,0.0,0.0,0.0,6
couchbase,2026-07-08-01-26-50,1,wsl,medium,0,2,doc_read,20000,2735.708,0.72982776,0.727859,0.95100147,1.0622562,0.359808,1.520954,52.477999999999994,246.538,734.98,156.52,0.0,0.0,0.0,0.0,5
couchbase,2026-07-08-01-26-50,1,wsl,medium,0,2,doc_read_partial,20000,2579.598,0.772456,0.758821,1.0235345,1.2164819,0.395639,3.969832,49.86,200.408,736.98,156.4,0.0,0.0,0.0,0.0,5
couchbase,2026-07-08-01-26-50,1,wsl,medium,0,2,doc_update_partial,20000,2117.016,0.9438654,0.932826,1.1683624,1.3308964,0.424826,2.277518,59.830000000000005,194.9333333333333,742.1166666666668,145.45000000000002,0.0,0.0,0.0,0.0,6
couchbase,2026-07-08-01-26-50,1,wsl,medium,0,2,mix_10W_90R,20000,2700.4932,0.736955,0.729282,0.96849793,1.1137388,0.330129,2.255453,82.86833333333334,136.448,659.0533333333333,156.56333333333333,0.0,0.0,0.0,0.0,30
couchbase,2026-07-08-01-26-50,1,wsl,medium,0,2,mix_50W_50R,40000,1661.8995,1.1926492,0.84124696,1.1321964,1.4906142,0.374138,69.295235,82.86833333333334,136.448,659.0533333333333,156.56333333333333,0.0,0.0,0.0,0.0,30
couchbase,2026-07-08-01-26-50,1,wsl,medium,0,2,mix_90W_10R,20000,2314.662,0.8635962,0.85644305,1.0999216,1.2387257,0.398088,4.642198,82.86833333333334,136.448,659.0533333333333,156.56333333333333,0.0,0.0,0.0,0.0,30
couchbase,2026-07-08-01-26-50,1,wsl,medium,0,4,doc_delete,40000,3986.3337,0.9945035,0.718535,0.94467837,2.6297998,0.371211,70.02444,93.445,270.45166666666665,816.1833333333334,229.11333333333334,0.0,0.0,0.0,0.0,6
couchbase,2026-07-08-01-26-50,1,wsl,medium,0,4,doc_increment,40000,3873.1616,1.0255276,0.87978196,1.107777,6.0892143,0.514544,50.006138,87.62666666666667,316.4066666666667,856.7333333333332,264.05,0.0,0.0,0.0,0.0,6
couchbase,2026-07-08-01-26-50,1,wsl,medium,0,4,doc_insert,40000,4160.512,0.96001935,0.915444,1.1969005,1.5870965,0.403102,47.88956,83.23166666666667,365.93,721.6999999999999,227.65166666666664,0.0,0.0,0.0,0.0,6
couchbase,2026-07-08-01-26-50,1,wsl,medium,0,4,doc_read,40000,5121.2783,0.78016555,0.7564525,0.96957403,1.1624776,0.400141,48.194798,75.94,384.962,827.74,238.74,0.0,0.0,0.0,0.0,5
couchbase,2026-07-08-01-26-50,1,wsl,medium,0,4,doc_read_partial,40000,4976.3574,0.80206156,0.7845675,1.0040033,1.2428342,0.301053,24.568054,66.78,354.39,827.9,236.3,0.0,0.0,0.0,0.0,5
couchbase,2026-07-08-01-26-50,1,wsl,medium,0,4,doc_update_partial,40000,4101.5435,0.96969044,0.94039905,1.1533563,1.428846,0.383635,23.32136,80.51833333333333,386.2166666666667,833.85,227.85500000000002,0.0,1024.0,0.0,10.240000000000009,6
couchbase,2026-07-08-01-26-50,1,wsl,medium,0,4,mix_10W_90R,40000,4503.514,0.8608741,0.7409355,0.9945795,1.4690888,0.346143,53.403618,96.25333333333333,207.6740476190476,609.004761904762,261.37857142857143,0.0,1024.0,0.0,0.0,42
couchbase,2026-07-08-01-26-50,1,wsl,medium,0,4,mix_50W_50R,80000,2171.0625,1.8057809,0.8547755,1.1869707,52.11096,0.239832,75.039246,96.25333333333333,207.6740476190476,609.004761904762,261.37857142857143,0.0,1024.0,0.0,0.0,42
couchbase,2026-07-08-01-26-50,1,wsl,medium,0,4,mix_90W_10R,40000,3956.6077,0.9905625,0.840382,1.0843421,2.6739693,0.481678,64.3996,96.25333333333333,207.6740476190476,609.004761904762,261.37857142857143,0.0,1024.0,0.0,0.0,42
couchbase,2026-07-08-01-26-50,1,wsl,medium,0,8,doc_delete,80000,3492.9048,2.2479167,0.92664254,1.3736298,63.613228,0.214123,83.24175,94.90846153846154,285.8984615384615,945.5126153846154,424.25076923076927,0.0,0.0,0.0,0.0,13
couchbase,2026-07-08-01-26-50,1,wsl,medium,0,8,doc_increment,80000,4360.7104,1.8182199,1.083852,1.4578485,39.647606,0.280193,71.01169,87.42727272727274,436.12727272727267,1079.9585454545454,439.6545454545454,0.0,1024.0,0.0,0.0,11
couchbase,2026-07-08-01-26-50,1,wsl,medium,0,8,doc_insert,80000,4433.963,1.7807721,1.113393,1.531044,36.121426,0.287617,71.23454,88.40363636363637,509.33181818181816,893.9909090909091,454.30909090909086,0.0,0.0,0.0,0.0,11
couchbase,2026-07-08-01-26-50,1,wsl,medium,0,8,doc_read,80000,3115.922,2.529356,0.995077,1.495124,62.131996,0.264251,78.75084,95.30714285714285,298.13500000000005,1045.984,442.2528571428571,0.0,0.0,0.0,0.0,14
couchbase,2026-07-08-01-26-50,1,wsl,medium,0,8,doc_read_partial,80000,3068.17,2.5646873,1.0590451,1.5267011,59.12979,0.285924,76.77616,99.09571428571428,289.0621428571429,967.7714285714285,440.0428571428571,0.0,1024.0,0.0,0.0,14
couchbase,2026-07-08-01-26-50,1,wsl,medium,0,8,doc_update_partial,80000,2394.8606,3.308871,1.260968,1.9417763,64.46447,0.371814,79.83246,97.08444444444444,279.75,945.3944444444444,449.85,0.0,0.0,0.0,0.0,18
couchbase,2026-07-08-01-26-50,1,wsl,medium,0,8,mix_10W_90R,80000,5121.0522,1.535533,0.892159,1.2406658,40.073093,0.352694,70.45248,99.42657534246575,267.6084931506849,672.4780821917808,470.5602739726028,0.0,1024.0,0.0,10.240000000000009,73
couchbase,2026-07-08-01-26-50,1,wsl,medium,0,8,mix_50W_50R,160000,2673.1223,2.8873384,1.0330706,1.5983928,64.678955,0.321012,81.83368,99.42657534246575,267.6084931506849,672.4780821917808,470.5602739726028,0.0,1024.0,0.0,10.240000000000009,73
couchbase,2026-07-08-01-26-50,1,wsl,medium,0,8,mix_90W_10R,80000,2811.2024,2.7814426,1.1004325,1.6721151,64.476875,0.328798,78.564,99.42657534246575,267.6084931506849,672.4780821917808,470.5602739726028,0.0,1024.0,0.0,10.240000000000009,73
couchbase,2026-07-08-01-26-50,1,wsl,medium,10000,1,delete,10000,1291.4155,0.774344,0.7698115,1.0317764,1.1524704,0.328702,2.442091,44.528,171.69199999999998,865.9399999999999,102.55,0.0,0.0,0.0,0.0,5
couchbase,2026-07-08-01-26-50,1,wsl,medium,10000,1,insert,10000,656.6871,1.5227953,1.006882,1.3563783,32.47557,0.467898,54.741295,89.89666666666668,100.55000000000001,742.5555555555555,88.24888888888889,0.0,204.79999999998836,0.0,0.0,9
couchbase,2026-07-08-01-26-50,1,wsl,medium,10000,1,read,10000,1584.5559,0.63109165,0.633606,0.96486175,1.1539274,0.278332,3.105138,43.0975,129.01749999999998,826.6,88.19,0.0,102.40000000000873,0.0,0.0,4
couchbase,2026-07-08-01-26-50,1,wsl,medium,10000,1,update,10000,1111.5172,0.8996712,0.89310753,1.1711903,1.3395342,0.412548,2.133525,47.792,75.204,842.4399999999999,92.314,0.0,0.0,0.0,0.0,5
couchbase,2026-07-08-01-26-50,1,wsl,medium,10000,2,delete,20000,1754.8485,1.1378295,0.763662,1.0543975,1.4463552,0.299482,67.51228,87.23285714285714,160.9385714285714,990.7405714285715,140.64285714285714,0.0,102.39999999999418,0.0,0.0,7
couchbase,2026-07-08-01-26-50,1,wsl,medium,10000,2,insert,20000,2283.5933,0.874317,0.8630725,1.0871232,1.2316122,0.474378,15.949417,74.15599999999999,155.23,914.96,142.32,0.0,102.39999999999418,0.0,0.0,5
couchbase,2026-07-08-01-26-50,1,wsl,medium,10000,2,read,20000,2935.7961,0.6794273,0.67258847,0.89855444,1.0130972,0.322792,2.294656,67.2575,155.895,1019.9970000000001,119.0375,0.0,102.40000000000873,0.0,10.240000000000009,4
couchbase,2026-07-08-01-26-50,1,wsl,medium,10000,2,update,20000,2316.4321,0.862999,0.853078,1.0892336,1.230212,0.456898,2.04927,69.378,153.122,1036.4928,123.90599999999999,0.0,102.39999999999418,0.0,0.0,5
couchbase,2026-07-08-01-26-50,1,wsl,medium,10000,4,delete,40000,4182.834,0.9502605,0.7226435,0.955124,1.7408243,0.358229,62.64578,90.31666666666666,320.46166666666664,1098.9666666666667,236.63333333333333,0.0,102.39999999999418,0.0,0.0,6
couchbase,2026-07-08-01-26-50,1,wsl,medium,10000,4,insert,40000,1785.7611,2.2185843,0.97052145,1.3012633,56.11152,0.413982,73.860275,99.07833333333333,175.61749999999998,955.5666666666666,243.625,0.0,307.20000000001164,0.0,0.0,12
couchbase,2026-07-08-01-26-50,1,wsl,medium,10000,4,read,40000,4626.585,0.8633795,0.685919,0.9128877,1.4067895,0.274394,60.016987,94.696,311.194,1087.488,252.35999999999999,0.0,0.0,0.0,0.0,5
couchbase,2026-07-08-01-26-50,1,wsl,medium,10000,4,update,40000,4484.4253,0.88835144,0.86402655,1.0717418,1.3405951,0.273071,27.082302,80.81833333333333,428.1816666666667,1109.5040000000001,252.45000000000002,0.0,204.8000000000029,0.0,0.0,6
couchbase,2026-07-08-01-26-50,1,wsl,medium,10000,8,delete,80000,4506.6997,1.7677727,0.89921296,1.2916986,42.241703,0.217191,74.05904,95.346,379.954,1130.4352000000001,425.64399999999995,0.0,102.39999999999418,0.0,0.0,10
couchbase,2026-07-08-01-26-50,1,wsl,medium,10000,8,insert,80000,2212.2068,3.52162,1.1932185,1.9138081,67.39147,0.366246,80.65339,99.315,288.20050000000003,1121.352,442.525,0.0,512.0,0.0,0.0,20
couchbase,2026-07-08-01-26-50,1,wsl,medium,10000,8,read,80000,2909.1733,2.6876347,0.9345645,1.458245,66.429855,0.216679,82.27509,99.468,261.50466666666665,1284.7786666666666,427.536,0.0,307.1999999999971,0.0,0.0,15
couchbase,2026-07-08-01-26-50,1,wsl,medium,10000,8,update,80000,2555.7522,3.0854383,1.1529031,1.7023431,63.551964,0.339022,79.875496,99.33470588235295,264.7964705882353,1202.176,432.9617647058824,0.0,512.0,0.0,0.0,17
couchbase,2026-07-08-01-26-50,1,wsl,medium,100000,1,delete,100000,1064.334,0.9395547,0.8207445,1.109139,1.311981,0.294263,64.40598,66.51479166666667,69.28291666666667,1018.0223333333333,92.52395833333333,0.0,921.6000000000058,0.0,0.0,48
couchbase,2026-07-08-01-26-50,1,wsl,medium,100000,1,insert,100000,935.79236,1.0686132,0.93644845,1.2449566,1.4668396,0.357218,67.25742,66.34446428571428,74.17160714285714,1058.3772142857144,92.30071428571429,0.0,1331.199999999997,0.0,10.239999999999782,56
couchbase,2026-07-08-01-26-50,1,wsl,medium,100000,1,read,100000,1845.683,0.54180485,0.5029105,0.8823904,1.0855227,0.265717,4.456596,35.76428571428571,75.3567857142857,1359.5428571428572,91.40892857142856,0.0,0.0,0.0,0.0,28
couchbase,2026-07-08-01-26-50,1,wsl,medium,100000,1,update,100000,944.02814,1.0592905,0.93122554,1.232601,1.4316434,0.37355798,66.381645,66.39236363636364,70.13781818181818,1351.4752,91.89272727272729,0.0,1536.0,0.0,0.0,55
couchbase,2026-07-08-01-26-50,1,wsl,medium,100000,2,delete,200000,2127.7766,0.9395475,0.7455425,1.0024593,1.2409921,0.346207,74.88368,83.66041666666666,125.64229166666667,1445.65475,144.07041666666666,0.0,1024.0,0.0,0.0,48
couchbase,2026-07-08-01-26-50,1,wsl,medium,100000,2,insert,200000,2239.6145,0.89292186,0.8801575,1.1109364,1.264291,0.401365,47.626602,76.26829787234043,158.71425531914892,1473.8194042553191,144.46595744680852,0.0,1126.3999999999942,0.0,10.240000000000009,47
couchbase,2026-07-08-01-26-50,1,wsl,medium,100000,2,read,200000,3039.0256,0.6558067,0.64255846,0.8909951,1.043394,0.298431,2.869867,58.61882352941176,157.9114705882353,2059.565176470588,144.36205882352942,0.0,0.0,0.0,0.0,34
couchbase,2026-07-08-01-26-50,1,wsl,medium,100000,2,update,200000,1834.9594,1.0894744,0.88395655,1.1527802,1.4403956,0.365464,69.73741,83.80140350877194,138.1421052631579,1976.194245614035,146.29298245614035,10.239999999999782,2457.600000000006,0.0,10.240000000000009,57
couchbase,2026-07-08-01-26-50,1,wsl,medium,100000,4,delete,400000,3176.7737,1.257127,0.794148,1.095273,5.120817,0.225329,75.65433,98.16640625,197.66625,2110.992,258.7984375,655.3600000000006,2764.800000000003,0.0,10.240000000000009,64
couchbase,2026-07-08-01-26-50,1,wsl,medium,100000,4,insert,400000,3431.0964,1.1650878,0.92043054,1.2177051,2.2660844,0.437036,76.73936,95.89639344262295,249.57049180327868,2001.1697049180327,251.82622950819672,30.720000000000255,2457.600000000006,14.5,10.240000000000009,61
couchbase,2026-07-08-01-26-50,1,wsl,medium,100000,4,read,400000,5799.7236,0.6868035,0.654814,0.86128217,1.065595,0.330998,42.98684,91.94833333333332,310.9483333333333,3109.944888888889,258.94444444444446,0.0,102.39999999999418,0.0,0.0,36
couchbase,2026-07-08-01-26-50,1,wsl,medium,100000,4,update,400000,3259.4927,1.2126901,0.87163,1.1797203,9.614916,0.375683,72.91226,97.99920634920635,235.5233333333333,3077.2500317460317,257.35761904761904,727.04,3276.800000000003,0.0,10.240000000000009,63
couchbase,2026-07-08-01-26-50,1,wsl,medium,100000,8,delete,800000,3049.7114,2.5561159,0.950139,1.4577366,64.90337,0.272506,86.11399,99.25727272727272,230.45393939393938,3258.3424848484847,458.1034090909091,3481.600000000002,3072.0,8.0,10.240000000000009,132
couchbase,2026-07-08-01-26-50,1,wsl,medium,100000,8,insert,800000,3501.9492,2.26707,1.09493,1.551107,47.830315,0.319154,88.903275,98.95982905982905,314.0976068376068,2833.446290598291,467.3538461538462,225.27999999999975,4096.0,9.0,20.480000000000018,117
couchbase,2026-07-08-01-26-50,1,wsl,medium,100000,8,read,800000,2291.4683,3.4623,1.228781,2.987409,64.84706,0.285427,88.270935,98.71474285714287,171.11565714285715,5241.604388571429,366.9297142857143,7618.5599999999995,0.0,144.5,143.36000000000013,175
couchbase,2026-07-08-01-26-50,1,wsl,medium,100000,8,update,800000,2970.136,2.687035,1.126954,1.7911611,61.5965,0.395653,86.40241,99.04021897810219,275.7616788321168,4820.625751824818,465.9547445255475,4198.4,7168.0,17.0,20.480000000000018,137
couchbase,2026-07-08-01-26-50,1,wsl,small,0,1,doc_delete,10000,1317.1233,0.7592304,0.75578797,1.0162439,1.1488899,0.290867,1.589717,43.282,124.518,910.0200000000001,68.162,10.240000000000691,0.0,0.0,0.0,5
couchbase,2026-07-08-01-26-50,1,wsl,small,0,1,doc_increment,10000,1064.7379,0.93919826,0.929507,1.2442696,1.4654379,0.427808,3.129508,44.625,145.835,899.9666666666667,67.51666666666667,0.0,102.40000000000873,0.0,0.0,6
couchbase,2026-07-08-01-26-50,1,wsl,small,0,1,doc_insert,10000,1129.449,0.8853875,0.87885153,1.1585704,1.3200036,0.381546,3.7148361,42.96333333333333,146.61833333333334,888.5333333333333,68.17833333333333,0.0,0.0,0.0,0.0,6
couchbase,2026-07-08-01-26-50,1,wsl,small,0,1,doc_read,10000,1548.153,0.645931,0.637148,1.0094875,1.1929619,0.264725,1.861877,36.36,127.57249999999999,893.675,67.995,0.0,0.0,0.0,0.0,4
couchbase,2026-07-08-01-26-50,1,wsl,small,0,1,doc_read_partial,10000,1644.361,0.608139,0.56078446,0.9414214,1.1692011,0.319334,10.822053,24.1575,130.46,889.175,67.6,0.0,0.0,0.0,0.0,4
couchbase,2026-07-08-01-26-50,1,wsl,small,0,1,doc_update_partial,10000,1081.0682,0.9250109,0.9228165,1.2019187,1.3425243,0.239996,2.138009,48.336,73.286,891.8799999999999,67.512,0.0,0.0,0.0,0.0,5
couchbase,2026-07-08-01-26-50,1,wsl,small,0,1,mix_10W_90R,10000,1336.7178,0.74810106,0.7437395,1.0068892,1.1308452,0.325135,1.582519,47.595416666666665,73.04916666666666,871.6625,66.9825,0.0,102.39999999999418,0.0,0.0,24
couchbase,2026-07-08-01-26-50,1,wsl,small,0,1,mix_50W_50R,20000,1243.111,0.80443335,0.799315,1.0669335,1.2110791,0.362768,2.513047,47.595416666666665,73.04916666666666,871.6625,66.9825,0.0,102.39999999999418,0.0,0.0,24
couchbase,2026-07-08-01-26-50,1,wsl,small,0,1,mix_90W_10R,10000,1206.413,0.8289036,0.8209395,1.1145464,1.3352757,0.366687,2.237758,47.595416666666665,73.04916666666666,871.6625,66.9825,0.0,102.39999999999418,0.0,0.0,24
couchbase,2026-07-08-01-26-50,1,wsl,small,0,2,doc_delete,20000,2716.3896,0.7344319,0.7252195,0.9485426,1.1005294,0.354022,9.534771,65.926,312.262,976.74,116.08,0.0,0.0,0.0,0.0,5
couchbase,2026-07-08-01-26-50,1,wsl,small,0,2,doc_increment,20000,2221.868,0.89919865,0.8895325,1.11908,1.2708054,0.326509,2.188866,68.376,204.572,964.5600000000001,103.12,0.0,0.0,0.0,0.0,5
couchbase,2026-07-08-01-26-50,1,wsl,small,0,2,doc_insert,20000,2387.2715,0.83357394,0.8230535,1.0551667,1.2491195,0.409482,3.249348,63.79600000000001,201.32999999999998,935.86,88.60400000000001,0.0,0.0,0.0,0.0,5
couchbase,2026-07-08-01-26-50,1,wsl,small,0,2,doc_read,20000,2781.4875,0.71429837,0.706781,0.9463823,1.0939511,0.214977,4.216382,59.0475,153.39249999999998,945.25,102.475,0.0,0.0,0.0,10.240000000000009,4
couchbase,2026-07-08-01-26-50,1,wsl,small,0,2,doc_read_partial,20000,2791.4229,0.7148188,0.6987325,0.9579325,1.1181408,0.327529,2.642137,49.03,177.8525,945.9,102.8,0.0,0.0,0.0,0.0,4
couchbase,2026-07-08-01-26-50,1,wsl,small,0,2,doc_update_partial,20000,2262.1501,0.8839292,0.874572,1.102058,1.2429297,0.444718,2.305463,67.316,193.678,952.0600000000001,102.6,0.0,102.39999999999418,0.0,0.0,5
couchbase,2026-07-08-01-26-50,1,wsl,small,0,2,mix_10W_90R,20000,2787.8901,0.717132,0.706573,0.9252021,1.0558107,0.328417,11.494913,69.49695652173914,161.89260869565217,926.4347826086956,102.75217391304349,0.0,102.39999999999418,0.0,0.0,23
couchbase,2026-07-08-01-26-50,1,wsl,small,0,2,mix_50W_50R,40000,2618.944,0.7615678,0.7533685,0.97661614,1.1141932,0.375554,2.354088,69.49695652173914,161.89260869565217,926.4347826086956,102.75217391304349,0.0,102.39999999999418,0.0,0.0,23
couchbase,2026-07-08-01-26-50,1,wsl,small,0,2,mix_90W_10R,20000,2493.5251,0.80181897,0.7927505,1.0213987,1.179849,0.427898,2.302433,69.49695652173914,161.89260869565217,926.4347826086956,102.75217391304349,0.0,102.39999999999418,0.0,0.0,23
couchbase,2026-07-08-01-26-50,1,wsl,small,0,4,doc_delete,40000,5095.1987,0.77751744,0.7461095,1.0215584,1.3221704,0.225788,33.889236,80.732,379.598,794.28,151.69400000000002,0.0,0.0,0.0,0.0,5
couchbase,2026-07-08-01-26-50,1,wsl,small,0,4,doc_increment,40000,3759.673,1.0619099,0.870427,1.0898563,12.48433,0.332099,58.305096,92.89666666666666,331.74833333333333,781.8166666666666,172.11666666666667,0.0,0.0,0.0,0.0,6
couchbase,2026-07-08-01-26-50,1,wsl,small,0,4,doc_insert,40000,4643.916,0.85479724,0.8197565,1.0250357,1.3337705,0.28142,33.158302,94.112,333.81,739.0600000000001,151.26600000000002,0.0,0.0,0.0,0.0,5
couchbase,2026-07-08-01-26-50,1,wsl,small,0,4,doc_read,40000,5362.1724,0.74308145,0.729176,0.93526924,1.1450583,0.405213,12.84006,67.39,437.20199999999994,756.36,171.8,0.0,0.0,0.0,0.0,5
couchbase,2026-07-08-01-26-50,1,wsl,small,0,4,doc_read_partial,40000,5300.076,0.7520627,0.73831403,0.93092513,1.122044,0.273822,7.810728,59.782000000000004,396.76599999999996,757.92,157.8,0.0,0.0,0.0,0.0,5
couchbase,2026-07-08-01-26-50,1,wsl,small,0,4,doc_update_partial,40000,4357.939,0.9118992,0.88921547,1.1019883,1.3998944,0.294284,16.656092,70.33333333333333,389.6616666666667,765.0333333333333,162.58333333333334,0.0,102.40000000000873,0.0,0.0,6
couchbase,2026-07-08-01-26-50,1,wsl,small,0,4,mix_10W_90R,40000,5268.0244,0.75393397,0.70962954,0.9559176,1.2594664,0.340804,37.380623,94.95416666666667,233.0027777777778,749.2361111111111,172.36666666666667,0.0,512.0,0.0,0.0,36
couchbase,2026-07-08-01-26-50,1,wsl,small,0,4,mix_50W_50R,80000,2533.8394,1.5520843,0.814515,1.1035901,50.315434,0.248642,74.3485,94.95416666666667,233.0027777777778,749.2361111111111,172.36666666666667,0.0,512.0,0.0,0.0,36
couchbase,2026-07-08-01-26-50,1,wsl,small,0,4,mix_90W_10R,40000,4918.625,0.80906457,0.775411,0.952553,1.143102,0.365966,38.571194,94.95416666666667,233.0027777777778,749.2361111111111,172.36666666666667,0.0,512.0,0.0,0.0,36
couchbase,2026-07-08-01-26-50,1,wsl,small,0,8,doc_delete,80000,3018.8923,2.617417,0.952654,1.4336302,63.7914,0.275296,83.713066,99.80428571428571,273.88,785.0642857142857,304.0785714285715,0.0,204.8000000000029,0.0,0.0,14
couchbase,2026-07-08-01-26-50,1,wsl,small,0,8,doc_increment,80000,4556.748,1.7176785,1.0645175,1.4838067,34.79033,0.319915,75.90173,92.00800000000001,420.74899999999997,826.49,282.286,0.0,102.40000000000873,0.0,0.0,10
couchbase,2026-07-08-01-26-50,1,wsl,small,0,8,doc_insert,80000,5463.812,1.4423642,1.0030706,1.3648143,27.491032,0.3074,68.21921,95.13625,488.44875,782.6125,302.4125,0.0,102.39999999999418,0.0,0.0,8
couchbase,2026-07-08-01-26-50,1,wsl,small,0,8,doc_read,80000,7210.6455,1.1023244,0.88288045,1.1778147,7.610111,0.276117,63.922832,77.17857142857143,583.86,802.7285714285715,292.0,0.0,0.0,0.0,10.240000000000009,7
couchbase,2026-07-08-01-26-50,1,wsl,small,0,8,doc_read_partial,80000,7450.321,1.063142,0.9299555,1.278292,4.7374196,0.259736,58.510277,75.18714285714285,666.4385714285714,804.4857142857143,298.85714285714283,0.0,0.0,0.0,0.0,7
couchbase,2026-07-08-01-26-50,1,wsl,small,0,8,doc_update_partial,80000,4716.1655,1.669187,1.0398625,1.387301,36.027992,0.368175,71.89562,85.71000000000001,406.308,811.05,282.56,0.0,0.0,0.0,0.0,10
couchbase,2026-07-08-01-26-50,1,wsl,small,0,8,mix_10W_90R,80000,5567.959,1.3745506,0.8482005,1.1572504,35.522713,0.300176,70.306244,96.28057692307692,347.28153846153845,761.676923076923,306.3730769230769,0.0,307.1999999999971,0.0,10.240000000000009,52
couchbase,2026-07-08-01-26-50,1,wsl,small,0,8,mix_50W_50R,160000,3975.0789,1.9222605,0.92417645,1.3125865,50.512917,0.238783,79.34357,96.28057692307692,347.28153846153845,761.676923076923,306.3730769230769,0.0,307.1999999999971,0.0,10.240000000000009,52
couchbase,2026-07-08-01-26-50,1,wsl,small,0,8,mix_90W_10R,80000,4472.281,1.6898797,0.951977,1.3145597,36.51518,0.310235,77.16798,96.28057692307692,347.28153846153845,761.676923076923,306.3730769230769,0.0,307.1999999999971,0.0,10.240000000000009,52
couchbase,2026-07-08-01-26-50,1,wsl,small,10000,1,delete,10000,1187.6145,0.842024,0.8320185,1.1240957,1.4313117,0.322066,2.554906,45.628,117.172,436.62,37.714,0.0,18.5,0.0,0.1962890625,5
couchbase,2026-07-08-01-26-50,1,wsl,small,10000,1,insert,10000,1114.9928,0.8968668,0.88935745,1.155089,1.353481,0.401914,2.180153,45.844,120.41600000000001,431.34,38.176,0.0,20.099999999999998,0.0,0.0,5
couchbase,2026-07-08-01-26-50,1,wsl,small,10000,1,read,10000,1420.6602,0.7038981,0.708959,0.9952455,1.1365097,0.280826,1.979118,36.23,125.23,432.55,37.5625,0.0,5.0,0.0,0.0,4
couchbase,2026-07-08-01-26-50,1,wsl,small,10000,1,update,10000,1093.1769,0.91476506,0.906181,1.1653948,1.3853254,0.387285,2.806136,44.71666666666667,146.95833333333334,431.34999999999997,37.47833333333333,0.0,31.799999999999997,0.0,0.0,6
couchbase,2026-07-08-01-26-50,1,wsl,small,10000,2,delete,20000,2738.9114,0.72674286,0.72245646,0.97991717,1.2497736,0.31906,2.561357,58.79600000000001,296.562,466.41999999999996,86.328,0.0,14.0,0.0,0.392578125,5
couchbase,2026-07-08-01-26-50,1,wsl,small,10000,2,insert,20000,2587.9353,0.77168113,0.77601,1.0097364,1.2347906,0.324642,2.296737,54.972,199.45999999999998,442.78000000000003,66.67999999999999,0.0,15.0,0.0,0.0,5
couchbase,2026-07-08-01-26-50,1,wsl,small,10000,2,read,20000,3014.6038,0.66307634,0.6641145,0.8903565,1.0008285,0.300023,2.037044,60.085,207.07999999999998,451.5,72.075,0.0,10.0,0.0,0.1953125,4
couchbase,2026-07-08-01-26-50,1,wsl,small,10000,2,update,20000,2572.1604,0.77730495,0.782071,1.0426357,1.2675732,0.352595,7.260282,56.814,204.19,459.8,68.362,0.0,14.0,0.0,0.0,5
couchbase,2026-07-08-01-26-50,1,wsl,small,10000,4,delete,40000,5299.0005,0.753373,0.72652805,0.9472968,1.2129836,0.30894,40.574936,74.732,364.498,504.32,130.048,0.0,16.0,0.072265625,0.0,5
couchbase,2026-07-08-01-26-50,1,wsl,small,10000,4,insert,40000,4981.539,0.79689866,0.76068103,0.98885876,1.28504,0.385602,51.900417,84.646,364.652,475.02,141.57999999999998,0.0,18.0,0.0,0.0,5
couchbase,2026-07-08-01-26-50,1,wsl,small,10000,4,read,40000,5728.155,0.6935688,0.671158,0.9092171,1.1613613,0.215025,16.123383,77.476,483.282,485.98,141.64000000000001,0.0,12.0,0.5078125,0.0,5
couchbase,2026-07-08-01-26-50,1,wsl,small,10000,4,update,40000,4740.321,0.84028816,0.8113495,1.1178223,1.4739463,0.276857,18.088514,72.03666666666668,454.40166666666664,493.8333333333333,141.85,0.0,28.0,0.0,0.8099999999999998,6
couchbase,2026-07-08-01-26-50,1,wsl,small,10000,8,delete,80000,4014.8435,1.9666709,0.946646,1.3493445,58.459934,0.260364,75.885796,94.68363636363637,362.6045454545455,541.7727272727273,259.7685454545454,0.003994140625,34.0,0.0,2.41,11
couchbase,2026-07-08-01-26-50,1,wsl,small,10000,8,insert,80000,5350.414,1.4734843,0.9793725,1.3859035,30.13741,0.2583,67.02634,87.15333333333334,435.7444444444444,521.088888888889,244.69422222222224,0.00400390625,33.0,0.55,3.61,9
couchbase,2026-07-08-01-26-50,1,wsl,small,10000,8,read,80000,6443.637,1.2295617,0.817128,1.1083621,26.960587,0.257769,65.15714,79.6825,470.60625,538.3125,258.175,0.0,19.0,0.0,0.0,8
couchbase,2026-07-08-01-26-50,1,wsl,small,10000,8,update,80000,5079.6353,1.5562996,0.96259403,1.3493919,35.79216,0.287528,69.36608,90.20777777777778,480.55555555555554,544.3777777777779,260.90666666666664,0.0,30.0,0.0,0.7999999999999998,9
couchbase,2026-07-08-01-26-50,1,wsl,small,100000,1,delete,100000,1286.9806,0.7770125,0.76310647,1.0373528,1.1967944,0.290243,55.764774,49.403,79.229,573.2875,49.368,0.0,222.68000000000006,0.0,2.0,40
couchbase,2026-07-08-01-26-50,1,wsl,small,100000,1,insert,100000,1186.786,0.84261185,0.825138,1.1094663,1.2832121,0.327026,45.364502,49.595,76.85931818181818,529.6818181818181,49.01818181818182,0.0,226.0,0.0,4.970000000000001,44
couchbase,2026-07-08-01-26-50,1,wsl,small,100000,1,read,100000,1867.6807,0.53542346,0.49362552,0.886813,1.07784,0.26787,2.557301,31.302857142857142,81.50250000000001,596.5821428571428,48.67214285714285,0.004013671875000001,13.0,0.0,1.5999999999999996,28
couchbase,2026-07-08-01-26-50,1,wsl,small,100000,1,update,100000,1139.7761,0.8773653,0.831177,1.1214099,1.3262405,0.314191,66.47985,53.57044444444445,74.84955555555555,600.1866666666667,48.74422222222223,0.0,245.0,0.0,2.3999999999999986,45
couchbase,2026-07-08-01-26-50,1,wsl,small,100000,2,delete,200000,2517.9692,0.793193,0.7312865,0.97396827,1.1952875,0.336454,67.34092,78.17365853658536,155.6619512195122,641.1048780487805,86.4109756097561,0.0,225.27999999999997,0.0,3.799999999999997,41
couchbase,2026-07-08-01-26-50,1,wsl,small,100000,2,insert,200000,2363.5388,0.84397656,0.78178596,1.024889,1.2704794,0.36961,66.347755,75.2218181818182,149.7159090909091,609.2522727272727,83.96681818181818,0.0,286.72,0.0,3.5,44
couchbase,2026-07-08-01-26-50,1,wsl,small,100000,2,read,200000,3250.095,0.6145262,0.600085,0.849803,1.0246643,0.243431,4.460199,52.801875,168.8740625,653.925,84.4965625,0.0,10.240000000000009,0.0,3.700000000000003,32
couchbase,2026-07-08-01-26-50,1,wsl,small,100000,2,update,200000,2302.402,0.8663263,0.798747,1.045993,1.315974,0.376132,70.40866,76.97177777777777,148.82933333333332,653.4444444444445,82.93622222222223,0.0,296.9599999999998,0.0,3.5,45
couchbase,2026-07-08-01-26-50,1,wsl,small,100000,4,delete,400000,4187.607,0.9545703,0.74753547,1.025353,1.3273637,0.352408,74.196335,95.68632653061225,249.32244897959183,667.2061224489796,163.63061224489795,0.008007812500000003,358.4000000000001,0.0,8.0,49
couchbase,2026-07-08-01-26-50,1,wsl,small,100000,4,insert,400000,3858.844,1.0284936,0.8187475,1.0925388,3.2488246,0.28875,78.50404,95.69444444444444,262.1359259259259,643.1111111111111,152.60092592592594,0.004003906249999998,358.4000000000001,8.1,7.899999999999999,54
couchbase,2026-07-08-01-26-50,1,wsl,small,100000,4,read,400000,5370.932,0.74281484,0.617007,0.8452683,1.140801,0.304822,70.88076,92.15358974358973,290.53641025641025,652.4051282051282,161.63589743589745,0.0,122.88000000000011,1.0,7.200000000000003,39
couchbase,2026-07-08-01-26-50,1,wsl,small,100000,4,update,400000,4028.8853,0.98324287,0.788087,1.0448923,1.6597166,0.320212,73.87873,97.14196078431372,253.2443137254902,692.8274509803921,161.00745098039215,0.0,399.3600000000001,0.0,9.0,51
couchbase,2026-07-08-01-26-50,1,wsl,small,100000,8,delete,800000,4363.479,1.8264701,0.895238,1.29363,48.896637,0.225704,87.90821,98.07741935483872,306.9656989247312,778.7483870967743,301.23053763440856,0.00390625,706.5599999999995,0.10000000000000142,13.0,93
couchbase,2026-07-08-01-26-50,1,wsl,small,100000,8,insert,800000,4173.9443,1.901922,0.95368254,1.3607721,42.844902,0.28556,80.41701,98.68350515463916,321.18288659793814,713.3484536082475,299.6979381443299,0.1322265625,634.8800000000001,0.1999999999999993,15.200000000000003,97
couchbase,2026-07-08-01-26-50,1,wsl,small,100000,8,read,800000,7719.2554,1.0289354,0.749881,1.0336605,17.45958,0.206378,70.606445,96.4366037735849,466.7975471698113,838.4169811320754,299.08113207547166,0.0,20.480000000000018,0.10000000000000142,15.099999999999994,53
couchbase,2026-07-08-01-26-50,1,wsl,small,100000,8,update,800000,4045.2126,1.9637388,0.95881903,1.3765911,46.59905,0.273679,80.67023,98.53469999999999,312.7174,848.0310000000001,300.97700000000003,0.0,931.8400000000001,0.0,17.200000000000003,100
couchbase,2026-07-08-01-26-50,1,wsl,small,1000000,1,delete,1000000,1213.5355,0.8240385,0.771448,1.0526371,1.227191,0.284688,75.29834,56.5828813559322,69.18743341404358,869.6770266343826,64.90324455205811,0.0,3379.2000000000007,0.0,20.0,413
couchbase,2026-07-08-01-26-50,1,wsl,small,1000000,1,insert,1000000,1122.1105,0.8911779,0.837431,1.130982,1.3234694,0.314289,64.564995,56.466512141280354,69.93520971302429,745.0997792494481,62.81472406181015,0.0,3686.3999999999996,0.0,25.0,453
couchbase,2026-07-08-01-26-50,1,wsl,small,1000000,1,read,1000000,1672.6608,0.59784985,0.576549,0.9480182,1.1135086,0.267639,56.90825,30.54232558139535,75.35993355481727,860.1285714285715,63.567574750830566,0.0,10.239999999999782,0.1999999999999993,20.0,301
couchbase,2026-07-08-01-26-50,1,wsl,small,1000000,1,update,1000000,1142.0585,0.8756119,0.83121645,1.118368,1.293662,0.297054,70.76793,56.85514606741573,70.26226966292134,988.2071550561798,64.2879775280899,0.0,4433.92,0.09999999999999787,20.0,445
couchbase,2026-07-08-01-26-50,1,wsl,small,1000000,2,delete,2000000,2429.7764,0.8230132,0.718059,0.959245,1.1539341,0.28347,76.54921,79.99174334140434,133.61242130750605,1083.3558062953994,102.53123486682809,18.1359375,5017.5999999999985,0.7000000000000028,40.0,413
couchbase,2026-07-08-01-26-50,1,wsl,small,1000000,2,insert,2000000,2283.292,0.8758244,0.7956915,1.0361661,1.225876,0.336788,73.38858,76.81137078651685,139.18060674157303,1058.9571415730338,99.76534831460674,0.0,4403.199999999997,0.0,39.0,445
couchbase,2026-07-08-01-26-50,1,wsl,small,1000000,2,read,2000000,3186.0808,0.6275021,0.612977,0.86647916,1.0149,0.278139,71.84008,51.784367088607596,153.5912341772152,1237.7956455696203,100.22898734177215,0.00390625,0.0,0.0,40.0,316
couchbase,2026-07-08-01-26-50,1,wsl,small,1000000,2,update,2000000,2331.5,0.85549647,0.797526,1.038787,1.225537,0.29855,70.679634,75.76465596330276,142.03018348623854,1402.1707155963304,101.27029816513762,0.0,4812.800000000003,0.0,40.0,436
couchbase,2026-07-08-01-26-50,1,wsl,small,1000000,4,delete,4000000,4416.6973,0.9039448,0.739999,0.9947721,1.282141,0.308425,77.96094,96.2207268722467,247.13980176211453,1482.3991453744493,178.15418502202644,0.0,6246.399999999994,0.0,78.0,454
couchbase,2026-07-08-01-26-50,1,wsl,small,1000000,4,insert,4000000,4032.4817,0.98378664,0.782689,1.0419971,1.6891878,0.320923,81.99631,97.81346613545817,246.8911155378486,1378.2496972111553,170.6723107569721,313.7,5734.4000000000015,6.099999999999998,79.0,502
couchbase,2026-07-08-01-26-50,1,wsl,small,1000000,4,read,4000000,6316.203,0.62968487,0.610265,0.80160207,0.99319,0.278935,77.80042,85.50025078369906,310.8179623824451,1909.7214796238245,175.146394984326,0.0,0.0,0.0,81.0,319
couchbase,2026-07-08-01-26-50,1,wsl,small,1000000,4,update,4000000,4013.5027,0.98946536,0.7916765,1.050226,1.6586218,0.304319,145.39534,97.68081188118812,249.9750099009901,1995.8206099009901,175.42871287128713,88.0,7782.4000000000015,1.8000000000000007,79.0,505
couchbase,2026-07-08-01-26-50,1,wsl,small,1000000,8,delete,8000000,4168.334,1.895828,0.898989,1.289446,46.427574,0.268984,86.8215,99.2380897703549,290.07455114822545,2070.6052192066804,303.41266179540713,604.1599999999994,11059.199999999997,1.6999999999999957,163.84000000000015,958
couchbase,2026-07-08-01-26-50,1,wsl,small,1000000,8,insert,8000000,4454.442,1.7833569,0.95519,1.32858,40.060112,0.288679,88.55424,99.15560975609756,332.39572062084255,1988.6998758314855,313.9570842572062,456.0,8192.0,6.399999999999999,157.0,902
couchbase,2026-07-08-01-26-50,1,wsl,small,1000000,8,read,8000000,8753.068,0.91140074,0.758558,1.030682,1.7603322,0.229733,82.247375,98.08264192139738,502.34606986899564,3117.977152838428,308.83026200873365,0.0,0.0,0.0,186.24,458
couchbase,2026-07-08-01-26-50,1,wsl,small,1000000,8,update,8000000,4200.3066,1.9036673,0.971208,1.407089,40.720085,0.279613,89.404305,99.24796238244514,320.17830721003133,3089.777153605016,303.4024033437826,2626.08,12288.0,6.799999999999997,163.83999999999992,957
couchbase,2026-07-08-08-23-01,2,wsl,medium,0,1,doc_delete,10000,1244.8407,0.8033156,0.79863,1.0416989,1.1590137,0.338404,1.57132,55.528,123.492,843.04,104.8,0.0,0.0,0.0,0.0,5
couchbase,2026-07-08-08-23-01,2,wsl,medium,0,1,doc_increment,10000,1025.4305,0.9752001,0.970105,1.2284764,1.351093,0.460886,2.863756,57.68833333333333,113.855,835.5,101.88333333333333,0.0,0.0,0.0,0.0,6
couchbase,2026-07-08-08-23-01,2,wsl,medium,0,1,doc_insert,10000,1029.4037,0.9714362,0.9694525,1.2206407,1.3460981,0.443401,3.332237,57.905,110.73666666666666,777.4166666666666,98.32333333333332,0.0,0.0,0.0,0.0,6
couchbase,2026-07-08-08-23-01,2,wsl,medium,0,1,doc_read,10000,1728.9313,0.57839197,0.525386,0.9273236,1.0926771,0.296977,1.422662,33.98,129.385,815.575,96.55,0.0,0.0,0.0,0.0,4
couchbase,2026-07-08-08-23-01,2,wsl,medium,0,1,doc_read_partial,10000,1536.2255,0.65094614,0.6106645,0.9730435,1.1529127,0.321692,10.893587,29.55,128.8675,813.25,102.0025,0.0,0.0,0.0,0.0,4
couchbase,2026-07-08-08-23-01,2,wsl,medium,0,1,doc_update_partial,10000,990.7535,1.0093328,1.0041595,1.2624227,1.3770398,0.430198,1.774114,58.06,76.02333333333333,822.1,100.31,0.0,0.0,0.0,0.0,6
couchbase,2026-07-08-08-23-01,2,wsl,medium,0,1,mix_10W_90R,10000,1233.3951,0.8107702,0.8069165,1.0579658,1.1787404,0.323666,2.139706,100.48925925925926,83.11740740740741,849.8669629629629,104.3362962962963,0.0,1024.0,0.0,0.0,27
couchbase,2026-07-08-08-23-01,2,wsl,medium,0,1,mix_50W_50R,20000,1116.265,0.8958445,0.894085,1.1814001,1.3151997,0.308188,3.99891,100.48925925925926,83.11740740740741,849.8669629629629,104.3362962962963,0.0,1024.0,0.0,0.0,27
couchbase,2026-07-08-08-23-01,2,wsl,medium,0,1,mix_90W_10R,10000,1054.3273,0.94847214,0.9434945,1.1993732,1.3211086,0.464885,2.627922,100.48925925925926,83.11740740740741,849.8669629629629,104.3362962962963,0.0,1024.0,0.0,0.0,27
couchbase,2026-07-08-08-23-01,2,wsl,medium,0,2,doc_delete,20000,2822.2664,0.70422536,0.706689,0.9302032,1.0429128,0.313848,1.895906,109.54,172.995,822.85,159.9,0.0,0.0,0.0,0.0,4
couchbase,2026-07-08-08-23-01,2,wsl,medium,0,2,doc_increment,20000,2313.454,0.8634082,0.86680055,1.0941693,1.211746,0.409129,1.979796,76.362,194.378,825.26,159.5,0.0,0.0,0.0,0.0,5
couchbase,2026-07-08-08-23-01,2,wsl,medium,0,2,doc_insert,20000,2276.8113,0.8768289,0.8803905,1.1082205,1.2279185,0.384963,1.589306,77.87,188.16,745.3,159.22,0.0,0.0,0.0,0.0,5
couchbase,2026-07-08-08-23-01,2,wsl,medium,0,2,doc_read,20000,2776.1956,0.7175956,0.705909,0.961824,1.2091581,0.342302,4.013309,57.955999999999996,252.35,802.78,159.42000000000002,0.0,0.0,0.0,10.240000000000009,5
couchbase,2026-07-08-08-23-01,2,wsl,medium,0,2,doc_read_partial,20000,2680.1516,0.7438676,0.73255,0.9725331,1.0841215,0.386426,2.27774,43.052,246.094,803.52,159.34,0.0,0.0,0.0,0.0,5
couchbase,2026-07-08-08-23-01,2,wsl,medium,0,2,doc_update_partial,20000,2196.8113,0.90769255,0.9079125,1.1364434,1.2544756,0.437824,33.044907,79.098,154.098,811.2,159.85999999999999,0.0,0.0,0.0,0.0,5
couchbase,2026-07-08-08-23-01,2,wsl,medium,0,2,mix_10W_90R,20000,2738.3064,0.7301549,0.728161,0.96153736,1.0737957,0.34148,1.57357,112.8952,167.662,759.4119999999999,157.804,0.0,1024.0,0.0,0.0,25
couchbase,2026-07-08-08-23-01,2,wsl,medium,0,2,mix_50W_50R,40000,2410.9587,0.8284295,0.8195555,1.0530698,1.201833,0.422084,8.887421,112.8952,167.662,759.4119999999999,157.804,0.0,1024.0,0.0,0.0,25
couchbase,2026-07-08-08-23-01,2,wsl,medium,0,2,mix_90W_10R,20000,2256.6987,0.88493025,0.8810845,1.1028502,1.2262411,0.369643,4.005182,112.8952,167.662,759.4119999999999,157.804,0.0,1024.0,0.0,0.0,25
couchbase,2026-07-08-08-23-01,2,wsl,medium,0,4,doc_delete,40000,5100.1196,0.7810877,0.7713135,0.9512017,1.0925676,0.438351,2.103393,103.572,363.26599999999996,927.64,247.46000000000004,0.0,0.0,0.0,0.0,5
couchbase,2026-07-08-08-23-01,2,wsl,medium,0,4,doc_increment,40000,4208.498,0.94781035,0.935866,1.1231211,1.2978306,0.55522,3.465033,103.08666666666666,350.2616666666667,949.6666666666666,246.16666666666666,0.0,0.0,0.0,0.0,6
couchbase,2026-07-08-08-23-01,2,wsl,medium,0,4,doc_insert,40000,3946.674,1.0082892,0.966587,1.1765404,1.3821375,0.342422,31.248943,138.69833333333335,374.8,844.8833333333333,257.6333333333333,0.0,0.0,0.0,0.0,6
couchbase,2026-07-08-08-23-01,2,wsl,medium,0,4,doc_read,40000,4679.104,0.849642,0.79589796,1.04114,1.2769947,0.270565,32.51273,189.68,384.25,887.76,266.62,0.0,0.0,0.0,0.0,5
couchbase,2026-07-08-08-23-01,2,wsl,medium,0,4,doc_read_partial,40000,4936.5195,0.80805373,0.788533,1.0311079,1.2933583,0.436481,3.542202,81.78999999999999,347.024,844.8,230.148,0.0,0.0,0.0,0.0,5
couchbase,2026-07-08-08-23-01,2,wsl,medium,0,4,doc_update_partial,40000,4030.634,0.9906281,0.9762025,1.1840332,1.3592232,0.411023,7.71823,100.25,383.8766666666667,880.5333333333333,266.40000000000003,0.0,0.0,0.0,0.0,6
couchbase,2026-07-08-08-23-01,2,wsl,medium,0,4,mix_10W_90R,40000,4746.4688,0.8411284,0.830651,1.0323653,1.1713867,0.480174,2.647004,148.5222222222222,310.84370370370374,734.088888888889,266.8333333333333,0.0,1024.0,0.0,0.0,27
couchbase,2026-07-08-08-23-01,2,wsl,medium,0,4,mix_50W_50R,80000,4491.8916,0.8876118,0.8724755,1.1475359,1.3533541,0.316072,22.983625,148.5222222222222,310.84370370370374,734.088888888889,266.8333333333333,0.0,1024.0,0.0,0.0,27
couchbase,2026-07-08-08-23-01,2,wsl,medium,0,4,mix_90W_10R,40000,3966.6055,1.0069604,0.9668625,1.1932843,1.4192827,0.565769,52.94334,148.5222222222222,310.84370370370374,734.088888888889,266.8333333333333,0.0,1024.0,0.0,0.0,27
couchbase,2026-07-08-08-23-01,2,wsl,medium,0,8,doc_delete,80000,5722.213,1.3760717,0.9766345,1.3275396,26.029255,0.253843,49.90815,192.68,521.53625,1101.702,441.5,0.0,1024.0,0.0,0.0,8
couchbase,2026-07-08-08-23-01,2,wsl,medium,0,8,doc_increment,80000,4663.8306,1.6959953,1.1926905,1.6113198,28.53465,0.413056,51.04678,190.477,497.41999999999996,1201.152,452.88,0.0,0.0,0.0,0.0,10
couchbase,2026-07-08-08-23-01,2,wsl,medium,0,8,doc_insert,80000,6452.7495,1.2259758,1.20075,1.4829997,1.8238724,0.338826,29.711735,141.54125,636.965,1031.8225,435.375,0.0,1024.0,0.0,0.0,8
couchbase,2026-07-08-08-23-01,2,wsl,medium,0,8,doc_read,80000,7018.9395,1.1279119,0.958928,1.275275,2.3890717,0.266899,41.743233,167.30285714285714,601.2642857142856,1207.7348571428572,437.62857142857143,0.0,0.0,0.0,0.0,7
couchbase,2026-07-08-08-23-01,2,wsl,medium,0,8,doc_read_partial,80000,6264.275,1.2556115,1.034107,1.3309437,14.664868,0.277158,35.31518,176.36625,566.87,1133.184,428.8875,0.0,0.0,0.0,0.0,8
couchbase,2026-07-08-08-23-01,2,wsl,medium,0,8,doc_update_partial,80000,4570.0537,1.7273757,1.2791245,1.7457848,24.382484,0.386597,50.234077,189.53699999999998,512.425,1144.8319999999999,436.72299999999996,0.0,1024.0,0.0,10.239999999999782,10
couchbase,2026-07-08-08-23-01,2,wsl,medium,0,8,mix_10W_90R,80000,6706.538,1.1822227,0.963445,1.2873846,1.8635392,0.424459,49.874954,191.9347619047619,489.445,853.3969523809524,471.64285714285717,0.0,1024.0,0.0,10.240000000000009,42
couchbase,2026-07-08-08-23-01,2,wsl,medium,0,8,mix_50W_50R,160000,5522.6543,1.4136658,1.0455705,1.4143536,24.668848,0.2724,46.708946,191.9347619047619,489.445,853.3969523809524,471.64285714285717,0.0,1024.0,0.0,10.240000000000009,42
couchbase,2026-07-08-08-23-01,2,wsl,medium,0,8,mix_90W_10R,80000,4674.9946,1.6786804,1.1486294,1.544673,29.829393,0.490464,52.090027,191.9347619047619,489.445,853.3969523809524,471.64285714285717,0.0,1024.0,0.0,10.240000000000009,42
couchbase,2026-07-08-08-23-01,2,wsl,medium,10000,1,delete,10000,1258.2728,0.79474014,0.7898435,1.035843,1.1551702,0.348538,2.620181,55.038,118.2,1019.4047999999999,68.958,0.0,0.0,0.0,0.0,5
couchbase,2026-07-08-08-23-01,2,wsl,medium,10000,1,insert,10000,1036.4735,0.96480995,0.9560305,1.2222947,1.3795896,0.430098,2.633668,139.34,111.53166666666668,915.8166666666666,67.95166666666667,0.0,0.0,0.0,0.0,6
couchbase,2026-07-08-08-23-01,2,wsl,medium,10000,1,read,10000,1784.057,0.56052023,0.52662003,0.90178347,1.0541261,0.26589,1.415556,33.495,126.7525,977.825,70.99000000000001,0.0,0.0,0.0,0.0,4
couchbase,2026-07-08-08-23-01,2,wsl,medium,10000,1,update,10000,1087.3456,0.9196708,0.915851,1.1688501,1.2838221,0.405247,1.670306,52.61666666666667,150.17,993.0333333333333,79.27333333333333,0.0,0.0,0.0,0.0,6
couchbase,2026-07-08-08-23-01,2,wsl,medium,10000,2,delete,20000,2424.126,0.82239294,0.80054903,1.0873829,1.2784529,0.367253,16.408134,171.62,203.43800000000002,1026.6496,133.18,0.0,0.0,0.0,0.0,5
couchbase,2026-07-08-08-23-01,2,wsl,medium,10000,2,insert,20000,2274.04,0.87786144,0.870566,1.0698346,1.1892236,0.429654,2.134706,78.24166666666666,232.08166666666668,1080.5386666666666,132.41666666666666,0.0,0.0,0.1999999999999993,0.0,6
couchbase,2026-07-08-08-23-01,2,wsl,medium,10000,2,read,20000,3080.4844,0.64876884,0.630825,0.89362365,1.1827981,0.32191598,3.806599,61.2125,151.425,1177.856,114.795,0.0,0.0,0.0,0.0,4
couchbase,2026-07-08-08-23-01,2,wsl,medium,10000,2,update,20000,2264.6785,0.88110715,0.873484,1.0896106,1.223532,0.443519,13.855461,138.64666666666668,238.59333333333333,1134.9333333333334,132.79999999999998,0.0,1024.0,0.0,0.0,6
couchbase,2026-07-08-08-23-01,2,wsl,medium,10000,4,delete,40000,4902.565,0.8138097,0.792274,1.040698,1.3366722,0.25637,6.805629,90.13499999999999,468.17,1250.4746666666667,235.03333333333333,0.0,0.0,0.0,0.0,6
couchbase,2026-07-08-08-23-01,2,wsl,medium,10000,4,insert,40000,4071.6362,0.9743805,0.94004047,1.1583714,1.3548716,0.312313,24.933952,139.33833333333334,367.28999999999996,1082.9306666666669,204.09333333333333,0.0,0.0,0.0,0.0,6
couchbase,2026-07-08-08-23-01,2,wsl,medium,10000,4,read,40000,5744.8647,0.6880859,0.6743175,0.8800372,1.0059298,0.392322,2.961667,74.514,388.272,1255.2192,216.35999999999999,0.0,0.0,0.0,0.0,5
couchbase,2026-07-08-08-23-01,2,wsl,medium,10000,4,update,40000,4443.3354,0.8986674,0.8875585,1.057237,1.197981,0.328219,7.32506,110.20333333333333,447.9583333333333,1268.0533333333333,231.5666666666667,0.0,0.0,0.0,0.0,6
couchbase,2026-07-08-08-23-01,2,wsl,medium,10000,8,delete,80000,5443.077,1.4448988,0.980344,1.3405132,29.785814,0.344739,55.728893,191.94,438.3588888888889,1301.1626666666666,382.28555555555556,0.0,0.0,0.0,0.0,9
couchbase,2026-07-08-08-23-01,2,wsl,medium,10000,8,insert,80000,4468.634,1.7651902,1.1868119,1.617174,32.890797,0.394686,54.509678,183.0218181818182,505.8863636363636,1339.1127272727272,412.10909090909087,0.0,1024.0,0.0,10.240000000000009,11
couchbase,2026-07-08-08-23-01,2,wsl,medium,10000,8,read,80000,6673.6055,1.1869068,0.890572,1.2114815,18.005608,0.270928,52.924904,183.83125,570.7225,1460.608,403.975,0.0,0.0,0.0,0.0,8
couchbase,2026-07-08-08-23-01,2,wsl,medium,10000,8,update,80000,4781.838,1.6509813,1.1665676,1.5746381,27.690342,0.353997,48.94369,190.081,484.567,1402.368,401.04,0.0,1024.0,0.1999999999999993,0.0,10
couchbase,2026-07-08-08-23-01,2,wsl,medium,100000,1,delete,100000,1280.8226,0.7807482,0.79181504,1.0430063,1.1675477,0.27979198,2.267174,89.91749999999999,79.28725,1238.7006,79.88825,0.0,1024.0,0.0,0.0,40
couchbase,2026-07-08-08-23-01,2,wsl,medium,100000,1,insert,100000,1058.8138,0.9444531,0.939553,1.1985129,1.3282061,0.393112,3.289408,85.85326530612245,80.07673469387755,1197.294693877551,80.00326530612244,0.0,1024.0,0.0,10.239999999999782,49
couchbase,2026-07-08-08-23-01,2,wsl,medium,100000,1,read,100000,1901.1361,0.5260013,0.49038148,0.83584034,0.9988056,0.264355,2.85448,36.62111111111111,80.13555555555556,1530.955851851852,79.86444444444444,0.0,0.0,0.0,0.0,27
couchbase,2026-07-08-08-23-01,2,wsl,medium,100000,1,update,100000,1089.865,0.91754484,0.91109455,1.16751,1.3020874,0.393706,11.741565,88.58291666666666,76.58916666666667,1528.448,79.27729166666667,0.0,2048.0,0.0,0.0,48
couchbase,2026-07-08-08-23-01,2,wsl,medium,100000,2,delete,200000,2589.2588,0.77225167,0.7616655,0.9807994,1.1400397,0.332091,16.098768,136.96275,157.8565,1653.9904,133.5645,0.0,2048.0,0.0,10.240000000000009,40
couchbase,2026-07-08-08-23-01,2,wsl,medium,100000,2,insert,200000,2237.1045,0.89164335,0.8861535,1.1012245,1.2413182,0.381284,4.633567,94.93531914893617,158.40148936170212,1613.127829787234,132.11063829787233,10.240000000000236,1024.0,0.0,10.240000000000009,47
couchbase,2026-07-08-08-23-01,2,wsl,medium,100000,2,read,200000,3207.6548,0.6224657,0.6099785,0.84142447,0.9564383,0.30023,2.629699,59.505625,157.540625,2245.632,130.6121875,0.0,0.0,0.0,0.0,32
couchbase,2026-07-08-08-23-01,2,wsl,medium,100000,2,update,200000,2261.4229,0.8834186,0.8746675,1.088298,1.229805,0.384033,8.464005,119.98065217391304,156.77260869565217,2163.2667826086954,131.5228260869565,0.0,3072.0,0.0,0.0,46
couchbase,2026-07-08-08-23-01,2,wsl,medium,100000,4,delete,400000,4717.452,0.84298533,0.803601,1.0386391,1.2678993,0.329841,32.812057,167.53272727272727,307.2315909090909,2244.1890909090907,242.8272727272727,194.5599999999995,2048.0,0.0,10.240000000000009,44
couchbase,2026-07-08-08-23-01,2,wsl,medium,100000,4,insert,400000,4158.4194,0.95847917,0.935816,1.1535076,1.3385831,0.321702,31.24304,136.08780000000002,311.6914,2165.60336,240.49400000000003,0.0,2048.0,0.0,0.0,50
couchbase,2026-07-08-08-23-01,2,wsl,medium,100000,4,read,400000,5950.912,0.66795135,0.6532085,0.8521632,0.9987571,0.29365802,3.920845,95.34771428571429,321.34400000000005,3267.203657142857,240.21714285714287,0.0,0.0,0.0,0.0,35
couchbase,2026-07-08-08-23-01,2,wsl,medium,100000,4,update,400000,4090.9849,0.9767218,0.957221,1.210238,1.391091,0.375122,17.738647,145.62117647058824,304.6207843137255,3260.375843137255,236.87607843137255,1423.3600000000001,5120.0,3.6000000000000014,10.240000000000009,51
couchbase,2026-07-08-08-23-01,2,wsl,medium,100000,8,delete,800000,5847.3584,1.3653678,0.99122,1.4056526,22.120523,0.29557902,66.11972,199.589,454.14914285714286,3711.926857142857,467.60457142857143,4198.4000000000015,3072.0,22.0,20.480000000000018,70
couchbase,2026-07-08-08-23-01,2,wsl,medium,100000,8,insert,800000,6298.174,1.258144,1.162104,1.4918891,1.9326121,0.367207,60.902683,184.82223880597016,565.7944776119404,3091.3337313432835,446.3716417910448,378.8800000000001,4096.0,5.700000000000003,10.240000000000009,67
couchbase,2026-07-08-08-23-01,2,wsl,medium,100000,8,read,800000,4763.2993,1.6660854,1.215034,2.4723995,20.05223,0.311032,150.51706,194.368,349.5409411764706,5531.443200000001,366.3235294117647,7608.32,1024.0,138.5,133.12000000000012,85
couchbase,2026-07-08-08-23-01,2,wsl,medium,100000,8,update,800000,5609.9253,1.4211941,1.1594005,1.6624193,2.7993424,0.414168,65.260864,190.13824324324324,524.4467567567567,5149.599135135135,464.32310810810804,3891.199999999999,6144.0,16.0,10.240000000000009,74
couchbase,2026-07-08-08-23-01,2,wsl,small,0,1,doc_delete,10000,1223.2029,0.8175259,0.808874,1.0690106,1.3119627,0.33681598,2.943762,60.588,123.298,944.5799999999999,55.306,0.0,0.0,0.0,0.0,5
couchbase,2026-07-08-08-23-01,2,wsl,small,0,1,doc_increment,10000,1028.2917,0.97248673,0.967815,1.2370695,1.3755001,0.467975,1.853858,50.94166666666666,111.72500000000001,930.1,53.675000000000004,0.0,0.0,0.0,0.0,6
couchbase,2026-07-08-08-23-01,2,wsl,small,0,1,doc_insert,10000,1120.4443,0.89250314,0.8918165,1.1247607,1.2386663,0.381033,1.930094,56.736000000000004,116.15799999999999,909.64,54.266,0.0,0.0,0.0,0.0,5
couchbase,2026-07-08-08-23-01,2,wsl,small,0,1,doc_read,10000,1748.0612,0.5720624,0.534576,0.91702175,1.0640165,0.281206,1.515954,29.1075,160.5775,916.625,54.485,0.0,0.0,0.0,0.0,4
couchbase,2026-07-08-08-23-01,2,wsl,small,0,1,doc_read_partial,10000,1656.0366,0.6038514,0.572477,0.91858363,1.0912886,0.226107,4.738198,25.355,144.95499999999998,910.925,54.98,10.240000000000236,0.0,0.0,0.0,4
couchbase,2026-07-08-08-23-01,2,wsl,small,0,1,doc_update_partial,10000,1082.0688,0.92415565,0.92270947,1.1784173,1.3049115,0.262048,8.203971,56.681999999999995,76.256,917.0,55.162,0.0,0.0,0.0,0.0,5
couchbase,2026-07-08-08-23-01,2,wsl,small,0,1,mix_10W_90R,10000,1251.7429,0.79888606,0.7932,1.0424079,1.1898335,0.329,2.573842,74.2024,82.5352,886.952,54.9204,0.0,0.0,0.0,0.0,25
couchbase,2026-07-08-08-23-01,2,wsl,small,0,1,mix_50W_50R,20000,1197.3385,0.83518577,0.834924,1.0910388,1.2177097,0.330653,2.486411,74.2024,82.5352,886.952,54.9204,0.0,0.0,0.0,0.0,25
couchbase,2026-07-08-08-23-01,2,wsl,small,0,1,mix_90W_10R,10000,1170.8378,0.85408926,0.8539895,1.1061969,1.2392788,0.29261902,3.200873,74.2024,82.5352,886.952,54.9204,0.0,0.0,0.0,0.0,25
couchbase,2026-07-08-08-23-01,2,wsl,small,0,2,doc_delete,20000,2656.1345,0.752822,0.745619,0.9449601,1.0463302,0.352465,1.582925,78.33,284.202,920.3799999999999,101.7,0.0,0.0,0.0,0.0,5
couchbase,2026-07-08-08-23-01,2,wsl,small,0,2,doc_increment,20000,2200.7498,0.90765685,0.90133154,1.101122,1.2278923,0.282449,4.489261,88.132,150.994,896.4200000000001,89.558,0.0,0.0,0.0,0.0,5
couchbase,2026-07-08-08-23-01,2,wsl,small,0,2,doc_insert,20000,2329.127,0.85748184,0.84160244,1.0616187,1.3204492,0.348874,8.116993,81.276,164.25,838.8,76.022,0.0,0.0,0.0,0.0,5
couchbase,2026-07-08-08-23-01,2,wsl,small,0,2,doc_read,20000,2942.1582,0.67883074,0.67274797,0.9016453,1.0100642,0.335526,1.406988,45.257999999999996,246.21599999999998,861.3,89.946,0.0,0.0,0.0,0.0,5
couchbase,2026-07-08-08-23-01,2,wsl,small,0,2,doc_read_partial,20000,2792.3062,0.71410227,0.704069,0.9531448,1.0601671,0.366447,1.52777,39.332,247.208,863.36,89.41,0.0,0.0,0.0,0.0,5
couchbase,2026-07-08-08-23-01,2,wsl,small,0,2,doc_update_partial,20000,2243.316,0.890375,0.8825065,1.0787914,1.1900611,0.469929,5.228578,70.40666666666667,244.71833333333333,874.1999999999999,89.41333333333334,0.0,0.0,0.0,0.0,6
couchbase,2026-07-08-08-23-01,2,wsl,small,0,2,mix_10W_90R,20000,2643.6,0.7548843,0.747298,0.94730985,1.0681173,0.363111,12.385064,110.90666666666668,164.12666666666667,897.9375,87.13916666666667,0.0,1024.0,0.0,0.0,24
couchbase,2026-07-08-08-23-01,2,wsl,small,0,2,mix_50W_50R,40000,2582.3806,0.7719759,0.7640375,0.97079796,1.090304,0.362492,6.087515,110.90666666666668,164.12666666666667,897.9375,87.13916666666667,0.0,1024.0,0.0,0.0,24
couchbase,2026-07-08-08-23-01,2,wsl,small,0,2,mix_90W_10R,20000,2369.3594,0.8424245,0.83466554,1.0327474,1.1571555,0.373234,10.846087,110.90666666666668,164.12666666666667,897.9375,87.13916666666667,0.0,1024.0,0.0,0.0,24
couchbase,2026-07-08-08-23-01,2,wsl,small,0,4,doc_delete,40000,4107.6816,0.9654295,0.834409,1.0616935,1.7200694,0.249352,32.451164,168.16833333333332,360.80833333333334,882.6833333333334,157.96666666666667,0.0,0.0,0.0,0.0,6
couchbase,2026-07-08-08-23-01,2,wsl,small,0,4,doc_increment,40000,4141.4165,0.9635824,0.936008,1.133347,1.2992984,0.515375,24.93566,127.98500000000001,327.5083333333333,940.2166666666667,151.13333333333333,0.0,0.0,0.0,0.0,6
couchbase,2026-07-08-08-23-01,2,wsl,small,0,4,doc_insert,40000,4623.7046,0.8636883,0.85217905,1.0199722,1.1804472,0.545971,7.562205,119.814,336.282,886.04,159.14000000000001,0.0,0.0,0.0,0.0,5
couchbase,2026-07-08-08-23-01,2,wsl,small,0,4,doc_read,40000,5580.0117,0.71529037,0.69375145,0.9104779,1.1714944,0.405854,5.105125,78.52000000000001,454.61,906.8399999999999,158.85999999999999,0.0,0.0,0.0,0.0,5
couchbase,2026-07-08-08-23-01,2,wsl,small,0,4,doc_read_partial,40000,5292.893,0.7505369,0.739692,0.93010515,1.0586479,0.389653,4.5913258,59.872,391.346,906.78,146.04000000000002,0.0,0.0,0.0,0.0,5
couchbase,2026-07-08-08-23-01,2,wsl,small,0,4,doc_update_partial,40000,4401.1533,0.9085004,0.898776,1.0629257,1.1981096,0.590034,2.848381,102.955,396.0116666666667,918.0666666666666,156.4,0.0,0.0,0.0,0.0,6
couchbase,2026-07-08-08-23-01,2,wsl,small,0,4,mix_10W_90R,40000,5162.5103,0.7713843,0.760044,0.9476105,1.0859523,0.382553,3.313603,142.14555555555555,314.0755555555556,856.337037037037,159.1962962962963,0.0,0.0,0.0,10.240000000000009,27
couchbase,2026-07-08-08-23-01,2,wsl,small,0,4,mix_50W_50R,80000,4524.625,0.8778783,0.8254715,1.0493006,1.327706,0.258291,24.738634,142.14555555555555,314.0755555555556,856.337037037037,159.1962962962963,0.0,0.0,0.0,10.240000000000009,27
couchbase,2026-07-08-08-23-01,2,wsl,small,0,4,mix_90W_10R,40000,4361.8877,0.9118738,0.862465,1.1008201,1.3535587,0.498451,29.179552,142.14555555555555,314.0755555555556,856.337037037037,159.1962962962963,0.0,0.0,0.0,10.240000000000009,27
couchbase,2026-07-08-08-23-01,2,wsl,small,0,8,doc_delete,80000,8083.8643,0.9811963,0.94574404,1.1975167,1.5016199,0.312875,39.909664,149.44142857142856,572.4057142857143,906.3714285714286,254.87142857142857,0.0,0.0,4.100000000000001,0.0,7
couchbase,2026-07-08-08-23-01,2,wsl,small,0,8,doc_increment,80000,6889.033,1.1464052,1.125686,1.3844252,1.718651,0.313763,17.986582,132.47714285714287,636.3357142857143,883.3571428571429,257.93285714285713,0.0,0.0,0.0,10.240000000000009,7
couchbase,2026-07-08-08-23-01,2,wsl,small,0,8,doc_insert,80000,5427.5728,1.4547938,1.090634,1.496558,22.09018,0.281562,42.8894,191.9088888888889,483.5377777777778,856.8888888888889,256.4322222222222,0.0,1024.0,0.0,0.0,9
couchbase,2026-07-08-08-23-01,2,wsl,small,0,8,doc_read,80000,8945.628,0.8868,0.866707,1.0799814,1.3380692,0.25995,26.633629,105.29,608.7316666666667,823.0333333333333,251.365,0.0,0.0,0.0,0.0,6
couchbase,2026-07-08-08-23-01,2,wsl,small,0,8,doc_read_partial,80000,8416.487,0.9484587,0.935884,1.1431979,1.3922049,0.255661,12.00389,85.95333333333333,646.0983333333334,821.25,246.14499999999998,0.0,0.0,0.1999999999999993,0.0,6
couchbase,2026-07-08-08-23-01,2,wsl,small,0,8,doc_update_partial,80000,7064.4683,1.1268107,1.106601,1.3553756,1.6905524,0.31331,19.303276,136.66142857142856,645.3514285714285,845.3000000000001,279.54285714285714,0.0,0.0,0.0,0.0,7
couchbase,2026-07-08-08-23-01,2,wsl,small,0,8,mix_10W_90R,80000,6416.7925,1.2246004,0.9669235,1.2749387,16.763546,0.423965,45.93006,165.6079411764706,568.5085294117647,925.2705882352941,295.8764705882353,0.0,0.0,0.0,10.240000000000009,34
couchbase,2026-07-08-08-23-01,2,wsl,small,0,8,mix_50W_50R,160000,7935.437,1.0052389,0.98871,1.2408732,1.5147032,0.270223,7.874579,165.6079411764706,568.5085294117647,925.2705882352941,295.8764705882353,0.0,0.0,0.0,10.240000000000009,34
couchbase,2026-07-08-08-23-01,2,wsl,small,0,8,mix_90W_10R,80000,7593.7993,1.0511814,1.0343845,1.279978,1.5645561,0.627339,7.381183,165.6079411764706,568.5085294117647,925.2705882352941,295.8764705882353,0.0,0.0,0.0,10.240000000000009,34
couchbase,2026-07-08-08-23-01,2,wsl,small,10000,1,delete,10000,1313.8684,0.76111126,0.753855,1.0103807,1.1392887,0.27905,2.344777,57.032,147.106,507.91999999999996,44.96,0.0,47.0,0.1357421875,0.0,5
couchbase,2026-07-08-08-23-01,2,wsl,small,10000,1,insert,10000,1220.6165,0.8192582,0.81106305,1.0555798,1.1712278,0.393275,1.963767,53.394000000000005,119.95,491.38,35.95399999999999,0.0,32.7,0.0,0.0,5
couchbase,2026-07-08-08-23-01,2,wsl,small,10000,1,read,10000,1857.1136,0.53847003,0.5112055,0.8582406,1.0175751,0.288669,1.450136,36.5075,181.9825,497.475,37.995000000000005,0.0,3.6000000000000085,0.1279296875,0.0,4
couchbase,2026-07-08-08-23-01,2,wsl,small,10000,1,update,10000,1210.4316,0.82615155,0.8200885,1.0719581,1.203197,0.331897,1.84663,51.92,119.628,500.03999999999996,38.182,0.0,32.099999999999994,0.0,0.0,5
couchbase,2026-07-08-08-23-01,2,wsl,small,10000,2,delete,20000,2776.4146,0.71584284,0.705276,0.9259539,1.061935,0.374728,3.404375,72.848,296.448,559.4,86.40599999999999,0.0,29.0,0.0,0.3916015625,5
couchbase,2026-07-08-08-23-01,2,wsl,small,10000,2,insert,20000,2565.3235,0.779552,0.7623595,0.98665726,1.2514242,0.341604,4.321794,74.44800000000001,198.884,520.9399999999999,61.6,0.0,39.0,0.0,0.1962890625,5
couchbase,2026-07-08-08-23-01,2,wsl,small,10000,2,read,20000,3392.6187,0.58865017,0.58142555,0.8002037,0.90646005,0.285533,1.440146,48.9275,213.26,534.0,60.3475,0.0,4.0,0.0,0.0,4
couchbase,2026-07-08-08-23-01,2,wsl,small,10000,2,update,20000,2437.5212,0.8193312,0.8071385,1.0613563,1.2330049,0.389308,4.339498,70.86,219.964,542.04,73.05199999999999,0.0,34.0,0.0,0.2001953125,5
couchbase,2026-07-08-08-23-01,2,wsl,small,10000,4,delete,40000,5042.0,0.7903231,0.769166,1.0130916,1.3070385,0.452732,3.582803,98.988,365.938,624.7,139.92000000000002,0.0,27.0,0.0,0.0,5
couchbase,2026-07-08-08-23-01,2,wsl,small,10000,4,insert,40000,4666.741,0.85498303,0.8390755,1.058919,1.230543,0.492055,4.365595,89.015,437.6383333333333,576.1,141.20000000000002,0.0,44.0,0.0,0.0,6
couchbase,2026-07-08-08-23-01,2,wsl,small,10000,4,read,40000,6140.434,0.64680505,0.625578,0.85913765,1.0461211,0.227751,14.540165,68.244,497.838,593.8199999999999,140.22,0.0,8.0,0.0,0.8219140625000001,5
couchbase,2026-07-08-08-23-01,2,wsl,small,10000,4,update,40000,4588.759,0.8687619,0.8563655,1.0714825,1.2543561,0.274403,7.48185,84.35166666666667,388.24666666666667,603.9,137.2,0.0,44.0,0.0,0.8,6
couchbase,2026-07-08-08-23-01,2,wsl,small,10000,8,delete,80000,8218.688,0.96315604,0.9426455,1.1905963,1.4694932,0.249101,12.722036,145.135,663.8816666666667,573.9499999999999,243.66,0.0,38.0,0.0,1.6100000000000003,6
couchbase,2026-07-08-08-23-01,2,wsl,small,10000,8,insert,80000,6029.528,1.3064791,1.0515616,1.4095699,2.4963365,0.468334,44.048088,170.31625,549.85125,607.2875,242.86,0.0,68.0,0.0,0.81,8
couchbase,2026-07-08-08-23-01,2,wsl,small,10000,8,read,80000,9002.418,0.8859666,0.839814,1.1267316,1.4255084,0.230665,47.000053,130.18833333333333,603.0766666666667,537.4833333333333,215.66049999999998,0.0,13.0,0.0048828125,1.6,6
couchbase,2026-07-08-08-23-01,2,wsl,small,10000,8,update,80000,7225.509,1.1053001,1.071693,1.3937843,1.7384909,0.325171,15.164302,134.66571428571427,665.5871428571428,549.3571428571429,259.7285714285714,0.0,54.0,0.0,0.7999999999999998,7
couchbase,2026-07-08-08-23-01,2,wsl,small,100000,1,delete,100000,1250.0344,0.79997796,0.7930005,1.0440724,1.1993313,0.27918,4.592257,69.13585365853659,79.28146341463415,637.1073170731707,38.93682926829268,0.0,430.0799999999999,0.0,1.8999999999999986,41
couchbase,2026-07-08-08-23-01,2,wsl,small,100000,1,insert,100000,1270.333,0.78719515,0.801921,1.1151195,1.2764254,0.289862,5.182338,59.809512195121954,77.98048780487804,637.590243902439,38.709024390243904,0.0,255.0,0.0,6.57,41
couchbase,2026-07-08-08-23-01,2,wsl,small,100000,1,read,100000,1852.6903,0.53975564,0.50166297,0.88338435,1.0526975,0.257809,2.318982,36.896428571428565,78.37678571428572,562.7678571428571,38.957142857142856,0.0,14.0,0.0,1.5999999999999996,28
couchbase,2026-07-08-08-23-01,2,wsl,small,100000,1,update,100000,1150.7739,0.86898047,0.8642615,1.1204306,1.2530857,0.310142,5.119084,61.547333333333334,77.412,633.0866666666667,38.612,0.0,426.72,0.0,2.4000000000000004,45
couchbase,2026-07-08-08-23-01,2,wsl,small,100000,2,delete,200000,2488.2917,0.80221486,0.7914065,1.0202916,1.1785196,0.350922,16.280678,95.39585365853658,156.25146341463415,702.2512195121951,72.2820731707317,0.0,409.5999999999999,0.0,4.100000000000001,41
couchbase,2026-07-08-08-23-01,2,wsl,small,100000,2,insert,200000,2484.7153,0.8048978,0.790423,1.0288807,1.1917009,0.342385,15.798892,108.17738095238094,157.13761904761904,652.2380952380952,72.58571428571429,0.0,522.2400000000002,0.0,4.400000000000002,42
couchbase,2026-07-08-08-23-01,2,wsl,small,100000,2,read,200000,3325.0852,0.5991948,0.58561254,0.8262114,0.9533212,0.255334,2.730521,53.48516129032258,159.93612903225807,684.4709677419354,72.61580645161291,0.0,10.239999999999782,0.0,2.1999999999999993,31
couchbase,2026-07-08-08-23-01,2,wsl,small,100000,2,update,200000,2420.5815,0.82381326,0.81206703,1.0357101,1.196293,0.387689,16.63902,97.00906976744187,155.86418604651163,715.3093023255814,73.39441860465116,0.0,491.52,0.0,5.099999999999998,43
couchbase,2026-07-08-08-23-01,2,wsl,small,100000,4,delete,400000,4649.839,0.85749304,0.829773,1.0666951,1.2655504,0.348217,36.157463,137.2959090909091,305.1761363636364,747.1545454545455,142.5525,0.0,563.1999999999998,0.0,8.400000000000006,44
couchbase,2026-07-08-08-23-01,2,wsl,small,100000,4,insert,400000,4290.6816,0.9310844,0.91091,1.1564623,1.3329893,0.443665,21.930082,125.23734693877552,293.42448979591836,724.2448979591836,142.38367346938776,0.0,665.5999999999999,0.0,6.5,49
couchbase,2026-07-08-08-23-01,2,wsl,small,100000,4,read,400000,6210.396,0.6416181,0.620605,0.84076715,1.0128983,0.24317001,8.443805,83.78787878787878,322.4748484848485,745.1151515151515,139.54566666666665,0.0,10.240000000000236,0.0,6.5,33
couchbase,2026-07-08-08-23-01,2,wsl,small,100000,4,update,400000,4248.1484,0.9385127,0.897246,1.1385138,1.3295285,0.329039,41.197693,137.37489795918367,304.5620408163265,778.0979591836735,143.6,0.0,727.04,0.0,9.299999999999997,49
couchbase,2026-07-08-08-23-01,2,wsl,small,100000,8,delete,800000,6674.0825,1.1912289,0.9996165,1.3424878,1.858562,0.232997,49.45089,186.15081967213115,525.3450819672131,859.9599999999999,279.7188524590164,0.0,860.1600000000008,0.0,16.0,61
couchbase,2026-07-08-08-23-01,2,wsl,small,100000,8,insert,800000,6628.2485,1.1969434,1.065732,1.392096,1.8282571,0.268196,62.5408,183.32048387096776,555.7932258064516,784.6532258064516,278.6685483870968,0.0,829.4400000000005,0.0,12.599999999999994,62
couchbase,2026-07-08-08-23-01,2,wsl,small,100000,8,read,800000,9236.383,0.8596978,0.819778,1.053369,1.3123363,0.281092,37.203053,136.86666666666667,614.8324444444444,794.2155555555555,280.0133333333333,0.0,143.35999999999967,0.1240234375,16.0,45
couchbase,2026-07-08-08-23-01,2,wsl,small,100000,8,update,800000,6604.7485,1.2036425,1.075503,1.3925651,1.8368022,0.37018698,50.218185,175.00333333333333,567.8517460317461,934.7111111111111,279.6095238095238,0.0,1003.5199999999995,0.0,16.200000000000003,63
couchbase,2026-07-08-08-23-01,2,wsl,small,1000000,1,delete,1000000,1233.1503,0.8109312,0.807117,1.0483961,1.1772381,0.270482,44.75118,81.12125307125307,74.58545454545454,930.1769828009828,44.33990171990172,0.0,6348.800000000003,0.0,19.0,407
couchbase,2026-07-08-08-23-01,2,wsl,small,1000000,1,insert,1000000,1108.6843,0.90197,0.894757,1.159552,1.3187711,0.302355,29.693926,76.96738562091502,76.01642701525054,804.6764705882352,42.849498910675386,0.0,6277.12,0.0,24.0,459
couchbase,2026-07-08-08-23-01,2,wsl,small,1000000,1,read,1000000,1601.9991,0.6242201,0.602571,0.98453707,1.138463,0.25395,3.784725,31.944808917197452,75.26455414012739,851.4914012738853,43.088853503184716,0.0,0.0,0.0,20.0,314
couchbase,2026-07-08-08-23-01,2,wsl,small,1000000,1,update,1000000,1153.3251,0.8670583,0.8735485,1.126989,1.2623842,0.278408,46.95174,76.10723981900453,75.81595022624435,1067.6217466063347,43.84925339366516,0.0,6963.199999999999,0.0,21.0,442
couchbase,2026-07-08-08-23-01,2,wsl,small,1000000,2,delete,2000000,2614.65,0.7633508,0.75588155,0.96559405,1.0931251,0.28904998,44.386745,107.89513020833334,151.73119791666667,1181.9877812500001,83.293828125,0.0,7680.0,0.0,39.0,384
couchbase,2026-07-08-08-23-01,2,wsl,small,1000000,2,insert,2000000,2401.4153,0.8320846,0.823823,1.029387,1.15812,0.331623,36.98045,107.41448113207547,152.44481132075472,1130.6701698113206,79.77198113207547,0.0,8499.2,0.0,39.0,424
couchbase,2026-07-08-08-23-01,2,wsl,small,1000000,2,read,2000000,3319.0862,0.5988556,0.587833,0.813061,0.9268941,0.276023,29.688671,52.187458745874586,151.05132013201322,1330.1523432343233,80.43026402640264,0.0,0.0,0.0,41.0,303
couchbase,2026-07-08-08-23-01,2,wsl,small,1000000,2,update,2000000,2426.0737,0.8240395,0.815794,1.022445,1.150818,0.314469,63.19532,102.8285,152.80119047619047,1489.1154285714285,82.00373809523809,0.0,9011.199999999997,0.0,40.0,420
couchbase,2026-07-08-08-23-01,2,wsl,small,1000000,4,delete,4000000,4974.6855,0.800752,0.771365,0.979035,1.159317,0.276854,53.009624,141.47076923076924,293.0820347394541,1640.8195732009924,159.8250124069479,0.0,9523.199999999997,0.0,81.0,403
couchbase,2026-07-08-08-23-01,2,wsl,small,1000000,4,insert,4000000,4520.241,0.88324827,0.867404,1.088992,1.2630221,0.25359,51.7518,123.18206666666667,293.6404888888889,1527.8111555555556,153.29953333333333,1.0,9625.599999999999,4.8215625,79.0,450
couchbase,2026-07-08-08-23-01,2,wsl,small,1000000,4,read,4000000,6375.685,0.6262193,0.612999,0.793005,0.91702205,0.277528,40.17437,86.88727848101266,312.9722151898734,2175.1898734177216,157.6307911392405,0.0,0.0,0.1299999999999999,77.0,316
couchbase,2026-07-08-08-23-01,2,wsl,small,1000000,4,update,4000000,4606.362,0.86604124,0.844932,1.0466491,1.223948,0.259902,55.24481,134.98065759637188,299.0380045351474,2171.1679274376415,158.57043083900226,5.0,11673.600000000006,0.0,82.0,441
couchbase,2026-07-08-08-23-01,2,wsl,small,1000000,8,delete,8000000,7000.826,1.1278387,0.947631,1.233003,1.681211,0.253933,69.96352,189.31966783216785,513.1916433566433,2280.358783216783,291.40402097902097,256.0,15360.0,4.599999999999998,163.84000000000015,572
couchbase,2026-07-08-08-23-01,2,wsl,small,1000000,8,insert,8000000,7076.699,1.1272397,1.039103,1.328432,1.694024,0.272377,62.547726,173.05952797202798,555.2096853146853,2152.1984685314683,297.48248251748254,889.28,13004.800000000003,0.0,157.0,572
couchbase,2026-07-08-08-23-01,2,wsl,small,1000000,8,read,8000000,9935.953,0.8029798,0.786793,0.974677,1.199906,0.23485501,65.90957,128.76170792079208,601.6666584158415,3141.8246336633665,291.3052227722772,40.960000000000036,0.0,0.0,187.24,404
couchbase,2026-07-08-08-23-01,2,wsl,small,1000000,8,update,8000000,6873.487,1.15768,1.025945,1.321333,1.7428771,0.278252,68.90529,181.15293718166384,548.5532258064516,3227.820115449915,293.36657045840406,2222.08,15564.800000000003,0.9000000000000004,163.83999999999992,589
couchbase,2026-07-08-13-29-20,4,wsl,medium,0,1,doc_delete,10000,1400.4982,0.71403164,0.71589196,1.0681703,1.2151088,0.27024803,1.628293,77.502,175.47,725.42,113.9,0.0,0.0,0.0,0.0,5
couchbase,2026-07-08-13-29-20,4,wsl,medium,0,1,doc_increment,10000,1154.9211,0.86586,0.866168,1.309167,1.476224,0.308384,2.631805,161.626,115.494,807.1600000000001,103.42,0.0,0.0,0.0,0.0,5
couchbase,2026-07-08-13-29-20,4,wsl,medium,0,1,doc_insert,10000,1173.7621,0.85196143,0.88655746,1.1994829,1.3286756,0.340678,1.741329,69.798,75.082,869.18,95.162,0.0,0.0,0.0,0.0,5
couchbase,2026-07-08-13-29-20,4,wsl,medium,0,1,doc_read,10000,1732.8292,0.5770909,0.5459455,0.88963145,1.0526128,0.313004,1.564286,32.2275,127.81,898.5,93.8475,0.0,0.0,0.0,0.0,4
couchbase,2026-07-08-13-29-20,4,wsl,medium,0,1,doc_read_partial,10000,1307.4092,0.7648715,0.749546,1.089153,1.3506293,0.326009,8.986343,26.68,145.00799999999998,897.26,100.5,0.0,0.0,0.0,0.0,5
couchbase,2026-07-08-13-29-20,4,wsl,medium,0,1,doc_update_partial,10000,1095.623,0.91272265,0.933294,1.2632546,1.3899286,0.361149,1.96638,89.86500000000001,125.83333333333333,894.3833333333333,103.05,0.0,0.0,0.0,0.0,6
couchbase,2026-07-08-13-29-20,4,wsl,medium,0,1,mix_10W_90R,10000,1385.9637,0.7215196,0.74084353,1.0467256,1.1780473,0.277002,2.301085,108.42423076923077,85.91615384615385,811.6638461538461,102.39230769230768,0.0,1024.0,0.0,10.240000000000009,26
couchbase,2026-07-08-13-29-20,4,wsl,medium,0,1,mix_50W_50R,20000,1084.8439,0.9217916,0.91340196,1.244656,1.4603674,0.31656098,3.352483,108.42423076923077,85.91615384615385,811.6638461538461,102.39230769230768,0.0,1024.0,0.0,10.240000000000009,26
couchbase,2026-07-08-13-29-20,4,wsl,medium,0,1,mix_90W_10R,10000,1170.2795,0.85449666,0.881207,1.1811438,1.3152305,0.333705,1.638633,108.42423076923077,85.91615384615385,811.6638461538461,102.39230769230768,0.0,1024.0,0.0,10.240000000000009,26
couchbase,2026-07-08-13-29-20,4,wsl,medium,0,2,doc_delete,20000,2292.8884,0.8705912,0.865749,1.0943165,1.2279078,0.360025,2.448944,253.58800000000002,209.75,775.46,156.7,0.0,1024.0,0.0,0.0,5
couchbase,2026-07-08-13-29-20,4,wsl,medium,0,2,doc_increment,20000,2171.608,0.92062354,0.913682,1.1211722,1.252849,0.462576,2.394638,109.5,151.58800000000002,823.0799999999999,156.94,0.0,0.0,0.0,0.0,5
couchbase,2026-07-08-13-29-20,4,wsl,medium,0,2,doc_insert,20000,2098.915,0.95267785,0.943002,1.1770786,1.3175762,0.473741,3.593734,159.37666666666667,196.74666666666667,708.8666666666667,148.15,0.0,0.0,0.0,0.0,6
couchbase,2026-07-08-13-29-20,4,wsl,medium,0,2,doc_read,20000,2932.954,0.67896897,0.6690895,0.90562135,1.0187571,0.331858,1.857572,57.9675,212.755,778.75,156.55,0.0,0.0,0.0,0.0,4
couchbase,2026-07-08-13-29-20,4,wsl,medium,0,2,doc_read_partial,20000,2535.1843,0.7817846,0.77553403,1.0244384,1.1450301,0.39142102,2.197264,46.326,209.64600000000002,776.38,156.68,0.0,0.0,0.0,0.0,5
couchbase,2026-07-08-13-29-20,4,wsl,medium,0,2,doc_update_partial,20000,2080.323,0.9579766,0.9429695,1.1706907,1.4239649,0.558271,5.229737,98.96,192.8516666666667,794.4666666666667,156.68333333333334,0.0,0.0,0.0,0.0,6
couchbase,2026-07-08-13-29-20,4,wsl,medium,0,2,mix_10W_90R,20000,2456.7317,0.8125996,0.8037815,1.0554028,1.1861044,0.355668,2.618898,121.82440000000001,163.0328,815.424,154.512,0.0,1024.0,0.0,0.0,25
couchbase,2026-07-08-13-29-20,4,wsl,medium,0,2,mix_50W_50R,40000,2582.8574,0.7731905,0.76865804,1.0274066,1.149907,0.34422,2.515061,121.82440000000001,163.0328,815.424,154.512,0.0,1024.0,0.0,0.0,25
couchbase,2026-07-08-13-29-20,4,wsl,medium,0,2,mix_90W_10R,20000,2335.8447,0.85564685,0.850809,1.121593,1.3251045,0.386189,3.56055,121.82440000000001,163.0328,815.424,154.512,0.0,1024.0,0.0,0.0,25
couchbase,2026-07-08-13-29-20,4,wsl,medium,0,4,doc_delete,40000,4307.5215,0.9269885,0.91705847,1.1296272,1.3108318,0.24414401,6.0038,315.0283333333333,349.4683333333333,915.8666666666667,226.61666666666667,0.0,0.0,0.0,0.0,6
couchbase,2026-07-08-13-29-20,4,wsl,medium,0,4,doc_increment,40000,4040.7954,0.9892445,0.970599,1.1944829,1.3982317,0.658577,6.820552,147.00333333333333,353.8733333333333,966.2666666666668,235.38,0.0,0.0,0.0,0.0,6
couchbase,2026-07-08-13-29-20,4,wsl,medium,0,4,doc_insert,40000,3626.4463,1.1016624,1.0857345,1.3342246,1.5657146,0.648591,4.230534,307.93857142857144,352.14,841.7285714285715,234.20857142857145,0.0,0.0,0.0,0.0,7
couchbase,2026-07-08-13-29-20,4,wsl,medium,0,4,doc_read,40000,5250.1772,0.75551844,0.73222697,0.9931222,1.1634169,0.297402,28.717197,111.89200000000001,354.29,879.6600000000001,211.41,0.0,0.0,0.0,0.0,5
couchbase,2026-07-08-13-29-20,4,wsl,medium,0,4,doc_read_partial,40000,4975.03,0.80178255,0.792109,0.99554515,1.1225176,0.328513,12.588404,68.522,381.874,871.6,259.06,0.0,0.0,0.0,0.0,5
couchbase,2026-07-08-13-29-20,4,wsl,medium,0,4,doc_update_partial,40000,3848.0745,1.034651,1.0148115,1.253142,1.5709163,0.374565,7.053022,128.09333333333333,395.865,902.5666666666666,261.25,0.0,0.0,0.0,0.0,6
couchbase,2026-07-08-13-29-20,4,wsl,medium,0,4,mix_10W_90R,40000,4520.2847,0.88429374,0.871306,1.1142406,1.2735536,0.469274,3.445435,155.75,320.5179310344828,838.2551724137932,262.7068965517241,0.0,1024.0,0.0,10.240000000000009,29
couchbase,2026-07-08-13-29-20,4,wsl,medium,0,4,mix_50W_50R,80000,4354.021,0.9175892,0.90829647,1.1499678,1.3031697,0.332732,4.484415,155.75,320.5179310344828,838.2551724137932,262.7068965517241,0.0,1024.0,0.0,10.240000000000009,29
couchbase,2026-07-08-13-29-20,4,wsl,medium,0,4,mix_90W_10R,40000,3949.1296,1.0124228,0.99797404,1.2491744,1.5083624,0.518622,3.387671,155.75,320.5179310344828,838.2551724137932,262.7068965517241,0.0,1024.0,0.0,10.240000000000009,29
couchbase,2026-07-08-13-29-20,4,wsl,medium,0,8,doc_delete,80000,7243.0137,1.0943131,1.0540605,1.476035,1.8758831,0.268889,9.336506,343.5014285714286,604.8842857142857,1209.4285714285713,383.7685714285714,0.0,1024.0,0.0,0.0,7
couchbase,2026-07-08-13-29-20,4,wsl,medium,0,8,doc_increment,80000,6395.1836,1.2420455,1.2155449,1.5428555,1.9157141,0.360668,10.530174,212.65375,665.2075,1342.72,447.025,0.0,0.0,0.0,10.240000000000009,8
couchbase,2026-07-08-13-29-20,4,wsl,medium,0,8,doc_insert,80000,6075.635,1.2952915,1.2566226,1.6657543,2.111691,0.698739,8.981496,248.91625,639.65625,1200.6399999999999,403.6925,0.0,1024.0,0.0,0.0,8
couchbase,2026-07-08-13-29-20,4,wsl,medium,0,8,doc_read,80000,7515.365,1.0534416,1.019211,1.358374,1.7740308,0.30736,8.34906,302.56857142857143,679.6128571428571,1172.3337142857142,428.88571428571424,0.0,0.0,0.0,0.0,7
couchbase,2026-07-08-13-29-20,4,wsl,medium,0,8,doc_read_partial,80000,7381.937,1.0730363,1.047534,1.3455923,1.667386,0.367671,33.977993,177.87714285714287,703.2457142857144,974.9622857142857,450.5,0.0,0.0,0.0,0.0,7
couchbase,2026-07-08-13-29-20,4,wsl,medium,0,8,doc_update_partial,80000,6217.5864,1.2762545,1.2476931,1.5625021,1.953673,0.414565,29.13006,166.58,618.2225,1117.665,400.72375,0.0,1024.0,0.0,0.0,8
couchbase,2026-07-08-13-29-20,4,wsl,medium,0,8,mix_10W_90R,80000,7505.9243,1.056164,1.0346255,1.3355808,1.6138252,0.603611,4.55752,218.08085714285713,601.4608571428572,943.9286857142857,461.5257142857143,0.0,1024.0,0.0,10.240000000000009,35
couchbase,2026-07-08-13-29-20,4,wsl,medium,0,8,mix_50W_50R,160000,6986.5713,1.137594,1.1098826,1.472434,1.8282222,0.42176,20.069422,218.08085714285713,601.4608571428572,943.9286857142857,461.5257142857143,0.0,1024.0,0.0,10.240000000000009,35
couchbase,2026-07-08-13-29-20,4,wsl,medium,0,8,mix_90W_10R,80000,6610.563,1.2052604,1.1881056,1.4933152,1.8191953,0.597437,5.484942,218.08085714285713,601.4608571428572,943.9286857142857,461.5257142857143,0.0,1024.0,0.0,10.240000000000009,35
couchbase,2026-07-08-13-29-20,4,wsl,medium,10000,1,delete,10000,1247.6246,0.80152315,0.797874,1.0508845,1.1797092,0.31898,1.635779,71.59,121.806,943.4200000000001,92.174,0.0,0.0,0.0,0.0,5
couchbase,2026-07-08-13-29-20,4,wsl,medium,10000,1,insert,10000,961.0225,1.0405585,1.0349574,1.3075507,1.4739623,0.447404,2.153009,268.54,111.88166666666666,922.8000000000001,91.95,0.0,1024.0,0.0,0.0,6
couchbase,2026-07-08-13-29-20,4,wsl,medium,10000,1,read,10000,1872.7598,0.5339713,0.4993495,0.8519374,1.0037626,0.280944,2.259143,72.99,180.5425,840.825,96.0575,0.0,0.0,0.0,0.0,4
couchbase,2026-07-08-13-29-20,4,wsl,medium,10000,1,update,10000,1057.9906,0.945188,0.9360125,1.2012762,1.413158,0.400441,2.866839,70.47833333333334,115.72333333333334,889.15,89.99666666666667,0.0,0.0,0.0,0.0,6
couchbase,2026-07-08-13-29-20,4,wsl,medium,10000,2,delete,20000,2620.8042,0.75926936,0.751969,0.9567083,1.0726726,0.391973,1.635836,98.316,218.148,1164.288,143.84,0.0,0.0,0.0,0.0,5
couchbase,2026-07-08-13-29-20,4,wsl,medium,10000,2,insert,20000,2230.0266,0.8958604,0.8861835,1.1014315,1.2311447,0.50271,2.219648,95.22333333333334,233.54666666666665,1033.5366666666666,148.71666666666667,0.0,0.0,0.0,0.0,6
couchbase,2026-07-08-13-29-20,4,wsl,medium,10000,2,read,20000,3185.3652,0.62590325,0.6129455,0.84675074,0.9604331,0.31857902,2.676015,61.1075,210.47,1124.608,149.175,0.0,0.0,0.0,0.0,4
couchbase,2026-07-08-13-29-20,4,wsl,medium,10000,2,update,20000,2266.278,0.8810324,0.874266,1.0817833,1.1884832,0.455159,2.031306,102.65,202.0,1141.9648,148.98,0.0,0.0,0.0,0.0,5
couchbase,2026-07-08-13-29-20,4,wsl,medium,10000,4,delete,40000,4815.695,0.8270033,0.81533897,1.0215677,1.155698,0.270894,2.54221,153.092,369.52799999999996,1113.0880000000002,253.38000000000002,0.0,0.0,0.0,0.0,5
couchbase,2026-07-08-13-29-20,4,wsl,medium,10000,4,insert,40000,4076.2783,0.97572166,0.956106,1.1880746,1.5017328,0.324269,7.6949,135.47666666666666,378.615,1273.344,220.55499999999998,0.0,1024.0,0.0,0.0,6
couchbase,2026-07-08-13-29-20,4,wsl,medium,10000,4,read,40000,4787.4526,0.82757556,0.81126404,1.0736469,1.2416881,0.298018,5.489617,242.22166666666666,372.6366666666667,1214.464,230.6833333333333,0.0,0.0,0.0,0.0,6
couchbase,2026-07-08-13-29-20,4,wsl,medium,10000,4,update,40000,3733.5178,1.0656614,1.0481405,1.3066581,1.5059768,0.373326,20.713993,229.55142857142854,338.56857142857143,1081.344,227.5,0.0,1024.0,0.0,0.0,7
couchbase,2026-07-08-13-29-20,4,wsl,medium,10000,8,delete,80000,7644.863,1.03738,1.0159605,1.307827,1.5987438,0.255261,15.702983,167.70714285714286,551.3942857142857,1446.4731428571429,377.2714285714286,0.0,0.0,0.0,0.0,7
couchbase,2026-07-08-13-29-20,4,wsl,medium,10000,8,insert,80000,5850.9746,1.3375533,1.2897635,1.7438831,2.250178,0.47129,20.253407,371.23,644.655,1221.154,433.5625,0.0,0.0,0.0,10.240000000000009,8
couchbase,2026-07-08-13-29-20,4,wsl,medium,10000,8,read,80000,8314.628,0.9568166,0.9242785,1.264999,1.6370709,0.38959,5.54174,299.6666666666667,635.4816666666667,1346.5600000000002,434.1166666666666,0.0,0.0,0.0,0.0,6
couchbase,2026-07-08-13-29-20,4,wsl,medium,10000,8,update,80000,6524.692,1.2103504,1.1869586,1.484841,1.8314016,0.347578,23.893032,160.0275,692.67,1409.792,432.9375,0.0,0.0,0.0,0.0,8
couchbase,2026-07-08-13-29-20,4,wsl,medium,100000,1,delete,100000,1201.0586,0.8325988,0.828654,1.0994344,1.2551968,0.271545,4.349959,140.62372093023257,80.07604651162791,1248.0993488372092,96.44,0.0,2048.0,0.0,0.0,43
couchbase,2026-07-08-13-29-20,4,wsl,medium,100000,1,insert,100000,1027.0476,0.9736647,0.9669235,1.2291467,1.3771383,0.406001,6.48723,107.41392156862744,80.57019607843137,1247.6679215686274,95.86235294117648,0.0,2048.0,0.0,10.239999999999782,51
couchbase,2026-07-08-13-29-20,4,wsl,medium,100000,1,read,100000,1725.9564,0.5793889,0.5447155,0.93445075,1.1185585,0.264102,3.008469,33.830999999999996,80.72266666666668,1601.1264,95.48466666666667,0.0,0.0,0.0,0.0,30
couchbase,2026-07-08-13-29-20,4,wsl,medium,100000,1,update,100000,1044.8892,0.9570393,0.950334,1.2212253,1.3669757,0.348478,4.378267,107.3222,81.804,1528.4838399999999,95.6532,0.0,2048.0,0.0,0.0,50
couchbase,2026-07-08-13-29-20,4,wsl,medium,100000,2,delete,200000,2550.6863,0.78257877,0.7771035,1.0431703,1.204188,0.296124,4.785149,151.48525,154.66400000000002,1620.2752,148.12849999999997,0.0,2048.0,0.0,10.240000000000009,40
couchbase,2026-07-08-13-29-20,4,wsl,medium,100000,2,insert,200000,2203.7078,0.90724516,0.906456,1.1401452,1.2880121,0.354559,4.308736,108.681875,166.66791666666668,1583.6831666666667,150.12708333333333,0.0,2048.0,0.0,0.0,48
couchbase,2026-07-08-13-29-20,4,wsl,medium,100000,2,read,200000,2705.6433,0.7368123,0.7239535,0.95700926,1.1216893,0.32776698,4.561268,61.093421052631584,162.87105263157895,2240.458105263158,148.90842105263158,0.0,0.0,0.0,10.240000000000009,38
couchbase,2026-07-08-13-29-20,4,wsl,medium,100000,2,update,200000,2165.6035,0.92313945,0.91107655,1.1588714,1.3101823,0.421552,4.193348,155.09916666666666,159.29416666666665,2169.984,150.39374999999998,0.0,3072.0,0.0,0.0,48
couchbase,2026-07-08-13-29-20,4,wsl,medium,100000,4,delete,400000,4701.1216,0.84999263,0.832242,1.1305293,1.3487142,0.3866,6.623058,226.1540909090909,314.8338636363637,2408.4945454545455,259.4409090909091,593.9200000000001,3072.0,0.0,10.240000000000009,44
couchbase,2026-07-08-13-29-20,4,wsl,medium,100000,4,insert,400000,3938.2266,1.010256,0.993986,1.2494121,1.4470311,0.479241,10.837247,172.49811320754716,306.8284905660377,2208.5249811320755,254.48490566037736,20.480000000000473,3072.0,7.900000000000006,0.0,53
couchbase,2026-07-08-13-29-20,4,wsl,medium,100000,4,read,400000,6077.407,0.65593946,0.642795,0.80463743,0.943496,0.352736,5.662238,105.75911764705882,321.50382352941176,3360.948705882353,259.4305882352941,0.0,0.0,0.0,10.240000000000009,34
couchbase,2026-07-08-13-29-20,4,wsl,medium,100000,4,update,400000,3895.4502,1.023978,0.99724555,1.3168926,1.532999,0.444464,8.618454,194.68444444444444,313.70185185185187,3351.2865185185187,261.09814814814814,1720.3199999999997,5120.0,2.0,10.240000000000009,54
couchbase,2026-07-08-13-29-20,4,wsl,medium,100000,8,delete,800000,7249.6436,1.096534,1.0474606,1.4900981,1.9095751,0.490798,28.081154,329.81140350877195,592.5291228070176,3621.4388771929825,461.5814035087719,4300.799999999999,5120.0,38.0,10.240000000000009,57
couchbase,2026-07-08-13-29-20,4,wsl,medium,100000,8,insert,800000,6504.4365,1.2111412,1.185269,1.530528,1.8822485,0.396928,13.183087,215.3490625,606.08421875,3222.976,460.84171875,266.2400000000007,4096.0,3.0,10.240000000000009,64
couchbase,2026-07-08-13-29-20,4,wsl,medium,100000,8,read,800000,5983.0835,1.3264227,1.2122835,2.2363834,3.346804,0.279803,119.805084,243.78911764705882,431.49926470588235,5420.016941176471,410.6144117647059,6389.76,0.0,121.0,102.40000000000009,68
couchbase,2026-07-08-13-29-20,4,wsl,medium,100000,8,update,800000,6231.7534,1.2755611,1.1688825,1.6865062,2.2525654,0.364569,123.03274,242.93746268656716,580.8973134328359,4946.2562388059705,467.40895522388064,4812.800000000001,8192.0,3.0,10.240000000000009,67
couchbase,2026-07-08-13-29-20,4,wsl,small,0,1,doc_delete,10000,1257.488,0.79523623,0.79382753,1.0403212,1.161173,0.312307,1.967366,68.086,127.34400000000001,948.68,72.48599999999999,0.0,0.0,0.0,0.0,5
couchbase,2026-07-08-13-29-20,4,wsl,small,0,1,doc_increment,10000,1034.2389,0.9668945,0.96406996,1.2218171,1.3474633,0.426873,2.084722,66.93333333333332,111.52,927.0500000000001,69.29666666666667,0.0,0.0,0.0,0.0,6
couchbase,2026-07-08-13-29-20,4,wsl,small,0,1,doc_insert,10000,1093.1117,0.91481966,0.908553,1.164619,1.274966,0.357255,3.217049,73.12,74.764,897.5600000000001,70.632,0.0,0.0,0.0,0.0,5
couchbase,2026-07-08-13-29-20,4,wsl,small,0,1,doc_read,10000,1914.4141,0.52235305,0.482643,0.8256703,1.0132163,0.282247,1.381081,26.332500000000003,183.975,902.125,71.13,0.0,0.0,0.20000000000000284,0.0,4
couchbase,2026-07-08-13-29-20,4,wsl,small,0,1,doc_read_partial,10000,1547.023,0.64640284,0.60244,1.0003915,1.2631118,0.296094,13.00498,27.7425,129.25,896.275,62.7725,10.239999999999782,0.0,0.0,0.0,4
couchbase,2026-07-08-13-29-20,4,wsl,small,0,1,doc_update_partial,10000,1043.0339,0.9587415,0.954831,1.200657,1.3295052,0.452093,2.016032,69.99,110.49833333333333,908.1333333333333,70.86333333333333,0.0,0.0,0.0,0.0,6
couchbase,2026-07-08-13-29-20,4,wsl,small,0,1,mix_10W_90R,10000,1247.58,0.8015519,0.797145,1.039062,1.1673994,0.303568,2.121558,115.43925925925926,90.80037037037037,1019.113925925926,69.77185185185185,0.0,1024.0,0.0,0.0,27
couchbase,2026-07-08-13-29-20,4,wsl,small,0,1,mix_50W_50R,20000,1126.5903,0.8876341,0.878896,1.1557317,1.3192552,0.356524,2.80107,115.43925925925926,90.80037037037037,1019.113925925926,69.77185185185185,0.0,1024.0,0.0,0.0,27
couchbase,2026-07-08-13-29-20,4,wsl,small,0,1,mix_90W_10R,10000,1102.7728,0.9068051,0.9048065,1.1644595,1.3056792,0.369177,1.7216411,115.43925925925926,90.80037037037037,1019.113925925926,69.77185185185185,0.0,1024.0,0.0,0.0,27
couchbase,2026-07-08-13-29-20,4,wsl,small,0,2,doc_delete,20000,2297.2126,0.87050325,0.8632755,1.0987518,1.2583834,0.37200502,2.89756,222.05666666666664,261.6383333333333,751.4499999999999,117.28333333333335,0.0,1024.0,0.0,0.0,6
couchbase,2026-07-08-13-29-20,4,wsl,small,0,2,doc_increment,20000,2078.2593,0.9579713,0.940773,1.2091739,1.4827653,0.488996,6.446796,157.06166666666667,190.91666666666666,881.9666666666667,105.73333333333333,0.0,0.0,0.0,0.0,6
couchbase,2026-07-08-13-29-20,4,wsl,small,0,2,doc_insert,20000,2320.141,0.8618525,0.8549905,1.0492498,1.1648654,0.442134,2.364065,104.566,150.11599999999999,831.1,93.91,0.0,0.0,0.0,0.0,5
couchbase,2026-07-08-13-29-20,4,wsl,small,0,2,doc_read,20000,3024.9128,0.6571056,0.6480125,0.87841713,0.98902637,0.336775,2.158629,47.041999999999994,254.942,852.6,105.85999999999999,0.0,0.0,0.0,0.0,5
couchbase,2026-07-08-13-29-20,4,wsl,small,0,2,doc_read_partial,20000,2779.1372,0.7124312,0.70411,0.9489132,1.0738496,0.318008,2.137988,44.326,248.406,852.68,105.74000000000001,0.0,0.0,0.0,0.0,5
couchbase,2026-07-08-13-29-20,4,wsl,small,0,2,doc_update_partial,20000,2209.8909,0.90208924,0.89453304,1.1060793,1.2349248,0.51562303,1.984779,81.41166666666668,237.6916666666667,867.2333333333332,106.23333333333333,0.0,0.0,0.0,0.0,6
couchbase,2026-07-08-13-29-20,4,wsl,small,0,2,mix_10W_90R,20000,2652.8938,0.7537957,0.746786,0.95061207,1.0611658,0.373217,1.664627,134.05720000000002,172.1108,801.4119999999999,106.296,0.0,1024.0,0.0,0.0,25
couchbase,2026-07-08-13-29-20,4,wsl,small,0,2,mix_50W_50R,40000,2433.9946,0.8201752,0.8115885,1.0550152,1.19915,0.40510398,2.88823,134.05720000000002,172.1108,801.4119999999999,106.296,0.0,1024.0,0.0,0.0,25
couchbase,2026-07-08-13-29-20,4,wsl,small,0,2,mix_90W_10R,20000,2406.6802,0.8303125,0.8170005,1.0515869,1.3151854,0.416663,4.8305,134.05720000000002,172.1108,801.4119999999999,106.296,0.0,1024.0,0.0,0.0,25
couchbase,2026-07-08-13-29-20,4,wsl,small,0,4,doc_delete,40000,4294.253,0.9286412,0.92008,1.1595852,1.3342834,0.427093,4.220942,253.10833333333335,379.56333333333333,863.0166666666668,177.04999999999998,0.0,0.0,0.0,0.0,6
couchbase,2026-07-08-13-29-20,4,wsl,small,0,4,doc_increment,40000,4035.2278,0.9888018,0.9704765,1.1908526,1.4776618,0.591598,5.027288,120.24166666666667,335.7916666666667,895.5166666666668,164.78333333333333,0.0,0.0,0.0,0.0,6
couchbase,2026-07-08-13-29-20,4,wsl,small,0,4,doc_insert,40000,4190.01,0.9526973,0.9355315,1.176128,1.3431035,0.566574,3.432221,186.52166666666668,348.7316666666666,804.4833333333332,159.64000000000001,0.0,0.0,0.0,0.0,6
couchbase,2026-07-08-13-29-20,4,wsl,small,0,4,doc_read,40000,5658.6396,0.70276153,0.69113004,0.87803555,0.98681873,0.380719,2.712352,64.238,393.246,830.4799999999999,170.42,0.0,0.0,0.0,0.0,5
couchbase,2026-07-08-13-29-20,4,wsl,small,0,4,doc_read_partial,40000,5199.262,0.7634027,0.754371,0.95468724,1.0915482,0.241819,6.387031,58.653999999999996,397.736,830.6,172.06,0.0,0.0,0.0,0.0,5
couchbase,2026-07-08-13-29-20,4,wsl,small,0,4,doc_update_partial,40000,4149.6406,0.9608791,0.9493705,1.1413327,1.2866211,0.581357,7.015259,116.47833333333334,326.7866666666667,852.25,168.51666666666668,0.0,1024.0,0.0,0.0,6
couchbase,2026-07-08-13-29-20,4,wsl,small,0,4,mix_10W_90R,40000,4665.2056,0.85280657,0.834006,1.084084,1.272685,0.438398,4.899227,157.95111111111112,310.6514814814815,816.162962962963,173.54814814814816,0.0,0.0,0.0,10.240000000000009,27
couchbase,2026-07-08-13-29-20,4,wsl,small,0,4,mix_50W_50R,80000,4696.5464,0.8491706,0.840225,1.0397285,1.1752332,0.429107,3.193449,157.95111111111112,310.6514814814815,816.162962962963,173.54814814814816,0.0,0.0,0.0,10.240000000000009,27
couchbase,2026-07-08-13-29-20,4,wsl,small,0,4,mix_90W_10R,40000,4449.956,0.89545095,0.887951,1.0717405,1.2017374,0.520103,2.149848,157.95111111111112,310.6514814814815,816.162962962963,173.54814814814816,0.0,0.0,0.0,10.240000000000009,27
couchbase,2026-07-08-13-29-20,4,wsl,small,0,8,doc_delete,80000,7828.8164,1.0120295,0.9910785,1.2523994,1.5434986,0.267348,42.738724,187.51333333333332,683.005,950.6833333333334,315.3833333333334,0.0,0.0,0.0,0.0,6
couchbase,2026-07-08-13-29-20,4,wsl,small,0,8,doc_increment,80000,6733.8276,1.1837088,1.1618295,1.440065,1.7876793,0.561039,9.077425,170.07285714285715,669.3928571428571,896.0714285714286,304.34285714285716,0.0,0.0,0.29999999999999716,10.240000000000009,7
couchbase,2026-07-08-13-29-20,4,wsl,small,0,8,doc_insert,80000,6589.066,1.2048897,1.171828,1.5480062,1.9635234,0.315281,15.362089,291.775,642.3625,823.625,295.475,0.0,0.0,0.0,0.0,8
couchbase,2026-07-08-13-29-20,4,wsl,small,0,8,doc_read,80000,9043.021,0.8774033,0.86479104,1.0515151,1.289159,0.251867,9.998673,93.255,724.3033333333333,800.7166666666667,304.6166666666667,0.0,0.0,0.0,0.0,6
couchbase,2026-07-08-13-29-20,4,wsl,small,0,8,doc_read_partial,80000,8190.0386,0.9628583,0.9420535,1.1938962,1.4417789,0.255925,22.938036,98.515,647.9499999999999,800.9666666666667,293.3,0.0,0.0,0.0,0.0,6
couchbase,2026-07-08-13-29-20,4,wsl,small,0,8,doc_update_partial,80000,6732.432,1.178938,1.148828,1.4632326,1.876597,0.353308,9.740993,161.88285714285715,680.22,831.9285714285714,294.4428571428571,0.0,0.0,0.0,0.0,7
couchbase,2026-07-08-13-29-20,4,wsl,small,0,8,mix_10W_90R,80000,7534.8647,1.0518961,1.0192881,1.3720399,1.7398161,0.60531497,9.706799,225.7878125,616.028125,926.69375,313.925,0.0,1024.0,0.09999999999999432,10.240000000000009,32
couchbase,2026-07-08-13-29-20,4,wsl,small,0,8,mix_50W_50R,160000,7760.9785,1.023196,1.00746,1.2610513,1.5332559,0.36984,8.822601,225.7878125,616.028125,926.69375,313.925,0.0,1024.0,0.09999999999999432,10.240000000000009,32
couchbase,2026-07-08-13-29-20,4,wsl,small,0,8,mix_90W_10R,80000,7413.693,1.0730537,1.055761,1.3107336,1.6067495,0.654311,3.754919,225.7878125,616.028125,926.69375,313.925,0.0,1024.0,0.09999999999999432,10.240000000000009,32
couchbase,2026-07-08-13-29-20,4,wsl,small,10000,1,delete,10000,1275.5287,0.78398865,0.77997,1.0314845,1.1564773,0.215451,2.42345,65.49600000000001,119.44000000000001,548.04,44.327999999999996,0.0,63.0,0.0,0.0,5
couchbase,2026-07-08-13-29-20,4,wsl,small,10000,1,insert,10000,1174.3469,0.8515371,0.8462665,1.0969043,1.2145087,0.393722,1.911065,73.652,118.00999999999999,520.54,43.333999999999996,0.0,55.0,0.0,0.0,5
couchbase,2026-07-08-13-29-20,4,wsl,small,10000,1,read,10000,2087.411,0.47906235,0.439133,0.7811085,0.9485048,0.166538,2.355014,32.67,147.84666666666666,523.8333333333334,46.826666666666675,0.0,1.1000000000000085,0.0,0.0,3
couchbase,2026-07-08-13-29-20,4,wsl,small,10000,1,update,10000,1191.162,0.8395164,0.835765,1.0900493,1.2057805,0.211794,1.541488,68.862,116.474,530.1600000000001,40.266000000000005,0.0,55.0,0.0,0.0,5
couchbase,2026-07-08-13-29-20,4,wsl,small,10000,2,delete,20000,2732.09,0.7300114,0.721259,0.9300098,1.0493581,0.355568,1.629595,85.124,218.962,613.12,83.364,0.0,53.0,0.0,0.3916015625,5
couchbase,2026-07-08-13-29-20,4,wsl,small,10000,2,insert,20000,2507.4624,0.7956733,0.7816835,1.0225871,1.2866313,0.192657,4.2172728,86.534,198.47,567.6800000000001,67.54599999999999,0.0,53.0,0.0,0.1962890625,5
couchbase,2026-07-08-13-29-20,4,wsl,small,10000,2,read,20000,3422.6104,0.58360887,0.5731795,0.79354924,0.89851654,0.298129,2.913581,52.7675,203.5975,582.4749999999999,68.3425,0.0,0.0,0.0,0.0,4
couchbase,2026-07-08-13-29-20,4,wsl,small,10000,2,update,20000,2512.0034,0.7933968,0.7853505,0.9965362,1.1169782,0.412627,2.565995,85.282,197.674,593.24,67.48,0.0,53.0,0.0,0.2001953125,5
couchbase,2026-07-08-13-29-20,4,wsl,small,10000,4,delete,40000,4803.045,0.8294797,0.811592,1.0506359,1.3267154,0.264205,7.931116,97.07833333333333,460.2633333333333,592.25,165.58333333333334,0.0,60.0,0.10000000000000142,0.0,6
couchbase,2026-07-08-13-29-20,4,wsl,small,10000,4,insert,40000,4731.8486,0.84125626,0.83027,1.0235288,1.1779622,0.318177,2.13139,124.434,364.694,635.1800000000001,151.24,0.0,57.0,0.0,0.0,5
couchbase,2026-07-08-13-29-20,4,wsl,small,10000,4,read,40000,5722.104,0.6952758,0.668392,0.9554111,1.1278585,0.210051,3.258789,136.304,447.61,598.6600000000001,151.62,0.0,19.0,0.0,0.8262109375,5
couchbase,2026-07-08-13-29-20,4,wsl,small,10000,4,update,40000,4626.646,0.86306983,0.85090446,1.037418,1.1821071,0.561035,2.540495,111.46,428.73333333333335,562.2833333333333,150.71666666666667,0.0,71.0,0.0,0.7999999999999998,6
couchbase,2026-07-08-13-29-20,4,wsl,small,10000,8,delete,80000,8172.678,0.9718822,0.9453345,1.3018608,1.6328074,0.256479,9.451969,217.91833333333332,645.23,592.5833333333334,243.76833333333332,0.0,68.0,0.0,0.0,6
couchbase,2026-07-08-13-29-20,4,wsl,small,10000,8,insert,80000,7620.18,1.0431033,1.0259745,1.2727734,1.5484142,0.274114,5.862967,152.05714285714288,622.6485714285715,626.0428571428572,263.7,0.0,89.0,0.0,0.8000000000000003,7
couchbase,2026-07-08-13-29-20,4,wsl,small,10000,8,read,80000,10008.332,0.79695886,0.78175795,0.998495,1.2205675,0.219018,15.550975,112.06400000000001,681.55,661.5600000000001,281.0,0.0,0.0,0.0,1.6099999999999999,5
couchbase,2026-07-08-13-29-20,4,wsl,small,10000,8,update,80000,7535.0605,1.051947,1.0335209,1.3453974,1.7091885,0.278153,11.161009,160.5514285714286,649.0342857142857,672.5285714285714,269.8,0.0,82.0,0.0,0.7999999999999998,7
couchbase,2026-07-08-13-29-20,4,wsl,small,100000,1,delete,100000,1210.6487,0.82600343,0.822197,1.0788893,1.2169777,0.213148,6.110063,84.00857142857143,79.25333333333333,696.1071428571429,48.34309523809524,0.0,604.1600000000003,0.0,2.1999999999999993,42
couchbase,2026-07-08-13-29-20,4,wsl,small,100000,1,insert,100000,1176.7366,0.8498078,0.8670505,1.128177,1.2712208,0.281457,3.15709,87.85431818181819,79.56636363636363,635.0727272727273,47.845,0.0,744.1600000000001,0.0,8.280000000000001,44
couchbase,2026-07-08-13-29-20,4,wsl,small,100000,1,read,100000,1993.184,0.5017098,0.4551825,0.8230628,0.985175,0.26479602,3.034417,39.675,80.27846153846154,666.45,47.29653846153846,0.0,20.480000000000018,0.0,1.9000000000000004,26
couchbase,2026-07-08-13-29-20,4,wsl,small,100000,1,update,100000,1125.0636,0.88883865,0.88521504,1.1373801,1.2677426,0.27744,4.876657,83.58891304347826,79.17608695652174,689.1391304347826,47.24739130434783,0.0,665.5999999999999,0.0,1.9000000000000004,46
couchbase,2026-07-08-13-29-20,4,wsl,small,100000,2,delete,200000,2583.6401,0.77328014,0.7627975,0.99925745,1.1535672,0.34000102,4.133085,122.825,166.89849999999998,747.1025,84.33225,0.0,614.4000000000005,0.0,4.0,40
couchbase,2026-07-08-13-29-20,4,wsl,small,100000,2,insert,200000,2473.4026,0.80828345,0.80675054,1.046135,1.2025753,0.316116,4.87732,119.05952380952381,156.67833333333334,705.7,82.06690476190477,0.0,686.0799999999999,0.0,3.8999999999999986,42
couchbase,2026-07-08-13-29-20,4,wsl,small,100000,2,read,200000,3311.8127,0.600332,0.588728,0.8166092,0.9353364,0.178454,4.7890058,54.33741935483871,157.88,742.5290322580646,81.41064516129032,0.0,20.480000000000018,0.0,3.0,31
couchbase,2026-07-08-13-29-20,4,wsl,small,100000,2,update,200000,2368.3875,0.84117156,0.8307415,1.0578353,1.2257077,0.32852,4.051112,112.28204545454545,156.4256818181818,779.825,82.6175,0.0,706.56,0.0,4.700000000000003,44
couchbase,2026-07-08-13-29-20,4,wsl,small,100000,4,delete,400000,4686.157,0.8507186,0.8326655,1.0796324,1.2662803,0.198002,9.991863,177.57522727272726,311.6561363636364,771.5613636363636,153.22272727272727,0.0,931.8400000000001,0.0,6.799999999999997,44
couchbase,2026-07-08-13-29-20,4,wsl,small,100000,4,insert,400000,4311.052,0.9256199,0.90717,1.153376,1.3390391,0.431193,5.791802,164.08041666666665,306.8620833333334,768.30625,150.84270833333332,0.0,993.2799999999997,0.0,6.5,48
couchbase,2026-07-08-13-29-20,4,wsl,small,100000,4,read,400000,6129.816,0.650085,0.631857,0.85047203,1.0037354,0.234983,6.238809,98.25794117647058,327.5694117647059,751.035294117647,152.55588235294115,0.0,81.92000000000007,0.0,6.5,34
couchbase,2026-07-08-13-29-20,4,wsl,small,100000,4,update,400000,4453.3774,0.8977835,0.880492,1.1021678,1.283865,0.530465,6.527014,175.24891304347827,316.08630434782606,824.6826086956522,152.72826086956522,0.0,911.3599999999997,0.0,10.399999999999999,46
couchbase,2026-07-08-13-29-20,4,wsl,small,100000,8,delete,800000,7755.3823,1.0288618,0.998726,1.332567,1.6599821,0.289752,10.185278,237.13075471698113,596.7941509433962,920.0231698113208,292.10226415094337,0.0,1228.7999999999993,0.0,13.0,53
couchbase,2026-07-08-13-29-20,4,wsl,small,100000,8,insert,800000,7068.824,1.124488,1.0939155,1.4500312,1.805616,0.298846,23.556198,229.63241379310347,593.7086206896552,843.5396551724139,291.396724137931,0.0,1433.6000000000004,0.0,14.600000000000009,58
couchbase,2026-07-08-13-29-20,4,wsl,small,100000,8,read,800000,9842.862,0.8093609,0.78883946,1.017689,1.2579325,0.204639,30.922268,141.56714285714284,604.9407142857142,854.4000000000001,293.2333333333333,0.0,163.84000000000015,0.0,12.0,42
couchbase,2026-07-08-13-29-20,4,wsl,small,100000,8,update,800000,7107.246,1.1138288,1.0859555,1.4182131,1.7758597,0.274734,14.2401,217.35275862068963,591.5079310344828,1003.2957241379311,292.3453448275862,0.0,1515.5200000000004,0.0,20.599999999999994,58
couchbase,2026-07-08-13-29-20,4,wsl,small,1000000,1,delete,1000000,1210.4447,0.8261426,0.821491,1.0784479,1.229005,0.273132,4.913794,114.50797590361445,75.65609638554217,975.9133493975903,58.84742168674699,0.0,10956.799999999996,0.0,20.0,415
couchbase,2026-07-08-13-29-20,4,wsl,small,1000000,1,insert,1000000,1099.3534,0.90962565,0.902772,1.1665525,1.333963,0.291327,5.107276,108.16336206896553,76.00480603448277,843.7380948275862,57.47540948275862,0.0,11059.2,0.0,25.0,464
couchbase,2026-07-08-13-29-20,4,wsl,small,1000000,1,read,1000000,1993.7625,0.50156426,0.45964402,0.8118522,0.9867223,0.174408,4.461588,31.58686507936508,72.62337301587301,943.106746031746,57.42365079365079,0.0,0.0,0.0,20.0,252
couchbase,2026-07-08-13-29-20,4,wsl,small,1000000,1,update,1000000,1107.3673,0.90304273,0.899161,1.1567432,1.30456,0.28482398,5.863558,101.34721739130435,75.45771739130436,1112.6148695652175,58.08586956521739,0.0,11673.600000000002,0.0,19.0,460
couchbase,2026-07-08-13-29-20,4,wsl,small,1000000,2,delete,2000000,2511.5837,0.7955498,0.7832465,1.028212,1.188158,0.307625,31.771845,144.121875,151.965575,1258.69349,95.809325,0.0,12902.400000000009,0.0,39.0,400
couchbase,2026-07-08-13-29-20,4,wsl,small,1000000,2,insert,2000000,2352.383,0.84994537,0.841029,1.0864441,1.252083,0.31305,8.232984,134.4885219399538,152.98519630484986,1191.311260969977,93.58969976905311,0.0,12902.400000000001,0.0,40.0,433
couchbase,2026-07-08-13-29-20,4,wsl,small,1000000,2,read,2000000,3303.2603,0.6048565,0.593664,0.8181841,0.93325,0.263018,4.737113,53.78766447368421,151.04914473684212,1513.9637894736843,94.03078947368421,0.0,0.0,0.0,39.0,304
couchbase,2026-07-08-13-29-20,4,wsl,small,1000000,2,update,2000000,2330.3093,0.8577798,0.84598446,1.084362,1.2446431,0.32539,15.771081,133.9842562929062,152.78434782608696,1567.8072677345538,94.69482837528604,0.0,14950.399999999994,0.0,41.0,437
couchbase,2026-07-08-13-29-20,4,wsl,small,1000000,4,delete,4000000,4749.925,0.8384468,0.825481,1.071352,1.246577,0.269463,31.437012,166.60504739336494,298.8408293838863,1713.492682464455,169.7431279620853,4.0,13312.0,0.0,80.0,422
couchbase,2026-07-08-13-29-20,4,wsl,small,1000000,4,insert,4000000,4286.2256,0.9306575,0.913285,1.153689,1.337316,0.282615,26.95509,167.7105063291139,300.0447890295359,1660.86594092827,165.55255274261603,6.0,15360.0,0.0,78.0,474
couchbase,2026-07-08-13-29-20,4,wsl,small,1000000,4,read,4000000,6166.43,0.64618075,0.633259,0.817214,0.94804204,0.210164,12.881133,90.52269938650308,311.3755828220859,1723.266355828221,165.77730061349695,5.0,204.8000000000029,0.0,79.0,326
couchbase,2026-07-08-13-29-20,4,wsl,small,1000000,4,update,4000000,4284.5093,0.9314388,0.914872,1.153288,1.336208,0.42754102,9.71011,164.46303797468354,300.19962025316454,2223.9573333333333,168.19970464135022,2.0,18432.0,0.0,79.0,474
couchbase,2026-07-08-13-29-20,4,wsl,small,1000000,8,delete,8000000,7959.947,1.0023564,0.973217,1.313388,1.643757,0.323709,41.295544,261.2834920634921,595.2574206349207,2263.600761904762,304.69738095238097,235.51999999999998,21504.0,1.0,163.84000000000015,504
couchbase,2026-07-08-13-29-20,4,wsl,small,1000000,8,insert,8000000,7172.665,1.1112663,1.085169,1.405015,1.758855,0.288329,24.937872,231.41350442477878,596.5141415929203,2264.3179893805313,305.76026548672564,1614.2,21504.0,0.09999999999999787,159.0,565
couchbase,2026-07-08-13-29-20,4,wsl,small,1000000,8,read,8000000,9955.063,0.797715,0.785206,0.980448,1.16438,0.221284,11.531299,123.10757425742574,592.9517821782177,3231.1179405940593,300.3267326732673,51.200000000000045,0.0,1.2999999999999972,176.0,404
couchbase,2026-07-08-13-29-20,4,wsl,small,1000000,8,update,8000000,7163.1875,1.1118499,1.08369,1.410732,1.771752,0.299321,39.17698,235.22181978798585,596.8805477031802,3378.977469964664,298.3996466431096,2048.0,24576.0,15.699999999999996,174.07999999999993,566
couchbase,2026-07-09-01-32-18,1,wsl,small,0,1,queue,20000,621.8763,1.6080369,1.5173714,2.3686924,2.6432884,0.43604,89.89278,61.62294117647058,62.79529411764706,499.5117647058824,38.406470588235294,0.0,1399.86,40.2,0.0,17
couchbase,2026-07-09-01-32-18,1,wsl,small,0,2,queue,40000,1129.373,1.769619,1.596799,2.5022252,3.1993318,0.530696,97.693535,86.02473684210527,146.49578947368423,519.6368421052632,86.22999999999999,0.0,1587.2,0.0,0.4755859375,19
couchbase,2026-07-09-01-32-18,1,wsl,small,0,4,queue,80000,1190.3206,3.303157,1.8288025,3.4585886,50.37117,0.469205,91.06155,97.47411764705882,146.87323529411765,548.3970588235294,177.77647058823527,0.0,1873.9199999999996,0.0,2.2344140625,34
couchbase,2026-07-09-01-32-18,1,wsl,small,0,8,queue,160000,950.498,8.2630625,2.6262574,69.2019,81.620445,0.490076,94.61384,98.08094117647057,162.04435294117647,615.0847058823529,312.86329411764706,0.0,2426.88,0.0,2.8600000000000003,85
couchbase,2026-07-09-01-38-12,2,wsl,small,0,1,queue,20000,644.35315,1.5519439,1.453218,2.44196,2.7892895,0.473355,46.64695,61.643125,77.209375,470.88125,36.239375,0.0,1010.48,0.0,0.0,16
couchbase,2026-07-09-01-38-12,2,wsl,small,0,2,queue,40000,1210.6473,1.6481061,1.575827,2.585988,3.133488,0.427895,56.854,83.66266666666667,125.12533333333333,729.6666666666666,70.26733333333333,0.0,409.5999999999999,0.0,0.4755859375,15
couchbase,2026-07-09-01-38-12,2,wsl,small,0,4,queue,80000,2071.97,1.8900733,1.767324,2.9749787,3.7102177,0.303359,65.78749,144.93809523809523,304.31095238095236,560.6,143.31952380952382,0.0,1484.8000000000002,0.1279296875,2.9244140625,21
couchbase,2026-07-09-01-38-12,2,wsl,small,0,8,queue,160000,2060.6365,3.6543274,2.483121,5.85851,36.585106,0.316896,76.34167,181.6345,314.21125,627.45,259.41134999999997,0.0,2672.6400000000003,0.0,2.2500000000000004,40
couchbase,2026-07-09-01-41-57,4,wsl,small,0,1,queue,20000,596.0392,1.677742,1.6328615,2.5115936,2.8262208,0.465963,10.609378,63.65111111111111,95.29333333333334,476.27777777777777,40.26555555555555,0.0,1533.52,0.0,0.0,18
couchbase,2026-07-09-01-41-57,4,wsl,small,0,2,queue,40000,1140.9707,1.7483492,1.719882,2.6422968,3.047877,0.423375,46.26227,124.19526315789474,165.7436842105263,509.4157894736842,76.38842105263159,0.0,3123.2,0.0,0.4755859375,19
couchbase,2026-07-09-01-41-57,4,wsl,small,0,4,queue,80000,2054.6206,1.9443188,1.8496885,3.197581,3.8795955,0.646349,45.795895,200.22619047619048,285.3880952380953,590.3666666666666,145.75714285714287,0.0,2201.6000000000004,0.0,2.9244140625,21
couchbase,2026-07-09-01-41-57,4,wsl,small,0,8,queue,160000,2852.14,2.6899111,2.4835014,4.750512,6.149815,0.333412,47.09322,256.686,444.998,698.9566666666667,257.2104,0.0,2478.08,0.0,3.4200000000000004,30
foundationdb,2026-07-05-06-21-44,1,wsl,medium,0,1,mix_10W_90R,10000,554.1133,1.8046851,1.548401,4.02614,4.611087,0.936381,23.183977,46.4743137254902,30.30127450980392,4166.053647058824,122.08333333333333,0.0,1024.0,0.0,0.0,102
foundationdb,2026-07-05-06-21-44,1,wsl,medium,0,1,mix_50W_50R,20000,338.08316,2.9578521,3.3866475,4.8063507,5.281423,0.891903,50.969456,46.4743137254902,30.30127450980392,4166.053647058824,122.08333333333333,0.0,1024.0,0.0,0.0,102
foundationdb,2026-07-05-06-21-44,1,wsl,medium,0,1,mix_90W_10R,10000,255.12427,3.9196587,3.9859526,4.7832384,6.7324543,0.977582,28.153526,46.4743137254902,30.30127450980392,4166.053647058824,122.08333333333333,0.0,1024.0,0.0,0.0,102
foundationdb,2026-07-05-06-21-44,1,wsl,medium,0,2,mix_10W_90R,20000,1002.3507,1.9887723,1.7366545,4.1497264,4.752304,0.937322,42.994987,51.587448979591834,59.332142857142856,3810.0950204081632,177.3112244897959,0.0,0.0,0.0,0.0,98
foundationdb,2026-07-05-06-21-44,1,wsl,medium,0,2,mix_50W_50R,40000,690.8798,2.8939722,3.2229471,4.608893,5.045524,0.960113,46.739544,51.587448979591834,59.332142857142856,3810.0950204081632,177.3112244897959,0.0,0.0,0.0,0.0,98
foundationdb,2026-07-05-06-21-44,1,wsl,medium,0,2,mix_90W_10R,20000,499.11066,4.0064297,4.113255,4.972089,6.4102397,1.101242,22.96374,51.587448979591834,59.332142857142856,3810.0950204081632,177.3112244897959,0.0,0.0,0.0,0.0,98
foundationdb,2026-07-05-06-21-44,1,wsl,medium,0,4,mix_10W_90R,40000,1836.2505,2.171059,1.8902035,4.3999186,5.3797045,1.038103,24.75403,77.39028037383177,103.86644859813083,3637.3149906542058,283.98317757009346,0.0,2048.0,0.0,10.240000000000009,107
foundationdb,2026-07-05-06-21-44,1,wsl,medium,0,4,mix_50W_50R,80000,1261.7123,3.1624477,3.2629404,5.3406,6.0576453,0.929084,21.854578,77.39028037383177,103.86644859813083,3637.3149906542058,283.98317757009346,0.0,2048.0,0.0,10.240000000000009,107
foundationdb,2026-07-05-06-21-44,1,wsl,medium,0,4,mix_90W_10R,40000,889.29755,4.492783,4.4681864,5.964651,9.404948,1.133136,46.819866,77.39028037383177,103.86644859813083,3637.3149906542058,283.98317757009346,0.0,2048.0,0.0,10.240000000000009,107
foundationdb,2026-07-05-06-21-44,1,wsl,medium,0,8,mix_10W_90R,80000,2679.7517,2.9565673,2.4615688,5.517782,8.770854,1.086471,73.086,93.58356589147287,174.14821705426357,3490.1015813953486,499.69705426356586,10.239999999999782,3072.0,0.0,0.0,129
foundationdb,2026-07-05-06-21-44,1,wsl,medium,0,8,mix_50W_50R,160000,2259.0732,3.5296452,3.5954251,5.795909,6.95717,0.955151,52.983284,93.58356589147287,174.14821705426357,3490.1015813953486,499.69705426356586,10.239999999999782,3072.0,0.0,0.0,129
foundationdb,2026-07-05-06-21-44,1,wsl,medium,0,8,mix_90W_10R,80000,1438.2324,5.5431657,5.0383377,8.089868,26.200043,1.249748,64.889206,93.58356589147287,174.14821705426357,3490.1015813953486,499.69705426356586,10.239999999999782,3072.0,0.0,0.0,129
foundationdb,2026-07-05-06-21-44,1,wsl,medium,10000,1,delete,10000,251.67177,3.9734297,3.8696704,4.597977,6.259718,2.972398,48.595592,42.060500000000005,22.322499999999998,830.345,144.46499999999997,0.0,1024.0,0.0,0.0,20
foundationdb,2026-07-05-06-21-44,1,wsl,medium,10000,1,insert,10000,251.80319,3.9713554,3.937772,4.604089,5.1058707,2.927165,17.911324,37.19238095238095,49.36571428571429,541.7,140.95238095238096,0.0,1024.0,0.0,0.0,21
foundationdb,2026-07-05-06-21-44,1,wsl,medium,10000,1,read,10000,840.07605,1.1903684,1.120824,1.6850481,2.446792,0.694445,38.495487,31.60571428571429,114.3157142857143,903.0571428571428,151.08571428571426,0.0,0.0,0.0,0.0,7
foundationdb,2026-07-05-06-21-44,1,wsl,medium,10000,1,update,10000,254.62964,3.9272726,3.8943639,4.563042,5.0359845,2.904831,10.963332,38.783,23.5355,809.5,144.01,0.0,0.0,0.0,10.240000000000009,20
foundationdb,2026-07-05-06-21-44,1,wsl,medium,10000,2,delete,20000,498.41937,4.0123396,3.9694934,4.589474,5.4867187,2.720431,21.205479,47.49523809523809,68.05761904761906,780.5238095238095,201.59047619047618,0.0,0.0,0.0,0.0,21
foundationdb,2026-07-05-06-21-44,1,wsl,medium,10000,2,insert,20000,463.29214,4.3168836,4.1012163,6.396073,7.6299534,3.023836,20.01922,48.94521739130435,53.33173913043478,571.3913043478261,200.9913043478261,0.0,0.0,0.0,0.0,23
foundationdb,2026-07-05-06-21-44,1,wsl,medium,10000,2,read,20000,1501.0305,1.3316513,1.300314,1.7363071,2.067743,0.771255,9.771571,47.21857142857142,124.13857142857144,792.3571428571429,194.52857142857144,0.0,0.0,0.0,0.0,7
foundationdb,2026-07-05-06-21-44,1,wsl,medium,10000,2,update,20000,481.01816,4.157389,4.099287,4.8519287,5.6211224,2.818019,14.996149,55.28272727272727,69.87363636363636,840.1181818181817,202.1,0.0,0.0,0.0,0.0,22
foundationdb,2026-07-05-06-21-44,1,wsl,medium,10000,4,delete,40000,873.2175,4.5781116,4.417947,5.7729573,6.715323,2.849546,27.615606,71.62875,120.12458333333332,732.7708333333334,311.4875,0.0,0.0,0.0,0.0,24
foundationdb,2026-07-05-06-21-44,1,wsl,medium,10000,4,insert,40000,823.8594,4.853532,4.6495476,7.0774918,9.338338,2.830373,20.476828,72.598,83.6452,644.656,301.908,0.0,1024.0,0.0,0.0,25
foundationdb,2026-07-05-06-21-44,1,wsl,medium,10000,4,read,40000,2795.204,1.4284309,1.3886905,1.7829436,2.1492417,0.901251,5.054034,57.347500000000004,288.23875,782.5625,291.2,0.0,0.0,0.0,0.0,8
foundationdb,2026-07-05-06-21-44,1,wsl,medium,10000,4,update,40000,858.6721,4.6546974,4.4995155,5.8522253,7.446405,2.690769,32.524677,71.44875,98.88958333333333,883.8625000000001,303.15416666666664,0.0,1024.0,0.0,0.0,24
foundationdb,2026-07-05-06-21-44,1,wsl,medium,10000,8,delete,80000,1625.9374,4.9141254,4.6778536,6.3382897,9.773473,2.940131,41.298298,86.00653846153847,177.29884615384617,605.7961538461539,499.54999999999995,0.0,1024.0,0.0,0.0,26
foundationdb,2026-07-05-06-21-44,1,wsl,medium,10000,8,insert,80000,1427.0923,5.5929093,5.141352,8.041749,14.995306,3.102535,44.795216,84.9241379310345,150.24724137931034,850.9586206896552,501.0655172413793,0.0,1024.0,0.0,0.0,29
foundationdb,2026-07-05-06-21-44,1,wsl,medium,10000,8,read,80000,4331.1514,1.8389727,1.7870125,2.3123786,3.2123609,1.174228,5.770681,91.09,455.36199999999997,782.85,478.36,0.0,0.0,0.0,0.0,10
foundationdb,2026-07-05-06-21-44,1,wsl,medium,10000,8,update,80000,1480.5414,5.394644,5.0587244,7.2001595,13.381723,3.106398,65.01467,87.9967857142857,162.19321428571428,970.2428571428571,499.7214285714286,0.0,1024.0,0.0,0.0,28
foundationdb,2026-07-05-06-21-44,1,wsl,medium,100000,1,delete,100000,239.94447,4.167631,4.0297356,4.8245616,6.446616,2.892293,151.99162,45.21038277511961,24.32861244019139,4434.218870813397,113.75406698564592,266.2400000000007,2048.0,0.0,0.0,209
foundationdb,2026-07-05-06-21-44,1,wsl,medium,100000,1,insert,100000,250.7923,3.9873633,3.946672,4.62798,5.1145735,2.776225,31.346159,38.84243781094527,24.706616915422885,690.4258706467662,144.96965174129355,0.0,2048.0,0.0,0.0,201
foundationdb,2026-07-05-06-21-44,1,wsl,medium,100000,1,read,100000,761.7765,1.3127209,1.2479916,1.932131,2.4736907,0.688764,25.909481,36.22194029850746,61.651343283582094,3554.135880597015,102.6776119402985,194.55999999999995,0.0,0.0,0.0,67
foundationdb,2026-07-05-06-21-44,1,wsl,medium,100000,1,update,100000,243.44012,4.107786,4.0050745,4.732369,5.26971,2.852528,51.210773,40.296956521739126,23.16314009661836,4737.261449275362,115.44913043478262,143.36000000000058,1024.0,0.0,0.0,207
foundationdb,2026-07-05-06-21-44,1,wsl,medium,100000,2,delete,200000,457.5989,4.3703914,4.151004,4.876442,5.9612913,2.655884,92.91926,52.92559633027523,39.71247706422018,4580.5539816513765,173.4848623853211,163.83999999999924,1024.0,0.0,10.240000000000009,218
foundationdb,2026-07-05-06-21-44,1,wsl,medium,100000,2,insert,200000,479.75943,4.168486,4.1116896,4.862255,5.6600604,2.687269,18.4822,51.53942857142857,45.04338095238096,1172.404857142857,198.60238095238094,0.0,3072.0,0.0,10.240000000000009,210
foundationdb,2026-07-05-06-21-44,1,wsl,medium,100000,2,read,200000,1354.8116,1.4430072,1.4079504,1.9273103,2.3473861,0.707,13.549552,51.89426666666667,123.46839999999999,3696.8994133333335,162.26399999999998,133.12000000000012,0.0,0.0,10.240000000000009,75
foundationdb,2026-07-05-06-21-44,1,wsl,medium,100000,2,update,200000,464.85788,4.302135,4.158121,4.955448,6.108554,2.690546,128.27773,50.87691244239632,45.81230414746544,4677.641437788018,171.79769585253456,153.59999999999945,4096.0,0.0,10.240000000000009,217
foundationdb,2026-07-05-06-21-44,1,wsl,medium,100000,4,delete,400000,885.304,4.5171657,4.364547,5.515409,6.5213404,2.808915,41.98265,76.62672566371681,78.87008849557522,4961.411398230089,279.7796460176991,296.96000000000004,1024.0,0.0,0.0,226
foundationdb,2026-07-05-06-21-44,1,wsl,medium,100000,4,insert,400000,862.0115,4.638876,4.5002675,5.7725897,7.790054,2.679511,69.16316,73.58132478632479,83.47794871794872,1919.1772991452992,301.64444444444445,0.0,7168.0,0.0,10.240000000000009,234
foundationdb,2026-07-05-06-21-44,1,wsl,medium,100000,4,read,400000,2452.8032,1.6003711,1.564721,2.0331373,2.4827507,0.789743,33.419476,74.53999999999999,229.08915662650605,3864.6006746987955,266.2012048192771,337.91999999999985,0.0,0.0,0.0,83
foundationdb,2026-07-05-06-21-44,1,wsl,medium,100000,4,update,400000,851.27576,4.69824,4.5165663,5.842389,8.332829,2.755321,54.1421,77.2171729957806,82.56873417721519,4560.662683544304,281.75274261603374,440.3200000000006,7168.0,0.0,0.0,237
foundationdb,2026-07-05-06-21-44,1,wsl,medium,100000,8,delete,800000,1056.7823,7.555257,6.238068,12.246036,17.492964,3.112111,166.44138,94.8883597883598,102.31502645502646,4724.03437037037,489.0949735449735,563.2000000000007,3072.0,0.0,20.480000000000018,378
foundationdb,2026-07-05-06-21-44,1,wsl,medium,100000,8,insert,800000,1389.7496,5.750533,5.169512,7.774854,22.99036,2.880478,109.56914,91.08439446366782,129.36643598615916,3058.8935086505194,486.41660899653976,1289.32,13312.0,0.0,10.240000000000009,289
foundationdb,2026-07-05-06-21-44,1,wsl,medium,100000,8,read,800000,3099.871,2.554088,2.2469964,3.39917,11.466026,1.024999,63.204556,95.82223076923077,302.87,4259.934523076923,474.7761538461539,2478.08,0.0,19.0,20.47999999999979,130
foundationdb,2026-07-05-06-21-44,1,wsl,medium,100000,8,update,800000,1299.5325,6.140845,5.3079123,10.093615,24.317905,2.981298,167.38696,94.33436893203883,121.72825242718446,4680.3228996763755,480.5241100323625,993.2799999999997,13312.0,13.0,20.480000000000018,309
foundationdb,2026-07-05-06-21-44,1,wsl,small,0,1,mix_10W_90R,10000,555.95013,1.7987226,1.582412,3.8679342,4.375728,0.938018,19.85892,39.56463157894737,30.221684210526316,510.80526315789473,124.1642105263158,0.0,0.0,0.0,10.240000000000009,95
foundationdb,2026-07-05-06-21-44,1,wsl,small,0,1,mix_50W_50R,20000,340.6295,2.9357412,3.2898335,4.7498064,5.6263804,0.923142,193.68462,39.56463157894737,30.221684210526316,510.80526315789473,124.1642105263158,0.0,0.0,0.0,10.240000000000009,95
foundationdb,2026-07-05-06-21-44,1,wsl,small,0,1,mix_90W_10R,10000,271.2783,3.6862516,3.830991,4.5269475,4.9360266,0.999683,35.71385,39.56463157894737,30.221684210526316,510.80526315789473,124.1642105263158,0.0,0.0,0.0,10.240000000000009,95
foundationdb,2026-07-05-06-21-44,1,wsl,small,0,2,mix_10W_90R,20000,1088.2358,1.8314958,1.6032845,3.9114535,4.448944,0.882323,15.688354,50.18623655913978,63.70268817204301,511.4623655913978,163.49462365591398,0.0,0.0,0.0,0.0,93
foundationdb,2026-07-05-06-21-44,1,wsl,small,0,2,mix_50W_50R,40000,736.1739,2.7153127,2.8645625,4.324526,4.781857,0.87150496,26.104927,50.18623655913978,63.70268817204301,511.4623655913978,163.49462365591398,0.0,0.0,0.0,0.0,93
foundationdb,2026-07-05-06-21-44,1,wsl,small,0,2,mix_90W_10R,20000,525.06464,3.8075867,3.887012,4.6606717,5.494774,1.014476,17.932478,50.18623655913978,63.70268817204301,511.4623655913978,163.49462365591398,0.0,0.0,0.0,0.0,93
foundationdb,2026-07-05-06-21-44,1,wsl,small,0,4,mix_10W_90R,40000,2012.3489,1.9828104,1.721781,4.2010713,5.066475,0.904236,16.836678,70.20323529411765,111.96941176470587,513.6078431372549,241.21666666666664,0.0,1024.0,0.0,0.0,102
foundationdb,2026-07-05-06-21-44,1,wsl,small,0,4,mix_50W_50R,80000,1330.0427,3.0051835,3.017267,5.0362716,5.8412113,0.91571903,29.958015,70.20323529411765,111.96941176470587,513.6078431372549,241.21666666666664,0.0,1024.0,0.0,0.0,102
foundationdb,2026-07-05-06-21-44,1,wsl,small,0,4,mix_90W_10R,40000,952.9349,4.1947885,4.2558794,5.4211564,6.1743174,1.066777,19.748943,70.20323529411765,111.96941176470587,513.6078431372549,241.21666666666664,0.0,1024.0,0.0,0.0,102
foundationdb,2026-07-05-06-21-44,1,wsl,small,0,8,mix_10W_90R,80000,3431.7734,2.3269198,2.056062,4.6934595,5.7467003,0.964801,21.08246,90.57945945945946,190.91234234234236,517.5333333333333,391.911981981982,0.0,0.0,0.0,10.240000000000009,111
foundationdb,2026-07-05-06-21-44,1,wsl,small,0,8,mix_50W_50R,160000,2452.3684,3.2494102,3.2826834,5.3907137,6.165914,0.914783,23.050491,90.57945945945946,190.91234234234236,517.5333333333333,391.911981981982,0.0,0.0,0.0,10.240000000000009,111
foundationdb,2026-07-05-06-21-44,1,wsl,small,0,8,mix_90W_10R,80000,1821.3588,4.377878,4.4825106,5.725858,6.505626,1.063868,23.033487,90.57945945945946,190.91234234234236,517.5333333333333,391.911981981982,0.0,0.0,0.0,10.240000000000009,111
foundationdb,2026-07-05-06-21-44,1,wsl,small,10000,1,delete,10000,254.19041,3.9340587,3.9126034,4.5036707,4.893848,2.8892,18.368422,38.914,23.7025,111.75,83.217,0.0,88.0,0.0,1.540000000000001,20
foundationdb,2026-07-05-06-21-44,1,wsl,small,10000,1,insert,10000,160.32306,6.237406,5.969872,7.107889,9.080837,4.163782,47.200092,25.5253125,32.7771875,42.4003125,46.2875,0.0,53.703515625,0.0,0.00400390625,32
foundationdb,2026-07-05-06-21-44,1,wsl,small,10000,1,read,10000,895.1223,1.1171658,1.077601,1.5863754,1.9116316,0.64172,3.648136,30.72714285714286,124.36285714285714,100.04571428571428,87.08571428571429,0.0,5.0,0.0,1.54,7
foundationdb,2026-07-05-06-21-44,1,wsl,small,10000,1,update,10000,213.9905,4.673105,3.9753265,4.6958356,37.831345,2.958035,131.6398,29.613333333333333,31.72875,91.89541666666666,83.37625,0.0,49.0,0.0,2.41,24
foundationdb,2026-07-05-06-21-44,1,wsl,small,10000,2,delete,20000,493.24646,4.053967,3.964741,4.6846476,5.3734274,2.489959,58.277992,47.08809523809524,55.301428571428566,110.9,119.67619047619047,0.0,88.20000000000005,0.0,0.1999999999999993,21
foundationdb,2026-07-05-06-21-44,1,wsl,small,10000,2,insert,20000,287.9324,6.9460654,6.018601,8.553092,43.046097,2.797748,123.12399,36.05714285714286,28.344857142857144,55.58914285714285,92.0942857142857,0.0,94.3,0.0,0.18837890625,35
foundationdb,2026-07-05-06-21-44,1,wsl,small,10000,2,read,20000,1552.1078,1.2878609,1.262336,1.6906996,1.9874344,0.733705,3.30189,43.96714285714285,140.88,93.47857142857143,119.65714285714286,0.0,0.0,0.0,0.0,7
foundationdb,2026-07-05-06-21-44,1,wsl,small,10000,2,update,20000,500.33527,3.996979,3.9709554,4.602054,4.9648414,2.744407,14.870741,42.05047619047619,66.92428571428572,96.34142857142858,120.81904761904761,0.0,63.0,0.0,0.1999999999999993,21
foundationdb,2026-07-05-06-21-44,1,wsl,small,10000,4,delete,40000,923.31244,4.3300486,4.2024364,5.3664117,6.372462,2.687117,36.43468,63.53478260869565,140.9891304347826,116.76521739130435,199.91304347826087,0.0,112.63999999999987,0.0,0.39000000000000057,23
foundationdb,2026-07-05-06-21-44,1,wsl,small,10000,4,insert,40000,824.24426,4.850536,4.1766543,7.2047143,9.071102,2.708786,79.11034,57.8172,76.5212,74.648,185.7996,0.0,124.0,0.0,0.3759765625,25
foundationdb,2026-07-05-06-21-44,1,wsl,small,10000,4,read,40000,2985.623,1.338853,1.30187,1.6886504,2.0106134,0.842053,3.8114,53.9675,356.6775,94.64875,210.6375,0.0,0.0,0.0,0.0,8
foundationdb,2026-07-05-06-21-44,1,wsl,small,10000,4,update,40000,935.0529,4.275087,4.1025424,5.3827033,5.9751244,2.701844,19.288374,64.57681818181818,87.46909090909091,103.60181818181817,190.87318181818182,0.0,119.0,0.0,0.39000000000000057,22
foundationdb,2026-07-05-06-21-44,1,wsl,small,10000,8,delete,80000,1653.6531,4.8205237,4.7672453,6.067977,7.249332,2.838466,19.983051,83.2436,182.37079999999997,123.568,341.092,0.0,163.84000000000015,0.0,0.8099999999999987,25
foundationdb,2026-07-05-06-21-44,1,wsl,small,10000,8,insert,80000,1316.4143,6.06997,4.553112,7.0874443,40.656532,2.826405,99.09646,62.64125,145.49875,94.31281249999999,334.215,0.0,189.0,0.0,0.7816406250000001,32
foundationdb,2026-07-05-06-21-44,1,wsl,small,10000,8,read,80000,4422.253,1.800377,1.7366691,2.42257,3.173122,1.037714,7.710403,86.071,478.215,95.85600000000001,317.40099999999995,0.0,1.0,0.0,0.6000000000000001,10
foundationdb,2026-07-05-06-21-44,1,wsl,small,10000,8,update,80000,1696.8367,4.7061915,4.71924,5.8266063,6.667947,2.832624,19.394474,81.1075,159.32791666666665,115.40833333333335,346.6333333333334,0.0,170.0,0.0,0.7699999999999996,24
foundationdb,2026-07-05-06-21-44,1,wsl,small,100000,1,delete,100000,253.58772,3.9434087,3.9196146,4.5203924,4.8933306,2.802972,46.84373,38.719040404040406,25.880909090909093,295.98939393939395,87.65333333333334,0.0,716.7999999999993,0.0,3.5,198
foundationdb,2026-07-05-06-21-44,1,wsl,small,100000,1,insert,100000,254.2946,3.932447,3.854972,4.726089,5.8379116,2.768712,51.552834,38.233939393939394,25.543888888888887,119.41868686868688,84.62626262626263,0.0,552.96,0.0,3.4000000000000004,198
foundationdb,2026-07-05-06-21-44,1,wsl,small,100000,1,read,100000,815.6374,1.226035,1.1816084,1.78046,2.1560242,0.658577,6.234256,31.791290322580643,69.33870967741936,280.5048387096774,85.4133870967742,0.0,10.239999999999782,0.0,2.6000000000000014,62
foundationdb,2026-07-05-06-21-44,1,wsl,small,100000,1,update,100000,253.23656,3.9488769,3.925921,4.558326,4.9503584,2.683103,21.992449,36.181060606060605,23.335959595959597,282.47828282828283,86.684898989899,0.0,532.4799999999996,0.0,4.200000000000003,198
foundationdb,2026-07-05-06-21-44,1,wsl,small,100000,2,delete,200000,504.0589,3.9676676,3.942152,4.545189,4.984484,2.486263,28.16399,44.90824120603015,47.54437185929648,296.65929648241206,125.52211055276382,0.0,614.3999999999996,0.0,4.0,199
foundationdb,2026-07-05-06-21-44,1,wsl,small,100000,2,insert,200000,476.5381,4.1968083,3.9384904,4.591276,5.378986,2.450896,114.45978,42.188862559241706,44.937109004739334,134.80236966824646,122.33791469194313,0.0,696.3199999999997,0.0,3.5999999999999996,211
foundationdb,2026-07-05-06-21-44,1,wsl,small,100000,2,read,200000,1455.3667,1.3734732,1.34768,1.7876613,2.153768,0.72419,4.56778,45.796,130.91185714285714,279.2242857142857,124.44714285714285,0.0,0.0,0.0,3.6000000000000014,70
foundationdb,2026-07-05-06-21-44,1,wsl,small,100000,2,update,200000,501.2564,3.9897404,3.963067,4.5889616,4.9722924,2.52716,35.98095,45.1778,44.756800000000005,286.8785,124.654,0.0,727.04,0.0,3.9000000000000057,200
foundationdb,2026-07-05-06-21-44,1,wsl,small,100000,4,delete,400000,918.543,4.3536572,4.225292,5.4156494,6.030123,2.47376,23.658781,69.32807339449542,83.65119266055045,265.9738532110092,201.10504587155964,0.0,1331.2000000000007,0.0,7.0,218
foundationdb,2026-07-05-06-21-44,1,wsl,small,100000,4,insert,400000,905.5814,4.4149537,4.2214622,5.4314766,6.18968,2.587179,114.85543,66.47369369369369,83.28644144144144,166.86396396396398,198.23693693693693,0.0,1382.4,0.0,7.199999999999999,222
foundationdb,2026-07-05-06-21-44,1,wsl,small,100000,4,read,400000,2752.7058,1.4524084,1.4182045,1.8127372,2.2553682,0.862948,6.681859,58.7568918918919,246.32175675675677,271.05405405405406,199.89594594594593,0.0,10.240000000000691,0.0,7.199999999999996,74
foundationdb,2026-07-05-06-21-44,1,wsl,small,100000,4,update,400000,932.024,4.2909994,4.186249,5.271903,6.0765314,2.533037,581.4459,66.56018604651163,82.58990697674417,290.9111627906977,200.6706976744186,0.0,1341.4399999999996,0.0,7.199999999999989,215
foundationdb,2026-07-05-06-21-44,1,wsl,small,100000,8,delete,800000,1633.0538,4.8907976,4.6941695,5.99404,12.1262,2.804343,129.09981,82.8871836734694,142.4830612244898,262.7016326530612,350.50673469387755,0.0,1740.7999999999993,0.0,16.0,245
foundationdb,2026-07-05-06-21-44,1,wsl,small,100000,8,insert,800000,1677.9955,4.761187,4.6604886,5.973426,7.068556,2.718642,114.86864,84.63631799163181,147.92267782426777,247.8146443514644,349.2705020920502,0.0,1986.56,0.0,15.600000000000001,239
foundationdb,2026-07-05-06-21-44,1,wsl,small,100000,8,read,800000,4206.912,1.8963888,1.8514011,2.399965,3.147318,0.882943,104.091866,94.1403125,404.99895833333335,271.6145833333333,349.5021875,0.0,0.0,0.0,14.899999999999999,96
foundationdb,2026-07-05-06-21-44,1,wsl,small,100000,8,update,800000,1566.2714,5.103965,4.788764,5.977486,10.5279045,2.737299,144.44002,78.986875,138.6371875,299.000390625,351.5908203125,0.0,2007.0400000000009,0.0,14.200000000000003,256
foundationdb,2026-07-05-06-21-44,1,wsl,small,1000000,1,delete,1000000,240.91132,4.150905,3.9066644,4.56173,6.005381,2.728335,724.97345,36.89141951219512,21.46448292682927,1781.76,117.69458536585365,6.0,7168.0,0.0,20.480000000000018,2050
foundationdb,2026-07-05-06-21-44,1,wsl,small,1000000,1,insert,1000000,233.22731,4.2876625,3.9692686,4.708825,6.6840467,2.753196,467.31714,35.25888164026095,22.060820130475303,272.8048928238584,90.62038210624418,0.0,5734.4000000000015,0.0,20.0,2146
foundationdb,2026-07-05-06-21-44,1,wsl,small,1000000,1,read,1000000,870.4561,1.148823,1.1048335,1.6859776,1.9895865,0.576169,5.825252,31.128680555555555,65.60366319444444,1727.0240000000001,111.3828125,0.0,0.0,0.0,20.0,576
foundationdb,2026-07-05-06-21-44,1,wsl,small,1000000,1,update,1000000,251.73369,3.972452,3.906797,4.540116,4.949258,2.747562,152.05722,35.82467068878834,22.810688788335845,1726.4773856209151,118.15072900955253,0.0,5529.600000000006,0.0,22.0,1989
foundationdb,2026-07-05-06-21-44,1,wsl,small,1000000,2,delete,2000000,494.8656,4.0414405,3.9761145,4.586409,5.057688,2.433535,119.730644,46.32631265508685,42.62457568238214,1612.5138898263026,156.97399503722085,0.0,6144.0,0.0,40.960000000000036,2015
foundationdb,2026-07-05-06-21-44,1,wsl,small,1000000,2,insert,2000000,486.1506,4.1138234,3.9940054,4.669283,5.349798,2.397867,719.7644,44.160077707625064,43.76906265177271,422.3354541039339,130.84264205925206,0.0,7168.0,0.0,39.0,2059
foundationdb,2026-07-05-06-21-44,1,wsl,small,1000000,2,read,2000000,1570.4407,1.2733063,1.249569,1.6559602,1.9216101,0.657025,7.522577,45.26308777429467,125.39043887147336,1713.8132664576804,152.70062695924764,0.0,102.40000000000146,0.0,40.0,638
foundationdb,2026-07-05-06-21-44,1,wsl,small,1000000,2,update,2000000,498.14627,4.014873,3.980929,4.626054,5.077294,2.430722,41.24324,44.32762070681932,43.94846192135391,1737.9461543056248,158.41493280238925,0.0,7168.0,0.0,39.0,2009
foundationdb,2026-07-05-06-21-44,1,wsl,small,1000000,4,delete,4000000,566.9459,7.0530863,4.406497,25.671488,36.34572,2.403922,236.91658,83.26783101045295,82.12372531939604,1395.020413472706,238.06074332171892,0.0,14336.0,0.0,81.91999999999985,3444
foundationdb,2026-07-05-06-21-44,1,wsl,small,1000000,4,insert,4000000,888.93494,4.499392,4.386259,5.509715,6.332122,2.48562,44.148415,67.93605064415814,77.42569524655708,713.4311417147934,211.5527321190582,0.0,14335.999999999996,5.700000000000003,78.0,2251
foundationdb,2026-07-05-06-21-44,1,wsl,small,1000000,4,read,4000000,2919.5017,1.3697951,1.33294,1.7064,2.024532,0.704759,7.89337,59.597142857142856,232.96004373177843,1714.5252944606414,234.76720116618074,0.0,0.0,0.0,80.0,686
foundationdb,2026-07-05-06-21-44,1,wsl,small,1000000,4,update,4000000,912.8098,4.3810816,4.3048954,5.341319,6.010541,2.501798,704.2279,69.12766879562044,80.33738594890511,1755.1822481751824,237.21984489051096,0.0,14643.199999999997,0.0,78.0,2192
foundationdb,2026-07-05-06-21-44,1,wsl,small,1000000,8,delete,8000000,1773.5273,4.5056777,4.388076,5.643356,6.643586,2.693698,47.31124,88.23810053380782,148.87359875444838,856.5608256227758,397.13589857651243,0.0,17408.0,0.0,153.60000000000014,2248
foundationdb,2026-07-05-06-21-44,1,wsl,small,1000000,8,insert,8000000,1658.5366,4.8193884,4.702829,5.874282,7.04565,2.65126,60.59583,82.81187474077146,137.7176690170054,1353.8437760265451,376.0340066362505,0.0,20275.200000000004,0.0,155.0,2411
foundationdb,2026-07-05-06-21-44,1,wsl,small,1000000,8,read,8000000,4506.008,1.7713523,1.731876,2.20158,2.843392,0.700357,104.35828,95.50198421645997,413.8899436302142,1713.8989312288613,398.62344983089065,0.0,102.39999999999418,0.0,157.0,887
foundationdb,2026-07-05-06-21-44,1,wsl,small,1000000,8,update,8000000,1710.664,4.663404,4.549503,5.777178,6.718718,2.553228,173.34204,84.4317878528657,143.89140718562874,1810.3575431993156,392.7204020530368,8.0,20480.0,0.0,177.24,2338
foundationdb,2026-07-06-03-26-26,2,wsl,medium,0,1,mix_10W_90R,10000,543.7106,1.8392137,1.58501,4.091046,4.6916056,0.95649695,43.048424,39.85438095238095,31.03657142857143,4253.608228571428,101.84666666666666,0.0,0.0,0.0,0.0,105
foundationdb,2026-07-06-03-26-26,2,wsl,medium,0,1,mix_50W_50R,20000,305.67477,3.271451,3.305159,4.747804,5.70059,0.88914,317.93552,39.85438095238095,31.03657142857143,4253.608228571428,101.84666666666666,0.0,0.0,0.0,0.0,105
foundationdb,2026-07-06-03-26-26,2,wsl,medium,0,1,mix_90W_10R,10000,253.1298,3.9505422,4.0549088,4.885467,6.1838574,1.014187,47.201904,39.85438095238095,31.03657142857143,4253.608228571428,101.84666666666666,0.0,0.0,0.0,0.0,105
foundationdb,2026-07-06-03-26-26,2,wsl,medium,0,2,mix_10W_90R,20000,993.9557,1.9971046,1.741601,4.246826,4.851798,1.0039719,16.92272,53.387326732673266,55.274752475247524,3922.8020594059403,157.4841584158416,10.239999999999782,1024.0,0.0,0.0,101
foundationdb,2026-07-06-03-26-26,2,wsl,medium,0,2,mix_50W_50R,40000,662.6938,3.0168052,3.377033,4.8249645,5.313912,0.91149503,56.02562,53.387326732673266,55.274752475247524,3922.8020594059403,157.4841584158416,10.239999999999782,1024.0,0.0,0.0,101
foundationdb,2026-07-06-03-26-26,2,wsl,medium,0,2,mix_90W_10R,20000,482.36957,4.1459045,4.2308345,5.1188245,7.0542464,1.17714,32.643936,53.387326732673266,55.274752475247524,3922.8020594059403,157.4841584158416,10.239999999999782,1024.0,0.0,0.0,101
foundationdb,2026-07-06-03-26-26,2,wsl,medium,0,4,mix_10W_90R,40000,1786.3107,2.230092,1.9438345,4.5235934,5.501051,1.080524,20.770782,75.90172727272727,106.66190909090909,3739.517672727273,264.8281818181818,0.0,2048.0,0.0,10.240000000000009,110
foundationdb,2026-07-06-03-26-26,2,wsl,medium,0,4,mix_50W_50R,80000,1239.1643,3.2259936,3.3494134,5.3368783,6.0775633,0.96244603,47.297703,75.90172727272727,106.66190909090909,3739.517672727273,264.8281818181818,0.0,2048.0,0.0,10.240000000000009,110
foundationdb,2026-07-06-03-26-26,2,wsl,medium,0,4,mix_90W_10R,40000,862.8138,4.633074,4.617255,6.1152782,10.394424,1.15929,51.91987,75.90172727272727,106.66190909090909,3739.517672727273,264.8281818181818,0.0,2048.0,0.0,10.240000000000009,110
foundationdb,2026-07-06-03-26-26,2,wsl,medium,0,8,mix_10W_90R,80000,2840.9402,2.802172,2.41296,5.305157,6.7830267,1.03556,47.67177,93.52092307692307,171.47684615384617,3648.992492307692,479.8918461538462,10.240000000000691,3072.0,0.0,0.0,130
foundationdb,2026-07-06-03-26-26,2,wsl,medium,0,8,mix_50W_50R,160000,2215.0708,3.6037517,3.6557503,5.9195776,6.9224963,1.020545,50.967827,93.52092307692307,171.47684615384617,3648.992492307692,479.8918461538462,10.240000000000691,3072.0,0.0,0.0,130
foundationdb,2026-07-06-03-26-26,2,wsl,medium,0,8,mix_90W_10R,80000,1415.5151,5.6458488,5.1685905,8.230793,25.114618,1.261176,58.228207,93.52092307692307,171.47684615384617,3648.992492307692,479.8918461538462,10.240000000000691,3072.0,0.0,0.0,130
foundationdb,2026-07-06-03-26-26,2,wsl,medium,10000,1,delete,10000,217.97148,4.5877557,4.0892444,4.9949975,21.606867,3.08893,79.14791,37.9,37.21666666666667,763.775,98.59583333333332,0.0,0.0,0.0,0.0,24
foundationdb,2026-07-06-03-26-26,2,wsl,medium,10000,1,insert,10000,238.80937,4.1874404,4.085495,4.8172193,5.3970485,3.193116,30.370525,37.425909090909094,39.722272727272724,480.2681818181818,97.77681818181819,0.0,0.0,0.0,0.0,22
foundationdb,2026-07-06-03-26-26,2,wsl,medium,10000,1,read,10000,810.53864,1.2337475,1.1772275,1.7583154,2.3233323,0.70836,7.859031,31.585714285714285,95.37142857142858,846.2857142857143,92.77142857142857,0.0,0.0,0.0,0.0,7
foundationdb,2026-07-06-03-26-26,2,wsl,medium,10000,1,update,10000,222.90742,4.486167,4.122058,4.9680347,19.426638,3.010914,49.63252,35.62130434782608,21.644347826086957,746.5260869565217,94.18652173913043,0.0,1024.0,0.0,10.240000000000009,23
foundationdb,2026-07-06-03-26-26,2,wsl,medium,10000,2,delete,20000,440.71396,4.5375466,4.1143484,4.9830303,20.806726,2.894844,42.04262,45.31391304347826,39.11086956521739,719.2652173913043,147.1091304347826,0.0,0.0,0.0,0.0,23
foundationdb,2026-07-06-03-26-26,2,wsl,medium,10000,2,insert,20000,457.24875,4.372625,4.2437773,5.0382695,6.478882,2.948817,29.851948,52.391304347826086,66.96043478260869,509.39130434782606,153.27391304347827,0.0,0.0,0.0,0.0,23
foundationdb,2026-07-06-03-26-26,2,wsl,medium,10000,2,read,20000,1461.6848,1.3665205,1.3365325,1.7731084,2.083606,0.76365,10.47478,41.58125,200.58875,738.6374999999999,159.8375,0.0,0.0,0.0,0.0,8
foundationdb,2026-07-06-03-26-26,2,wsl,medium,10000,2,update,20000,419.98663,4.760231,4.2724533,5.214515,23.067696,2.87271,44.479576,43.6124,66.8364,775.628,147.512,0.0,0.0,0.0,0.0,25
foundationdb,2026-07-06-03-26-26,2,wsl,medium,10000,4,delete,40000,785.4306,5.0883183,4.565744,6.157787,22.726265,2.765381,90.820786,68.27807692307692,70.64923076923077,674.4653846153846,247.07346153846154,0.0,1024.0,0.0,0.0,26
foundationdb,2026-07-06-03-26-26,2,wsl,medium,10000,4,insert,40000,764.41846,5.230426,4.7833705,8.191648,16.301023,2.937167,30.044312,68.80740740740741,91.50962962962964,574.6666666666666,254.73333333333335,0.0,1024.0,0.0,0.0,27
foundationdb,2026-07-06-03-26-26,2,wsl,medium,10000,4,read,40000,2691.4592,1.4858698,1.4497066,1.8423278,2.2411127,0.899426,6.093307,60.5725,235.77625,723.3,228.06375,0.0,0.0,0.0,0.0,8
foundationdb,2026-07-06-03-26-26,2,wsl,medium,10000,4,update,40000,819.36426,4.8786798,4.711487,5.9949913,7.650477,2.750866,134.37285,74.59,84.06559999999999,823.7560000000001,255.1,0.0,1024.0,0.0,0.0,25
foundationdb,2026-07-06-03-26-26,2,wsl,medium,10000,8,delete,80000,1579.7615,5.0520787,4.742778,6.3646393,16.22806,2.980705,45.675854,85.10384615384615,169.6073076923077,548.6846153846153,465.4576923076923,0.0,0.0,0.0,0.0,26
foundationdb,2026-07-06-03-26-26,2,wsl,medium,10000,8,insert,80000,1405.7744,5.686096,5.118903,7.957926,19.801546,3.204473,45.902184,84.528,151.58833333333334,784.5,453.96933333333334,0.0,1024.0,0.0,0.0,30
foundationdb,2026-07-06-03-26-26,2,wsl,medium,10000,8,read,80000,4254.439,1.873756,1.829981,2.3035245,3.1124763,1.202954,5.671934,94.03099999999999,432.41700000000003,722.4300000000001,433.8,0.0,0.0,0.0,0.0,10
foundationdb,2026-07-06-03-26-26,2,wsl,medium,10000,8,update,80000,1359.9269,5.8749266,5.084302,8.051472,27.240225,3.198945,75.13894,83.1690322580645,145.6751612903226,900.8677419354839,455.1135483870968,0.0,1024.0,0.0,0.0,31
foundationdb,2026-07-06-03-26-26,2,wsl,medium,100000,1,delete,100000,236.77675,4.2233877,4.0762806,4.792652,6.182814,2.820586,164.23376,44.82919811320755,23.955283018867927,4400.876679245283,89.77466981132075,215.03999999999996,2048.0,0.0,0.0,212
foundationdb,2026-07-06-03-26-26,2,wsl,medium,100000,1,insert,100000,238.47934,4.1932354,4.0922623,4.8342104,5.5364532,2.969436,31.864231,38.40419811320754,23.387028301886794,631.8353773584906,97.45231132075472,0.0,2048.0,0.0,0.0,212
foundationdb,2026-07-06-03-26-26,2,wsl,medium,100000,1,read,100000,742.1761,1.3473891,1.2746335,1.9838829,2.5774825,0.686369,154.7224,36.26764705882353,63.237647058823526,3486.027294117647,91.40470588235294,163.84000000000015,0.0,0.0,0.0,68
foundationdb,2026-07-06-03-26-26,2,wsl,medium,100000,1,update,100000,238.27586,4.196816,4.135193,4.8829823,5.3618636,2.987661,24.477848,39.93400943396227,24.969198113207547,4821.711698113208,95.4979245283019,92.15999999999985,2048.0,0.0,0.0,212
foundationdb,2026-07-06-03-26-26,2,wsl,medium,100000,2,delete,200000,427.8982,4.6739736,4.244108,5.128325,22.265625,2.892284,102.61505,51.53752136752137,41.11008547008547,4544.463863247864,145.51324786324787,153.59999999999945,1024.0,0.0,10.240000000000009,234
foundationdb,2026-07-06-03-26-26,2,wsl,medium,100000,2,insert,200000,432.41946,4.6250186,4.3296843,5.237497,16.735844,2.623205,107.11163,49.95849785407725,43.613218884120165,1112.0356223175966,150.5909871244635,0.0,4096.0,0.0,10.240000000000009,233
foundationdb,2026-07-06-03-26-26,2,wsl,medium,100000,2,read,200000,1314.627,1.4877964,1.4504476,1.9837133,2.4123404,0.710516,154.55188,51.552207792207795,120.14000000000001,3632.128,149.73116883116882,133.1199999999999,0.0,0.0,10.240000000000009,77
foundationdb,2026-07-06-03-26-26,2,wsl,medium,100000,2,update,200000,432.7862,4.6211104,4.330925,5.196177,16.513077,2.851525,151.16106,50.58081896551724,40.883620689655174,4799.7793103448275,148.3551724137931,163.84000000000015,4096.0,1.2000000000000028,10.240000000000009,232
foundationdb,2026-07-06-03-26-26,2,wsl,medium,100000,4,delete,400000,862.2907,4.638209,4.438488,5.589093,6.9489155,2.82139,99.49424,76.05254310344827,78.50521551724138,4931.575172413793,251.26120689655173,286.72000000000025,1024.0,0.0,0.0,232
foundationdb,2026-07-06-03-26-26,2,wsl,medium,100000,4,insert,400000,782.8526,5.1068788,4.686984,6.2019105,18.942259,2.697061,94.98826,70.96778210116732,74.64653696498054,1848.8897743190662,251.95291828793776,0.0,7168.0,8.200000000000003,0.0,257
foundationdb,2026-07-06-03-26-26,2,wsl,medium,100000,4,read,400000,2403.2424,1.6348289,1.597569,2.0787265,2.5895548,0.83742,61.68059,74.5375,219.4847619047619,3891.651047619048,251.24761904761903,327.68000000000006,0.0,0.7999999999999972,0.0,84
foundationdb,2026-07-06-03-26-26,2,wsl,medium,100000,4,update,400000,805.4142,4.9648705,4.683853,6.13142,15.899036,2.907115,158.64307,75.76208,78.5642,4559.228928,251.8256,471.03999999999996,7168.0,2.799999999999997,0.0,250
foundationdb,2026-07-06-03-26-26,2,wsl,medium,100000,8,delete,800000,835.8281,9.5648575,8.747997,15.131894,18.675135,3.21143,234.36209,95.01855345911949,86.83075471698112,4805.488167714885,462.2730607966457,542.7200000000003,3072.0,7.0,20.480000000000018,477
foundationdb,2026-07-06-03-26-26,2,wsl,medium,100000,8,insert,800000,1212.9319,6.590352,5.154502,16.085228,38.03115,2.992672,719.7547,79.6629909365559,114.61963746223564,3003.4786223564956,455.8589425981873,1315.6,13312.0,4.399999999999999,20.480000000000018,331
foundationdb,2026-07-06-03-26-26,2,wsl,medium,100000,8,read,800000,3395.5488,2.3264265,2.255759,3.0120409,4.056673,0.894348,74.35145,105.17806722689076,327.0952941176471,4321.28,456.5581512605042,2232.3199999999997,0.0,15.400000000000006,20.47999999999979,119
foundationdb,2026-07-06-03-26-26,2,wsl,medium,100000,8,update,800000,1231.3699,6.4870696,5.1831946,9.362934,36.34439,3.0322819,771.21814,87.67726993865031,117.38592024539876,4579.3719754601225,461.31469325153375,993.2800000000007,13312.0,2.0,20.480000000000018,326
foundationdb,2026-07-06-03-26-26,2,wsl,small,0,1,mix_10W_90R,10000,573.54456,1.7435437,1.5023955,3.97973,4.4970784,0.93450296,17.724096,37.035319148936175,35.0218085106383,450.21702127659574,79.38755319148936,0.0,0.0,0.0,10.240000000000009,94
foundationdb,2026-07-06-03-26-26,2,wsl,small,0,1,mix_50W_50R,20000,363.18362,2.7534282,3.022618,4.484131,4.8745418,0.882852,17.424995,37.035319148936175,35.0218085106383,450.21702127659574,79.38755319148936,0.0,0.0,0.0,10.240000000000009,94
foundationdb,2026-07-06-03-26-26,2,wsl,small,0,1,mix_90W_10R,10000,263.2459,3.7987297,3.9561172,4.6186132,5.028891,0.98430496,16.847824,37.035319148936175,35.0218085106383,450.21702127659574,79.38755319148936,0.0,0.0,0.0,10.240000000000009,94
foundationdb,2026-07-06-03-26-26,2,wsl,small,0,2,mix_10W_90R,20000,1069.3081,1.8699149,1.6283135,4.0859013,4.669132,0.916824,19.024513,49.367395833333326,55.04145833333333,451.1739583333333,117.58437500000001,0.0,1024.0,0.0,0.0,96
foundationdb,2026-07-06-03-26-26,2,wsl,small,0,2,mix_50W_50R,40000,701.2202,2.8484313,3.0672255,4.566562,4.9642844,0.857598,27.72487,49.367395833333326,55.04145833333333,451.1739583333333,117.58437500000001,0.0,1024.0,0.0,0.0,96
foundationdb,2026-07-06-03-26-26,2,wsl,small,0,2,mix_90W_10R,20000,512.85284,3.8985953,4.036004,4.753488,5.2260833,1.081297,16.653482,49.367395833333326,55.04145833333333,451.1739583333333,117.58437500000001,0.0,1024.0,0.0,0.0,96
foundationdb,2026-07-06-03-26-26,2,wsl,small,0,4,mix_10W_90R,40000,1953.4633,2.043504,1.782692,4.313593,5.173082,0.95721,17.508417,72.00557692307692,106.13105769230768,452.95576923076925,194.07403846153846,0.0,0.0,0.0,0.0,104
foundationdb,2026-07-06-03-26-26,2,wsl,small,0,4,mix_50W_50R,80000,1296.7556,3.079004,3.070595,5.194202,5.888714,0.948504,18.084015,72.00557692307692,106.13105769230768,452.95576923076925,194.07403846153846,0.0,0.0,0.0,0.0,104
foundationdb,2026-07-06-03-26-26,2,wsl,small,0,4,mix_90W_10R,40000,937.944,4.258251,4.33167,5.5021653,6.1918755,1.153211,33.7238,72.00557692307692,106.13105769230768,452.95576923076925,194.07403846153846,0.0,0.0,0.0,0.0,104
foundationdb,2026-07-06-03-26-26,2,wsl,small,0,8,mix_10W_90R,80000,3357.448,2.3718505,2.1030545,4.866436,5.7940903,0.96132797,18.29554,89.26094827586208,189.38060344827588,456.4913793103448,347.54043103448276,0.0,1024.0,1.3999999999999986,10.240000000000009,116
foundationdb,2026-07-06-03-26-26,2,wsl,small,0,8,mix_50W_50R,160000,2359.277,3.3796663,3.365685,5.5907745,6.448353,0.94082,22.887035,89.26094827586208,189.38060344827588,456.4913793103448,347.54043103448276,0.0,1024.0,1.3999999999999986,10.240000000000009,116
foundationdb,2026-07-06-03-26-26,2,wsl,small,0,8,mix_90W_10R,80000,1726.0167,4.6261187,4.726364,5.998286,6.896868,1.037587,28.640745,89.26094827586208,189.38060344827588,456.4913793103448,347.54043103448276,0.0,1024.0,1.3999999999999986,10.240000000000009,116
foundationdb,2026-07-06-03-26-26,2,wsl,small,10000,1,delete,10000,253.86429,3.9391124,3.9068635,4.5489736,4.9848995,2.739861,18.613913,37.96619047619048,35.62380952380953,125.87142857142858,44.48571428571429,0.0,108.24000000000001,0.0,1.54,21
foundationdb,2026-07-06-03-26-26,2,wsl,small,10000,1,insert,10000,170.04199,5.8809,5.8383083,6.8081827,7.4367304,4.201341,19.561293,26.141333333333332,35.52766666666666,39.52466666666667,42.72233333333334,0.0,53.199999999999996,0.04999999999999982,0.00400390625,30
foundationdb,2026-07-06-03-26-26,2,wsl,small,10000,1,read,10000,868.47815,1.1514394,1.098889,1.6996013,2.1071405,0.670623,6.069341,34.16833333333333,64.26,115.71666666666665,41.75,0.0,4.0,0.0,0.0,6
foundationdb,2026-07-06-03-26-26,2,wsl,small,10000,1,update,10000,253.82883,3.939663,3.9150834,4.5483603,4.9235215,2.933992,14.66456,34.39380952380952,52.62714285714286,106.11428571428571,44.269999999999996,0.0,48.0,0.0,2.4,21
foundationdb,2026-07-06-03-26-26,2,wsl,small,10000,2,delete,20000,503.93427,3.9679813,3.943824,4.5537357,4.9128637,2.608723,16.655954,42.73714285714286,75.56095238095239,125.3047619047619,83.54523809523809,0.0,61.440000000000055,0.0,0.1999999999999993,21
foundationdb,2026-07-06-03-26-26,2,wsl,small,10000,2,insert,20000,311.6286,6.4164534,6.486237,8.005186,8.9291,3.114571,23.586428,40.8139393939394,45.25333333333333,55.74969696969697,80.86727272727272,0.0,97.3,0.0,0.28408203125,33
foundationdb,2026-07-06-03-26-26,2,wsl,small,10000,2,read,20000,1557.6898,1.2826773,1.2603265,1.6639161,1.9005945,0.712951,3.468176,44.93571428571429,125.75285714285714,107.8,67.96857142857142,0.0,0.0,0.0,1.5400000000000003,7
foundationdb,2026-07-06-03-26-26,2,wsl,small,10000,2,update,20000,494.0417,4.0479,4.020768,4.6609683,5.070066,2.495239,14.217217,44.172380952380955,81.08809523809524,110.72857142857144,82.83952380952381,0.0,72.0,0.0,0.20000000000000018,21
foundationdb,2026-07-06-03-26-26,2,wsl,small,10000,4,delete,40000,924.8644,4.3207116,4.234222,5.282085,5.926163,2.44923,16.425613,66.33636363636364,79.69045454545454,130.94545454545457,148.2159090909091,0.0,112.63999999999987,0.0,0.39000000000000057,22
foundationdb,2026-07-06-03-26-26,2,wsl,small,10000,4,insert,40000,892.02704,4.482555,4.375896,5.549149,6.05538,2.82084,20.612743,66.76391304347825,81.21826086956521,77.26086956521739,147.73586956521737,0.0,130.0,0.0,0.3759765625,23
foundationdb,2026-07-06-03-26-26,2,wsl,small,10000,4,read,40000,2942.1665,1.3576844,1.318665,1.6991502,2.0307782,0.905502,4.419105,49.67875,331.2575,109.85,150.95,0.0,0.0,0.0,0.0,8
foundationdb,2026-07-06-03-26-26,2,wsl,small,10000,4,update,40000,883.25323,4.5253477,4.4552097,5.6066227,6.1631107,2.705082,15.565953,68.94782608695652,81.15782608695652,118.0608695652174,155.2304347826087,0.0,130.0,0.0,0.3899999999999997,23
foundationdb,2026-07-06-03-26-26,2,wsl,small,10000,8,delete,80000,1660.1058,4.811961,4.8477306,5.8316956,6.5047297,2.802818,19.514849,81.2336,169.72439999999997,140.628,294.10040000000004,0.0,174.08000000000015,0.0,0.8100000000000005,25
foundationdb,2026-07-06-03-26-26,2,wsl,small,10000,8,insert,80000,1563.7035,5.097651,4.9044886,7.3947105,8.404934,2.85646,22.980413,76.77692307692308,164.3053846153846,107.55461538461539,295.8346153846154,0.0,179.0,0.06000000000000005,0.7859375,26
foundationdb,2026-07-06-03-26-26,2,wsl,small,10000,8,read,80000,4374.08,1.8124269,1.7541754,2.326578,3.2306201,1.113672,22.798674,87.237,451.0559999999999,109.6,274.798,0.0,1.0,0.0,0.19999999999999973,10
foundationdb,2026-07-06-03-26-26,2,wsl,small,10000,8,update,80000,1665.9843,4.796603,4.832165,5.8121085,6.5215497,2.908173,17.44759,79.0468,171.16080000000002,130.196,294.1596,0.0,176.0,0.0,0.7700000000000005,25
foundationdb,2026-07-06-03-26-26,2,wsl,small,100000,1,delete,100000,255.13052,3.919562,3.8942308,4.496857,4.881448,2.835252,31.66099,38.64188775510204,24.01928571428571,327.85102040816327,48.009234693877545,0.0,716.8000000000011,0.0,2.700000000000003,196
foundationdb,2026-07-06-03-26-26,2,wsl,small,100000,1,insert,100000,253.76923,3.9405882,3.917396,4.537965,4.8989005,2.850526,16.127068,36.251969696969695,24.93010101010101,136.82878787878786,43.68075757575758,0.0,552.9599999999998,0.0,3.299999999999999,198
foundationdb,2026-07-06-03-26-26,2,wsl,small,100000,1,read,100000,885.41864,1.1294092,1.0881765,1.6053565,1.9715178,0.649987,6.48499,32.27258620689655,72.35517241379311,314.61551724137934,46.38189655172414,0.0,10.239999999999782,0.0,2.0,58
foundationdb,2026-07-06-03-26-26,2,wsl,small,100000,1,update,100000,252.72992,3.956793,3.9310524,4.5700183,4.929527,2.837912,34.896317,35.79849246231156,24.775778894472364,314.5371859296483,47.231155778894475,0.0,542.7199999999993,0.0,3.3999999999999915,199
foundationdb,2026-07-06-03-26-26,2,wsl,small,100000,2,delete,200000,500.98987,3.9918628,3.9669476,4.5591874,4.9382877,2.633176,22.006618,45.235200000000006,45.78955,328.5935,86.15155,0.0,614.3999999999996,0.0,4.0,200
foundationdb,2026-07-06-03-26-26,2,wsl,small,100000,2,insert,200000,497.67438,4.018509,3.9866939,4.621882,5.0150013,2.533027,33.993076,44.33381188118812,46.46920792079208,151.83217821782176,81.97084158415842,0.0,706.56,0.0,3.700000000000001,202
foundationdb,2026-07-06-03-26-26,2,wsl,small,100000,2,read,200000,1540.603,1.2976896,1.271135,1.6839263,1.9502325,0.709545,3.998789,46.03242424242424,132.1269696969697,313.86515151515147,83.77242424242424,0.0,0.0,0.0,3.6000000000000014,66
foundationdb,2026-07-06-03-26-26,2,wsl,small,100000,2,update,200000,487.9999,4.0982776,4.046612,4.7039504,5.1389866,2.632558,25.061556,44.73529126213592,46.241262135922334,318.61990291262134,84.95111650485437,0.0,737.2800000000007,0.0,3.700000000000003,206
foundationdb,2026-07-06-03-26-26,2,wsl,small,100000,4,delete,400000,883.3133,4.526577,4.434027,5.5776615,6.178637,2.678147,23.546955,70.32766519823788,82.70145374449339,298.67092511013215,161.4594713656388,0.0,1331.199999999999,0.0,7.0,227
foundationdb,2026-07-06-03-26-26,2,wsl,small,100000,4,insert,400000,882.3806,4.5314283,4.3101883,5.409974,6.892046,2.589484,104.4952,65.39201754385965,82.8615350877193,185.50394736842105,158.46140350877192,4.0,1372.1600000000003,0.3000000000000007,7.599999999999998,228
foundationdb,2026-07-06-03-26-26,2,wsl,small,100000,4,read,400000,2897.861,1.3801247,1.3447995,1.7027532,2.037175,0.86348397,5.987945,59.56657142857143,237.19299999999998,304.78285714285715,159.6,0.0,10.240000000000691,0.0,7.0,70
foundationdb,2026-07-06-03-26-26,2,wsl,small,100000,4,update,400000,856.8486,4.6666117,4.5211825,5.837654,7.5930333,2.638487,31.991137,66.79833333333333,78.15307692307692,321.9448717948718,161.0465811965812,0.0,1443.8400000000001,0.0,7.700000000000003,234
foundationdb,2026-07-06-03-26-26,2,wsl,small,100000,8,delete,800000,1760.8982,4.5357203,4.4474425,5.6441245,6.5124736,2.725568,35.525757,85.81612334801761,146.46982378854625,295.9405286343612,311.06775330396476,0.0,1740.800000000001,0.0,15.0,227
foundationdb,2026-07-06-03-26-26,2,wsl,small,100000,8,insert,800000,1689.9117,4.726234,4.6818686,5.7876554,6.5383124,2.66654,23.619793,83.08054621848738,147.1008823529412,278.7105042016807,308.67252100840335,0.0,1996.7999999999997,0.6699999999999999,15.5,238
foundationdb,2026-07-06-03-26-26,2,wsl,small,100000,8,read,800000,4412.477,1.8103607,1.7721751,2.2313187,2.9172776,0.92925,7.422478,94.17086956521739,407.0579347826087,305.04021739130434,310.3633695652174,0.0,0.0,0.2400000000000002,16.400000000000006,92
foundationdb,2026-07-06-03-26-26,2,wsl,small,100000,8,update,800000,1654.667,4.8290877,4.714858,5.86899,6.9452944,2.833361,52.30692,82.22987654320988,142.970658436214,331.61069958847736,311.6897530864197,0.0,2058.24,0.129999999999999,15.099999999999994,243
foundationdb,2026-07-06-03-26-26,2,wsl,small,1000000,1,delete,1000000,244.55869,4.088998,4.023012,4.665553,5.120885,2.809915,88.19717,38.151961745953905,22.37,1719.9302873957822,72.92504168710153,0.0,7168.0,0.0,20.480000000000018,2039
foundationdb,2026-07-06-03-26-26,2,wsl,small,1000000,1,insert,1000000,253.10567,3.950919,3.924502,4.553396,4.9266872,2.751335,68.40513,36.52810101010101,23.80507070707071,304.65085858585854,51.294252525252524,0.0,5631.999999999998,0.0,21.0,1980
foundationdb,2026-07-06-03-26-26,2,wsl,small,1000000,1,read,1000000,873.52686,1.1447845,1.0985055,1.6576593,2.0040646,0.628594,6.336844,31.45451219512195,65.3895818815331,1703.4329198606272,55.95040069686411,0.0,102.40000000000146,0.0,21.0,574
foundationdb,2026-07-06-03-26-26,2,wsl,small,1000000,1,update,1000000,243.86276,4.100667,4.028569,4.7175364,5.2322216,2.889499,87.82779,35.903102776424745,22.652956648806622,1704.5150862152948,62.22153433999026,0.0,5529.599999999991,0.0,23.0,2053
foundationdb,2026-07-06-03-26-26,2,wsl,small,1000000,2,delete,2000000,481.17847,4.1564384,4.096962,4.7546425,5.2984505,2.596192,46.453285,46.82777027027027,42.39407818532818,1550.0167413127413,112.69744208494208,0.0,6144.0,0.0,40.960000000000036,2072
foundationdb,2026-07-06-03-26-26,2,wsl,small,1000000,2,insert,2000000,481.72946,4.1515727,4.088525,4.779889,5.33476,2.582843,47.556507,45.57440327237729,43.57117901828681,457.14234841193456,90.6342781520693,0.0,7577.600000000002,0.0,39.0,2078
foundationdb,2026-07-06-03-26-26,2,wsl,small,1000000,2,read,2000000,1528.8341,1.3076987,1.282056,1.700379,1.9866471,0.660547,7.452989,45.40609160305344,124.03731297709923,1690.356665648855,96.95638167938931,0.0,0.0,0.0,39.0,655
foundationdb,2026-07-06-03-26-26,2,wsl,small,1000000,2,update,2000000,478.33093,4.1811843,4.116772,4.802593,5.2827625,2.547046,33.864902,46.2454132823698,43.58369804108934,1712.3917056856187,101.3160105112279,0.0,7782.400000000009,3.400000000000002,38.0,2093
foundationdb,2026-07-06-03-26-26,2,wsl,small,1000000,4,delete,4000000,857.8992,4.660982,4.5656586,5.679945,6.438961,2.558928,682.1526,72.33940619621343,76.5984595524957,1298.816660929432,192.6714199655766,0.0,14336.0,0.0,81.91999999999985,2324
foundationdb,2026-07-06-03-26-26,2,wsl,small,1000000,4,insert,4000000,860.714,4.645869,4.531078,5.658718,6.537766,2.499233,655.0808,69.00935886402753,77.08074010327023,746.9210843373494,170.1106583476764,0.0,14643.2,0.0,78.0,2324
foundationdb,2026-07-06-03-26-26,2,wsl,small,1000000,4,read,4000000,2852.92,1.4014689,1.364614,1.731451,2.073248,0.800681,7.01399,59.037364672364674,230.09925925925924,1691.4671225071224,179.30754985754984,0.0,0.0,0.0,79.0,702
foundationdb,2026-07-06-03-26-26,2,wsl,small,1000000,4,update,4000000,856.06036,4.671924,4.560454,5.681569,6.578499,2.626161,650.60583,69.32429610611896,77.434107830552,1726.3456944801026,183.28095849379545,0.0,14950.399999999994,1.7999999999999972,78.0,2337
foundationdb,2026-07-06-03-26-26,2,wsl,small,1000000,8,delete,8000000,1667.8085,4.7936563,4.633919,5.937055,7.37934,2.782823,92.73407,86.96497907949791,142.76443096234308,795.9325372384938,352.3097447698745,11.0,17408.0,0.0,153.60000000000014,2390
foundationdb,2026-07-06-03-26-26,2,wsl,small,1000000,8,insert,8000000,1633.0071,4.893775,4.774328,5.947618,7.01435,2.715535,40.74991,83.60677827684769,140.2228868926092,1334.2480489995917,328.45465087790933,0.0,20377.6,3.09,154.0,2449
foundationdb,2026-07-06-03-26-26,2,wsl,small,1000000,8,read,8000000,4355.2437,1.8315164,1.793736,2.256063,2.933486,0.68947,12.277234,95.24261437908497,406.248082788671,1689.0612287581698,342.36969498910673,0.0,102.40000000000146,0.0,158.0,918
foundationdb,2026-07-06-03-26-26,2,wsl,small,1000000,8,update,8000000,1622.802,4.9247265,4.779576,5.991146,7.443885,2.747251,98.08924,83.33868965517242,139.9453509127789,1752.7938855983773,340.34974036511153,0.0,20684.800000000003,23.200000000000003,178.24,2465
foundationdb,2026-07-07-00-23-02,4,wsl,medium,0,1,mix_10W_90R,10000,543.3511,1.8404309,1.598561,4.040353,4.5795717,0.96895295,17.926107,44.054631578947365,28.982736842105265,4138.350484210526,117.13073684210526,20.479999999999563,0.0,0.0,0.0,95
foundationdb,2026-07-07-00-23-02,4,wsl,medium,0,1,mix_50W_50R,20000,353.53156,2.8286018,3.2299738,4.5994334,5.06403,0.894897,28.035711,44.054631578947365,28.982736842105265,4138.350484210526,117.13073684210526,20.479999999999563,0.0,0.0,0.0,95
foundationdb,2026-07-07-00-23-02,4,wsl,medium,0,1,mix_90W_10R,10000,260.00253,3.8461163,3.9774122,4.7495704,5.55022,1.033549,48.33382,44.054631578947365,28.982736842105265,4138.350484210526,117.13073684210526,20.479999999999563,0.0,0.0,0.0,95
foundationdb,2026-07-07-00-23-02,4,wsl,medium,0,2,mix_10W_90R,20000,998.8034,1.9991043,1.7429465,4.1961393,4.7629576,1.077203,43.547077,51.8889898989899,55.64787878787879,3805.9804444444444,173.56545454545454,10.239999999999782,1024.0,0.0,0.0,99
foundationdb,2026-07-07-00-23-02,4,wsl,medium,0,2,mix_50W_50R,40000,681.71045,2.9296227,3.290711,4.6634216,5.079443,0.95297396,59.81757,51.8889898989899,55.64787878787879,3805.9804444444444,173.56545454545454,10.239999999999782,1024.0,0.0,0.0,99
foundationdb,2026-07-07-00-23-02,4,wsl,medium,0,2,mix_90W_10R,20000,492.25208,4.0615125,4.1551943,5.023253,7.0136576,1.168307,19.129465,51.8889898989899,55.64787878787879,3805.9804444444444,173.56545454545454,10.239999999999782,1024.0,0.0,0.0,99
foundationdb,2026-07-07-00-23-02,4,wsl,medium,0,4,mix_10W_90R,40000,1809.5612,2.2080874,1.931095,4.449069,5.39337,1.07991,13.216731,77.84472222222222,106.59101851851852,3591.973925925926,283.05833333333334,0.0,2048.0,0.0,0.0,108
foundationdb,2026-07-07-00-23-02,4,wsl,medium,0,4,mix_50W_50R,80000,1252.725,3.1908548,3.2876315,5.345577,6.0012774,0.95926,27.58617,77.84472222222222,106.59101851851852,3591.973925925926,283.05833333333334,0.0,2048.0,0.0,0.0,108
foundationdb,2026-07-07-00-23-02,4,wsl,medium,0,4,mix_90W_10R,40000,879.37213,4.542729,4.529908,6.0033445,8.750679,1.161549,47.267708,77.84472222222222,106.59101851851852,3591.973925925926,283.05833333333334,0.0,2048.0,0.0,0.0,108
foundationdb,2026-07-07-00-23-02,4,wsl,medium,0,8,mix_10W_90R,80000,2842.5752,2.8057766,2.451882,5.153659,6.6150103,1.122874,43.056793,96.62216000000001,179.31736,3497.435136,499.6968,0.0,3072.0,0.0,10.240000000000009,125
foundationdb,2026-07-07-00-23-02,4,wsl,medium,0,8,mix_50W_50R,160000,2237.4478,3.5695367,3.6262383,5.844818,6.7738338,1.0109531,53.037544,96.62216000000001,179.31736,3497.435136,499.6968,0.0,3072.0,0.0,10.240000000000009,125
foundationdb,2026-07-07-00-23-02,4,wsl,medium,0,8,mix_90W_10R,80000,1525.3975,5.2314205,5.0232487,7.25994,13.871929,1.315398,45.95567,96.62216000000001,179.31736,3497.435136,499.6968,0.0,3072.0,0.0,10.240000000000009,125
foundationdb,2026-07-07-00-23-02,4,wsl,medium,10000,1,delete,10000,219.47766,4.5562725,4.0805454,5.01142,19.825848,2.986416,80.75538,38.14666666666667,46.05875,758.5041666666666,125.44583333333333,0.0,0.0,0.0,0.0,24
foundationdb,2026-07-07-00-23-02,4,wsl,medium,10000,1,insert,10000,238.78168,4.1879263,4.0943365,4.8163123,5.445972,3.007373,27.55078,37.35727272727273,38.035,476.72727272727275,121.84545454545454,4.0,0.0,0.0,0.0,22
foundationdb,2026-07-07-00-23-02,4,wsl,medium,10000,1,read,10000,816.0191,1.2254615,1.1539924,1.8035519,2.494852,0.715913,7.361716,31.155714285714286,106.52714285714286,844.157142857143,119.97142857142856,0.0,0.0,0.0,0.0,7
foundationdb,2026-07-07-00-23-02,4,wsl,medium,10000,1,update,10000,222.15909,4.501279,4.1266594,5.015433,19.447302,3.005558,46.309765,35.90608695652174,22.424347826086954,744.6913043478262,123.42608695652174,0.0,1024.0,0.0,10.240000000000009,23
foundationdb,2026-07-07-00-23-02,4,wsl,medium,10000,2,delete,20000,434.67688,4.6008186,4.1578245,5.0073576,22.019606,2.89935,96.898094,44.48208333333333,62.718333333333334,715.625,174.5,0.0,1024.0,0.0,0.0,24
foundationdb,2026-07-07-00-23-02,4,wsl,medium,10000,2,insert,20000,455.08224,4.3947463,4.2568154,5.075711,6.5939355,2.800877,31.809961,47.95782608695652,61.21869565217391,507.52608695652174,177.07391304347826,0.0,0.0,0.0,0.0,23
foundationdb,2026-07-07-00-23-02,4,wsl,medium,10000,2,read,20000,1436.0804,1.391866,1.3634839,1.8104806,2.1300726,0.79975295,8.828357,42.4325,169.7475,732.5375,181.20000000000002,0.0,0.0,0.0,0.0,8
foundationdb,2026-07-07-00-23-02,4,wsl,medium,10000,2,update,20000,420.98105,4.7503514,4.283216,5.2193255,22.99778,3.195516,116.79084,46.574799999999996,63.003600000000006,772.904,180.6,0.0,0.0,0.0,0.0,25
foundationdb,2026-07-07-00-23-02,4,wsl,medium,10000,4,delete,40000,850.31415,4.699263,4.4749002,5.8039746,8.46544,2.760986,33.056614,70.13250000000001,85.56,672.6333333333333,281.9458333333333,0.0,0.0,0.0,0.0,24
foundationdb,2026-07-07-00-23-02,4,wsl,medium,10000,4,insert,40000,763.3506,5.2335663,4.772984,8.633358,15.553251,2.961032,30.517818,71.16074074074074,77.08555555555556,576.3407407407408,273.80074074074076,0.0,1024.0,0.0,0.0,27
foundationdb,2026-07-07-00-23-02,4,wsl,medium,10000,4,read,40000,2679.173,1.4886894,1.4591169,1.8227984,2.1362562,0.97421,3.911653,61.30875,245.16375,721.6125,277.75,0.0,0.0,0.0,0.0,8
foundationdb,2026-07-07-00-23-02,4,wsl,medium,10000,4,update,40000,827.1674,4.833689,4.7353573,5.978854,7.2407184,2.890425,27.78188,74.9948,98.72319999999999,820.5039999999999,282.35200000000003,0.0,1024.0,0.0,0.0,25
foundationdb,2026-07-07-00-23-02,4,wsl,medium,10000,8,delete,80000,1598.7766,4.9922853,4.665074,6.300551,16.431566,3.03795,43.087273,84.94961538461538,173.6680769230769,545.0923076923077,479.08076923076925,0.0,0.0,0.0,0.0,26
foundationdb,2026-07-07-00-23-02,4,wsl,medium,10000,8,insert,80000,1416.4075,5.637768,5.099208,7.878048,19.285532,3.258472,46.867065,83.946,160.262,787.08,480.64000000000004,0.0,1024.0,0.0,0.0,30
foundationdb,2026-07-07-00-23-02,4,wsl,medium,10000,8,read,80000,4219.119,1.8910666,1.8452765,2.3514147,3.1126864,1.196426,9.582771,94.012,438.60200000000003,722.24,493.35,0.0,0.0,0.0,0.0,10
foundationdb,2026-07-07-00-23-02,4,wsl,medium,10000,8,update,80000,1289.3115,6.1929407,5.0534697,9.837853,34.343475,3.15441,78.74952,78.1759375,138.340625,887.271875,481.263125,0.0,1024.0,0.0,0.0,32
foundationdb,2026-07-07-00-23-02,4,wsl,medium,100000,1,delete,100000,221.4588,4.5155125,4.0532293,4.968514,25.579174,2.951071,104.5266,43.42137168141593,22.394070796460177,4460.2268318584065,118.08185840707965,266.2399999999998,1024.0,0.0,0.0,226
foundationdb,2026-07-07-00-23-02,4,wsl,medium,100000,1,insert,100000,238.48221,4.193185,4.0990562,4.8392873,5.4797945,2.969702,35.49874,38.70872641509434,23.409481132075474,625.9207547169812,124.55094339622642,0.0,2048.0,0.0,0.0,212
foundationdb,2026-07-07-00-23-02,4,wsl,medium,100000,1,read,100000,739.247,1.3527278,1.2795451,2.01559,2.6118846,0.690961,17.104958,36.808088235294115,59.36161764705883,3495.4089411764703,102.94323529411766,143.3599999999999,0.0,0.0,0.0,68
foundationdb,2026-07-07-00-23-02,4,wsl,medium,100000,1,update,100000,242.92493,4.116498,4.0442142,4.7916183,5.291589,2.895943,42.759853,40.95870192307692,25.418221153846154,4758.227692307692,120.95913461538461,174.07999999999993,2048.0,0.0,0.0,208
foundationdb,2026-07-07-00-23-02,4,wsl,medium,100000,2,delete,200000,467.89447,4.274454,4.1099405,4.8102856,5.677709,2.779905,128.11147,54.33228971962617,42.80542056074766,4597.147514018691,176.7808411214953,163.84000000000015,1024.0,0.0,0.0,214
foundationdb,2026-07-07-00-23-02,4,wsl,medium,100000,2,insert,200000,437.87085,4.5674686,4.2047687,5.060773,18.271935,2.636053,237.00868,48.217543859649126,41.4290350877193,1099.475701754386,176.21184210526317,0.0,4096.0,0.0,10.240000000000009,228
foundationdb,2026-07-07-00-23-02,4,wsl,medium,100000,2,read,200000,1316.7887,1.4871953,1.4513144,1.9806843,2.4061198,0.739472,88.9307,52.21688311688312,119.25103896103896,3647.9933506493508,160.2922077922078,153.60000000000014,0.0,0.0,10.240000000000009,77
foundationdb,2026-07-07-00-23-02,4,wsl,medium,100000,2,update,200000,454.5636,4.3990574,4.2326717,5.040922,7.0651374,2.818043,111.94097,50.969144144144146,45.576261261261266,4693.158054054054,174.890990990991,174.07999999999993,4096.0,1.0,10.240000000000009,222
foundationdb,2026-07-07-00-23-02,4,wsl,medium,100000,4,delete,400000,882.1208,4.5340495,4.312837,5.3411136,7.637468,2.830486,92.875496,74.07022026431717,80.48418502202644,4962.497973568282,283.18325991189425,337.9200000000001,2048.0,0.0,10.240000000000009,227
foundationdb,2026-07-07-00-23-02,4,wsl,medium,100000,4,insert,400000,781.13794,5.118424,4.570273,6.2123375,23.942892,2.705292,206.31813,69.07926356589148,76.94569767441861,1826.2603410852714,269.4042635658915,10.0,7168.0,4.699999999999989,0.0,258
foundationdb,2026-07-07-00-23-02,4,wsl,medium,100000,4,read,400000,2406.7354,1.6298462,1.5938439,2.0662763,2.5411053,0.85005796,13.088765,74.11583333333334,220.24011904761903,3912.1432380952383,261.79285714285714,307.1999999999998,0.0,2.0,0.0,84
foundationdb,2026-07-07-00-23-02,4,wsl,medium,100000,4,update,400000,830.09314,4.817851,4.546603,5.920074,11.016622,2.683872,139.82443,75.06586776859504,77.63665289256198,4530.133685950413,279.4826446280992,450.5599999999995,7168.0,0.0,0.0,242
foundationdb,2026-07-07-00-23-02,4,wsl,medium,100000,8,delete,800000,1454.0294,5.4927635,5.344193,7.071028,8.582328,3.064004,46.837776,99.97465454545454,130.12316363636364,4743.33184,492.26545454545453,542.7200000000003,2048.0,0.0,20.480000000000018,275
foundationdb,2026-07-07-00-23-02,4,wsl,medium,100000,8,insert,800000,1368.9675,5.840431,5.0439696,8.176683,26.532112,2.993306,127.017296,86.92724489795918,128.5352380952381,3033.3039455782314,460.33265306122445,1359.28,13312.0,21.400000000000006,20.480000000000018,294
foundationdb,2026-07-07-00-23-02,4,wsl,medium,100000,8,read,800000,3410.1042,2.316795,2.2506595,2.9921825,3.9764142,0.951501,19.695385,105.09440677966101,331.2338135593221,4330.825762711865,469.7350847457627,2355.2000000000003,0.0,41.0,20.47999999999979,118
foundationdb,2026-07-07-00-23-02,4,wsl,medium,100000,8,update,800000,1397.1138,5.7101126,5.076091,7.84904,23.944407,2.90321,99.02779,96.74930555555555,133.74416666666667,4618.410666666667,482.2760416666667,1034.2399999999998,13312.0,7.0,20.480000000000018,288
foundationdb,2026-07-07-00-23-02,4,wsl,small,0,1,mix_10W_90R,10000,577.04083,1.7329795,1.487961,3.987398,4.485813,0.91441303,17.075924,37.1705376344086,31.247204301075268,447.09354838709675,103.447311827957,0.0,0.0,0.0,0.0,93
foundationdb,2026-07-07-00-23-02,4,wsl,small,0,1,mix_50W_50R,20000,366.3077,2.7299454,3.060637,4.4689865,4.8382998,0.877471,23.62217,37.1705376344086,31.247204301075268,447.09354838709675,103.447311827957,0.0,0.0,0.0,0.0,93
foundationdb,2026-07-07-00-23-02,4,wsl,small,0,1,mix_90W_10R,10000,263.97974,3.7881696,3.9334905,4.637088,5.0846543,0.971637,33.325706,37.1705376344086,31.247204301075268,447.09354838709675,103.447311827957,0.0,0.0,0.0,0.0,93
foundationdb,2026-07-07-00-23-02,4,wsl,small,0,2,mix_10W_90R,20000,1058.9135,1.884225,1.6447904,4.088033,4.658847,0.942217,16.351583,49.30350515463917,59.68257731958763,448.0783505154639,142.10309278350516,0.0,1024.0,0.0,10.240000000000009,97
foundationdb,2026-07-07-00-23-02,4,wsl,small,0,2,mix_50W_50R,40000,701.91626,2.8486571,3.098804,4.575796,5.0035815,0.887116,17.529293,49.30350515463917,59.68257731958763,448.0783505154639,142.10309278350516,0.0,1024.0,0.0,10.240000000000009,97
foundationdb,2026-07-07-00-23-02,4,wsl,small,0,2,mix_90W_10R,20000,509.58078,3.92395,4.0560937,4.8088026,5.2895494,1.011113,16.466413,49.30350515463917,59.68257731958763,448.0783505154639,142.10309278350516,0.0,1024.0,0.0,10.240000000000009,97
foundationdb,2026-07-07-00-23-02,4,wsl,small,0,4,mix_10W_90R,40000,1946.8196,2.0492406,1.7903371,4.305999,5.1456895,0.97944,21.11812,71.6748076923077,110.43076923076923,450.0836538461538,219.37019230769232,0.0,0.0,0.0,0.0,104
foundationdb,2026-07-07-00-23-02,4,wsl,small,0,4,mix_50W_50R,80000,1298.549,3.0770738,3.1093674,5.1295056,5.8596907,0.99651897,28.550552,71.6748076923077,110.43076923076923,450.0836538461538,219.37019230769232,0.0,0.0,0.0,0.0,104
foundationdb,2026-07-07-00-23-02,4,wsl,small,0,4,mix_90W_10R,40000,938.5019,4.2579713,4.3301635,5.5002227,6.2188263,1.132803,29.019587,71.6748076923077,110.43076923076923,450.0836538461538,219.37019230769232,0.0,0.0,0.0,0.0,104
foundationdb,2026-07-07-00-23-02,4,wsl,small,0,8,mix_10W_90R,80000,3383.372,2.3501792,2.086633,4.825001,5.738381,0.999829,19.868849,90.31678260869566,183.2089565217391,453.7008695652174,373.6156521739131,0.0,1024.0,0.5,10.240000000000009,115
foundationdb,2026-07-07-00-23-02,4,wsl,small,0,8,mix_50W_50R,160000,2350.4395,3.3954172,3.4000995,5.6172028,6.4267225,0.947086,36.297916,90.31678260869566,183.2089565217391,453.7008695652174,373.6156521739131,0.0,1024.0,0.5,10.240000000000009,115
foundationdb,2026-07-07-00-23-02,4,wsl,small,0,8,mix_90W_10R,80000,1732.0247,4.6053953,4.700246,5.999199,7.061218,1.140737,22.732353,90.31678260869566,183.2089565217391,453.7008695652174,373.6156521739131,0.0,1024.0,0.5,10.240000000000009,115
foundationdb,2026-07-07-00-23-02,4,wsl,small,10000,1,delete,10000,228.48424,4.3766694,4.046358,4.8067155,19.414906,3.067137,43.425663,34.37695652173913,37.16652173913044,155.02608695652174,57.573913043478264,0.0,87.0,0.0,1.54,23
foundationdb,2026-07-07-00-23-02,4,wsl,small,10000,1,insert,10000,160.54436,6.2288084,6.116866,7.3161926,8.903182,4.439614,95.37415,25.755625,34.845,58.404375,46.0034375,0.0,54.7400390625,1.4000000000000021,0.00400390625,32
foundationdb,2026-07-07-00-23-02,4,wsl,small,10000,1,read,10000,862.87134,1.1589212,1.1096985,1.6686608,2.137043,0.681809,4.320367,31.842857142857145,108.78285714285714,149.64285714285714,60.68857142857143,0.0,4.0,0.0,0.0,7
foundationdb,2026-07-07-00-23-02,4,wsl,small,10000,1,update,10000,247.14151,4.0462646,3.9973102,4.657944,5.062976,3.005557,16.929228,34.147619047619045,38.936190476190475,135.1238095238095,57.23428571428572,0.0,48.0,0.0,2.4,21
foundationdb,2026-07-07-00-23-02,4,wsl,small,10000,2,delete,20000,451.73447,4.4273524,4.1091666,4.8588314,19.487259,2.626787,37.504818,39.839130434782604,53.86434782608696,154.47391304347826,91.11130434782608,0.0,87.44000000000005,0.0,0.1899999999999995,23
foundationdb,2026-07-07-00-23-02,4,wsl,small,10000,2,insert,20000,320.03424,6.2492404,6.649972,8.100908,9.033764,3.065801,20.738361,40.96125,44.9184375,85.2890625,86.52125,0.0,95.9,4.300000000000001,0.28408203125,32
foundationdb,2026-07-07-00-23-02,4,wsl,small,10000,2,read,20000,1561.3466,1.280823,1.2471715,1.67027,1.9589869,0.736271,3.762937,43.58857142857143,157.42142857142858,140.28571428571428,91.97857142857143,0.0,1.0,0.0,1.5400000000000003,7
foundationdb,2026-07-07-00-23-02,4,wsl,small,10000,2,update,20000,483.4433,4.1367145,4.0848665,4.7413516,5.1712637,2.866307,17.743143,43.81666666666666,43.61571428571428,139.62857142857143,93.19,0.0,67.0,0.0,0.20000000000000018,21
foundationdb,2026-07-07-00-23-02,4,wsl,small,10000,4,delete,40000,721.5369,5.534461,4.4940796,17.177763,26.717604,2.99564,86.07677,55.89310344827586,109.51206896551724,160.50344827586207,171.58965517241379,0.0,133.1199999999999,0.0,0.3800000000000008,29
foundationdb,2026-07-07-00-23-02,4,wsl,small,10000,4,insert,40000,819.0317,4.877527,4.6000266,7.219264,8.329626,2.531216,30.163752,63.7276,75.476,113.064,160.86960000000002,0.0,134.0,0.0,0.3759765625,25
foundationdb,2026-07-07-00-23-02,4,wsl,small,10000,4,read,40000,2943.3875,1.3568869,1.321442,1.6677495,1.9728351,0.8011,4.199906,52.34,339.03000000000003,141.07500000000002,179.75,0.0,0.0,0.0,0.0,8
foundationdb,2026-07-07-00-23-02,4,wsl,small,10000,4,update,40000,845.7423,4.7267323,4.5518956,6.264157,8.116261,2.86308,19.445734,62.0524,118.3116,149.084,174.3,0.0,129.0,0.0,0.3899999999999997,25
foundationdb,2026-07-07-00-23-02,4,wsl,small,10000,8,delete,80000,1138.8241,7.0074,4.7936287,25.415932,32.722954,2.968467,107.22347,58.21111111111111,108.37972222222223,165.39166666666668,310.8533333333333,0.0,163.84000000000015,0.09999999999999432,0.7299999999999986,36
foundationdb,2026-07-07-00-23-02,4,wsl,small,10000,8,insert,80000,1654.0844,4.827927,4.729906,5.8912764,7.5910068,2.855356,20.950243,78.7404,172.1424,142.164,315.164,0.0,187.0,0.0,0.7859375,25
foundationdb,2026-07-07-00-23-02,4,wsl,small,10000,8,read,80000,4483.331,1.7794645,1.7306765,2.2599454,3.107243,1.013428,8.149363,84.556,469.91400000000004,139.3,282.34000000000003,0.0,0.0,0.0,0.19999999999999973,10
foundationdb,2026-07-07-00-23-02,4,wsl,small,10000,8,update,80000,1542.1094,5.179101,4.834115,7.507578,9.833439,2.834805,29.293858,70.05222222222221,176.74592592592595,159.92592592592592,308.46370370370374,0.0,165.0,0.09999999999999432,0.7700000000000005,27
foundationdb,2026-07-07-00-23-02,4,wsl,small,100000,1,delete,100000,246.62386,4.0547576,4.0011315,4.6297264,5.06068,2.894413,38.68311,37.91876847290641,24.012512315270936,342.93891625615765,61.98847290640394,0.0,614.3999999999996,0.0,2.700000000000003,203
foundationdb,2026-07-07-00-23-02,4,wsl,small,100000,1,insert,100000,240.83275,4.1522593,4.0065484,4.6898613,5.516797,2.942255,86.475006,35.20913461538461,22.405192307692307,162.97211538461536,57.55754807692308,0.0,563.1999999999998,0.0,3.3000000000000007,208
foundationdb,2026-07-07-00-23-02,4,wsl,small,100000,1,read,100000,883.2231,1.1322168,1.0909619,1.6108546,1.9688741,0.64781,4.210133,32.06543859649123,64.90210526315789,331.7421052631579,58.73245614035088,0.0,0.0,0.0,2.799999999999997,57
foundationdb,2026-07-07-00-23-02,4,wsl,small,100000,1,update,100000,245.6985,4.0700293,4.020477,4.6957545,5.099187,2.910512,47.19947,35.54068292682927,23.470048780487804,331.3790243902439,60.827463414634146,0.0,542.7199999999993,0.0,4.699999999999989,205
foundationdb,2026-07-07-00-23-02,4,wsl,small,100000,2,delete,200000,473.4651,4.2240496,4.1274357,4.8556004,5.625596,2.573038,151.1001,46.14599056603774,44.8863679245283,344.272641509434,99.65957547169812,0.0,716.7999999999993,0.0,4.0,212
foundationdb,2026-07-07-00-23-02,4,wsl,small,100000,2,insert,200000,482.3662,4.146165,4.0863695,4.7483773,5.1971493,2.601789,23.512161,44.857692307692304,44.04355769230769,177.8067307692308,95.38894230769232,0.0,737.2800000000002,0.0,3.6999999999999993,208
foundationdb,2026-07-07-00-23-02,4,wsl,small,100000,2,read,200000,1522.8488,1.3132112,1.2841945,1.7039391,1.9960907,0.725544,7.359324,46.93030303030303,125.04560606060606,331.29545454545456,97.08348484848486,0.0,10.239999999999782,0.0,3.4000000000000057,66
foundationdb,2026-07-07-00-23-02,4,wsl,small,100000,2,update,200000,481.46045,4.1536427,4.093051,4.7717543,5.2134495,2.494768,30.122984,44.08909090909091,46.21842105263158,335.54688995215315,98.9178947368421,0.0,727.04,0.0,3.700000000000003,209
foundationdb,2026-07-07-00-23-02,4,wsl,small,100000,4,delete,400000,864.0886,4.6271467,4.52898,5.64362,6.3811445,2.756996,30.696217,69.76,81.52353448275862,313.8905172413793,175.07413793103447,0.0,1331.2000000000007,0.0,7.0,232
foundationdb,2026-07-07-00-23-02,4,wsl,small,100000,4,insert,400000,868.81305,4.6023912,4.5082874,5.610014,6.3486037,2.619974,29.320417,68.28419913419913,80.35796536796536,215.4735930735931,171.5082251082251,6.0,1433.6000000000004,0.0,7.5,231
foundationdb,2026-07-07-00-23-02,4,wsl,small,100000,4,read,400000,2863.866,1.3963515,1.3605705,1.7183251,2.0644128,0.896366,6.548658,58.82281690140845,241.20154929577467,322.15774647887326,173.5676056338028,0.0,0.0,0.0,6.699999999999996,71
foundationdb,2026-07-07-00-23-02,4,wsl,small,100000,4,update,400000,866.8596,4.613199,4.5219436,5.6111617,6.368547,2.61112,33.029312,67.90021551724138,82.72844827586206,338.9681034482759,174.33836206896552,0.0,1464.3199999999997,0.0,7.200000000000003,232
foundationdb,2026-07-07-00-23-02,4,wsl,small,100000,8,delete,800000,1651.7933,4.8388357,4.7350383,5.9035907,6.9700775,2.826755,29.968643,84.45202479338843,141.7273553719008,311.102479338843,324.82190082644627,0.0,1740.7999999999993,0.0,15.0,242
foundationdb,2026-07-07-00-23-02,4,wsl,small,100000,8,insert,800000,1647.0535,4.8495083,4.740361,5.8899765,6.899832,2.782081,30.432142,82.33762295081968,143.52553278688526,299.3811475409836,322.1520491803279,0.0,2017.2799999999997,0.6999999999999957,15.3,244
foundationdb,2026-07-07-00-23-02,4,wsl,small,100000,8,read,800000,4389.081,1.8189747,1.7827585,2.246078,2.9016085,0.931856,11.900565,94.06967391304347,408.4395652173913,322.1467391304348,324.36510869565217,0.0,10.240000000000691,0.30000000000000426,15.000000000000007,92
foundationdb,2026-07-07-00-23-02,4,wsl,small,100000,8,update,800000,1643.5369,4.855704,4.742298,5.900918,7.0118923,2.872842,57.56708,82.48704918032787,142.72827868852457,347.4438524590164,324.98020491803277,0.0,2027.5199999999986,0.0,15.799999999999997,244
foundationdb,2026-07-07-00-23-02,4,wsl,small,1000000,1,delete,1000000,243.69206,4.1035395,4.0394154,4.6878448,5.187193,2.874569,310.59448,38.108675464320626,22.17950146627566,1718.497219941349,96.6725219941349,0.0,6144.0,0.0,20.480000000000018,2046
foundationdb,2026-07-07-00-23-02,4,wsl,small,1000000,1,insert,1000000,245.3451,4.075892,4.0176954,4.6921964,5.1761947,2.838517,36.160564,35.91889759921607,22.874639882410584,320.11871631553163,64.83844683978441,0.0,5734.4,0.0,21.0,2041
foundationdb,2026-07-07-00-23-02,4,wsl,small,1000000,1,read,1000000,877.73926,1.1392905,1.095461,1.632556,1.9941602,0.594809,5.03761,31.24935201401051,65.00155866900175,1703.6436847635728,83.13469352014012,0.0,0.0,0.0,21.0,571
foundationdb,2026-07-07-00-23-02,4,wsl,small,1000000,1,update,1000000,244.14168,4.095982,4.028293,4.705675,5.150614,2.887446,640.96423,36.11967333008288,22.82692832764505,1700.2828512920528,90.0800048756704,0.0,5632.0,0.0,22.0,2051
foundationdb,2026-07-07-00-23-02,4,wsl,small,1000000,2,delete,2000000,477.99402,4.1841297,4.128687,4.774346,5.242104,2.696501,38.304985,47.27748801534036,42.29723873441994,1548.3145081495686,137.41385426653883,0.0,7168.0,0.0,40.960000000000036,2086
foundationdb,2026-07-07-00-23-02,4,wsl,small,1000000,2,insert,2000000,478.8935,4.176097,4.106367,4.805072,5.3674192,2.538634,664.3559,45.379870813397126,43.539435406698566,469.5655502392344,104.08165550239235,0.0,7577.600000000002,0.5,39.0,2090
foundationdb,2026-07-07-00-23-02,4,wsl,small,1000000,2,read,2000000,1512.0057,1.3224149,1.295478,1.717226,2.012527,0.681839,6.085511,44.96355957767722,125.05363499245851,1690.929809954751,124.46711915535444,0.0,0.0,0.0,39.0,663
foundationdb,2026-07-07-00-23-02,4,wsl,small,1000000,2,update,2000000,472.3326,4.234199,4.148865,4.862208,5.483201,2.589974,109.65674,46.115162812647476,43.444497404436056,1710.4115073147711,130.20076451156206,0.0,7680.0,0.0,39.0,2119
foundationdb,2026-07-07-00-23-02,4,wsl,small,1000000,4,delete,4000000,856.4521,4.669249,4.5697284,5.695902,6.5119624,2.564914,40.344536,72.22096261280619,75.8527589170606,1297.6341865062311,217.7218306832832,0.0,13312.0,0.0,81.91999999999985,2327
foundationdb,2026-07-07-00-23-02,4,wsl,small,1000000,4,insert,4000000,863.4997,4.631205,4.54012,5.625032,6.380854,2.527465,47.6807,69.40287009063445,78.02887785930082,757.0293482952093,190.88752697453606,4.0,14643.199999999997,0.7999999999999972,77.0,2317
foundationdb,2026-07-07-00-23-02,4,wsl,small,1000000,4,read,4000000,2816.799,1.4197651,1.38292,1.7488941,2.097773,0.825909,9.905872,58.37966244725739,229.9504641350211,1692.031099859353,206.75105485232066,0.0,102.40000000000146,0.0,80.0,711
foundationdb,2026-07-07-00-23-02,4,wsl,small,1000000,4,update,4000000,851.71814,4.695368,4.6015015,5.69395,6.495019,2.615198,49.34515,69.76372498935717,77.7445508727118,1722.03712899106,209.3818263090677,0.0,15155.199999999997,3.8999999999999986,78.0,2349
foundationdb,2026-07-07-00-23-02,4,wsl,small,1000000,8,delete,8000000,1653.7809,4.834429,4.694994,5.961678,7.3990536,2.740486,661.0855,86.02666804979253,141.08147717842323,791.186132780083,377.45448132780086,5.0,18432.0,0.0,153.60000000000014,2410
foundationdb,2026-07-07-00-23-02,4,wsl,small,1000000,8,insert,8000000,1622.8947,4.9196625,4.787996,6.000551,7.21762,2.731259,310.8298,83.48999594155845,141.09342126623378,1337.9273912337662,352.33987824675324,2.0,20480.0,0.0,155.0,2464
foundationdb,2026-07-07-00-23-02,4,wsl,small,1000000,8,read,8000000,4379.275,1.8228344,1.785638,2.255968,2.931591,0.737694,10.396906,94.98018619934282,408.3025629791895,1689.3218488499451,370.1045673603505,0.0,0.0,0.0,157.0,913
foundationdb,2026-07-07-00-23-02,4,wsl,small,1000000,8,update,8000000,1616.914,4.942021,4.7973413,6.011883,7.4501605,2.738417,688.82996,83.2139264051759,139.4443833400728,1748.5990456934899,370.8518236959159,1.0,21196.800000000003,5.0,178.24,2473
foundationdb,2026-07-08-00-18-31,1,wsl,small,0,1,doc_delete,10000,255.13799,3.9194481,3.9036484,4.5045075,4.8307085,2.870209,18.073833,36.93,23.3155,60.280499999999996,80.65599999999999,0.0,58.0,0.0,0.1875,20
foundationdb,2026-07-08-00-18-31,1,wsl,small,0,1,doc_increment,10000,183.63304,5.445643,5.3326726,6.3617983,7.2009788,3.80203,149.12456,33.621071428571426,43.153571428571425,57.07035714285714,80.2875,0.0,59.0,0.0,0.1884765625,28
foundationdb,2026-07-08-00-18-31,1,wsl,small,0,1,doc_insert,10000,167.24843,5.97913,5.914083,6.9722013,7.681523,4.412823,34.39486,27.181612903225805,34.280967741935484,42.961612903225806,46.09612903225806,0.0,55.3240234375,0.0,0.00400390625,31
foundationdb,2026-07-08-00-18-31,1,wsl,small,0,1,doc_read,10000,858.46185,1.1648741,1.125097,1.6653898,1.9836653,0.699599,2.713455,30.461428571428574,68.33428571428571,51.17714285714286,57.26714285714286,0.0,0.7999999999999972,0.0,0.18837890625,7
foundationdb,2026-07-08-00-18-31,1,wsl,small,0,1,doc_read_partial,10000,818.18945,1.2222109,1.1849091,1.7301819,2.0246203,0.699158,3.178564,27.150000000000002,99.91714285714285,50.951428571428565,75.25142857142858,0.0,0.7999999999999972,0.0,0.0,7
foundationdb,2026-07-08-00-18-31,1,wsl,small,0,1,doc_update_partial,10000,122.54559,8.160228,6.93931,15.191027,44.105087,3.841334,86.41796,24.929756097560976,23.369268292682925,52.18170731707317,79.51048780487804,0.0,53.6,0.0,0.3916015625,41
foundationdb,2026-07-08-00-18-31,1,wsl,small,0,2,doc_delete,20000,509.8117,3.9225223,3.8963645,4.5291314,4.986729,2.613436,11.781062,46.92,45.9565,69.5985,119.57000000000001,0.0,76.0,0.0,0.38000000000000034,20
foundationdb,2026-07-08-00-18-31,1,wsl,small,0,2,doc_increment,20000,353.5424,5.6548915,5.5474167,6.533123,7.75303,3.914151,49.003876,44.78344827586207,77.26793103448276,74.5051724137931,118.97275862068966,0.0,82.0,0.0,0.3899999999999997,29
foundationdb,2026-07-08-00-18-31,1,wsl,small,0,2,doc_insert,20000,396.47943,5.042029,4.0244265,4.909858,38.485115,2.924382,49.782158,38.098846153846154,44.424615384615386,61.81461538461539,117.37846153846155,0.0,74.0,0.0,0.22003906249999994,26
foundationdb,2026-07-08-00-18-31,1,wsl,small,0,2,doc_read,20000,1422.1674,1.4015899,1.378589,1.8122286,2.1398873,0.774037,3.860091,39.3275,171.29125,66.3875,113.58375000000001,0.0,2.0,0.0,0.3900000000000001,8
foundationdb,2026-07-08-00-18-31,1,wsl,small,0,2,doc_read_partial,20000,1356.1079,1.4740645,1.451763,1.902633,2.1913493,0.839364,4.20266,41.2675,134.87125,64.81125,117.8125,0.0,1.0,0.0,0.0,8
foundationdb,2026-07-08-00-18-31,1,wsl,small,0,2,doc_update_partial,20000,348.43646,5.737658,5.657917,6.7459016,7.7932434,3.905959,47.735317,45.86793103448276,67.76103448275862,66.3944827586207,120.04137931034482,0.0,68.0,0.0,0.8,29
foundationdb,2026-07-08-00-18-31,1,wsl,small,0,4,doc_delete,40000,903.5149,4.424679,4.2991753,5.526407,6.142537,2.673355,15.681512,67.24869565217391,104.08260869565218,95.8708695652174,194.1217391304348,0.0,179.4000000000001,0.0,0.7700000000000005,23
foundationdb,2026-07-08-00-18-31,1,wsl,small,0,4,doc_increment,40000,706.1444,5.6630793,5.553394,6.744646,7.934635,3.996082,24.574629,64.93379310344827,142.10620689655173,96.7751724137931,195.98275862068965,0.0,150.0,0.0,0.7699999999999996,29
foundationdb,2026-07-08-00-18-31,1,wsl,small,0,4,doc_insert,40000,765.31274,5.225187,4.35693,6.4318056,37.980988,2.674007,51.151707,53.211481481481485,77.02666666666666,82.88333333333333,189.85962962962964,0.0,124.0,0.0,0.3899999999999997,27
foundationdb,2026-07-08-00-18-31,1,wsl,small,0,4,doc_read,40000,2638.7595,1.5155045,1.4809616,1.9043415,2.4352007,0.960977,4.401161,47.07666666666667,310.9144444444444,90.07333333333332,187.9888888888889,0.0,3.0,0.0,0.77,9
foundationdb,2026-07-08-00-18-31,1,wsl,small,0,4,doc_read_partial,40000,2665.524,1.4997796,1.4611084,1.9228995,2.431325,0.901539,4.743225,55.32125,255.31375,89.0025,194.7375,0.0,0.0,0.0,0.0,8
foundationdb,2026-07-08-00-18-31,1,wsl,small,0,4,doc_update_partial,40000,648.256,6.166792,5.591798,8.719386,12.077723,3.872146,126.76146,56.6975,135.8696875,92.3234375,196.99375,0.0,115.0,0.0,1.6100000000000003,32
foundationdb,2026-07-08-00-18-31,1,wsl,small,0,8,doc_delete,80000,1594.615,4.9927754,4.8226557,6.29147,7.9117126,2.808685,47.841328,82.98461538461538,172.97307692307692,132.52692307692308,333.6423076923077,0.0,245.76,0.0,1.6000000000000014,26
foundationdb,2026-07-08-00-18-31,1,wsl,small,0,8,doc_increment,80000,1110.1824,7.1876,6.978985,9.247315,11.711326,4.359265,110.00441,91.51351351351352,238.54486486486485,129.91351351351352,343.97027027027025,0.0,276.48,0.0,1.5,37
foundationdb,2026-07-08-00-18-31,1,wsl,small,0,8,doc_insert,80000,1623.701,4.9100904,4.8182354,5.9560194,7.037624,2.844124,46.245304,76.28538461538461,194.53653846153844,112.735,340.7076923076923,0.0,194.55999999999995,0.0,0.7700000000000005,26
foundationdb,2026-07-08-00-18-31,1,wsl,small,0,8,doc_read,80000,4075.489,1.9524887,1.8916805,2.5413373,3.4391692,1.1529,11.900028,84.74454545454545,487.9745454545455,117.04545454545455,332.6454545454545,0.0,10.240000000000009,0.0,1.5399999999999991,11
foundationdb,2026-07-08-00-18-31,1,wsl,small,0,8,doc_read_partial,80000,4114.049,1.9357109,1.887571,2.4790835,3.2956984,1.093628,7.616812,83.29727272727273,506.46454545454543,109.76363636363637,337.55454545454546,0.0,0.0,0.0,0.0,11
foundationdb,2026-07-08-00-18-31,1,wsl,small,0,8,doc_update_partial,80000,1153.5502,6.9255424,6.811198,8.666312,10.701252,4.399102,27.519089,89.53083333333333,247.51999999999998,119.77222222222223,341.98333333333335,0.0,235.51999999999998,0.0,3.24,36
foundationdb,2026-07-08-00-36-28,2,wsl,small,0,1,doc_delete,10000,261.2697,3.8274624,3.7955503,4.4263506,4.8480244,2.960661,12.30407,38.8755,42.1995,54.8405,42.141000000000005,0.0,58.0,0.0,0.1875,20
foundationdb,2026-07-08-00-36-28,2,wsl,small,0,1,doc_increment,10000,186.19682,5.370661,5.3144555,6.2262864,6.985066,4.080801,11.196193,34.98428571428572,55.04535714285714,51.340357142857144,41.041428571428575,0.0,60.0,0.0,0.1884765625,28
foundationdb,2026-07-08-00-36-28,2,wsl,small,0,1,doc_insert,10000,167.55528,5.968179,5.932567,6.943346,7.576421,4.214506,20.535896,26.78774193548387,28.91032258064516,37.45225806451613,40.789032258064516,0.0,55.19,0.0,0.00400390625,31
foundationdb,2026-07-08-00-36-28,2,wsl,small,0,1,doc_read,10000,829.30347,1.2058313,1.1631136,1.7189134,2.0841806,0.702656,3.656449,26.641428571428573,106.30571428571429,45.23428571428571,38.19,0.0,1.2000000000000028,0.0,0.18837890625,7
foundationdb,2026-07-08-00-36-28,2,wsl,small,0,1,doc_read_partial,10000,683.5218,1.4630111,1.4399365,2.1023839,2.4451025,0.709943,5.299578,29.759999999999998,66.73,45.71625,37.22125,0.0,0.19999999999999574,0.0,0.0,8
foundationdb,2026-07-08-00-36-28,2,wsl,small,0,1,doc_update_partial,10000,145.82304,6.8576264,7.076433,8.635121,9.46989,4.163487,18.84964,30.182857142857145,35.85485714285714,46.533142857142856,40.30088571428571,0.0,53.9,0.0,0.3916015625,35
foundationdb,2026-07-08-00-36-28,2,wsl,small,0,2,doc_delete,20000,496.37656,4.0282073,3.9877157,4.699911,5.37436,2.847095,11.595723,46.107619047619046,60.591904761904765,64.11761904761904,76.28190476190477,0.0,78.0,0.0,0.3900000000000001,21
foundationdb,2026-07-08-00-36-28,2,wsl,small,0,2,doc_increment,20000,364.05237,5.492539,5.460067,6.2822685,6.8588886,4.041479,13.556716,45.36821428571428,67.41642857142857,68.525,76.58642857142857,0.0,84.0,0.0,0.3799999999999999,28
foundationdb,2026-07-08-00-36-28,2,wsl,small,0,2,doc_insert,20000,519.3432,3.8504374,3.8164825,4.450347,4.8351493,2.451277,11.163299,46.449,47.5315,57.423500000000004,75.0735,0.0,69.0,0.0,0.22003906249999994,20
foundationdb,2026-07-08-00-36-28,2,wsl,small,0,2,doc_read,20000,1301.1954,1.5369179,1.517282,1.931673,2.2503636,0.842419,3.847631,39.52222222222222,192.93333333333334,60.18666666666666,77.33999999999999,0.0,3.0,0.0,0.0,9
foundationdb,2026-07-08-00-36-28,2,wsl,small,0,2,doc_read_partial,20000,1286.469,1.5525408,1.5397565,1.9419718,2.2458444,0.863191,3.449542,42.9025,126.91125,58.6425,78.06125,0.0,0.0,0.0,0.3900000000000001,8
foundationdb,2026-07-08-00-36-28,2,wsl,small,0,2,doc_update_partial,20000,360.9473,5.539076,5.505986,6.322496,6.8897414,3.948207,34.68144,44.87714285714286,67.565,61.07642857142857,78.66357142857143,0.0,67.0,0.0,0.8099999999999998,28
foundationdb,2026-07-08-00-36-28,2,wsl,small,0,4,doc_delete,40000,857.822,4.660493,4.6453695,5.770231,6.4570284,2.872918,16.333393,71.50208333333333,84.54083333333334,93.30791666666666,147.065375,0.0,174.07999999999993,0.0,0.7700000000000005,24
foundationdb,2026-07-08-00-36-28,2,wsl,small,0,4,doc_increment,40000,692.0876,5.775955,5.6620107,6.9356894,7.933094,4.073108,16.575294,69.536,151.245,94.51533333333333,152.75566666666666,0.0,193.0,0.0,0.7699999999999996,30
foundationdb,2026-07-08-00-36-28,2,wsl,small,0,4,doc_insert,40000,846.2214,4.724351,4.4196715,7.070457,8.034944,2.631225,15.725413,61.4504,111.74,77.3956,151.2576,0.0,142.0,0.0,0.3900000000000001,25
foundationdb,2026-07-08-00-36-28,2,wsl,small,0,4,doc_read,40000,2730.8428,1.4645653,1.4205085,1.8349074,2.4316924,0.8618,5.781836,56.535,248.53875,86.76625,134.2375,0.0,4.0,0.0,0.0,8
foundationdb,2026-07-08-00-36-28,2,wsl,small,0,4,doc_read_partial,40000,2805.424,1.4251641,1.3879855,1.7618487,2.1364276,0.890548,4.735069,51.76875,284.57625,86.94125,148.1625,0.0,1.0,0.0,0.0,8
foundationdb,2026-07-08-00-36-28,2,wsl,small,0,4,doc_update_partial,40000,692.1153,5.7756577,5.66765,6.9172645,7.8551116,4.045501,15.766927,68.62166666666667,142.547,89.99433333333333,154.89333333333335,0.0,141.0,0.0,1.6000000000000005,30
foundationdb,2026-07-08-00-36-28,2,wsl,small,0,8,doc_delete,80000,1725.7427,4.6234174,4.5008345,5.8765717,7.1974998,2.753103,27.454433,83.96333333333332,157.65666666666667,130.47916666666666,291.32575,0.0,235.51999999999998,0.0,1.5,24
foundationdb,2026-07-08-00-36-28,2,wsl,small,0,8,doc_increment,80000,1154.0732,6.922486,6.7786503,8.662226,10.842085,4.478028,30.876343,90.81194444444445,258.4811111111111,127.11666666666666,304.04999999999995,0.0,276.48,0.0,1.5,36
foundationdb,2026-07-08-00-36-28,2,wsl,small,0,8,doc_insert,80000,1213.1279,6.580898,4.8603625,21.922993,41.14954,2.8829,104.197495,62.902941176470584,142.11676470588236,106.12088235294118,301.38235294117646,0.0,215.03999999999996,0.0,0.7700000000000005,34
foundationdb,2026-07-08-00-36-28,2,wsl,small,0,8,doc_read,80000,4040.739,1.9705817,1.909904,2.5742817,3.533992,1.156129,7.671601,84.35454545454546,475.6890909090909,113.43636363636364,284.90000000000003,0.0,0.0,0.0,1.1600000000000001,11
foundationdb,2026-07-08-00-36-28,2,wsl,small,0,8,doc_read_partial,80000,4125.209,1.9320551,1.8765864,2.5271647,3.3076527,1.14494,8.283854,80.27545454545454,506.94545454545454,104.36727272727272,287.3636363636364,0.0,0.0,0.0,0.379999999999999,11
foundationdb,2026-07-08-00-36-28,2,wsl,small,0,8,doc_update_partial,80000,1142.7506,6.9844995,6.874729,8.751093,10.578341,4.353065,20.811771,91.90277777777777,236.8836111111111,115.06805555555555,301.62111111111113,0.0,245.76000000000022,0.0,3.24,36
foundationdb,2026-07-08-00-54-06,4,wsl,small,0,1,doc_delete,10000,253.2778,3.9482336,3.930876,4.5496283,4.914587,2.920777,14.711632,37.5852380952381,27.885714285714286,54.69333333333333,42.12857142857143,0.0,60.0,0.0,0.1875,21
foundationdb,2026-07-08-00-54-06,4,wsl,small,0,1,doc_increment,10000,185.29787,5.3967166,5.3522587,6.3049107,6.9190054,3.983182,14.614638,34.55777777777777,33.8662962962963,51.67407407407408,40.88111111111111,0.0,57.0,0.0,0.1884765625,27
foundationdb,2026-07-08-00-54-06,4,wsl,small,0,1,doc_insert,10000,163.7372,6.1073475,6.0408487,7.115647,7.7530417,4.416986,48.71233,26.47225806451613,24.806129032258063,37.299032258064514,39.13129032258065,0.0,54.89,0.0,0.00400390625,31
foundationdb,2026-07-08-00-54-06,4,wsl,small,0,1,doc_read,10000,793.02655,1.2609918,1.215914,1.8680444,2.160043,0.680232,2.923098,28.512857142857143,134.77142857142857,45.315714285714286,39.784285714285716,0.0,1.3999999999999986,0.0,0.18837890625,7
foundationdb,2026-07-08-00-54-06,4,wsl,small,0,1,doc_read_partial,10000,744.7756,1.3426863,1.2997406,1.8957556,2.1594157,0.746199,4.873992,30.00714285714286,66.64142857142858,45.212857142857146,39.89,0.0,0.10000000000000142,0.0,0.0,7
foundationdb,2026-07-08-00-54-06,4,wsl,small,0,1,doc_update_partial,10000,144.7644,6.907775,7.065495,9.170627,10.534236,4.050656,25.190924,28.882571428571428,28.068285714285715,46.557428571428574,40.50657142857143,0.0,52.5,0.0,0.3916015625,35
foundationdb,2026-07-08-00-54-06,4,wsl,small,0,2,doc_delete,20000,491.4904,4.069203,4.0292044,4.667593,5.206005,2.829087,15.590096,49.44809523809524,48.20761904761905,64.03190476190477,74.11404761904762,0.0,81.0,0.0,0.38000000000000034,21
foundationdb,2026-07-08-00-54-06,4,wsl,small,0,2,doc_increment,20000,349.89154,5.7153077,5.6699915,6.4750943,7.261458,4.107679,19.86255,43.88275862068965,77.28793103448275,68.44827586206897,78.5944827586207,0.0,76.0,0.0,0.3899999999999997,29
foundationdb,2026-07-08-00-54-06,4,wsl,small,0,2,doc_insert,20000,494.94647,4.039492,4.0055237,4.638093,5.139116,2.661104,17.787233,44.938095238095244,49.62095238095238,57.25714285714286,76.87142857142857,0.0,66.0,0.0,0.22003906249999994,21
foundationdb,2026-07-08-00-54-06,4,wsl,small,0,2,doc_read,20000,1353.4575,1.4728428,1.450813,1.8771758,2.203777,0.81806,4.235176,42.206250000000004,145.57875,60.95625,72.42375,0.0,2.0,0.0,0.0,8
foundationdb,2026-07-08-00-54-06,4,wsl,small,0,2,doc_read_partial,20000,1369.3729,1.4596728,1.4389491,1.8645053,2.1869323,0.847921,4.161647,41.01375,141.86,59.33125,74.4775,0.0,0.0,0.0,0.3900000000000001,8
foundationdb,2026-07-08-00-54-06,4,wsl,small,0,2,doc_update_partial,20000,351.13443,5.694835,5.6643248,6.497091,7.4097624,3.930229,16.93759,43.744827586206895,68.15379310344828,60.81862068965517,77.15793103448276,0.0,68.0,0.0,0.8,29
foundationdb,2026-07-08-00-54-06,4,wsl,small,0,4,doc_delete,40000,872.01984,4.5829797,4.5181074,5.701578,6.4813538,2.721733,15.891284,70.33916666666667,119.27833333333332,91.65083333333332,152.87083333333334,0.0,186.8800000000001,0.0,0.7700000000000005,24
foundationdb,2026-07-08-00-54-06,4,wsl,small,0,4,doc_increment,40000,678.62427,5.889808,5.7704487,7.075022,8.231107,4.113568,20.035542,68.37066666666666,142.57700000000003,93.21900000000001,154.97,0.0,151.0,0.0,0.7699999999999996,30
foundationdb,2026-07-08-00-54-06,4,wsl,small,0,4,doc_insert,40000,843.87744,4.735081,4.4412737,6.8636155,7.922823,2.839503,24.494219,62.715199999999996,111.116,77.476,150.1732,0.0,133.0,0.0,0.3899999999999997,25
foundationdb,2026-07-08-00-54-06,4,wsl,small,0,4,doc_read,40000,2494.546,1.6025058,1.566414,1.9716359,2.4868598,0.969293,6.015073,51.7,265.96888888888884,85.44333333333333,141.77555555555557,0.0,3.0,0.0,0.77,9
foundationdb,2026-07-08-00-54-06,4,wsl,small,0,4,doc_read_partial,40000,2421.369,1.6503142,1.6200435,2.011478,2.4289725,1.002109,4.065537,51.30444444444444,279.1255555555556,84.50111111111111,151.64444444444445,0.0,1.0,0.0,0.0,9
foundationdb,2026-07-08-00-54-06,4,wsl,small,0,4,doc_update_partial,40000,683.829,5.843733,5.730367,6.9826746,8.115118,4.036016,21.008415,66.87966666666667,134.05866666666668,88.60333333333332,151.03233333333336,0.0,127.0,0.0,1.6000000000000005,30
foundationdb,2026-07-08-00-54-06,4,wsl,small,0,8,doc_delete,80000,1387.562,5.75362,4.646865,6.543265,39.79921,2.737899,50.99362,69.32666666666667,149.726,126.43,292.5726666666667,0.0,245.76,0.0,1.5999999999999996,30
foundationdb,2026-07-08-00-54-06,4,wsl,small,0,8,doc_increment,80000,1128.8113,7.0602345,6.9380484,8.834263,10.456754,4.561333,22.95808,91.51837837837837,257.1464864864865,124.76216216216216,304.45675675675676,0.0,286.72,0.0,1.5,37
foundationdb,2026-07-08-00-54-06,4,wsl,small,0,8,doc_insert,80000,1636.467,4.8785677,4.837022,6.056148,7.2029166,2.82899,15.539774,79.7976923076923,205.36307692307693,107.21692307692307,301.65384615384613,0.0,204.79999999999995,0.0,0.7700000000000005,26
foundationdb,2026-07-08-00-54-06,4,wsl,small,0,8,doc_read,80000,3882.2444,2.0470617,1.9892645,2.6866047,3.5054164,1.188374,11.059838,81.05083333333333,514.0175,111.51666666666667,290.59166666666664,0.0,0.0,0.0,1.5399999999999991,12
foundationdb,2026-07-08-00-54-06,4,wsl,small,0,8,doc_read_partial,80000,3924.8687,2.0332527,1.975819,2.654311,3.3753293,1.208525,8.131672,86.10181818181819,468.96636363636367,104.71818181818183,296.55454545454546,0.0,10.240000000000009,0.0,0.0,11
foundationdb,2026-07-08-00-54-06,4,wsl,small,0,8,doc_update_partial,80000,1138.0803,7.0063577,6.86338,8.787158,10.492913,4.44905,20.476437,92.42138888888888,238.61555555555555,115.67055555555557,298.82444444444445,0.0,235.51999999999998,0.0,3.1500000000000004,36
leveldb,2026-07-09-18-09-55,1,wsl,medium,0,1,mix_10W_90R,10000,186626.06,0.0053583086,0.0021950034,0.008427001,0.019540109,0.00070199894,1.431983,0.0,26.493333333333336,0.0,87.02333333333333,0.0,0.0,0.0,460.8000000000002,6
leveldb,2026-07-09-18-09-55,1,wsl,medium,0,1,mix_50W_50R,20000,7543.593,0.13256283,0.005801499,1.174624,1.3448564,0.00062098843,38.30736,0.0,26.493333333333336,0.0,87.02333333333333,0.0,0.0,0.0,460.8000000000002,6
leveldb,2026-07-09-18-09-55,1,wsl,medium,0,1,mix_90W_10R,10000,2274.5117,0.4396548,0.007594994,1.2453343,1.5396036,0.0010220101,95.18547,0.0,26.493333333333336,0.0,87.02333333333333,0.0,0.0,0.0,460.8000000000002,6
leveldb,2026-07-09-18-09-55,1,wsl,medium,10000,1,delete,10000,371410.25,0.0026924405,0.002294997,0.0030759983,0.006423111,0.0020939915,0.591481,0.0,75.01,0.0,46.52,0.0,0.0,0.0,0.0,1
leveldb,2026-07-09-18-09-55,1,wsl,medium,10000,1,insert,10000,7089.641,0.14105086,0.0068840017,1.1478981,1.2822295,0.0055609997,87.04913,0.0,60.644999999999996,0.0,76.25999999999999,0.0,0.0,0.0,34.0,2
leveldb,2026-07-09-18-09-55,1,wsl,medium,10000,1,read,10000,333760.2,0.0029961632,0.0019440049,0.008357455,0.016813107,0.0012620003,0.11305401,0.0,76.97,0.0,77.83,0.0,0.0,0.0,0.0,1
leveldb,2026-07-09-18-09-55,1,wsl,medium,10000,1,update,10000,5784.459,0.17287701,0.006814007,1.1728188,1.4812435,0.0055410056,64.41019,0.0,57.510000000000005,0.0,62.955,0.0,0.0,0.0,51.200000000000045,2
leveldb,2026-07-09-18-09-55,1,wsl,medium,100000,1,delete,100000,323432.3,0.003091837,0.0023439934,0.0028259964,0.0067530153,0.002064,38.950584,0.0,87.78,0.0,87.75,0.0,0.0,0.0,0.0,1
leveldb,2026-07-09-18-09-55,1,wsl,medium,100000,1,insert,100000,8689.678,0.11507906,0.007153998,0.07331699,1.2278379,0.005711001,187.02173,0.0,45.30285714285714,0.0,81.42285714285715,0.0,0.0,0.0,675.8399999999999,7
leveldb,2026-07-09-18-09-55,1,wsl,medium,100000,1,read,100000,345608.22,0.0028934497,0.0018040009,0.0061620083,0.0109120915,0.001301989,16.891994,0.0,86.03,0.0,69.27,0.0,0.0,0.0,0.0,1
leveldb,2026-07-09-18-09-55,1,wsl,medium,100000,1,update,100000,3386.8997,0.29525527,0.0069939997,1.2147747,1.5203184,0.0054710107,128.05435,0.0,29.291875,0.0,95.29875,0.0,0.0,0.10000000000000142,1443.84,16
leveldb,2026-07-09-18-09-55,1,wsl,small,0,1,mix_10W_90R,10000,992334.2,0.001007725,0.000732005,0.0026350026,0.0032170962,0.00046100467,0.12019799,0.0,84.91,0.0,68.63,0.0,0.0,0.0,0.0,1
leveldb,2026-07-09-18-09-55,1,wsl,small,0,1,mix_50W_50R,20000,284820.12,0.0035109879,0.0023449974,0.0033670075,0.0068641077,0.00043099863,30.996881,0.0,84.91,0.0,68.63,0.0,0.0,0.0,0.0,1
leveldb,2026-07-09-18-09-55,1,wsl,small,0,1,mix_90W_10R,10000,144013.69,0.006943784,0.0027959903,0.0056015025,0.009217998,0.0006909977,38.28524,0.0,84.91,0.0,68.63,0.0,0.0,0.0,0.0,1
leveldb,2026-07-09-18-09-55,1,wsl,small,10000,1,delete,10000,406159.25,0.0024620886,0.002315006,0.0025564497,0.0054210857,0.0021640006,0.06494801,0.0,87.46,0.0,43.98,0.0,0.0,0.0,0.0,1
leveldb,2026-07-09-18-09-55,1,wsl,small,10000,1,insert,10000,346143.28,0.002888977,0.0024850015,0.005040497,0.007745999,0.0022550083,0.098505,0.0,75.54,0.0,2.555,0.0,0.0,0.0,0.0,1
leveldb,2026-07-09-18-09-55,1,wsl,small,10000,1,read,10000,809423.25,0.0012354475,0.0011729862,0.0015229889,0.0020040025,0.000961998,0.033887003,0.0,91.98,0.0,30.64,0.0,0.0,0.0,0.0,1
leveldb,2026-07-09-18-09-55,1,wsl,small,10000,1,update,10000,359057.97,0.0027850654,0.0023649917,0.00480905,0.007234994,0.002263987,0.09503901,0.0,71.39,0.0,41.14,0.0,0.0,0.0,0.0,1
leveldb,2026-07-09-18-09-55,1,wsl,small,100000,1,delete,100000,294462.97,0.0033960126,0.0023739995,0.0029560032,0.0063530025,0.0020540028,25.310001,0.0,72.87,0.0,23.11,0.0,0.0,0.0,0.0,1
leveldb,2026-07-09-18-09-55,1,wsl,small,100000,1,insert,100000,333047.16,0.003002578,0.0024449981,0.0050399983,0.008296014,0.002214001,4.73293,0.0,87.82,0.0,42.17,0.0,0.0,0.0,0.0,1
leveldb,2026-07-09-18-09-55,1,wsl,small,100000,1,read,100000,741893.0,0.0013479033,0.0011730008,0.0022439926,0.0030959926,0.0009420037,0.334953,0.0,88.55,0.0,42.79,0.0,0.0,0.0,0.0,1
leveldb,2026-07-09-18-09-55,1,wsl,small,100000,1,update,100000,277835.72,0.0035992493,0.0023739995,0.004970003,0.0087480005,0.0021949962,31.292776,0.0,101.92,0.0,36.98,0.0,0.0,0.0,0.0,1
leveldb,2026-07-09-18-09-55,1,wsl,small,1000000,1,delete,1000000,332121.66,0.0030109452,0.0022839957,0.002806002,0.0060919994,0.0020239968,63.134148,0.0,98.12666666666667,0.0,55.699999999999996,0.0,0.0,0.0,96.0,3
leveldb,2026-07-09-18-09-55,1,wsl,small,1000000,1,insert,1000000,256226.98,0.0039027892,0.0024850015,0.0051509994,0.0087469965,0.0022349996,39.373493,0.0,94.71000000000001,0.0,50.012,0.0,0.0,0.0,324.5,5
leveldb,2026-07-09-18-09-55,1,wsl,small,1000000,1,read,1000000,633128.7,0.0015794578,0.0012520031,0.002084009,0.003196008,0.00095200085,24.74821,0.0,92.49000000000001,0.0,51.15,0.0,0.0,0.0,59.0,3
leveldb,2026-07-09-18-09-55,1,wsl,small,1000000,1,update,1000000,241966.55,0.0041328026,0.0023040047,0.004989997,0.008206,0.002173998,48.185574,0.0,94.274,0.0,56.576,0.0,0.0,0.0,335.0,5
leveldb,2026-07-09-18-12-02,2,wsl,medium,0,1,mix_10W_90R,10000,149171.17,0.006703708,0.0025350018,0.009208001,0.023786293,0.00074200216,1.411034,0.0,30.46166666666667,0.0,71.09833333333334,0.0,0.0,0.0,491.52,6
leveldb,2026-07-09-18-12-02,2,wsl,medium,0,1,mix_50W_50R,20000,7140.873,0.14003891,0.0058219885,1.178775,1.359924,0.00058099977,37.5012,0.0,30.46166666666667,0.0,71.09833333333334,0.0,0.0,0.0,491.52,6
leveldb,2026-07-09-18-12-02,2,wsl,medium,0,1,mix_90W_10R,10000,2358.3157,0.42403144,0.0073639965,1.238479,1.5177617,0.0010819931,102.719154,0.0,30.46166666666667,0.0,71.09833333333334,0.0,0.0,0.0,491.52,6
leveldb,2026-07-09-18-12-02,2,wsl,medium,10000,1,delete,10000,404285.4,0.0024735,0.002325003,0.002785053,0.00517009,0.0021250015,0.054297008,0.0,88.29,0.0,53.75,0.0,0.0,0.0,0.0,1
leveldb,2026-07-09-18-12-02,2,wsl,medium,10000,1,insert,10000,7757.294,0.12891094,0.0069939997,1.1255859,1.2290198,0.005611,84.5676,0.0,81.895,0.0,52.005,0.0,0.0,0.0,40.95999999999981,2
leveldb,2026-07-09-18-12-02,2,wsl,medium,10000,1,read,10000,315845.2,0.0031661082,0.0019630096,0.009087052,0.016874004,0.0012819946,0.479928,0.0,113.55,0.0,49.7,0.0,0.0,0.0,0.0,1
leveldb,2026-07-09-18-12-02,2,wsl,medium,10000,1,update,10000,4962.541,0.20150967,0.0064729974,1.1938341,1.5359714,0.005570997,89.778984,0.0,62.989999999999995,0.0,43.455,0.0,0.0,0.0,61.440000000000055,2
leveldb,2026-07-09-18-12-02,2,wsl,medium,100000,1,delete,100000,301950.9,0.0033117968,0.0023449974,0.0028350041,0.006163098,0.002034998,36.945553,0.0,107.97,0.0,44.64,0.0,0.0,0.0,0.0,1
leveldb,2026-07-09-18-12-02,2,wsl,medium,100000,1,insert,100000,9325.412,0.10723387,0.006903996,0.060218997,1.2113401,0.0055510025,145.55515,0.0,38.13833333333333,0.0,57.11333333333334,0.0,0.0,0.0,532.48,6
leveldb,2026-07-09-18-12-02,2,wsl,medium,100000,1,read,100000,418594.4,0.0023889474,0.0017740094,0.006082002,0.010962001,0.0013129902,0.92366,0.0,109.86,0.0,47.25,0.0,0.0,0.0,0.0,1
leveldb,2026-07-09-18-12-02,2,wsl,medium,100000,1,update,100000,3367.226,0.29698035,0.007084003,1.2134174,1.5201793,0.005530994,142.45471,0.0,28.151875,0.0,71.516875,0.0,0.0,0.0,1402.8799999999999,16
leveldb,2026-07-09-18-12-02,2,wsl,small,0,1,mix_10W_90R,10000,1.0109102e+06,0.0009892075,0.00072100374,0.0026150083,0.0032661026,0.00045099296,0.04530899,0.0,63.84,0.0,27.75,0.0,0.0,0.0,0.0,1
leveldb,2026-07-09-18-12-02,2,wsl,small,0,1,mix_50W_50R,20000,551789.1,0.0018122866,0.002315006,0.00301506,0.006363389,0.00042100146,0.368788,0.0,63.84,0.0,27.75,0.0,0.0,0.0,0.0,1
leveldb,2026-07-09-18-12-02,2,wsl,small,0,1,mix_90W_10R,10000,95379.6,0.010484423,0.0027350034,0.005762455,0.00895702,0.00065100903,74.21904,0.0,63.84,0.0,27.75,0.0,0.0,0.0,0.0,1
leveldb,2026-07-09-18-12-02,2,wsl,small,10000,1,delete,10000,413545.94,0.002418111,0.0022839957,0.0024949985,0.0057816957,0.0021139858,0.055730008,0.0,108.74,0.0,15.19,0.0,0.0,0.0,0.0,1
leveldb,2026-07-09-18-12-02,2,wsl,small,10000,1,insert,10000,364661.28,0.002742271,0.0024850015,0.0033065057,0.007385095,0.0022640014,0.072583005,0.0,143.88,0.0,18.8,0.0,0.0,0.0,0.0,1
leveldb,2026-07-09-18-12-02,2,wsl,small,10000,1,read,10000,768845.6,0.0013006511,0.0011930097,0.0017629936,0.0023450872,0.00092200935,0.08118,0.0,108.63,0.0,2.398,0.0,0.0,0.0,0.0,1
leveldb,2026-07-09-18-12-02,2,wsl,small,10000,1,update,10000,383264.94,0.0026091612,0.002285,0.004398546,0.0073240935,0.002204004,0.073977,0.0,138.74,0.0,18.39,0.0,0.0,0.0,0.0,1
leveldb,2026-07-09-18-12-02,2,wsl,small,100000,1,delete,100000,305966.12,0.0032683355,0.002374989,0.0029059884,0.0061119935,0.002064,35.327152,0.0,118.92,0.0,3.359,0.0,0.0,0.0,0.0,1
leveldb,2026-07-09-18-12-02,2,wsl,small,100000,1,insert,100000,354196.8,0.0028232893,0.0024749897,0.005120004,0.007836093,0.0022239983,0.658119,0.0,108.74,0.0,15.19,0.0,0.0,0.0,0.0,1
leveldb,2026-07-09-18-12-02,2,wsl,small,100000,1,read,100000,756756.3,0.0013214294,0.0011619995,0.002125451,0.0031259987,0.0009219948,0.636828,0.0,118.66,0.0,19.85,0.0,0.0,0.0,0.0,1
leveldb,2026-07-09-18-12-02,2,wsl,small,100000,1,update,100000,376364.78,0.0026569967,0.0022650056,0.004849994,0.0075650024,0.002173998,1.66665,0.0,102.01,0.0,12.66,0.0,0.0,0.0,0.0,1
leveldb,2026-07-09-18-12-02,2,wsl,small,1000000,1,delete,1000000,219409.61,0.0045576855,0.002244007,0.0027159986,0.006553004,0.0020039878,40.49533,0.0,91.74000000000001,0.0,34.9625,0.0,0.0,0.0,288.20000000000005,4
leveldb,2026-07-09-18-12-02,2,wsl,small,1000000,1,insert,1000000,313197.72,0.0031928713,0.0024450128,0.0050600064,0.008266986,0.0022039893,34.706287,0.0,112.88333333333333,0.0,32.31,0.0,0.0,0.0,194.0,3
leveldb,2026-07-09-18-12-02,2,wsl,small,1000000,1,read,1000000,714443.56,0.0013996906,0.0012419914,0.0021639862,0.0030859956,0.0009420037,1.026921,0.0,115.15,0.0,29.82,0.0,0.0,0.0,67.0,2
leveldb,2026-07-09-18-12-02,2,wsl,small,1000000,1,update,1000000,337472.72,0.0029632023,0.0022750027,0.0047899955,0.007815004,0.0021549931,40.049763,0.0,116.84666666666665,0.0,38.25666666666667,0.0,0.0,0.0,196.0,3
leveldb,2026-07-09-18-14-11,4,wsl,medium,0,1,mix_10W_90R,10000,284187.06,0.0035188086,0.0025850022,0.007966446,0.012845815,0.00070199894,0.263992,0.0,56.041999999999994,0.0,60.291999999999994,0.0,0.0,0.0,389.1199999999999,5
leveldb,2026-07-09-18-14-11,4,wsl,medium,0,1,mix_50W_50R,20000,7327.954,0.13646373,0.0058619916,1.1763825,1.3242699,0.00064101187,39.811584,0.0,56.041999999999994,0.0,60.291999999999994,0.0,0.0,0.0,389.1199999999999,5
leveldb,2026-07-09-18-14-11,4,wsl,medium,0,1,mix_90W_10R,10000,4489.3145,0.22275114,0.0066630016,1.1912446,1.487824,0.0010719959,104.85625,0.0,56.041999999999994,0.0,60.291999999999994,0.0,0.0,0.0,389.1199999999999,5
leveldb,2026-07-09-18-14-11,4,wsl,medium,10000,1,delete,10000,158459.58,0.0063107572,0.002664994,0.0031259987,0.0067742034,0.0021250015,35.090717,0.0,127.85,0.0,54.73,0.0,0.0,0.0,0.0,1
leveldb,2026-07-09-18-14-11,4,wsl,medium,10000,1,insert,10000,8406.8,0.11895132,0.0070739915,1.1098775,1.2209572,0.005570997,82.08866,0.0,93.025,0.0,56.35,0.0,0.0,0.0,30.720000000000027,2
leveldb,2026-07-09-18-14-11,4,wsl,medium,10000,1,read,10000,329320.97,0.0030365512,0.0018729916,0.009929995,0.017104201,0.0013120007,0.326976,0.0,150.27,0.0,57.77,0.0,0.0,0.0,0.0,1
leveldb,2026-07-09-18-14-11,4,wsl,medium,10000,1,update,10000,5090.7935,0.19643304,0.006823,1.1823993,1.4501488,0.0055209966,62.961693,0.0,82.39500000000001,0.0,34.325,0.0,0.0,0.0,71.67999999999984,2
leveldb,2026-07-09-18-14-11,4,wsl,medium,100000,1,delete,100000,348112.8,0.002872632,0.0023040047,0.0028059876,0.0065420126,0.0020340085,31.720922,0.0,93.14,0.0,25.87,0.0,0.0,0.0,0.0,1
leveldb,2026-07-09-18-14-11,4,wsl,medium,100000,1,insert,100000,9567.281,0.1045229,0.0068930094,0.05917605,1.208898,0.005501002,231.234,0.0,69.92857142857143,0.0,57.99714285714286,0.0,0.0,0.0,624.6400000000001,7
leveldb,2026-07-09-18-14-11,4,wsl,medium,100000,1,read,100000,422704.97,0.0023657163,0.0017730054,0.0062120087,0.011241015,0.0012929959,0.94825,0.0,134.43,0.0,68.56,0.0,0.0,0.0,0.0,1
leveldb,2026-07-09-18-14-11,4,wsl,medium,100000,1,update,100000,3171.7046,0.31528786,0.007665003,1.219224,1.5389749,0.0054400004,147.44502,0.0,33.508823529411764,0.0,68.72941176470589,0.0,0.0,0.0,1515.52,17
leveldb,2026-07-09-18-14-11,4,wsl,small,0,1,mix_10W_90R,10000,936909.9,0.0010673385,0.0007619965,0.0026859925,0.0037384941,0.00046099012,0.088054,0.0,160.95,0.0,49.38,0.0,0.0,0.0,0.0,1
leveldb,2026-07-09-18-14-11,4,wsl,small,0,1,mix_50W_50R,20000,573803.25,0.0017427577,0.0023850007,0.0028159993,0.0064321146,0.00045099296,0.043876003,0.0,160.95,0.0,49.38,0.0,0.0,0.0,0.0,1
leveldb,2026-07-09-18-14-11,4,wsl,small,0,1,mix_90W_10R,10000,341982.8,0.0029241235,0.0026460038,0.005380993,0.009048102,0.0006420014,0.073125005,0.0,160.95,0.0,49.38,0.0,0.0,0.0,0.0,1
leveldb,2026-07-09-18-14-11,4,wsl,small,10000,1,delete,10000,406969.4,0.0024571873,0.002285,0.0027560017,0.0057010134,0.0020939915,0.05389699,0.0,234.44,0.0,22.87,0.0,0.0,0.0,0.0,1
leveldb,2026-07-09-18-14-11,4,wsl,small,10000,1,insert,10000,340108.38,0.0029402394,0.002565008,0.005060506,0.008627201,0.0023639877,0.067334,0.0,236.28,0.0,18.42,0.0,0.0,0.0,0.0,1
leveldb,2026-07-09-18-14-11,4,wsl,small,10000,1,read,10000,813082.7,0.0012298872,0.0011530065,0.0015229889,0.0020941058,0.00093199196,0.05576,0.0,146.39,0.0,2.297,0.0,0.0,0.0,0.0,1
leveldb,2026-07-09-18-14-11,4,wsl,small,10000,1,update,10000,369838.28,0.0027038846,0.0023350003,0.004699502,0.0079461,0.0022539897,0.074788,0.0,234.44,0.0,22.87,0.0,0.0,0.0,0.0,1
leveldb,2026-07-09-18-14-11,4,wsl,small,100000,1,delete,100000,381616.88,0.002620429,0.0023040047,0.002654997,0.006201997,0.0020139995,11.711222,0.0,134.17,0.0,18.85,0.0,0.0,0.0,0.0,1
leveldb,2026-07-09-18-14-11,4,wsl,small,100000,1,insert,100000,341186.94,0.0029309446,0.0024650071,0.0050699892,0.009248104,0.0022339954,0.701026,0.0,170.31,0.0,18.98,0.0,0.0,0.0,0.0,1
leveldb,2026-07-09-18-14-11,4,wsl,small,100000,1,read,100000,749030.25,0.0013350595,0.001182998,0.0021140003,0.002955989,0.00090200047,0.363839,0.0,173.59,0.0,19.55,0.0,0.0,0.0,0.0,1
leveldb,2026-07-09-18-14-11,4,wsl,small,100000,1,update,100000,364273.88,0.0027451874,0.0023139874,0.004959991,0.0077750008,0.0021940067,1.170051,0.0,164.45,0.0,21.36,0.0,0.0,0.0,0.0,1
leveldb,2026-07-09-18-14-11,4,wsl,small,1000000,1,delete,1000000,246761.69,0.004052493,0.0022240127,0.002775996,0.0070140087,0.0019839935,47.284225,0.0,86.01333333333334,0.0,36.31666666666666,0.0,0.0,0.0,113.0,3
leveldb,2026-07-09-18-14-11,4,wsl,small,1000000,1,insert,1000000,295155.12,0.0033880488,0.002484012,0.005121008,0.008577,0.002214001,51.643887,0.0,134.32,0.0,30.4675,0.0,0.0,0.0,260.7,4
leveldb,2026-07-09-18-14-11,4,wsl,small,1000000,1,read,1000000,700684.44,0.001427176,0.0012630044,0.0021940067,0.0031070085,0.00095099676,1.645739,0.0,105.655,0.0,19.89,0.0,0.0,0.0,54.0,2
leveldb,2026-07-09-18-14-11,4,wsl,small,1000000,1,update,1000000,329228.84,0.0030374008,0.002323999,0.004899004,0.0079950215,0.0021940067,48.97032,0.0,132.0675,0.0,35.8925,0.0,0.0,0.0,259.0,4
leveldb,2026-07-09-18-19-48,1,wsl,small,0,1,doc_delete,10000,412056.7,0.0024268506,0.002294997,0.0025049958,0.0054512015,0.0021049927,0.043355003,0.0,31.92,0.0,3.383,0.0,0.0,0.0,0.0,1
leveldb,2026-07-09-18-19-48,1,wsl,small,0,1,doc_increment,10000,74672.51,0.01339181,0.010059986,0.02467995,0.05357859,0.009056996,0.628452,0.0,99.32,0.0,15.02,0.0,0.0,0.0,0.0,1
leveldb,2026-07-09-18-19-48,1,wsl,small,0,1,doc_insert,10000,326368.8,0.0030640182,0.0026750057,0.0059524453,0.009038191,0.0024050095,0.06466701,0.0,81.52,0.0,19.68,0.0,0.0,0.0,0.0,1
leveldb,2026-07-09-18-19-48,1,wsl,small,0,1,doc_read,10000,253000.86,0.003952556,0.0036069977,0.0053800535,0.00793511,0.0033659888,0.328008,0.0,79.34,0.0,24.8,0.0,0.0,0.0,0.0,1
leveldb,2026-07-09-18-19-48,1,wsl,small,0,1,doc_read_partial,10000,250339.73,0.0039945715,0.003677007,0.005441005,0.007346792,0.0034270051,0.39151302,0.0,76.87,0.0,14.5,0.0,0.0,0.0,0.0,1
leveldb,2026-07-09-18-19-48,1,wsl,small,0,1,doc_update_partial,10000,87798.95,0.011389658,0.0095989965,0.018421553,0.04116239,0.008898001,0.34446,0.0,99.32,0.0,15.02,0.0,0.0,0.0,0.0,1
leveldb,2026-07-09-18-19-48,1,wsl,small,0,1,queue,20000,106.17669,9.418263,8.041929,25.694578,35.90543,0.009739,49.728565,0.0,98.9698947368421,0.0,46.304842105263155,0.0,0.0,0.0,7538.42,95
leveldb,2026-07-09-18-23-38,2,wsl,small,0,1,doc_delete,10000,384606.03,0.0026000633,0.0023549946,0.0025649932,0.0059224037,0.002153989,0.637528,0.0,0.0,0.0,2.785,0.0,0.0,0.0,0.0,1
leveldb,2026-07-09-18-23-38,2,wsl,small,0,1,doc_increment,10000,93007.914,0.010751773,0.009739,0.014449954,0.026733804,0.009047988,0.334891,0.0,82.89,0.0,2.785,0.0,0.0,0.0,0.0,1
leveldb,2026-07-09-18-23-38,2,wsl,small,0,1,doc_insert,10000,334402.22,0.002990411,0.002664994,0.0056310585,0.008396993,0.002414992,0.063185,0.0,103.78,0.0,2.719,0.0,0.0,0.0,0.0,1
leveldb,2026-07-09-18-23-38,2,wsl,small,0,1,doc_read,10000,259091.4,0.003859642,0.0035769916,0.0052699917,0.008046101,0.0033359975,0.361002,0.0,153.32,0.0,19.76,0.0,0.0,0.0,0.0,1
leveldb,2026-07-09-18-23-38,2,wsl,small,0,1,doc_read_partial,10000,240064.77,0.004165543,0.003647001,0.0059220036,0.0095798215,0.0033760006,0.36185402,0.0,153.32,0.0,19.76,0.0,0.0,0.0,0.0,1
leveldb,2026-07-09-18-23-38,2,wsl,small,0,1,doc_update_partial,10000,92214.055,0.010844334,0.009648996,0.015270508,0.0307713,0.008877993,0.414718,0.0,107.13,0.0,24.54,0.0,0.0,0.0,0.0,1
leveldb,2026-07-09-18-23-38,2,wsl,small,0,1,queue,20000,124.08648,8.058896,7.7878733,16.148422,18.454811,0.00991,34.490715,0.0,118.72280487804879,0.0,45.53218292682927,0.0,0.0,0.0,7540.5599999999995,82
leveldb,2026-07-09-18-26-49,4,wsl,small,0,1,doc_delete,10000,369461.66,0.0027066406,0.002264991,0.0048090005,0.006562207,0.002094006,0.586251,0.0,35.86,0.0,2.75,0.0,0.0,0.0,0.0,1
leveldb,2026-07-09-18-26-49,4,wsl,small,0,1,doc_increment,10000,90812.17,0.01101174,0.009918992,0.014759003,0.028989792,0.009178009,0.366368,0.0,35.86,0.0,2.75,0.0,0.0,0.0,0.0,1
leveldb,2026-07-09-18-26-49,4,wsl,small,0,1,doc_insert,10000,332573.72,0.003006852,0.0026360066,0.005690993,0.00896831,0.002374989,0.051751994,0.0,195.14,0.0,19.49,0.0,0.0,0.0,0.0,1
leveldb,2026-07-09-18-26-49,4,wsl,small,0,1,doc_read,10000,252939.08,0.003953521,0.0036669953,0.0053800032,0.007966795,0.0033870018,0.311856,0.0,169.29,0.0,4.512,0.0,0.0,0.0,0.0,1
leveldb,2026-07-09-18-26-49,4,wsl,small,0,1,doc_read_partial,10000,253775.34,0.003940493,0.003647001,0.005360998,0.006643107,0.003396999,0.287774,0.0,169.29,0.0,4.512,0.0,0.0,0.0,0.0,1
leveldb,2026-07-09-18-26-49,4,wsl,small,0,1,doc_update_partial,10000,94174.03,0.010618638,0.009377996,0.014979,0.027795307,0.008848001,0.385626,0.0,199.06,0.0,19.83,0.0,0.0,0.0,0.0,1
leveldb,2026-07-09-18-26-49,4,wsl,small,0,1,queue,20000,124.925285,8.004785,7.561228,16.37909,18.70406,0.0105810035,38.078434,0.0,119.59296296296297,0.0,45.61925925925926,0.0,0.0,0.0,7527.62,81
memcached,2026-07-14-19-26-15,1,wsl,medium,0,1,mix_10W_90R,10000,26.42494,37.843037,43.779488,44.305298,47.870087,0.036111016,49.423923,1.2060538116591928,4.03152466367713,4188.247246636771,72.1457399103139,0.0,0.0,0.0,40.960000000000036,223
memcached,2026-07-14-19-26-15,1,wsl,medium,0,1,mix_50W_50R,20000,432.21072,2.3136864,0.10927001,41.287174,43.91768,0.020029997,48.442806,1.2060538116591928,4.03152466367713,4188.247246636771,72.1457399103139,0.0,0.0,0.0,40.960000000000036,223
memcached,2026-07-14-19-26-15,1,wsl,medium,0,1,mix_90W_10R,10000,508.34338,1.9671742,0.063173994,0.3220892,43.226944,0.01342599,47.408375,1.2060538116591928,4.03152466367713,4188.247246636771,72.1457399103139,0.0,0.0,0.0,40.960000000000036,223
memcached,2026-07-14-19-26-15,1,wsl,medium,0,2,mix_10W_90R,20000,55.89714,35.76026,43.743816,44.34372,47.8839,0.03591001,75.258835,1.919360902255639,2.6665413533834585,4188.356330827068,92.41545112781954,0.0,0.0,0.0,0.0,266
memcached,2026-07-14-19-26-15,1,wsl,medium,0,2,mix_50W_50R,40000,265.26392,4.882822,0.11440951,43.645428,44.205135,0.019739004,48.847363,1.919360902255639,2.6665413533834585,4188.356330827068,92.41545112781954,0.0,0.0,0.0,0.0,266
memcached,2026-07-14-19-26-15,1,wsl,medium,0,2,mix_90W_10R,20000,849.6719,2.296703,0.0767055,41.10941,43.181393,0.013135999,48.682964,1.919360902255639,2.6665413533834585,4188.356330827068,92.41545112781954,0.0,0.0,0.0,0.0,266
memcached,2026-07-14-19-26-15,1,wsl,medium,0,4,mix_10W_90R,40000,111.446495,35.857796,43.744102,44.435425,47.853756,0.036982995,219.70839,4.552469135802469,8.543292181069958,4188.282205761317,163.8045267489712,0.0,0.0,10.0,0.0,243
memcached,2026-07-14-19-26-15,1,wsl,medium,0,4,mix_50W_50R,80000,753.7491,3.7093594,0.1271595,43.529305,44.39304,0.018725988,49.347656,4.552469135802469,8.543292181069958,4188.282205761317,163.8045267489712,0.0,0.0,10.0,0.0,243
memcached,2026-07-14-19-26-15,1,wsl,medium,0,4,mix_90W_10R,40000,1808.6776,2.0409005,0.068344004,0.351916,43.371048,0.0075139976,55.165703,4.552469135802469,8.543292181069958,4188.282205761317,163.8045267489712,0.0,0.0,10.0,0.0,243
memcached,2026-07-14-19-26-15,1,wsl,medium,0,8,mix_10W_90R,80000,222.16487,35.88322,43.744965,44.542633,47.93815,0.028636001,123.89283,7.745183673469388,12.384857142857143,4188.289567346939,295.82391836734695,0.0,0.0,0.0,10.240000000000009,245
memcached,2026-07-14-19-26-15,1,wsl,medium,0,8,mix_50W_50R,160000,1431.3823,2.8882668,0.120347,43.11384,44.375256,0.018737003,51.73546,7.745183673469388,12.384857142857143,4188.289567346939,295.82391836734695,0.0,0.0,0.0,10.240000000000009,245
memcached,2026-07-14-19-26-15,1,wsl,medium,0,8,mix_90W_10R,80000,3496.5347,2.0875013,0.067313,0.369966,43.527416,0.005822003,49.31006,7.745183673469388,12.384857142857143,4188.289567346939,295.82391836734695,0.0,0.0,0.0,10.240000000000009,245
memcached,2026-07-14-19-26-15,1,wsl,medium,10000,1,delete,10000,180768.55,0.005531936,0.0030859956,0.0068835476,0.064212516,0.0029360089,1.797719,41.78,387.14,1998.848,28.34,0.0,0.0,0.0,0.0,1
memcached,2026-07-14-19-26-15,1,wsl,medium,10000,1,insert,10000,30912.807,0.03234905,0.02426801,0.06068101,0.08187301,0.0055809943,1.002458,26.57,303.95,1955.84,66.54,0.0,0.0,0.0,0.0,1
memcached,2026-07-14-19-26-15,1,wsl,medium,10000,1,read,10000,7914.008,0.12635823,0.111770004,0.20572199,0.28228793,0.05709201,2.727173,54.56,61.04,1955.84,66.57,0.0,0.0,0.0,0.0,1
memcached,2026-07-14-19-26-15,1,wsl,medium,10000,1,update,10000,24307.26,0.04113997,0.045038998,0.0669325,0.10561821,0.005590991,2.240991,16.01,298.16,1955.84,28.46,0.0,0.0,0.0,0.0,1
memcached,2026-07-14-19-26-15,1,wsl,medium,10000,2,delete,20000,430215.47,0.0045317304,0.0029649963,0.008788004,0.054717213,0.0028649955,0.855637,30.48,516.8,1998.848,182.3,0.0,0.0,0.0,0.0,1
memcached,2026-07-14-19-26-15,1,wsl,medium,10000,2,insert,20000,58062.43,0.034242537,0.021236498,0.06304449,0.09147999,0.0054499977,18.38996,41.78,387.14,1998.848,28.34,0.0,0.0,0.0,0.0,1
memcached,2026-07-14-19-26-15,1,wsl,medium,10000,2,read,20000,12000.067,0.16082446,0.14019251,0.25308776,0.31619236,0.051961992,6.192413,41.114999999999995,376.01,1998.848,105.7,0.0,0.0,0.0,0.0,2
memcached,2026-07-14-19-26-15,1,wsl,medium,10000,2,update,20000,45191.57,0.04144872,0.0389515,0.066642,0.092993096,0.005481008,8.487544,33.15,390.58,1998.848,105.6,0.0,0.0,0.0,0.0,1
memcached,2026-07-14-19-26-15,1,wsl,medium,10000,4,delete,40000,779419.7,0.0050871354,0.0033260002,0.009367999,0.06467721,0.0029560032,0.19101,8.15,628.55,2085.888,140.3,0.0,0.0,0.0,0.0,1
memcached,2026-07-14-19-26-15,1,wsl,medium,10000,4,insert,40000,66507.31,0.055594023,0.0272635,0.08568856,0.1107582,0.005351001,42.35797,43.53,282.4,2085.888,101.0,0.0,0.0,0.0,0.0,1
memcached,2026-07-14-19-26-15,1,wsl,medium,10000,4,read,40000,11654.255,0.34174335,0.16677749,0.23610355,0.3618629,0.111709,51.261105,80.02,415.99333333333334,2086.5706666666665,182.4,0.0,0.0,0.0,0.0,3
memcached,2026-07-14-19-26-15,1,wsl,medium,10000,4,update,40000,49408.258,0.07715,0.066010006,0.1095455,0.1486624,0.0054510017,44.25018,30.625,692.4449999999999,2085.888,161.2,0.0,0.0,0.0,0.0,2
memcached,2026-07-14-19-26-15,1,wsl,medium,10000,8,delete,80000,568419.8,0.00904395,0.0041879974,0.009428047,0.1260672,0.0028659997,14.485763,23.13,648.04,2260.992,67.89,0.0,0.0,0.0,0.0,1
memcached,2026-07-14-19-26-15,1,wsl,medium,10000,8,insert,80000,80914.18,0.08435344,0.017704006,0.09335351,0.1401757,0.0052599935,57.613895,44.775000000000006,1076.17,2174.464,322.9,0.0,0.0,0.0,0.0,2
memcached,2026-07-14-19-26-15,1,wsl,medium,10000,8,read,80000,13760.23,0.5407028,0.17846549,0.2836113,0.4333943,0.050890014,72.33789,80.4775,390.335,2261.504,241.6375,0.0,0.0,0.0,0.0,4
memcached,2026-07-14-19-26-15,1,wsl,medium,10000,8,update,80000,91072.28,0.07189268,0.02352601,0.082302,0.119423985,0.0053599942,59.53376,14.215,932.56,2260.992,245.85000000000002,0.0,0.0,0.0,10.240000000000009,2
memcached,2026-07-14-19-26-15,1,wsl,medium,100000,1,delete,100000,219023.11,0.0045657284,0.0029359944,0.008767994,0.054797098,0.0028649955,0.293888,22.1,364.83,2349.056,106.2,0.0,0.0,0.0,0.0,1
memcached,2026-07-14-19-26-15,1,wsl,medium,100000,1,insert,100000,24771.84,0.04036842,0.048716,0.061511002,0.07867519,0.0055809943,0.52423,48.973333333333336,98.90333333333335,2290.0053333333335,54.830000000000005,0.0,0.0,0.0,0.0,3
memcached,2026-07-14-19-26-15,1,wsl,medium,100000,1,read,100000,7403.628,0.13506892,0.119445,0.22015251,0.29539,0.057273004,1.039461,52.93714285714286,61.33428571428572,2349.348571428571,68.36714285714285,0.0,0.0,0.0,0.0,7
memcached,2026-07-14-19-26-15,1,wsl,medium,100000,1,update,100000,23938.418,0.041773856,0.049227003,0.062432997,0.0824325,0.0054709963,4.015144,45.60333333333333,100.37666666666667,2349.056,67.42,0.0,0.0,0.0,0.0,3
memcached,2026-07-14-19-26-15,1,wsl,medium,100000,2,delete,200000,496285.3,0.003959445,0.0030060036,0.0043580076,0.024447989,0.0028649955,13.352181,27.05,544.38,2786.304,183.6,0.0,0.0,0.0,0.0,1
memcached,2026-07-14-19-26-15,1,wsl,medium,100000,2,insert,200000,56284.582,0.035285834,0.018116,0.064977996,0.0881741,0.0052999966,30.329002,78.45333333333333,241.07666666666668,2538.8373333333334,106.53333333333335,0.0,0.0,0.0,10.240000000000009,3
memcached,2026-07-14-19-26-15,1,wsl,medium,100000,2,read,200000,11909.663,0.16699846,0.144594,0.25547108,0.31432706,0.066641,8.569272,100.01444444444445,117.79666666666668,2787.328,102.84555555555556,0.0,0.0,0.0,0.0,9
memcached,2026-07-14-19-26-15,1,wsl,medium,100000,2,update,200000,46045.37,0.04255976,0.036581993,0.069998,0.0892661,0.0054300036,21.706059,90.01333333333334,178.79666666666665,2786.304,81.42333333333333,0.0,0.0,0.0,0.0,3
memcached,2026-07-14-19-26-15,1,wsl,medium,100000,4,delete,400000,721375.06,0.0049446607,0.0033570104,0.0064129997,0.059427097,0.0028560024,26.609278,37.63,618.7,3661.824,184.9,0.0,0.0,0.0,0.0,1
memcached,2026-07-14-19-26-15,1,wsl,medium,100000,4,insert,400000,67207.49,0.052439805,0.014819001,0.07786301,0.107231,0.0052799876,52.31253,91.005,211.7025,3114.752,147.375,0.0,0.0,0.0,10.240000000000009,4
memcached,2026-07-14-19-26-15,1,wsl,medium,100000,4,read,400000,11654.986,0.34221402,0.162588,0.23843825,0.3480201,0.07012801,52.34146,96.48666666666666,148.08666666666667,3662.222222222222,184.4611111111111,0.0,0.0,0.0,20.480000000000018,18
memcached,2026-07-14-19-26-15,1,wsl,medium,100000,4,update,400000,59208.53,0.057634477,0.0228895,0.08007701,0.1109882,0.005380993,42.692722,89.036,320.54200000000003,3662.4384,171.9,0.0,0.0,0.0,10.240000000000009,5
memcached,2026-07-14-19-26-15,1,wsl,medium,100000,8,delete,800000,903861.0,0.005828673,0.003586989,0.0057720025,0.023967104,0.0028450012,196.61919,45.16,653.265,4194.816000000001,208.26500000000001,0.0,0.0,0.0,0.0,2
memcached,2026-07-14-19-26-15,1,wsl,medium,100000,8,insert,800000,93079.484,0.07278742,0.012354998,0.062481996,0.1081821,0.0053399997,74.70863,83.63666666666667,409.395,3962.1973333333335,282.06666666666666,0.0,0.0,0.0,0.0,6
memcached,2026-07-14-19-26-15,1,wsl,medium,100000,8,read,800000,13392.805,0.5905845,0.181026,0.28497,0.44899198,0.046540998,72.517105,97.58290322580646,166.39387096774195,4189.150967741935,329.4935483870967,0.0,0.0,0.0,51.200000000000045,31
memcached,2026-07-14-19-26-15,1,wsl,medium,100000,8,update,800000,93417.59,0.07786184,0.009929004,0.045329046,0.094987,0.005270005,78.74442,80.49666666666667,369.83,4212.906666666667,324.43333333333334,0.0,0.0,0.0,0.0,6
memcached,2026-07-14-19-26-15,1,wsl,small,0,1,mix_10W_90R,10000,25.271873,39.569683,43.807434,44.412235,47.877686,0.020620005,99.74754,0.8364236902050114,1.6529840546697039,1911.2201913439635,73.11922551252847,0.0,0.0,26.60000000000001,184.31999999999994,439
memcached,2026-07-14-19-26-15,1,wsl,small,0,1,mix_50W_50R,20000,45.503338,21.97641,0.33500302,44.21187,47.445343,0.014268007,99.73372,0.8364236902050114,1.6529840546697039,1911.2201913439635,73.11922551252847,0.0,0.0,26.60000000000001,184.31999999999994,439
memcached,2026-07-14-19-26-15,1,wsl,small,0,1,mix_90W_10R,10000,226.94365,4.4063807,0.012203992,43.67885,44.120182,0.0044879997,48.509544,0.8364236902050114,1.6529840546697039,1911.2201913439635,73.11922551252847,0.0,0.0,26.60000000000001,184.31999999999994,439
memcached,2026-07-14-19-26-15,1,wsl,small,0,2,mix_10W_90R,20000,50.530018,39.579876,43.82556,44.374706,47.911438,0.019687999,49.148624,1.475990888382688,1.992870159453303,1911.3951343963554,59.787403189066055,0.0,0.0,23.099999999999994,0.0,439
memcached,2026-07-14-19-26-15,1,wsl,small,0,2,mix_50W_50R,40000,90.98502,21.980112,20.309753,44.20434,47.552517,0.014928999,49.05866,1.475990888382688,1.992870159453303,1911.3951343963554,59.787403189066055,0.0,0.0,23.099999999999994,0.0,439
memcached,2026-07-14-19-26-15,1,wsl,small,0,2,mix_90W_10R,20000,454.13913,4.4037414,0.012122997,43.689793,44.128242,0.0044490006,48.356777,1.475990888382688,1.992870159453303,1911.3951343963554,59.787403189066055,0.0,0.0,23.099999999999994,0.0,439
memcached,2026-07-14-19-26-15,1,wsl,small,0,4,mix_10W_90R,40000,101.044685,39.584644,43.8341,44.381443,47.919666,0.019688988,48.75398,2.707425968109339,3.758974943052392,1911.6167289293849,102.42972665148064,0.0,0.0,1.0,10.240000000000009,439
memcached,2026-07-14-19-26-15,1,wsl,small,0,4,mix_50W_50R,80000,181.85435,21.994251,20.516455,44.207996,47.658493,0.01690301,52.30538,2.707425968109339,3.758974943052392,1911.6167289293849,102.42972665148064,0.0,0.0,1.0,10.240000000000009,439
memcached,2026-07-14-19-26-15,1,wsl,small,0,4,mix_90W_10R,40000,907.80255,4.4051747,0.012523989,43.676697,44.111874,0.0045089982,48.675297,2.707425968109339,3.758974943052392,1911.6167289293849,102.42972665148064,0.0,0.0,1.0,10.240000000000009,439
memcached,2026-07-14-19-26-15,1,wsl,small,0,8,mix_10W_90R,80000,201.94551,39.611042,43.833374,44.502087,47.950737,0.015019992,50.40258,4.211617312072893,6.3592938496583145,1910.935617312073,186.92118451025055,0.0,0.0,0.0,0.0,439
memcached,2026-07-14-19-26-15,1,wsl,small,0,8,mix_50W_50R,160000,363.61932,21.999538,20.532919,44.27216,47.66916,0.013256009,52.05029,4.211617312072893,6.3592938496583145,1910.935617312073,186.92118451025055,0.0,0.0,0.0,0.0,439
memcached,2026-07-14-19-26-15,1,wsl,small,0,8,mix_90W_10R,80000,1812.2229,4.411905,0.012074,43.709732,44.17685,0.004387999,48.54083,4.211617312072893,6.3592938496583145,1910.935617312073,186.92118451025055,0.0,0.0,0.0,0.0,439
memcached,2026-07-14-19-26-15,1,wsl,small,10000,1,delete,10000,169826.03,0.0058883787,0.0035670018,0.0058410503,0.069556214,0.0028659997,4.038448,7.7,378.03,8.684,54.71,0.0,0.0,0.0,0.0,1
memcached,2026-07-14-19-26-15,1,wsl,small,10000,1,insert,10000,78358.516,0.0127618555,0.0048090005,0.0623915,0.07916469,0.0044479966,1.527087,26.62,291.87,6.191,3.164,0.0,0.0,0.0,0.0,1
memcached,2026-07-14-19-26-15,1,wsl,small,10000,1,read,10000,7951.163,0.12576777,0.113239996,0.21850906,0.29276952,0.040439002,3.371715,15.895,400.03,6.3765,26.2,0.0,0.0,0.0,0.0,2
memcached,2026-07-14-19-26-15,1,wsl,small,10000,1,update,10000,72112.695,0.0138671845,0.005791,0.058233503,0.07895321,0.0045089982,3.037301,5.17,512.06,6.562,24.61,0.0,0.0,0.0,0.0,1
memcached,2026-07-14-19-26-15,1,wsl,small,10000,2,delete,20000,247977.89,0.0076563433,0.0036269994,0.0069130533,0.074598916,0.0028759968,6.146684,16.24,658.91,14.3,88.25,0.0,0.0,0.0,0.0,1
memcached,2026-07-14-19-26-15,1,wsl,small,10000,2,insert,20000,137971.95,0.013520444,0.005961003,0.0581635,0.07790191,0.004469002,5.356138,67.92,352.51,8.684,66.84,0.0,0.0,0.0,0.0,1
memcached,2026-07-14-19-26-15,1,wsl,small,10000,2,read,20000,13425.957,0.1441678,0.1309165,0.23316826,0.28638995,0.044005,6.7319508,38.32,425.865,8.6075,66.88,0.0,0.0,0.0,0.0,2
memcached,2026-07-14-19-26-15,1,wsl,small,10000,2,update,20000,114932.82,0.017313385,0.008085,0.081488,0.1071981,0.005351001,1.172528,8.72,499.22,8.531,66.92,0.0,0.0,0.0,0.0,1
memcached,2026-07-14-19-26-15,1,wsl,small,10000,4,delete,40000,862802.8,0.004533659,0.0029959993,0.008727002,0.056780998,0.0028450012,0.209908,2.92,864.51,14.26,185.6,0.0,0.0,0.0,0.0,1
memcached,2026-07-14-19-26-15,1,wsl,small,10000,4,insert,40000,288651.44,0.012617556,0.0048790025,0.058965452,0.075357504,0.0044190018,5.628958,35.49,512.7,14.3,109.0,0.0,0.0,0.0,0.0,1
memcached,2026-07-14-19-26-15,1,wsl,small,10000,4,read,40000,15543.949,0.25512007,0.147915,0.22676435,0.31577978,0.046780996,40.823116,66.19,303.93,14.3,107.9,0.0,0.0,0.0,0.0,2
memcached,2026-07-14-19-26-15,1,wsl,small,10000,4,update,40000,310094.78,0.012746273,0.005050002,0.059906997,0.0776713,0.004399,0.662178,18.27,540.13,14.83,108.4,0.0,0.0,0.0,0.0,1
memcached,2026-07-14-19-26-15,1,wsl,small,10000,8,delete,80000,582126.3,0.008467129,0.0043079997,0.009929004,0.0884738,0.0030060036,12.098931,16.02,891.37,24.09,40.52,0.0,0.0,0.0,0.0,1
memcached,2026-07-14-19-26-15,1,wsl,small,10000,8,insert,80000,241566.7,0.020920603,0.008146002,0.07839206,0.122027,0.0045889975,25.467024,32.17,576.0,23.48,157.4,0.0,0.0,0.0,0.0,1
memcached,2026-07-14-19-26-15,1,wsl,small,10000,8,read,80000,14660.993,0.53759617,0.19666201,0.2719043,0.41930687,0.056489,65.11721,69.4,482.35,23.61,191.3,0.0,0.0,0.0,0.0,4
memcached,2026-07-14-19-26-15,1,wsl,small,10000,8,update,80000,277819.3,0.020336134,0.007856004,0.07561705,0.1182302,0.0047099967,24.1038,28.36,580.91,22.97,151.4,0.0,0.0,0.0,0.0,1
memcached,2026-07-14-19-26-15,1,wsl,small,100000,1,delete,100000,217020.45,0.004607861,0.003025998,0.00794645,0.05370509,0.0029250004,0.137578,12.23,314.5,28.31,46.14,0.0,0.0,0.0,0.0,1
memcached,2026-07-14-19-26-15,1,wsl,small,100000,1,insert,100000,98740.516,0.010127555,0.004820002,0.055989005,0.07493609,0.004538,0.974412,17.06,315.58,23.73,46.79,0.0,0.0,0.0,0.0,1
memcached,2026-07-14-19-26-15,1,wsl,small,100000,1,read,100000,8015.0747,0.124764904,0.111588,0.2017564,0.28050616,0.044125997,1.186234,40.824285714285715,61.58428571428572,27.62142857142857,46.63857142857143,0.0,0.0,0.0,0.2158203125,7
memcached,2026-07-14-19-26-15,1,wsl,small,100000,1,update,100000,82733.2,0.012087046,0.004870002,0.057892997,0.06738229,0.0044890037,0.629628,15.445,316.065,27.79,46.93,0.0,0.0,0.0,0.0,2
memcached,2026-07-14-19-26-15,1,wsl,small,100000,2,delete,200000,418284.9,0.0046882494,0.0029360016,0.008736052,0.055507995,0.0028549985,6.599969,16.28,474.31,52.34,106.2,0.0,0.0,0.0,0.0,1
memcached,2026-07-14-19-26-15,1,wsl,small,100000,2,insert,200000,166324.92,0.011900749,0.004788999,0.057763,0.06706999,0.0044079935,6.839773,47.275,382.5,39.92,68.82,0.0,0.0,0.0,7.7041796875,2
memcached,2026-07-14-19-26-15,1,wsl,small,100000,2,read,200000,12923.101,0.15424432,0.138704,0.23665003,0.2844951,0.047943003,23.060837,74.39333333333333,175.82777777777778,52.08888888888889,68.66111111111111,0.0,0.0,0.0,9.479999999999999,9
memcached,2026-07-14-19-26-15,1,wsl,small,100000,2,update,200000,162019.52,0.012332986,0.0048799994,0.059505,0.068473004,0.0043789987,6.60611,48.99,199.01,52.0,68.41,0.0,0.0,0.0,0.0,1
memcached,2026-07-14-19-26-15,1,wsl,small,100000,4,delete,400000,779867.0,0.005061188,0.0033169999,0.009848998,0.062861994,0.0030360024,0.581356,61.63,592.86,100.5,112.0,0.0,0.0,0.0,0.0,1
memcached,2026-07-14-19-26-15,1,wsl,small,100000,4,insert,400000,307160.8,0.0127939135,0.005511007,0.066920005,0.0801261,0.0044879997,8.497664,76.005,544.76,80.68,111.4,0.0,0.0,0.0,0.0,2
memcached,2026-07-14-19-26-15,1,wsl,small,100000,4,read,400000,15253.587,0.26114374,0.147559,0.22828415,0.31550333,0.049917005,62.53974,97.68285714285715,185.90214285714288,101.16428571428571,106.88857142857144,0.0,0.0,0.0,13.0,14
memcached,2026-07-14-19-26-15,1,wsl,small,100000,4,update,400000,262759.47,0.014423933,0.00557,0.066779,0.09042599,0.004428999,0.65846,76.605,497.55,100.5,111.9,0.0,0.0,0.0,0.0,2
memcached,2026-07-14-19-26-15,1,wsl,small,100000,8,delete,800000,1.339054e+06,0.005471289,0.0036769998,0.0063920016,0.028746,0.0028460054,38.087154,43.785000000000004,694.2049999999999,199.75,124.55000000000001,0.0,0.0,0.0,0.0,2
memcached,2026-07-14-19-26-15,1,wsl,small,100000,8,insert,800000,567711.56,0.012212134,0.0069129965,0.022714004,0.07574701,0.0043679974,69.56901,82.295,886.8,160.85,196.60000000000002,0.0,0.0,0.0,0.0,2
memcached,2026-07-14-19-26-15,1,wsl,small,100000,8,read,800000,15624.037,0.5105776,0.177716,0.26036614,0.41139534,0.044545997,76.29718,100.61307692307693,168.0096153846154,197.2923076923077,195.7076923076923,0.0,0.0,0.0,72.6,26
memcached,2026-07-14-19-26-15,1,wsl,small,100000,8,update,800000,486853.53,0.013815254,0.005651003,0.016652005,0.06389409,0.0043379986,78.887184,80.8,663.405,208.7,172.15,0.0,0.0,0.0,0.0,2
memcached,2026-07-14-19-26-15,1,wsl,small,1000000,1,delete,1000000,219739.61,0.0045508407,0.0030160008,0.008767005,0.055577997,0.0028860013,0.639146,20.725,220.085,242.8,58.692499999999995,0.0,0.0,0.0,0.0,4
memcached,2026-07-14-19-26-15,1,wsl,small,1000000,1,insert,1000000,96512.375,0.010361365,0.004769994,0.056009,0.06333409,0.004388996,0.46006998,36.09142857142857,123.93142857142857,203.8857142857143,51.41857142857143,0.0,0.0,0.0,2.0,7
memcached,2026-07-14-19-26-15,1,wsl,small,1000000,1,read,1000000,7954.83,0.12570979,0.112698995,0.1989471,0.276889,0.040960003,6.076338,42.85769230769231,62.658307692307694,242.40615384615384,52.23692307692308,0.0,0.0,0.0,77.0,65
memcached,2026-07-14-19-26-15,1,wsl,small,1000000,1,update,1000000,84095.625,0.011891224,0.0048090005,0.058023,0.066169,0.0044489936,0.742912,21.0975,115.875,242.2625,52.34375,0.0,0.0,0.0,4.0,8
memcached,2026-07-14-19-26-15,1,wsl,small,1000000,2,delete,2000000,436333.25,0.0045727277,0.0029959993,0.008837997,0.055762,0.002875,7.432265,48.625,309.5,480.675,89.8675,0.0,0.0,0.0,3.0,4
memcached,2026-07-14-19-26-15,1,wsl,small,1000000,2,insert,2000000,178785.88,0.011181183,0.004788999,0.057912998,0.064606,0.004387999,20.556486,57.91,222.87375,321.5125,75.81375,0.0,0.0,0.0,22.0,8
memcached,2026-07-14-19-26-15,1,wsl,small,1000000,2,read,2000000,12863.122,0.15546228,0.141212,0.23895405,0.286135,0.040498998,1.573541,83.38225,126.49449999999999,480.23375,76.41787500000001,0.0,0.0,0.0,99.0,80
memcached,2026-07-14-19-26-15,1,wsl,small,1000000,2,update,2000000,165110.34,0.012066404,0.0047690044,0.058261998,0.06770405,0.004358,5.319557,49.4525,197.85875,480.525,72.58,0.0,0.0,0.0,6.0,8
memcached,2026-07-14-19-26-15,1,wsl,small,1000000,4,delete,4000000,888045.94,0.0044061947,0.0033169999,0.005782,0.026241012,0.002844994,7.138434,84.9925,431.0325,958.3,109.715,0.0,0.0,0.0,0.0,4
memcached,2026-07-14-19-26-15,1,wsl,small,1000000,4,insert,4000000,341312.88,0.011461043,0.0054109986,0.03037,0.073916,0.0044080005,61.607574,88.64125,378.44,597.4625,121.58500000000001,0.0,0.0,0.0,44.0,8
memcached,2026-07-14-19-26-15,1,wsl,small,1000000,4,read,4000000,14817.323,0.2694125,0.150457,0.23005,0.32186204,0.051109005,65.454636,100.55729927007299,149.89583941605838,957.4445255474452,124.88029197080292,0.0,0.0,0.0,209.0,137
memcached,2026-07-14-19-26-15,1,wsl,small,1000000,4,update,4000000,355612.44,0.011142279,0.0049890005,0.009539006,0.049878098,0.0043689944,67.29205,93.765,296.85625,965.75,134.55,0.0,0.0,0.0,6.0,8
memcached,2026-07-14-19-26-15,1,wsl,small,1000000,8,delete,8000000,898591.56,0.008417627,0.003506997,0.005720998,0.01100199,0.0028249924,156.9462,97.37333333333333,495.64166666666665,1928.8746666666666,229.41666666666666,0.0,0.0,0.0,184.31999999999994,6
memcached,2026-07-14-19-26-15,1,wsl,small,1000000,8,insert,8000000,359518.44,0.021608429,0.0060919994,0.011181997,0.029818002,0.0043679974,90.180756,99.11785714285715,398.72214285714284,1283.0477142857144,230.17857142857142,0.0,0.0,0.0,88.0,14
memcached,2026-07-14-19-26-15,1,wsl,small,1000000,8,read,8000000,15393.313,0.51860374,0.177907,0.25838798,0.40430602,0.049486995,76.39509,100.4895038167939,161.37248091603053,1911.7767328244274,221.91770992366412,0.0,0.0,0.0,452.1600000000001,262
memcached,2026-07-14-19-26-15,1,wsl,small,1000000,8,update,8000000,282704.94,0.028150871,0.005862006,0.010520991,0.021432003,0.0043379986,92.03968,95.40235294117646,322.0811764705882,1924.5176470588235,245.52941176470588,0.0,0.0,0.0,0.0,17
memcached,2026-07-14-21-26-04,2,wsl,medium,0,1,mix_10W_90R,10000,27.774635,36.00407,43.7508,44.29414,47.83826,0.035589997,48.71726,1.1102262443438915,1.5110859728506787,4189.614914027149,57.32968325791855,0.0,0.0,0.0,40.960000000000036,221
memcached,2026-07-14-21-26-04,2,wsl,medium,0,1,mix_50W_50R,20000,329.57364,3.0342233,0.105628,43.396378,44.036804,0.019949002,48.285015,1.1102262443438915,1.5110859728506787,4189.614914027149,57.32968325791855,0.0,0.0,0.0,40.960000000000036,221
memcached,2026-07-14-21-26-04,2,wsl,medium,0,1,mix_90W_10R,10000,468.96353,2.132362,0.066590995,0.38389033,43.21287,0.007604991,48.056744,1.1102262443438915,1.5110859728506787,4189.614914027149,57.32968325791855,0.0,0.0,0.0,40.960000000000036,221
memcached,2026-07-14-21-26-04,2,wsl,medium,0,2,mix_10W_90R,20000,52.697887,36.85482,43.771214,44.364285,47.845615,0.037464008,120.09048,2.092,4.501056603773585,4189.794535849056,79.35422641509433,0.0,0.0,25.0,10.240000000000009,265
memcached,2026-07-14-21-26-04,2,wsl,medium,0,2,mix_50W_50R,40000,266.28824,4.570506,0.13382098,43.632664,44.278084,0.020449996,51.300316,2.092,4.501056603773585,4189.794535849056,79.35422641509433,0.0,0.0,25.0,10.240000000000009,265
memcached,2026-07-14-21-26-04,2,wsl,medium,0,2,mix_90W_10R,20000,914.4425,2.1585586,0.069015,0.38195446,43.191616,0.007726005,118.80088,2.092,4.501056603773585,4189.794535849056,79.35422641509433,0.0,0.0,25.0,10.240000000000009,265
memcached,2026-07-14-21-26-04,2,wsl,medium,0,4,mix_10W_90R,40000,111.53842,35.79626,43.764317,44.376877,47.940746,0.036341008,87.960655,4.616547085201794,7.147040358744395,4189.831461883408,154.0267264573991,0.0,0.0,9.0,0.0,223
memcached,2026-07-14-21-26-04,2,wsl,medium,0,4,mix_50W_50R,80000,1189.9333,2.334311,0.11368299,40.966385,44.038418,0.019026993,49.339085,4.616547085201794,7.147040358744395,4189.831461883408,154.0267264573991,0.0,0.0,9.0,0.0,223
memcached,2026-07-14-21-26-04,2,wsl,medium,0,4,mix_90W_10R,40000,1573.0144,2.3098938,0.06896049,41.16445,43.411415,0.013066005,48.176758,4.616547085201794,7.147040358744395,4189.831461883408,154.0267264573991,0.0,0.0,9.0,0.0,223
memcached,2026-07-14-21-26-04,2,wsl,medium,0,8,mix_10W_90R,80000,222.10693,35.89652,43.75401,44.45476,47.974365,0.026210997,104.163376,7.30334693877551,12.049224489795918,4189.802579591837,286.451387755102,0.0,0.0,1.0,10.240000000000009,245
memcached,2026-07-14-21-26-04,2,wsl,medium,0,8,mix_50W_50R,160000,1405.4945,3.3754478,0.11483551,43.437843,44.45311,0.018617008,49.111916,7.30334693877551,12.049224489795918,4189.802579591837,286.451387755102,0.0,0.0,1.0,10.240000000000009,245
memcached,2026-07-14-21-26-04,2,wsl,medium,0,8,mix_90W_10R,80000,3506.47,1.9115658,0.062552996,0.2854845,43.4109,0.0055510025,48.305588,7.30334693877551,12.049224489795918,4189.802579591837,286.451387755102,0.0,0.0,1.0,10.240000000000009,245
memcached,2026-07-14-21-26-04,2,wsl,medium,10000,1,delete,10000,188244.34,0.005312245,0.003626992,0.0066734995,0.0776643,0.0029049988,0.122862,47.61,425.61,1999.872,13.57,0.0,0.0,0.0,0.0,1
memcached,2026-07-14-21-26-04,2,wsl,medium,10000,1,insert,10000,26235.027,0.03811698,0.038540997,0.06998455,0.0991156,0.0053909896,1.43392,26.41,301.72,1957.888,51.49,0.0,0.0,0.0,0.0,1
memcached,2026-07-14-21-26-04,2,wsl,medium,10000,1,read,10000,7743.499,0.12914059,0.11984601,0.20650525,0.2784413,0.058183998,1.842533,52.99,59.89,1957.888,51.49,0.0,0.0,0.0,0.0,1
memcached,2026-07-14-21-26-04,2,wsl,medium,10000,1,update,10000,24462.56,0.040878795,0.047704,0.08410506,0.091510415,0.0055809943,0.298006,14.3,298.45,1956.864,18.39,0.0,0.0,0.0,0.0,1
memcached,2026-07-14-21-26-04,2,wsl,medium,10000,2,delete,20000,335114.22,0.0058747903,0.0037970021,0.009108,0.07774331,0.0028850045,0.19354,22.13,596.52,1999.872,167.1,0.0,0.0,0.0,0.0,1
memcached,2026-07-14-21-26-04,2,wsl,medium,10000,2,insert,20000,55755.824,0.03491464,0.026100999,0.072434,0.095559105,0.005480004,1.33832,47.61,425.61,1999.872,13.57,0.0,0.0,0.0,0.0,1
memcached,2026-07-14-21-26-04,2,wsl,medium,10000,2,read,20000,12288.888,0.157869,0.139599,0.25273848,0.3120385,0.054507006,4.097973,104.59,119.81,2000.896,90.83,0.0,0.0,0.0,0.0,1
memcached,2026-07-14-21-26-04,2,wsl,medium,10000,2,update,20000,48374.188,0.040755462,0.0425185,0.0752885,0.09397539,0.0061519966,2.187303,38.7,408.84,1999.872,90.42,0.0,0.0,0.0,0.0,1
memcached,2026-07-14-21-26-04,2,wsl,medium,10000,4,delete,40000,763426.7,0.0051771295,0.0033960096,0.00953945,0.0645771,0.0028960058,0.32004,0.01,811.39,2086.912,187.2,0.0,0.0,0.0,0.0,1
memcached,2026-07-14-21-26-04,2,wsl,medium,10000,4,insert,40000,63324.89,0.05794942,0.063059,0.134875,0.1541342,0.0056309947,1.037925,77.15,306.19,2086.912,74.11,0.0,0.0,0.0,0.0,1
memcached,2026-07-14-21-26-04,2,wsl,medium,10000,4,read,40000,22480.607,0.17513096,0.168827,0.23138526,0.29302204,0.055119004,7.062931,77.865,528.8000000000001,2087.936,127.91,0.0,0.0,0.0,0.0,2
memcached,2026-07-14-21-26-04,2,wsl,medium,10000,4,update,40000,48388.43,0.07565366,0.07333499,0.11767244,0.1500662,0.0068039955,4.939916,111.93,548.59,2086.912,129.1,0.0,0.0,0.0,0.0,1
memcached,2026-07-14-21-26-04,2,wsl,medium,10000,8,delete,80000,729735.25,0.007816648,0.0043480103,0.009077995,0.08047861,0.0028460054,5.766716,22.05,1076.83,2263.04,14.89,0.0,0.0,0.0,0.0,1
memcached,2026-07-14-21-26-04,2,wsl,medium,10000,8,insert,80000,128759.08,0.054561708,0.021081999,0.10438526,0.16361259,0.005310998,33.654507,149.14,728.59,2262.016,16.46,0.0,0.0,0.0,0.0,1
memcached,2026-07-14-21-26-04,2,wsl,medium,10000,8,read,80000,24110.588,0.32870153,0.19595599,0.3044467,0.41537336,0.06145099,43.651936,153.88333333333333,639.59,2263.04,322.2,0.0,0.0,0.0,0.0,3
memcached,2026-07-14-21-26-04,2,wsl,medium,10000,8,update,80000,129510.984,0.05348263,0.030169992,0.090669,0.13048771,0.0055310084,37.788242,50.115,1120.04,2263.04,168.345,0.0,0.0,0.0,0.0,2
memcached,2026-07-14-21-26-04,2,wsl,medium,100000,1,delete,100000,214867.72,0.004654026,0.0030060036,0.008206999,0.056952305,0.0028950016,0.154604,28.43,365.4,2350.08,91.99,0.0,0.0,0.0,0.0,1
memcached,2026-07-14-21-26-04,2,wsl,medium,100000,1,insert,100000,24166.494,0.041379604,0.048916,0.063585,0.089617185,0.005349997,0.587254,40.05,201.02,2291.456,53.730000000000004,0.0,0.0,0.0,0.0,4
memcached,2026-07-14-21-26-04,2,wsl,medium,100000,1,read,100000,5580.045,0.17921004,0.130848,0.3630647,0.5365073,0.07197099,8.959836,46.658,107.15599999999999,2351.104,54.125,0.0,0.0,0.0,10.240000000000009,10
memcached,2026-07-14-21-26-04,2,wsl,medium,100000,1,update,100000,24866.486,0.04021477,0.048033994,0.062042,0.0848974,0.005460999,3.271133,50.97666666666667,101.12,2350.7626666666665,53.06666666666666,0.0,0.0,0.0,0.0,3
memcached,2026-07-14-21-26-04,2,wsl,medium,100000,2,delete,200000,423458.1,0.0046756626,0.003025998,0.008756993,0.057331998,0.0028649955,4.945318,32.77,213.73,2786.304,75.24,0.0,0.0,0.0,0.0,1
memcached,2026-07-14-21-26-04,2,wsl,medium,100000,2,insert,200000,58653.312,0.033311334,0.024747992,0.06291299,0.082773,0.0053799883,4.196803,81.08666666666666,252.94000000000003,2561.7066666666665,92.14999999999999,0.0,0.0,0.0,0.0,3
memcached,2026-07-14-21-26-04,2,wsl,medium,100000,2,read,200000,12099.635,0.1651686,0.148441,0.254159,0.30567107,0.066681005,6.918433,99.11111111111111,124.61666666666666,2788.4657777777775,88.24444444444445,0.0,0.0,0.0,0.0,9
memcached,2026-07-14-21-26-04,2,wsl,medium,100000,2,update,200000,48639.46,0.04003301,0.042237997,0.06787401,0.08902499,0.0055410056,0.653865,100.37666666666667,267.6066666666667,2788.0106666666666,92.2,0.0,0.0,0.0,0.0,3
memcached,2026-07-14-21-26-04,2,wsl,medium,100000,4,delete,400000,670551.75,0.0056320904,0.0033459945,0.009488998,0.064817,0.0028350041,6.81367,84.98,529.65,3662.848,17.73,0.0,0.0,0.0,0.0,1
memcached,2026-07-14-21-26-04,2,wsl,medium,100000,4,insert,400000,90002.336,0.043597635,0.026872993,0.089155,0.1140341,0.0053309924,5.553941,105.6125,495.78,3088.384,170.275,0.0,0.0,0.0,10.240000000000009,4
memcached,2026-07-14-21-26-04,2,wsl,medium,100000,4,read,400000,22836.26,0.17395598,0.16500899,0.2302181,0.27537608,0.053023994,3.663541,191.712,305.043,3663.5648,170.11,0.0,0.0,0.0,0.0,10
memcached,2026-07-14-21-26-04,2,wsl,medium,100000,4,update,400000,60919.19,0.064739816,0.06848499,0.095458,0.119905,0.005501002,3.204056,111.518,512.052,3662.4384,161.38,0.0,0.0,0.0,20.480000000000018,5
memcached,2026-07-14-21-26-04,2,wsl,medium,100000,8,delete,800000,1.0643994e+06,0.006940714,0.0049100053,0.010971999,0.0695871,0.0028560024,15.609536,143.08,1053.52,4190.208,325.8,0.0,0.0,0.0,0.0,1
memcached,2026-07-14-21-26-04,2,wsl,medium,100000,8,insert,800000,127034.32,0.059808936,0.020028993,0.088453,0.13058612,0.0053500114,42.357033,155.238,584.162,3942.4,294.46,0.0,0.0,0.0,0.0,5
memcached,2026-07-14-21-26-04,2,wsl,medium,100000,8,read,800000,26006.402,0.30595985,0.188996,0.281393,0.379507,0.045370005,43.57683,201.323125,288.53875,4190.272,320.575,0.0,0.0,0.0,10.240000000000009,16
memcached,2026-07-14-21-26-04,2,wsl,medium,100000,8,update,800000,125423.56,0.0542408,0.025921006,0.084727,0.11354409,0.0053599942,48.377506,144.82,618.598,4191.232,272.48,0.0,0.0,0.0,0.0,5
memcached,2026-07-14-21-26-04,2,wsl,small,0,1,mix_10W_90R,10000,25.267262,39.576904,43.81348,44.425964,47.92601,0.021261992,64.87325,0.7726423690205011,1.6285421412300682,1912.792346241458,64.29036446469249,0.0,0.0,26.700000000000003,225.27999999999997,439
memcached,2026-07-14-21-26-04,2,wsl,small,0,1,mix_50W_50R,20000,45.50553,21.97535,20.603626,44.199623,47.587574,0.01835599,51.55583,0.7726423690205011,1.6285421412300682,1912.792346241458,64.29036446469249,0.0,0.0,26.700000000000003,225.27999999999997,439
memcached,2026-07-14-21-26-04,2,wsl,small,0,1,mix_90W_10R,10000,227.04346,4.4044433,0.0124649955,43.68065,44.17428,0.0045589986,48.24738,0.7726423690205011,1.6285421412300682,1912.792346241458,64.29036446469249,0.0,0.0,26.700000000000003,225.27999999999997,439
memcached,2026-07-14-21-26-04,2,wsl,small,0,2,mix_10W_90R,20000,50.530903,39.579517,43.81629,44.47584,47.895973,0.021011,52.196968,1.5380637813211846,2.006719817767654,1912.7970113895217,44.987653758542145,0.0,0.0,9.5,0.0,439
memcached,2026-07-14-21-26-04,2,wsl,small,0,2,mix_50W_50R,40000,90.9772,21.981817,20.867653,44.256535,47.573,0.016421996,49.208927,1.5380637813211846,2.006719817767654,1912.7970113895217,44.987653758542145,0.0,0.0,9.5,0.0,439
memcached,2026-07-14-21-26-04,2,wsl,small,0,2,mix_90W_10R,20000,454.0833,4.4034834,0.012024,43.689625,44.124165,0.0044490006,51.485558,1.5380637813211846,2.006719817767654,1912.7970113895217,44.987653758542145,0.0,0.0,9.5,0.0,439
memcached,2026-07-14-21-26-04,2,wsl,small,0,4,mix_10W_90R,40000,101.01179,39.59817,43.83072,44.44941,47.952343,0.019447993,48.740097,2.8802961275626426,3.9223917995444193,1912.8646560364466,87.47189066059227,0.0,0.0,0.0,0.0,439
memcached,2026-07-14-21-26-04,2,wsl,small,0,4,mix_50W_50R,80000,181.867,21.993114,20.713757,44.280575,47.589336,0.017914994,51.75013,2.8802961275626426,3.9223917995444193,1912.8646560364466,87.47189066059227,0.0,0.0,0.0,0.0,439
memcached,2026-07-14-21-26-04,2,wsl,small,0,4,mix_90W_10R,40000,907.2739,4.4069905,0.012564007,43.680046,44.0446,0.0044479966,48.42548,2.8802961275626426,3.9223917995444193,1912.8646560364466,87.47189066059227,0.0,0.0,0.0,0.0,439
memcached,2026-07-14-21-26-04,2,wsl,small,0,8,mix_10W_90R,80000,201.95161,39.608402,43.830956,44.494568,47.998234,0.015640995,51.994076,4.216765375854214,6.831958997722095,1912.4867790432802,171.7881548974943,0.0,0.0,0.0,10.240000000000009,439
memcached,2026-07-14-21-26-04,2,wsl,small,0,8,mix_50W_50R,160000,363.7223,21.991203,20.67081,44.23968,47.62022,0.013726996,48.84058,4.216765375854214,6.831958997722095,1912.4867790432802,171.7881548974943,0.0,0.0,0.0,10.240000000000009,439
memcached,2026-07-14-21-26-04,2,wsl,small,0,8,mix_90W_10R,80000,1813.7816,4.4092937,0.0123740025,43.705112,44.162704,0.0044189948,52.115887,4.216765375854214,6.831958997722095,1912.4867790432802,171.7881548974943,0.0,0.0,0.0,10.240000000000009,439
memcached,2026-07-14-21-26-04,2,wsl,small,10000,1,delete,10000,178314.83,0.0056080585,0.0036670098,0.0064829946,0.07443601,0.0035470002,0.17864,18.25,591.34,10.88,49.41,0.0,0.0,0.0,0.0,1
memcached,2026-07-14-21-26-04,2,wsl,small,10000,1,insert,10000,77442.96,0.012912729,0.0049399966,0.063708514,0.08330301,0.0044390033,2.293906,33.33,295.64,8.664,13.48,0.0,0.0,0.0,0.0,1
memcached,2026-07-14-21-26-04,2,wsl,small,10000,1,read,10000,9115.31,0.109705545,0.107401,0.1710465,0.23920003,0.043805994,3.9283571,33.33,288.58,8.664,27.35,0.0,0.0,0.0,0.0,1
memcached,2026-07-14-21-26-04,2,wsl,small,10000,1,update,10000,77941.9,0.012830069,0.0058720033,0.059067003,0.0793267,0.00451901,0.181547,1.45,314.7,8.574,41.29,0.0,0.0,0.0,0.0,1
memcached,2026-07-14-21-26-04,2,wsl,small,10000,2,delete,20000,274610.44,0.0065126647,0.003687004,0.00665299,0.07704201,0.0028749928,6.011699,14.06,513.05,15.81,46.47,0.0,0.0,0.0,0.0,1
memcached,2026-07-14-21-26-04,2,wsl,small,10000,2,insert,20000,124398.08,0.015298602,0.0055209966,0.060238503,0.0769412,0.004419009,5.347394,18.25,591.34,10.88,49.41,0.0,0.0,0.0,0.0,1
memcached,2026-07-14-21-26-04,2,wsl,small,10000,2,read,20000,12517.721,0.15765603,0.14507249,0.248964,0.2992439,0.045378998,6.670213,46.07,297.435,10.68,28.797,0.0,0.0,0.09999999999999787,0.0,2
memcached,2026-07-14-21-26-04,2,wsl,small,10000,2,update,20000,153229.02,0.012798393,0.005861002,0.058785055,0.075288296,0.004419009,5.56384,10.16,474.85,10.48,8.074,0.0,0.0,0.0,0.0,1
memcached,2026-07-14-21-26-04,2,wsl,small,10000,4,delete,40000,666201.0,0.0053994623,0.003206005,0.009388997,0.06669099,0.0028849898,0.946871,3.02,787.99,16.5,166.5,0.0,0.0,0.0,0.0,1
memcached,2026-07-14-21-26-04,2,wsl,small,10000,4,insert,40000,252392.94,0.013095793,0.00493,0.059407,0.07511721,0.004428002,12.066693,14.06,513.05,15.81,46.47,0.0,0.0,0.0,0.0,1
memcached,2026-07-14-21-26-04,2,wsl,small,10000,4,read,40000,24680.518,0.15073347,0.1480725,0.22383554,0.27470058,0.041801993,6.801247,54.51,579.69,15.955,92.385,0.0,0.0,0.0,0.0,2
memcached,2026-07-14-21-26-04,2,wsl,small,10000,4,update,40000,277754.25,0.014180688,0.0056209974,0.066851005,0.084165804,0.004639005,0.41151798,15.61,554.19,16.5,64.75,0.0,0.0,0.0,0.0,1
memcached,2026-07-14-21-26-04,2,wsl,small,10000,8,delete,80000,822184.1,0.007199911,0.004387999,0.00996,0.103433006,0.0028549985,8.125394,15.73,1065.61,25.38,10.3,0.0,0.0,0.0,0.0,1
memcached,2026-07-14-21-26-04,2,wsl,small,10000,8,insert,80000,280352.47,0.02105868,0.00898799,0.09025846,0.128793,0.004497997,13.134176,44.17,620.26,24.46,128.5,0.0,0.0,0.0,0.0,1
memcached,2026-07-14-21-26-04,2,wsl,small,10000,8,read,80000,31915.537,0.2384686,0.18832201,0.26398015,0.37061638,0.05187199,29.033958,152.60999999999999,670.61,24.96,134.68,0.0,0.0,0.0,0.0,2
memcached,2026-07-14-21-26-04,2,wsl,small,10000,8,update,80000,326908.78,0.01980149,0.007975003,0.064348,0.111960396,0.004457994,9.587299,38.87,830.14,25.23,80.82,0.0,0.0,0.0,0.0,1
memcached,2026-07-14-21-26-04,2,wsl,small,100000,1,delete,100000,218230.42,0.0045823124,0.0029660005,0.007153998,0.05382521,0.0028950016,0.572885,12.52,300.6,29.68,10.23,0.0,0.0,0.0,0.0,1
memcached,2026-07-14-21-26-04,2,wsl,small,100000,1,insert,100000,82653.35,0.012098723,0.0048100045,0.058324,0.078414,0.004448986,1.111925,20.82,98.81,29.14,9.863,0.0,0.0,0.0,0.0,1
memcached,2026-07-14-21-26-04,2,wsl,small,100000,1,read,100000,7644.1426,0.13081913,0.11379301,0.2192512,0.30302143,0.053215,4.136117,41.23714285714285,58.951428571428565,29.407142857142855,29.34714285714286,0.0,0.0,0.0,0.0,7
memcached,2026-07-14-21-26-04,2,wsl,small,100000,1,update,100000,83373.62,0.011994202,0.0049200025,0.05777301,0.06494828,0.0045290072,0.274409,14.145,305.86,29.465,20.625,0.0,0.0,0.0,0.0,2
memcached,2026-07-14-21-26-04,2,wsl,small,100000,2,delete,200000,428675.88,0.0046028774,0.0030160008,0.007996451,0.05601,0.0028450012,0.179973,26.37,376.02,53.7,11.29,0.0,0.0,0.0,0.0,1
memcached,2026-07-14-21-26-04,2,wsl,small,100000,2,insert,200000,166021.16,0.011943991,0.0049200025,0.058164004,0.0670321,0.0045289923,0.223115,40.795,388.05,41.445,51.745,0.0,0.0,0.0,0.0,2
memcached,2026-07-14-21-26-04,2,wsl,small,100000,2,read,200000,12669.623,0.15757714,0.14541501,0.24273711,0.289077,0.042563014,6.803228,74.98888888888888,164.69555555555556,53.29777777777778,51.61666666666667,0.0,0.0,0.0,0.8399999999999999,9
memcached,2026-07-14-21-26-04,2,wsl,small,100000,2,update,200000,146804.78,0.013570565,0.005459995,0.058936,0.0875723,0.0044989865,6.825013,37.33,324.85,53.545,31.544999999999998,0.0,0.0,0.0,8.66,2
memcached,2026-07-14-21-26-04,2,wsl,small,100000,4,delete,400000,765974.94,0.005151721,0.0033469987,0.009889001,0.063204005,0.0028760114,0.311845,64.95,387.55,101.8,11.62,0.0,0.0,0.0,0.0,1
memcached,2026-07-14-21-26-04,2,wsl,small,100000,4,insert,400000,278502.16,0.01387057,0.005651003,0.06683101,0.088764995,0.004497997,0.69567597,40.05,539.735,77.975,89.735,0.0,0.0,0.19999999999999574,0.0,2
memcached,2026-07-14-21-26-04,2,wsl,small,100000,4,read,400000,24385.61,0.16364118,0.1535355,0.22109205,0.261504,0.089576,1.338843,162.61222222222221,248.18333333333334,101.66666666666667,86.61888888888888,0.0,0.0,0.10000000000000142,13.0,9
memcached,2026-07-14-21-26-04,2,wsl,small,100000,4,update,400000,267700.9,0.014817435,0.0057910075,0.067894,0.09115901,0.0044290065,1.565714,37.629999999999995,537.585,101.65,90.05000000000001,0.0,0.0,0.10000000000000142,0.0,2
memcached,2026-07-14-21-26-04,2,wsl,small,100000,8,delete,800000,915997.9,0.0073745726,0.0048090005,0.011662996,0.09051799,0.0029360089,12.579061,13.18,687.5450000000001,199.05,110.42,0.0,0.0,0.29999999999999716,0.0,2
memcached,2026-07-14-21-26-04,2,wsl,small,100000,8,insert,800000,443409.53,0.016761608,0.009708994,0.074095055,0.114356086,0.004517991,20.119867,98.61,910.4749999999999,139.9,176.1,0.0,0.0,0.09999999999999432,0.0,2
memcached,2026-07-14-21-26-04,2,wsl,small,100000,8,read,800000,29879.74,0.26623505,0.190466,0.26172706,0.35904405,0.049377006,31.089848,188.27599999999998,414.1913333333333,198.6533333333333,181.81333333333333,0.0,0.0,3.3999999999999986,25.9,15
memcached,2026-07-14-21-26-04,2,wsl,small,100000,8,update,800000,496262.75,0.0153003065,0.009158,0.061201457,0.10786299,0.0044390033,8.384248,96.13000000000001,849.675,198.89999999999998,101.28999999999999,0.0,0.0,0.0,0.0,2
memcached,2026-07-14-21-26-04,2,wsl,small,1000000,1,delete,1000000,221235.02,0.00452008,0.0029759975,0.008727991,0.054197095,0.0028759968,4.074103,24.802500000000002,178.605,243.55,47.28,0.0,0.0,0.0,0.0,4
memcached,2026-07-14-21-26-04,2,wsl,small,1000000,1,insert,1000000,111254.984,0.008988361,0.004978996,0.041891996,0.06156099,0.0045990017,0.33150998,49.653333333333336,99.95166666666667,205.1833333333333,39.32333333333333,0.0,0.0,0.0,0.0,6
memcached,2026-07-14-21-26-04,2,wsl,small,1000000,1,read,1000000,7935.966,0.1260086,0.112811,0.199381,0.28013,0.04900599,1.702212,43.008,63.23923076923077,243.63692307692307,40.16307692307692,0.0,0.0,0.0,77.0,65
memcached,2026-07-14-21-26-04,2,wsl,small,1000000,1,update,1000000,83706.47,0.011946509,0.004939007,0.057803,0.067393094,0.0045990017,0.416899,21.36375,124.63875,243.5125,41.14625,0.0,0.0,0.0,0.0,8
memcached,2026-07-14-21-26-04,2,wsl,small,1000000,2,delete,2000000,403017.38,0.0049293693,0.0031560047,0.009028008,0.06102999,0.0028350041,3.746805,46.9725,197.9625,482.475,80.6875,0.0,0.0,0.0,0.0,4
memcached,2026-07-14-21-26-04,2,wsl,small,1000000,2,insert,2000000,172257.05,0.009692048,0.004759,0.056041,0.062693,0.0043979962,6.831685,69.69875,198.1375,334.9125,55.42625,0.0,0.0,0.0,1.0,8
memcached,2026-07-14-21-26-04,2,wsl,small,1000000,2,read,2000000,12755.55,0.15676776,0.14253,0.24132499,0.289743,0.048746005,5.825234,83.32444444444444,126.8172839506173,482.0851851851852,74.74617283950617,0.0,0.0,3.6999999999999957,122.0,81
memcached,2026-07-14-21-26-04,2,wsl,small,1000000,2,update,2000000,155435.6,0.012796538,0.0051700044,0.062042,0.072914004,0.0044379993,0.878393,47.10444444444445,244.19,482.2555555555556,79.49555555555555,0.0,0.0,0.0,8.0,9
memcached,2026-07-14-21-26-04,2,wsl,small,1000000,4,delete,4000000,673632.56,0.0058876737,0.0035769916,0.010491,0.070751995,0.0028460054,0.763027,75.196,467.242,959.1600000000001,143.62,0.0,0.0,0.0,0.0,5
memcached,2026-07-14-21-26-04,2,wsl,small,1000000,4,insert,4000000,262978.6,0.014596257,0.006171991,0.070759006,0.09839301,0.004629008,8.8405,114.329,423.16100000000006,610.23,122.30999999999999,0.0,0.0,0.0,43.0,10
memcached,2026-07-14-21-26-04,2,wsl,small,1000000,4,read,4000000,23381.83,0.17019106,0.162814,0.22680706,0.269366,0.046871994,6.843647,166.02079545454546,252.1006818181818,958.7056818181819,125.58738636363637,0.0,0.0,0.0,210.0,88
memcached,2026-07-14-21-26-04,2,wsl,small,1000000,4,update,4000000,272784.72,0.013932256,0.0057519935,0.06761501,0.08711401,0.0045089982,20.098358,100.072,425.889,959.0600000000001,126.44000000000001,0.0,0.0,0.0,4.0,10
memcached,2026-07-14-21-26-04,2,wsl,small,1000000,8,delete,8000000,1.2097175e+06,0.006250341,0.0050499947,0.010781005,0.047223993,0.0028549985,9.974418,191.54000000000002,798.388,1913.6512000000002,215.44,0.0,0.0,0.0,0.0,5
memcached,2026-07-14-21-26-04,2,wsl,small,1000000,8,insert,8000000,549859.2,0.014371554,0.008987001,0.050740987,0.10713399,0.004419009,48.00391,168.148,795.12,1170.5464,217.79000000000002,0.0,0.0,0.0,90.0,10
memcached,2026-07-14-21-26-04,2,wsl,small,1000000,8,read,8000000,27905.625,0.28500482,0.202708,0.275999,0.36372098,0.050891,49.305325,202.32301369863015,328.0927397260274,1913.0003287671234,217.39623287671233,0.0,0.0,0.0,442.9200000000001,146
memcached,2026-07-14-21-26-04,2,wsl,small,1000000,8,update,8000000,547166.3,0.014454096,0.008677001,0.021814005,0.09287501,0.004358997,52.233025,192.32999999999998,647.9159999999999,1922.8672,216.89000000000001,0.0,0.0,0.0,153.5999999999999,10
memcached,2026-07-14-23-19-34,4,wsl,medium,0,1,mix_10W_90R,10000,27.890368,35.85467,43.690674,44.425793,47.75837,0.039146993,51.70907,1.2626431718061675,1.8283259911894272,4188.967471365639,62.39370044052864,0.0,0.0,0.0,51.200000000000045,227
memcached,2026-07-14-23-19-34,4,wsl,medium,0,1,mix_50W_50R,20000,260.7156,3.8355968,0.1245565,43.514153,44.170456,0.021442,48.60954,1.2626431718061675,1.8283259911894272,4188.967471365639,62.39370044052864,0.0,0.0,0.0,51.200000000000045,227
memcached,2026-07-14-23-19-34,4,wsl,medium,0,1,mix_90W_10R,10000,544.28314,1.837279,0.059728503,0.33862206,43.244457,0.013497003,48.15808,1.2626431718061675,1.8283259911894272,4188.967471365639,62.39370044052864,0.0,0.0,0.0,51.200000000000045,227
memcached,2026-07-14-23-19-34,4,wsl,medium,0,2,mix_10W_90R,20000,55.551613,35.93323,43.72374,44.452286,47.851757,0.04066,127.91316,2.2928515625,4.277578125,4188.900000000001,84.7647265625,0.0,0.0,31.0,0.0,256
memcached,2026-07-14-23-19-34,4,wsl,medium,0,2,mix_50W_50R,40000,299.28073,4.781429,0.13457501,43.642162,44.34898,0.019749,75.54644,2.2928515625,4.277578125,4188.900000000001,84.7647265625,0.0,0.0,31.0,0.0,256
memcached,2026-07-14-23-19-34,4,wsl,medium,0,2,mix_90W_10R,20000,958.1193,1.964026,0.063255,0.38787436,43.369446,0.0075449934,48.12627,2.2928515625,4.277578125,4188.900000000001,84.7647265625,0.0,0.0,31.0,0.0,256
memcached,2026-07-14-23-19-34,4,wsl,medium,0,4,mix_10W_90R,40000,111.41119,35.861088,43.727097,44.48467,47.83557,0.036852,56.164677,4.561877551020409,7.7421224489795915,4188.929044897959,150.042,0.0,0.0,8.0,10.240000000000009,245
memcached,2026-07-14-23-19-34,4,wsl,medium,0,4,mix_50W_50R,80000,711.66595,3.2986224,0.124761,43.41714,44.336914,0.018446997,75.55493,4.561877551020409,7.7421224489795915,4188.929044897959,150.042,0.0,0.0,8.0,10.240000000000009,245
memcached,2026-07-14-23-19-34,4,wsl,medium,0,4,mix_90W_10R,40000,1616.626,1.9649936,0.0651135,0.41781405,43.43662,0.0063019977,50.12238,4.561877551020409,7.7421224489795915,4188.929044897959,150.042,0.0,0.0,8.0,10.240000000000009,245
memcached,2026-07-14-23-19-34,4,wsl,medium,0,8,mix_10W_90R,80000,222.06354,35.886173,43.734497,44.551014,47.8761,0.028145004,88.56415,7.715078125,13.308671875,4188.984,282.6543359375,0.0,0.0,1.0,10.240000000000009,256
memcached,2026-07-14-23-19-34,4,wsl,medium,0,8,mix_50W_50R,160000,1148.911,3.779079,0.127382,43.52899,44.514233,0.018437,60.362724,7.715078125,13.308671875,4188.984,282.6543359375,0.0,0.0,1.0,10.240000000000009,256
memcached,2026-07-14-23-19-34,4,wsl,medium,0,8,mix_90W_10R,80000,3759.73,1.7957375,0.063279495,0.341216,43.464294,0.006733011,48.854973,7.715078125,13.308671875,4188.984,282.6543359375,0.0,0.0,1.0,10.240000000000009,256
memcached,2026-07-14-23-19-34,4,wsl,medium,10000,1,delete,10000,186278.9,0.0053682947,0.0036980053,0.0067129885,0.079454616,0.002975008,0.185376,2.79,560.37,1955.84,95.28,0.0,0.0,0.0,0.0,1
memcached,2026-07-14-23-19-34,4,wsl,medium,10000,1,insert,10000,25066.691,0.039893575,0.049633004,0.06572899,0.09262379,0.0055510025,0.66838,24.73,304.64,1955.84,19.93,0.0,0.0,0.0,0.0,1
memcached,2026-07-14-23-19-34,4,wsl,medium,10000,1,read,10000,7461.7534,0.13401677,0.115207,0.24028651,0.31384903,0.057212003,3.942954,30.145,300.995,1955.84,42.155,0.0,0.0,0.0,0.0,2
memcached,2026-07-14-23-19-34,4,wsl,medium,10000,1,update,10000,21976.527,0.04550309,0.049989,0.0694375,0.0959704,0.0055809943,0.373557,25.57,306.26,1955.84,27.71,0.0,0.0,0.0,0.0,1
memcached,2026-07-14-23-19-34,4,wsl,medium,10000,2,delete,20000,301019.6,0.006607016,0.0031259987,0.006804459,0.061310988,0.0028449867,6.704525,3.38,515.54,1997.824,90.37,0.0,0.0,0.0,0.0,1
memcached,2026-07-14-23-19-34,4,wsl,medium,10000,2,insert,20000,55522.207,0.034632478,0.025319997,0.065158,0.089158304,0.0053999973,6.755166,44.61,337.72,1998.848,89.12,0.0,0.0,0.0,0.0,1
memcached,2026-07-14-23-19-34,4,wsl,medium,10000,2,read,20000,11913.522,0.16533664,0.153386,0.26109,0.31141862,0.057933997,4.101079,76.585,275.18,1998.848,63.315,0.0,0.0,0.0,0.0,2
memcached,2026-07-14-23-19-34,4,wsl,medium,10000,2,update,20000,47785.887,0.040642112,0.043892004,0.066293,0.0894986,0.006082002,4.106096,50.23,385.68,1997.824,30.32,0.0,0.0,0.0,0.0,1
memcached,2026-07-14-23-19-34,4,wsl,medium,10000,4,delete,40000,648524.3,0.0049287416,0.0030059891,0.006974455,0.058466293,0.002855988,0.20066601,7.95,640.5,2086.912,137.6,0.0,0.0,0.0,0.0,1
memcached,2026-07-14-23-19-34,4,wsl,medium,10000,4,insert,40000,77221.19,0.043496672,0.043374997,0.088375956,0.1261097,0.005340989,8.386094,81.34,558.77,2086.912,43.87,0.0,0.0,0.0,0.0,1
memcached,2026-07-14-23-19-34,4,wsl,medium,10000,4,read,40000,23333.768,0.16942415,0.16121851,0.23628226,0.2882392,0.052493997,10.425951,71.185,518.95,2087.424,136.615,0.0,0.0,0.0,0.0,2
memcached,2026-07-14-23-19-34,4,wsl,medium,10000,4,update,40000,121072.39,0.030823635,0.018437,0.07782399,0.116931,0.0054109986,1.801235,97.09,361.58,2086.912,78.76,0.0,0.0,0.0,0.0,1
memcached,2026-07-14-23-19-34,4,wsl,medium,10000,8,delete,80000,998137.9,0.0071635954,0.004709,0.01148299,0.09056821,0.0029960065,4.193017,22.37,1143.35,2260.992,165.0,0.0,0.0,0.0,0.0,1
memcached,2026-07-14-23-19-34,4,wsl,medium,10000,8,insert,80000,126270.39,0.047625747,0.030059004,0.111521,0.1630022,0.0054300036,12.255085,114.13,1118.89,2147.328,327.3,0.0,0.0,0.0,0.0,1
memcached,2026-07-14-23-19-34,4,wsl,medium,10000,8,read,80000,39137.51,0.1942062,0.190234,0.28594774,0.3460404,0.063635,11.399006,169.54500000000002,657.815,2262.016,193.72,0.0,0.0,0.0,0.0,2
memcached,2026-07-14-23-19-34,4,wsl,medium,10000,8,update,80000,133842.58,0.04911787,0.036922995,0.106469,0.1489436,0.006953007,12.159907,36.405,1142.96,2260.992,245.85,0.0,0.0,0.0,0.0,2
memcached,2026-07-14-23-19-34,4,wsl,medium,100000,1,delete,100000,214483.34,0.004662367,0.003025998,0.008738453,0.056441,0.0029359944,0.22565,16.02,251.54,2350.08,49.0,0.0,0.0,0.0,0.0,1
memcached,2026-07-14-23-19-34,4,wsl,medium,100000,1,insert,100000,24384.918,0.041008957,0.048825998,0.062282998,0.082853004,0.0054809935,5.347127,44.093333333333334,96.41333333333334,2290.688,50.88666666666666,0.0,0.0,0.0,0.0,3
memcached,2026-07-14-23-19-34,4,wsl,medium,100000,1,read,100000,7484.54,0.13360874,0.11790301,0.21994904,0.3026591,0.052303,1.125527,47.97875,121.93125,2349.9519999999998,58.405,0.0,0.0,0.0,0.0,8
memcached,2026-07-14-23-19-34,4,wsl,medium,100000,1,update,100000,24052.85,0.04157512,0.049066003,0.062844,0.08416609,0.0054010013,0.399548,36.68,192.665,2350.08,55.177499999999995,0.0,0.0,0.0,0.0,4
memcached,2026-07-14-23-19-34,4,wsl,medium,100000,2,delete,200000,441274.22,0.0044827056,0.0030060036,0.008888004,0.055059005,0.0028549985,0.181739,36.09,214.45,2786.304,71.41,0.0,0.0,0.0,0.0,1
memcached,2026-07-14-23-19-34,4,wsl,medium,100000,2,insert,200000,56521.117,0.034967452,0.027318507,0.066401,0.089667104,0.0053600087,6.479629,83.98,259.40000000000003,2502.3146666666667,72.57666666666667,0.0,0.0,0.0,0.0,3
memcached,2026-07-14-23-19-34,4,wsl,medium,100000,2,read,200000,12356.748,0.16144131,0.1427525,0.25313,0.30529824,0.06527901,1.413916,98.51555555555555,146.75777777777776,2787.5555555555557,88.69999999999999,0.0,0.0,0.0,10.240000000000009,9
memcached,2026-07-14-23-19-34,4,wsl,medium,100000,2,update,200000,51321.05,0.038652398,0.0403945,0.06461699,0.08105012,0.0055510025,0.374369,89.89,269.61,2786.6453333333334,96.86666666666667,0.0,0.0,0.0,10.240000000000009,3
memcached,2026-07-14-23-19-34,4,wsl,medium,100000,4,delete,400000,652316.56,0.005616482,0.0034060066,0.009769007,0.06597,0.0028449867,0.682564,48.91,624.34,3661.824,175.2,0.0,0.0,0.0,0.0,1
memcached,2026-07-14-23-19-34,4,wsl,medium,100000,4,insert,400000,86393.0,0.04468754,0.028577007,0.091391005,0.13273199,0.005309994,5.440025,101.7775,480.205,3079.168,156.1,0.0,0.0,0.0,0.0,4
memcached,2026-07-14-23-19-34,4,wsl,medium,100000,4,read,400000,22945.752,0.17329398,0.16493,0.22964409,0.27172706,0.058605,1.521634,183.81900000000002,302.2,3662.7455999999997,174.67000000000002,0.0,0.0,0.0,10.240000000000009,10
memcached,2026-07-14-23-19-34,4,wsl,medium,100000,4,update,400000,59599.73,0.06550244,0.06919701,0.094998,0.114165,0.00573101,2.560352,128.198,451.79400000000004,3661.6192,174.82,0.0,0.0,0.0,0.0,5
memcached,2026-07-14-23-19-34,4,wsl,medium,100000,8,delete,800000,930540.8,0.007243081,0.0051899985,0.011762997,0.088865,0.0028759968,6.888198,66.37,559.9599999999999,4189.696,196.415,0.0,0.0,0.0,0.0,2
memcached,2026-07-14-23-19-34,4,wsl,medium,100000,8,insert,800000,156432.8,0.047313653,0.029838992,0.093794994,0.13004601,0.005310998,28.84859,207.75,745.2475000000001,3908.608,282.4,0.0,0.0,0.0,20.480000000000018,4
memcached,2026-07-14-23-19-34,4,wsl,medium,100000,8,read,800000,38499.8,0.20553239,0.200947,0.2920972,0.3527141,0.04848599,5.497076,287.45416666666665,537.8325,4189.6106666666665,324.1166666666667,0.0,0.0,0.0,0.0,12
memcached,2026-07-14-23-19-34,4,wsl,medium,100000,8,update,800000,172293.08,0.043531798,0.035360005,0.093133,0.11829301,0.0069130035,8.28264,235.1675,845.4825,4189.4400000000005,270.675,0.0,0.0,0.0,40.960000000000036,4
memcached,2026-07-14-23-19-34,4,wsl,small,0,1,mix_10W_90R,10000,25.252357,39.60026,43.833538,44.244328,47.931057,0.018337,79.21406,0.6838496583143507,1.094009111617312,1911.784674259681,64.29501138952163,0.0,0.0,9.299999999999997,174.07999999999993,439
memcached,2026-07-14-23-19-34,4,wsl,small,0,1,mix_50W_50R,20000,45.520317,21.968212,20.255743,44.19846,47.487587,0.016321996,48.6393,0.6838496583143507,1.094009111617312,1911.784674259681,64.29501138952163,0.0,0.0,9.299999999999997,174.07999999999993,439
memcached,2026-07-14-23-19-34,4,wsl,small,0,1,mix_90W_10R,10000,226.90237,4.4071817,0.0120594995,43.693356,44.054157,0.004478992,48.376938,0.6838496583143507,1.094009111617312,1911.784674259681,64.29501138952163,0.0,0.0,9.299999999999997,174.07999999999993,439
memcached,2026-07-14-23-19-34,4,wsl,small,0,2,mix_10W_90R,20000,50.49799,39.60442,43.846878,44.287357,47.933956,0.020310007,48.65898,1.3099316628701594,2.116651480637813,1911.8453211845103,49.88913439635536,0.0,0.0,0.10000000000000853,10.240000000000009,439
memcached,2026-07-14-23-19-34,4,wsl,small,0,2,mix_50W_50R,40000,90.95379,21.987837,16.581669,44.11982,47.732395,0.015019992,59.98502,1.3099316628701594,2.116651480637813,1911.8453211845103,49.88913439635536,0.0,0.0,0.10000000000000853,10.240000000000009,439
memcached,2026-07-14-23-19-34,4,wsl,small,0,2,mix_90W_10R,20000,453.41617,4.4099603,0.012224002,43.697628,44.05749,0.0044889892,79.694756,1.3099316628701594,2.116651480637813,1911.8453211845103,49.88913439635536,0.0,0.0,0.10000000000000853,10.240000000000009,439
memcached,2026-07-14-23-19-34,4,wsl,small,0,4,mix_10W_90R,40000,100.98802,39.6075,43.824203,44.554646,47.98976,0.020480001,51.49028,2.936583143507973,3.2191799544419135,1911.9316264236904,91.95974715261958,0.0,0.0,1.0,0.0,439
memcached,2026-07-14-23-19-34,4,wsl,small,0,4,mix_50W_50R,80000,181.87991,21.99127,16.984438,44.193863,47.67319,0.016523002,51.75661,2.936583143507973,3.2191799544419135,1911.9316264236904,91.95974715261958,0.0,0.0,1.0,0.0,439
memcached,2026-07-14-23-19-34,4,wsl,small,0,4,mix_90W_10R,40000,906.7932,4.406792,0.012435004,43.69695,44.246685,0.004399,56.110733,2.936583143507973,3.2191799544419135,1911.9316264236904,91.95974715261958,0.0,0.0,1.0,0.0,439
memcached,2026-07-14-23-19-34,4,wsl,small,0,8,mix_10W_90R,80000,201.97719,39.60348,43.828728,44.57106,47.940453,0.016823003,51.89119,4.6715,8.85740909090909,1911.6544,176.34552272727274,0.0,0.0,30.0,10.240000000000009,440
memcached,2026-07-14-23-19-34,4,wsl,small,0,8,mix_50W_50R,160000,363.69357,21.994284,16.534927,44.32878,47.539814,0.013457,52.005135,4.6715,8.85740909090909,1911.6544,176.34552272727274,0.0,0.0,30.0,10.240000000000009,440
memcached,2026-07-14-23-19-34,4,wsl,small,0,8,mix_90W_10R,80000,1813.0591,4.4102244,0.012224002,43.720932,44.35707,0.004389003,50.987198,4.6715,8.85740909090909,1911.6544,176.34552272727274,0.0,0.0,30.0,10.240000000000009,440
memcached,2026-07-14-23-19-34,4,wsl,small,10000,1,delete,10000,160478.7,0.0062313564,0.0043379986,0.008106999,0.088220805,0.002895991,0.22154099,7.49,374.2,8.805,40.68,0.0,0.0,0.0,0.0,1
memcached,2026-07-14-23-19-34,4,wsl,small,10000,1,insert,10000,82213.55,0.012163446,0.00493,0.059216995,0.07675561,0.0045589986,0.15410699,27.23,291.44,6.344,7.375,0.0,0.0,0.0,0.0,1
memcached,2026-07-14-23-19-34,4,wsl,small,10000,1,read,10000,7977.243,0.12535658,0.112404,0.20788321,0.28075954,0.054759003,1.36361,16.31,403.255,6.547000000000001,19.130000000000003,0.0,0.0,0.0,0.0,2
memcached,2026-07-14-23-19-34,4,wsl,small,10000,1,update,10000,72390.07,0.013814051,0.0057119904,0.064539455,0.082063295,0.0044889892,1.265266,5.39,518.32,6.75,10.46,0.0,0.0,0.0,0.0,1
memcached,2026-07-14-23-19-34,4,wsl,small,10000,2,delete,20000,309583.3,0.0063926806,0.004428002,0.008006013,0.0939571,0.0028760114,0.420578,5.16,708.91,8.957,91.74,0.0,0.0,0.0,0.0,1
memcached,2026-07-14-23-19-34,4,wsl,small,10000,2,insert,20000,129033.89,0.015119168,0.005460999,0.06363606,0.1002006,0.004478992,6.878319,7.49,374.2,8.805,40.68,0.0,0.0,0.0,0.0,1
memcached,2026-07-14-23-19-34,4,wsl,small,10000,2,read,20000,13034.778,0.15307121,0.145389,0.2442775,0.289089,0.05423701,1.144927,36.68,372.24,9.314499999999999,47.1,0.0,0.0,0.0,0.0,2
memcached,2026-07-14-23-19-34,4,wsl,small,10000,2,update,20000,123120.68,0.016217535,0.0076860012,0.07834695,0.109328076,0.004499001,4.16681,7.44,389.49,9.574,41.13,0.0,0.0,0.0,0.0,1
memcached,2026-07-14-23-19-34,4,wsl,small,10000,4,delete,40000,789864.25,0.0050291833,0.0032969983,0.009449495,0.063687,0.0029049988,0.259487,6.32,591.78,14.51,96.84,0.0,0.0,0.0,0.0,1
memcached,2026-07-14-23-19-34,4,wsl,small,10000,4,insert,40000,242650.83,0.014537041,0.005650989,0.06687306,0.09570051,0.004499001,6.655617,24.8,537.31,14.57,95.19,0.0,0.0,0.0,0.0,1
memcached,2026-07-14-23-19-34,4,wsl,small,10000,4,read,40000,22405.271,0.177761,0.1738815,0.24990226,0.30915532,0.101282,0.909437,91.61,392.195,14.335,72.6,0.0,0.0,0.7999999999999972,0.0,2
memcached,2026-07-14-23-19-34,4,wsl,small,10000,4,update,40000,286864.9,0.013742731,0.0054109986,0.06713304,0.080972105,0.004438989,0.225779,15.48,525.28,14.1,50.01,0.0,0.0,0.0,0.0,1
memcached,2026-07-14-23-19-34,4,wsl,small,10000,8,delete,80000,633930.4,0.0088425465,0.0045690103,0.010019998,0.11958819,0.0028759968,6.415868,17.45,1010.62,23.96,13.1,0.0,0.0,0.0,0.0,1
memcached,2026-07-14-23-19-34,4,wsl,small,10000,8,insert,80000,377578.44,0.018517371,0.0079860035,0.08069199,0.122604005,0.004800007,8.064724,35.76,1035.0,24.18,14.43,0.0,0.0,0.0,0.0,1
memcached,2026-07-14-23-19-34,4,wsl,small,10000,8,read,80000,40018.953,0.19687629,0.196915,0.26262805,0.31962737,0.052805,9.471252,143.07000000000002,624.645,24.009999999999998,172.05,0.0,0.0,0.0,0.0279296875,2
memcached,2026-07-14-23-19-34,4,wsl,small,10000,8,update,80000,307154.16,0.020454908,0.007875002,0.075901,0.111191,0.004539004,24.095907,35.17,643.73,23.52,90.58,0.0,0.0,0.0,0.0,1
memcached,2026-07-14-23-19-34,4,wsl,small,100000,1,delete,100000,216096.53,0.0046275617,0.0029560032,0.008647496,0.055961017,0.0028759968,0.16146101,9.71,345.3,28.1,56.32,0.0,0.0,0.0,0.0,1
memcached,2026-07-14-23-19-34,4,wsl,small,100000,1,insert,100000,82464.19,0.012126476,0.004709,0.058696996,0.078807004,0.0044079935,0.53699,20.47,305.845,26.06,35.08,0.0,0.0,0.0,0.0,2
memcached,2026-07-14-23-19-34,4,wsl,small,100000,1,read,100000,7979.785,0.12531666,0.112123005,0.2008505,0.2823702,0.052584,1.302854,41.30714285714286,93.85000000000001,28.321428571428573,35.43142857142857,0.0,0.0,0.0,0.21640625,7
memcached,2026-07-14-23-19-34,4,wsl,small,100000,1,update,100000,80009.44,0.012498525,0.004818998,0.0583565,0.0756711,0.0044989865,4.040871,21.95,99.78,27.81,35.69,0.0,0.0,0.0,0.0,1
memcached,2026-07-14-23-19-34,4,wsl,small,100000,2,delete,200000,407941.94,0.0047755647,0.0030360096,0.008778006,0.058005013,0.0028350041,4.788519,26.42,218.24,52.45,79.34,0.0,0.0,0.0,0.0,1
memcached,2026-07-14-23-19-34,4,wsl,small,100000,2,insert,200000,162667.08,0.012184602,0.0048300135,0.058737002,0.06986909,0.004438989,6.602838,44.65,198.25,38.3,56.5,0.0,0.0,0.0,0.0,1
memcached,2026-07-14-23-19-34,4,wsl,small,100000,2,read,200000,12571.513,0.15887634,0.147378,0.24453309,0.29224715,0.05367599,5.141771,77.69,153.0922222222222,52.535555555555554,56.36888888888889,0.0,0.0,0.0,7.6736328125,9
memcached,2026-07-14-23-19-34,4,wsl,small,100000,2,update,200000,152109.31,0.013020535,0.005199996,0.060760997,0.07305521,0.004358997,6.632744,48.16,199.32,52.52,57.12,0.0,0.0,0.0,0.0,1
memcached,2026-07-14-23-19-34,4,wsl,small,100000,4,delete,400000,665933.94,0.0055708843,0.0033469987,0.009759009,0.064990096,0.0028760114,9.539386,56.13,292.17,100.9,59.0,0.0,0.0,0.0,0.0,1
memcached,2026-07-14-23-19-34,4,wsl,small,100000,4,insert,400000,288803.56,0.0136215845,0.0055510025,0.06708301,0.086131,0.0044089975,1.372335,59.745000000000005,542.735,76.89500000000001,99.74,0.0,0.0,1.6000000000000014,0.10000000000000142,2
memcached,2026-07-14-23-19-34,4,wsl,small,100000,4,read,400000,24302.357,0.1635721,0.153295,0.221501,0.26293117,0.048345987,6.645768,155.54666666666668,241.9455555555556,101.13333333333333,98.62444444444445,0.0,0.0,0.0,12.899999999999999,9
memcached,2026-07-14-23-19-34,4,wsl,small,100000,4,update,400000,280405.62,0.01418279,0.0055609997,0.067374,0.08265401,0.0044580083,1.594599,41.11,691.565,100.80000000000001,101.19999999999999,0.0,0.0,0.0,0.0,2
memcached,2026-07-14-23-19-34,4,wsl,small,100000,8,delete,800000,1.01471456e+06,0.007172764,0.0049400115,0.011833996,0.08756519,0.0029859948,6.010089,31.075,707.025,198.2,119.25,0.0,0.0,3.8000000000000043,0.0,2
memcached,2026-07-14-23-19-34,4,wsl,small,100000,8,insert,800000,439620.4,0.016972832,0.009138006,0.075861,0.11414501,0.004458998,16.095732,107.05,950.515,146.05,144.15,0.0,0.0,0.0,0.0,2
memcached,2026-07-14-23-19-34,4,wsl,small,100000,8,read,800000,39438.184,0.20048773,0.199071,0.26137206,0.30939612,0.050789997,10.597554,269.90272727272725,483.6872727272728,197.06363636363633,178.2609090909091,0.0,0.0,0.0,21.6,11
memcached,2026-07-14-23-19-34,4,wsl,small,100000,8,update,800000,406424.66,0.01818017,0.009309006,0.079709,0.117274,0.004389003,16.16325,103.5,712.0350000000001,197.10000000000002,144.07,0.0,0.0,0.0,0.0,2
memcached,2026-07-14-23-19-34,4,wsl,small,1000000,1,delete,1000000,222738.92,0.004489561,0.0029460061,0.008837,0.0555,0.0028659997,0.184833,21.39,219.04500000000002,242.925,55.245000000000005,0.0,0.0,0.0,0.0,4
memcached,2026-07-14-23-19-34,4,wsl,small,1000000,1,insert,1000000,84490.484,0.011835652,0.004718997,0.05813601,0.071472,0.004358997,3.548375,21.87,125.6675,204.825,45.37625,0.0,0.0,0.0,35.199999999999996,8
memcached,2026-07-14-23-19-34,4,wsl,small,1000000,1,read,1000000,8015.2026,0.12476291,0.112443,0.194668,0.272172,0.040740997,1.616977,43.19578125,63.480312500000004,242.16875,48.55578125,0.0,0.0,0.0,93.4,64
memcached,2026-07-14-23-19-34,4,wsl,small,1000000,1,update,1000000,83765.46,0.011938094,0.0047299983,0.058356002,0.06935701,0.0043979962,0.387741,21.2325,100.9725,242.125,49.105000000000004,0.0,0.0,0.0,0.0,8
memcached,2026-07-14-23-19-34,4,wsl,small,1000000,2,delete,2000000,428181.56,0.004637522,0.0029859948,0.008787,0.056190997,0.0028359937,4.132497,41.185,336.46,481.45,96.0125,0.0,0.0,0.0,0.0,4
memcached,2026-07-14-23-19-34,4,wsl,small,1000000,2,insert,2000000,167567.56,0.0119153885,0.0047889915,0.058306,0.070209995,0.004399,8.044511,54.042500000000004,222.98,321.35,73.1725,0.0,0.0,9.5,1.0,8
memcached,2026-07-14-23-19-34,4,wsl,small,1000000,2,read,2000000,12660.358,0.15773487,0.144238,0.24193099,0.29000703,0.050901014,4.307061,83.98987654320987,119.26222222222222,480.5283950617284,82.21839506172839,0.0,0.0,0.0,122.0,81
memcached,2026-07-14-23-19-34,4,wsl,small,1000000,2,update,2000000,166050.19,0.01203595,0.004760004,0.058275998,0.066622004,0.004369009,4.059236,50.09,227.5525,481.125,84.1425,0.0,0.0,0.0,7.0,8
memcached,2026-07-14-23-19-34,4,wsl,small,1000000,4,delete,4000000,713137.06,0.005532829,0.003396999,0.009979994,0.066512994,0.0028749928,8.044744,67.134,536.3439999999999,958.24,146.88,0.0,0.0,0.20000000000000284,4.0,5
memcached,2026-07-14-23-19-34,4,wsl,small,1000000,4,insert,4000000,285524.16,0.013468926,0.0056209974,0.067214005,0.084308095,0.004478992,6.108234,113.6711111111111,381.54,623.9666666666667,119.49555555555555,0.0,0.0,0.29999999999999716,44.0,9
memcached,2026-07-14-23-19-34,4,wsl,small,1000000,4,read,4000000,23916.209,0.16583353,0.156221,0.22307399,0.26406,0.041631997,5.287814,166.50523255813954,249.7660465116279,957.75,128.7475581395349,0.0,0.0,0.29999999999999716,207.0,86
memcached,2026-07-14-23-19-34,4,wsl,small,1000000,4,update,4000000,272722.38,0.014361352,0.0055809943,0.067574,0.08773401,0.0044189948,4.286292,88.81,409.079,957.89,125.00999999999999,0.0,0.0,0.10000000000000142,4.0,10
memcached,2026-07-14-23-19-34,4,wsl,small,1000000,8,delete,8000000,1.0815834e+06,0.0070148534,0.0053010006,0.012695993,0.070422,0.0028649955,3.58483,176.32500000000002,719.9133333333333,1911.808,201.84166666666667,0.0,0.0,0.20000000000000284,0.0,6
memcached,2026-07-14-23-19-34,4,wsl,small,1000000,8,insert,8000000,489509.03,0.014839986,0.009227995,0.06109201,0.107343,0.0044089975,15.457664,208.12545454545455,744.8090909090909,1238.653090909091,195.86909090909091,0.0,0.0,0.09999999999999432,88.0,11
memcached,2026-07-14-23-19-34,4,wsl,small,1000000,8,read,8000000,39343.242,0.2026889,0.20022,0.263251,0.311934,0.045820996,60.045177,281.1062857142857,460.9895238095238,1911.808,217.35999999999999,0.0,0.0,0.5,433.68000000000006,105
memcached,2026-07-14-23-19-34,4,wsl,small,1000000,8,update,8000000,468675.06,0.015291426,0.009860014,0.055731986,0.106405,0.0044490006,6.774095,243.08416666666668,755.4166666666666,1911.808,201.70083333333332,0.0,0.0,0.0,20.480000000000018,12
memcached,2026-07-15-01-20-34,1,wsl,small,0,1,doc_delete,10000,220263.84,0.00454001,0.0030060036,0.0072454554,0.0656707,0.0029249932,0.198311,1.09,384.39,45.02,60.24,0.0,0.0,0.0,0.0,1
memcached,2026-07-15-01-20-34,1,wsl,small,0,1,doc_increment,10000,22.670364,44.110455,44.005356,44.650433,48.047768,0.23868099,48.99513,0.7303636363636364,2.7757727272727273,44.71690909090909,41.221863636363636,0.0,0.0,26.700000000000003,0.18999999999999995,220
memcached,2026-07-15-01-20-34,1,wsl,small,0,1,doc_insert,10000,70530.1,0.014178345,0.005820999,0.0617425,0.082182094,0.0045789927,0.60772,15.68,434.56,44.69,43.81,0.0,0.0,0.0,0.0,1
memcached,2026-07-15-01-20-34,1,wsl,small,0,1,doc_read,10000,8314.237,0.12027561,0.115378,0.19326828,0.2656669,0.050069008,0.564881,38.03,63.18,44.69,24.09,0.0,0.0,0.0,0.0,1
memcached,2026-07-15-01-20-34,1,wsl,small,0,1,doc_read_partial,10000,7957.5005,0.1256676,0.119586006,0.21132201,0.2928387,0.050199,0.489201,28.94,59.99,44.69,39.43,0.0,0.0,0.0,0.0,1
memcached,2026-07-15-01-20-34,1,wsl,small,0,1,doc_update_partial,10000,22.68109,44.089592,43.988274,44.65696,47.96222,0.210636,52.12528,0.7241818181818181,3.3532272727272727,44.77640909090909,44.82845454545455,0.0,0.0,0.0,0.77953125,220
memcached,2026-07-15-01-20-34,1,wsl,small,0,1,queue,20000,105.39706,9.487931,9.043016,18.84695,20.753614,0.18014601,64.82632,7.31978947368421,99.58705263157896,39.89705263157895,28.204736842105262,0.0,0.0,0.0,0.248046875,95
memcached,2026-07-15-01-20-34,1,wsl,small,0,2,doc_delete,20000,469787.6,0.0042552664,0.003025998,0.003737994,0.056120988,0.0029060028,0.102472,2.86,519.3,51.89,94.22,0.0,0.0,0.0,0.0,1
memcached,2026-07-15-01-20-34,1,wsl,small,0,2,doc_increment,20000,45.32028,44.130318,44.01423,44.697197,48.12192,0.273289,51.843884,1.3966363636363637,3.487409090909091,51.9805,62.07545454545455,0.0,0.0,9.700000000000003,0.39000000000000057,220
memcached,2026-07-15-01-20-34,1,wsl,small,0,2,doc_insert,20000,109775.99,0.016398566,0.0059120064,0.06303404,0.08156151,0.004568996,6.777031,9.34,385.12,51.25,59.04,0.0,0.0,0.0,0.0,1
memcached,2026-07-15-01-20-34,1,wsl,small,0,2,doc_read,20000,12030.181,0.16275993,0.147183,0.25892136,0.31253004,0.046381988,6.486448,56.974999999999994,362.65,51.370000000000005,66.45,0.0,0.0,0.19999999999998863,0.0,2
memcached,2026-07-15-01-20-34,1,wsl,small,0,2,doc_read_partial,20000,12720.565,0.15661949,0.14130148,0.24936199,0.3020961,0.046532005,5.73714,24.155,337.925,51.36,66.695,0.0,0.0,0.10000000000000853,0.0,2
memcached,2026-07-15-01-20-34,1,wsl,small,0,2,doc_update_partial,20000,45.329933,44.12085,43.9944,44.687065,48.117977,0.264262,48.870975,1.3880454545454546,3.308181818181818,51.9395909090909,66.3965,0.0,0.0,0.09999999999999432,1.8899999999999997,220
memcached,2026-07-15-01-20-34,1,wsl,small,0,2,queue,40000,194.36812,10.245274,10.044912,20.531122,22.791323,0.158132,71.41047,13.844466019417476,192.20514563106798,47.552330097087385,73.89291262135923,0.0,0.0,0.0,0.9299999999999999,103
memcached,2026-07-15-01-20-34,1,wsl,small,0,4,doc_delete,40000,774903.75,0.0048462343,0.0030060036,0.007806496,0.0576856,0.0028759968,0.807931,3.08,796.53,67.65,173.1,0.0,0.0,0.0,0.0,1
memcached,2026-07-15-01-20-34,1,wsl,small,0,4,doc_increment,40000,90.63789,44.12948,44.006535,44.63554,48.132584,0.254787,51.6793,2.5587272727272725,5.7090000000000005,68.30259090909091,104.93886363636364,0.0,0.0,26.0,0.7999999999999989,220
memcached,2026-07-15-01-20-34,1,wsl,small,0,4,doc_insert,40000,200039.66,0.01843204,0.0074449927,0.07453701,0.10688309,0.004639005,5.354159,25.15,754.11,67.39,108.7,0.0,0.0,0.0,0.0,1
memcached,2026-07-15-01-20-34,1,wsl,small,0,4,doc_read,40000,16638.793,0.22828215,0.16439849,0.24087311,0.33420706,0.05140199,37.21971,64.14,246.13,67.39,103.075,0.0,0.0,0.0,0.0,2
memcached,2026-07-15-01-20-34,1,wsl,small,0,4,doc_read_partial,40000,14775.107,0.26990834,0.1716565,0.23747839,0.31848013,0.110667996,37.03541,90.625,272.255,67.39,66.955,0.0,0.0,0.0,0.4800000000000004,2
memcached,2026-07-15-01-20-34,1,wsl,small,0,4,doc_update_partial,40000,90.65717,44.120895,43.995102,44.640785,48.125294,0.272548,51.802986,2.5930909090909093,5.845409090909091,68.29881818181818,108.24318181818182,0.0,0.0,0.0,3.3000000000000007,220
memcached,2026-07-15-01-20-34,1,wsl,small,0,4,queue,80000,320.98233,12.417528,12.299219,24.560009,30.29547,0.17629799,72.742744,25.059759999999997,390.96856,59.55992,124.6196,0.0,0.0,0.0,1.8599999999999994,125
memcached,2026-07-15-01-20-34,1,wsl,small,0,8,doc_delete,80000,1.3515316e+06,0.005067162,0.004057991,0.006823,0.04633131,0.0028649955,0.20604701,14.68,333.72,91.24,24.19,0.0,0.0,0.0,0.0,1
memcached,2026-07-15-01-20-34,1,wsl,small,0,8,doc_increment,80000,181.18864,44.148632,44.012833,44.722137,48.173214,0.208103,52.2288,4.296636363636364,11.034363636363636,91.11472727272728,188.4485,0.0,0.0,1.0,1.5999999999999979,220
memcached,2026-07-15-01-20-34,1,wsl,small,0,8,doc_insert,80000,248293.34,0.027142385,0.0100909965,0.09656351,0.1494771,0.00458899,20.688211,26.13,1178.92,78.92,188.6,0.0,0.0,0.0,0.0,1
memcached,2026-07-15-01-20-34,1,wsl,small,0,8,doc_read,80000,14891.468,0.5139327,0.21726249,0.31184775,0.4682104,0.057183992,62.71048,67.6075,506.2675,90.78,182.175,0.0,0.0,0.0,0.0,4
memcached,2026-07-15-01-20-34,1,wsl,small,0,8,doc_read_partial,80000,14036.626,0.5600618,0.2222375,0.31186655,0.47229856,0.062203996,62.794983,74.495,442.7475,90.74,189.475,0.0,0.0,0.0,0.0,4
memcached,2026-07-15-01-20-34,1,wsl,small,0,8,doc_update_partial,80000,181.32994,44.116367,43.9947,44.672787,48.13955,0.25647,51.830883,4.216318181818182,9.507636363636363,91.04759090909091,191.56454545454548,0.0,0.0,0.0,7.0,220
memcached,2026-07-15-01-20-34,1,wsl,small,0,8,queue,160000,445.3557,17.894361,17.455664,36.89399,44.947906,0.153849,92.4824,39.486256983240224,769.5542458100558,76.45458100558659,225.68564245810057,0.0,0.0,0.0,4.200000000000001,179
memcached,2026-07-15-02-37-25,2,wsl,small,0,1,doc_delete,10000,229464.45,0.0043579736,0.0029660005,0.007845046,0.0558105,0.0028950016,0.18699901,1.78,314.38,44.78,48.94,0.0,0.0,0.0,0.0,1
memcached,2026-07-15-02-37-25,2,wsl,small,0,1,doc_increment,10000,22.657757,44.134995,44.006447,44.654922,48.15999,0.23723799,48.950348,0.6768636363636363,2.5648181818181817,44.726454545454544,23.40595454545455,0.0,0.0,25.499609375,0.18999999999999995,220
memcached,2026-07-15-02-37-25,2,wsl,small,0,1,doc_insert,10000,61893.29,0.016156841,0.006082002,0.06720406,0.085269205,0.004729009,4.110901,16.42,323.83,44.46,24.01,0.0,0.0,0.0,0.0,1
memcached,2026-07-15-02-37-25,2,wsl,small,0,1,doc_read,10000,8054.6475,0.12415193,0.1142855,0.20590821,0.30982563,0.05133201,2.220043,37.13,63.61,44.46,3.172,0.0,0.0,0.0,0.0,1
memcached,2026-07-15-02-37-25,2,wsl,small,0,1,doc_read_partial,10000,8212.015,0.1217728,0.113479,0.19885476,0.27966407,0.052182995,4.327148,27.93,63.37,44.46,17.84,0.0,0.0,0.0,0.0,1
memcached,2026-07-15-02-37-25,2,wsl,small,0,1,doc_update_partial,10000,22.67472,44.101974,43.985336,44.58285,48.09079,0.394428,52.083744,0.6643636363636364,2.8997727272727274,44.716409090909096,23.78240909090909,0.0,0.0,0.0,0.77953125,220
memcached,2026-07-15-02-37-25,2,wsl,small,0,1,queue,20000,103.11781,9.697645,9.275002,19.197575,21.263744,0.186167,64.54384,7.235670103092784,100.41030927835051,39.79082474226804,28.04845360824742,0.0,0.0,0.1279296875,0.248046875,97
memcached,2026-07-15-02-37-25,2,wsl,small,0,2,doc_delete,20000,462334.56,0.0042806487,0.0030759983,0.003797502,0.0539421,0.0029349902,0.103114,2.45,400.78,51.5,60.41,0.0,0.0,0.0,0.0,1
memcached,2026-07-15-02-37-25,2,wsl,small,0,2,doc_increment,20000,45.321873,44.126545,44.014343,44.71974,48.069733,0.22875899,51.910404,1.4747272727272727,3.788954545454545,51.95090909090909,46.26954545454545,0.0,0.0,26.4,0.40000000000000036,220
memcached,2026-07-15-02-37-25,2,wsl,small,0,2,doc_insert,20000,113207.69,0.01733188,0.0056610005,0.063374,0.0828522,0.0045790076,6.419104,43.52,363.07,50.95,49.92,0.0,0.0,0.0,0.0,1
memcached,2026-07-15-02-37-25,2,wsl,small,0,2,doc_read,20000,11990.065,0.1661592,0.156707,0.26053905,0.3122462,0.047443014,6.716211,38.445,358.645,50.825,50.2,0.0,0.0,0.0,0.0,2
memcached,2026-07-15-02-37-25,2,wsl,small,0,2,doc_read_partial,20000,12265.697,0.1591707,0.1436985,0.2593473,0.3143253,0.048835993,4.305013,77.77,125.78,50.7,50.24,0.0,0.0,0.0,0.0,1
memcached,2026-07-15-02-37-25,2,wsl,small,0,2,doc_update_partial,20000,45.344112,44.107,43.995415,44.701065,48.108673,0.23901801,50.72718,1.443590909090909,3.441227272727273,51.979136363636364,50.61981818181818,0.0,0.0,0.0,1.7699999999999996,220
memcached,2026-07-15-02-37-25,2,wsl,small,0,2,queue,40000,194.68712,10.255284,10.074251,19.969042,22.839062,0.166604,67.85073,13.739029126213591,194.14097087378642,47.55165048543689,57.354048543689316,0.0,0.0,0.09999999999999787,1.0400000000000003,103
memcached,2026-07-15-02-37-25,2,wsl,small,0,4,doc_delete,40000,916386.56,0.0042820997,0.0030059891,0.004158006,0.056246016,0.0028549985,0.15297002,5.75,658.72,67.97,150.6,0.0,0.0,0.0,0.0,1
memcached,2026-07-15-02-37-25,2,wsl,small,0,4,doc_increment,40000,90.58978,44.150932,44.018005,44.77138,48.15764,0.22021599,50.57386,2.837590909090909,4.989545454545455,68.30272727272727,89.24268181818182,0.0,0.0,23.10000000000001,0.7999999999999989,220
memcached,2026-07-15-02-37-25,2,wsl,small,0,4,doc_insert,40000,239227.66,0.016556537,0.0061109895,0.070472054,0.092062995,0.0047789942,0.171091,56.62,502.12,67.25,92.55,0.0,0.0,0.0,0.0,1
memcached,2026-07-15-02-37-25,2,wsl,small,0,4,doc_read,40000,22209.553,0.17767072,0.16726449,0.2421685,0.29068244,0.104706995,1.034083,137.575,380.17,67.25,92.78999999999999,0.0,0.0,0.0,0.0,2
memcached,2026-07-15-02-37-25,2,wsl,small,0,4,doc_read_partial,40000,22318.62,0.17831458,0.167758,0.24178705,0.28720355,0.103877,0.524938,62.985,470.405,67.25,93.07,0.0,0.0,0.19999999999999574,0.0,2
memcached,2026-07-15-02-37-25,2,wsl,small,0,4,doc_update_partial,40000,90.66016,44.11987,43.9974,44.722466,48.122967,0.368187,49.32658,2.8229545454545453,6.156545454545455,68.26886363636363,93.05799999999999,0.0,0.0,0.0,3.200000000000001,220
memcached,2026-07-15-02-37-25,2,wsl,small,0,4,queue,80000,326.5878,12.2059355,11.969019,23.70098,28.688694,0.173807,71.38985,25.19642276422764,388.6093495934959,59.52341463414634,108.07422764227641,0.0,0.0,0.10000000000000142,1.7299999999999995,123
memcached,2026-07-15-02-37-25,2,wsl,small,0,8,doc_delete,80000,1.2524215e+06,0.005399683,0.0041979947,0.0072239935,0.06486509,0.0028849898,0.187519,12.63,678.6,90.91,8.492,0.0,0.0,0.0,0.0,1
memcached,2026-07-15-02-37-25,2,wsl,small,0,8,doc_increment,80000,181.17393,44.15539,44.021828,44.861755,48.191128,0.23277599,51.76505,4.3090909090909095,11.852818181818181,90.96777272727273,173.13681818181817,0.0,0.0,0.0,1.5999999999999979,220
memcached,2026-07-15-02-37-25,2,wsl,small,0,8,doc_insert,80000,260316.6,0.023706805,0.011220996,0.098227054,0.13732229,0.0050499947,16.085073,51.48,709.86,90.79,82.95,0.0,0.0,0.0,0.0,1
memcached,2026-07-15-02-37-25,2,wsl,small,0,8,doc_read,80000,29025.906,0.27179313,0.217176,0.2923968,0.38208613,0.059022002,22.445944,127.87666666666667,735.7266666666668,91.04,177.13333333333333,0.0,0.0,0.09999999999999432,0.0,3
memcached,2026-07-15-02-37-25,2,wsl,small,0,8,doc_read_partial,80000,28848.998,0.27243805,0.217824,0.30173022,0.41378468,0.059804007,21.871504,149.785,643.9200000000001,91.04,177.05,0.0,0.0,0.0,0.0,2
memcached,2026-07-15-02-37-25,2,wsl,small,0,8,doc_update_partial,80000,181.32416,44.117004,44.002277,44.764164,48.126663,0.244446,51.89996,4.4405,11.816590909090909,90.99195454545455,175.75739545454545,0.0,0.0,0.0,7.0,220
memcached,2026-07-15-02-37-25,2,wsl,small,0,8,queue,160000,457.9346,17.397787,16.88395,35.6705,44.27312,0.16374199,95.74486,39.765344827586205,770.4343103448276,76.27189655172414,210.9707471264368,0.0,0.0,0.0,4.200000000000001,174
memcached,2026-07-15-03-53-59,4,wsl,small,0,1,doc_delete,10000,218575.88,0.00457507,0.0029759975,0.006642993,0.054205306,0.0029049988,0.297705,0.74,305.38,44.47,49.07,0.0,0.0,0.0,0.0,1
memcached,2026-07-15-03-53-59,4,wsl,small,0,1,doc_increment,10000,22.670805,44.109592,44.00406,44.57222,48.10604,0.231375,48.79924,0.6680454545454545,2.560454545454546,44.69204545454546,22.86933181818182,0.0,0.0,26.89599609375,0.18999999999999995,220
memcached,2026-07-15-03-53-59,4,wsl,small,0,1,doc_insert,10000,63883.8,0.01565342,0.0058720033,0.075205006,0.08160622,0.004638001,4.059531,6.71,489.85,45.0,22.93,0.0,0.0,0.0,0.0,1
memcached,2026-07-15-03-53-59,4,wsl,small,0,1,doc_read,10000,7990.03,0.12515599,0.11503999,0.21830906,0.3091856,0.04713,0.755831,39.91,86.62,45.0,23.05,0.0,0.0,0.0,0.0,1
memcached,2026-07-15-03-53-59,4,wsl,small,0,1,doc_read_partial,10000,7901.7593,0.1265541,0.1208115,0.20858584,0.2985726,0.051197987,0.520967,40.04,62.16,45.0,23.54,0.0,0.0,0.0,0.0,1
memcached,2026-07-15-03-53-59,4,wsl,small,0,1,doc_update_partial,10000,22.683458,44.084988,43.985344,44.614525,48.042408,0.230161,48.92271,0.7031818181818181,1.3501818181818184,44.775,23.14909090909091,0.0,0.0,0.0,0.77953125,220
memcached,2026-07-15-03-53-59,4,wsl,small,0,1,queue,20000,104.04429,9.611291,9.162439,18.968554,20.764248,0.165016,65.68841,7.234999999999999,98.18333333333334,40.14552083333333,27.959270833333335,0.0,0.0,0.0,0.248046875,96
memcached,2026-07-15-03-53-59,4,wsl,small,0,2,doc_delete,20000,451288.03,0.0043210867,0.0030359952,0.003876994,0.055709098,0.0028759968,0.28855,2.57,429.69,51.84,71.34,0.0,0.0,0.0,0.0,1
memcached,2026-07-15-03-53-59,4,wsl,small,0,2,doc_increment,20000,45.32277,44.125027,44.006058,44.62416,48.09853,0.200307,49.184456,1.3052727272727274,3.379181818181818,51.922318181818184,46.54672727272727,0.0,0.0,8.5,0.39000000000000057,220
memcached,2026-07-15-03-53-59,4,wsl,small,0,2,doc_insert,20000,120298.9,0.01607724,0.0059619923,0.067483515,0.0889417,0.004649002,3.075475,12.4,593.53,51.08,50.27,0.0,0.0,0.0,0.0,1
memcached,2026-07-15-03-53-59,4,wsl,small,0,2,doc_read,20000,11849.674,0.16802622,0.153984,0.2612232,0.3221227,0.047141,0.849094,67.405,246.28,51.08,50.47,0.0,0.0,0.0,0.0,2
memcached,2026-07-15-03-53-59,4,wsl,small,0,2,doc_read_partial,20000,12123.892,0.16496307,0.15175551,0.2534051,0.30893254,0.047470994,9.016075,28.255,338.45,51.075,50.885000000000005,0.0,0.0,0.0,0.0,2
memcached,2026-07-15-03-53-59,4,wsl,small,0,2,doc_update_partial,20000,45.337173,44.112015,43.987724,44.617012,48.137325,0.24329801,48.916817,1.3315454545454546,3.2705454545454544,51.94240909090909,50.68172727272727,0.0,0.0,0.0,1.8899999999999997,220
memcached,2026-07-15-03-53-59,4,wsl,small,0,2,queue,40000,190.29593,10.494139,10.516619,20.460903,23.054636,0.169426,64.66257,13.757735849056603,198.57990566037736,47.587547169811316,57.453867924528296,0.0,0.0,0.0,0.9299999999999999,106
memcached,2026-07-15-03-53-59,4,wsl,small,0,4,doc_delete,40000,885918.2,0.0043489775,0.0029959918,0.0047489884,0.056759994,0.0028750072,0.148949,5.71,482.56,68.52,65.65,0.0,0.0,0.0,0.0,1
memcached,2026-07-15-03-53-59,4,wsl,small,0,4,doc_increment,40000,90.63427,44.13065,44.007385,44.62912,48.144978,0.213285,55.126266,2.5573636363636365,5.891909090909091,68.22640909090909,89.11645454545454,0.0,0.0,3.0,0.7999999999999989,220
memcached,2026-07-15-03-53-59,4,wsl,small,0,4,doc_insert,40000,166572.8,0.020913523,0.007334005,0.074013,0.10992408,0.004629008,16.094908,16.94,573.96,67.67,92.48,0.0,0.0,0.0,0.0,1
memcached,2026-07-15-03-53-59,4,wsl,small,0,4,doc_read,40000,21922.898,0.17843948,0.171887,0.24188603,0.30268723,0.047962997,3.507919,113.85499999999999,400.68,67.67,93.015,0.0,0.0,0.0,0.0,2
memcached,2026-07-15-03-53-59,4,wsl,small,0,4,doc_read_partial,40000,22163.264,0.17934988,0.172216,0.23529844,0.28452227,0.110304,1.417852,63.025000000000006,477.425,67.67,87.37,0.0,0.0,0.0,0.0,2
memcached,2026-07-15-03-53-59,4,wsl,small,0,4,doc_update_partial,40000,90.66676,44.11605,43.992393,44.62543,48.110435,0.284493,51.70128,2.6024090909090907,6.066727272727273,68.31581818181817,92.40481818181819,0.0,0.0,0.0,3.3000000000000007,220
memcached,2026-07-15-03-53-59,4,wsl,small,0,4,queue,80000,319.86798,12.499527,12.244184,25.363293,31.22449,0.174208,79.68394,25.36736,389.20471999999995,59.58128,109.170416,0.0,0.0,0.0,1.8599999999999994,125
memcached,2026-07-15-03-53-59,4,wsl,small,0,8,doc_delete,80000,1.2892798e+06,0.005189194,0.0036069977,0.007664989,0.061530504,0.0028750072,0.209819,13.18,193.31,91.0,8.324,0.0,0.0,0.0,0.0,1
memcached,2026-07-15-03-53-59,4,wsl,small,0,8,doc_increment,80000,181.21109,44.14498,44.02082,44.78846,48.153988,0.195991,52.02558,5.112227272727273,11.853272727272728,91.2905,173.17113636363638,0.0,0.0,0.5999999999999943,1.5999999999999979,220
memcached,2026-07-15-03-53-59,4,wsl,small,0,8,doc_insert,80000,317663.38,0.023509983,0.010760996,0.099052995,0.1401231,0.0047190115,8.252667,49.49,1005.64,91.1,10.45,0.0,0.0,0.0,0.0,1
memcached,2026-07-15-03-53-59,4,wsl,small,0,8,doc_read,80000,35252.1,0.22168967,0.21862,0.29027644,0.3501485,0.05788301,10.752708,157.62,489.99,91.1,156.7,0.0,0.0,0.0,0.0,2
memcached,2026-07-15-03-53-59,4,wsl,small,0,8,doc_read_partial,80000,35162.31,0.2231817,0.219336,0.29733506,0.36743408,0.056211006,6.432512,161.23000000000002,712.215,91.35,93.65,0.0,0.0,0.0,0.0,2
memcached,2026-07-15-03-53-59,4,wsl,small,0,8,doc_update_partial,80000,181.27338,44.128864,43.994312,44.703556,48.094006,0.280922,52.042957,4.051,8.731681818181817,90.98654545454546,176.63036363636363,0.0,0.0,0.0,7.0,220
memcached,2026-07-15-03-53-59,4,wsl,small,0,8,queue,160000,440.3617,18.124435,17.127235,38.598553,46.851738,0.152938,90.763115,39.30475138121547,773.8359116022099,76.58348066298343,211.0153591160221,0.0,0.0,0.0,4.200000000000001,181
redis,2026-07-11-16-05-35,1,wsl,medium,0,1,doc_delete,10000,4516.369,0.2214168,0.180978,0.40889055,0.5719925,0.147351,4.691211,22.985,192.745,85.7,60.19,0.0,0.0,0.0,0.0,2
redis,2026-07-11-16-05-35,1,wsl,medium,0,1,doc_increment,10000,4189.985,0.23866436,0.193122,0.44116813,0.61418706,0.180627,4.579631,26.11,90.08500000000001,85.81,55.92,0.0,0.0,0.0,0.0,2
redis,2026-07-11-16-05-35,1,wsl,medium,0,1,doc_insert,10000,3420.8696,0.29232335,0.2381865,0.5444443,0.73623216,0.189405,4.768673,30.365000000000002,185.555,118.85,71.215,0.0,0.0,0.0,0.0,2
redis,2026-07-11-16-05-35,1,wsl,medium,0,1,doc_read,10000,4226.459,0.23660469,0.198072,0.42171052,0.57517296,0.173353,11.515505,27.755000000000003,181.01500000000001,95.53,53.165000000000006,0.0,0.0,0.0,0.0,2
redis,2026-07-11-16-05-35,1,wsl,medium,0,1,doc_read_partial,10000,4172.221,0.2396805,0.19708,0.43636477,0.5975052,0.171239,4.389094,29.065,188.39499999999998,95.67,63.825,0.0,0.0,0.0,0.0,2
redis,2026-07-11-16-05-35,1,wsl,medium,0,1,doc_update_partial,10000,3027.83,0.33026955,0.249464,0.575591,0.7966295,0.194505,33.343216,37.715,70.38,95.17,71.61500000000001,0.0,102.39999999999418,0.0,0.0,2
redis,2026-07-11-16-05-35,1,wsl,medium,0,1,mix_10W_90R,10000,5300.9805,0.18864433,0.150849,0.35768834,0.48746687,0.123875,1.022052,38.62285714285714,134.67000000000002,136.5857142857143,71.79142857142857,0.0,0.0,0.0,10.240000000000009,7
redis,2026-07-11-16-05-35,1,wsl,medium,0,1,mix_50W_50R,20000,4898.168,0.20415796,0.174073,0.384461,0.52787507,0.129034,8.417971,38.62285714285714,134.67000000000002,136.5857142857143,71.79142857142857,0.0,0.0,0.0,10.240000000000009,7
redis,2026-07-11-16-05-35,1,wsl,medium,0,1,mix_90W_10R,10000,4601.995,0.21729708,0.1806825,0.39582503,0.55149174,0.128132,1.067985,38.62285714285714,134.67000000000002,136.5857142857143,71.79142857142857,0.0,0.0,0.0,10.240000000000009,7
redis,2026-07-11-16-05-35,1,wsl,medium,0,1,queue,20000,4699.182,0.212803,0.167151,0.416743,0.5393582,0.137742,1.653592,33.4,71.47333333333333,119.13333333333333,60.88666666666666,0.0,102.39999999999418,0.0,0.0,3
redis,2026-07-11-16-05-35,1,wsl,medium,0,2,doc_delete,20000,7307.4644,0.27165598,0.23989901,0.46245754,0.5960724,0.144085,4.924044,49.665000000000006,251.23,91.88,122.6,0.0,0.0,0.0,0.0,2
redis,2026-07-11-16-05-35,1,wsl,medium,0,2,doc_increment,20000,6371.8193,0.30735976,0.266262,0.5374863,0.6900867,0.157091,8.887675,48.803333333333335,285.97999999999996,91.67,122.39999999999999,0.0,0.0,0.0,0.0,3
redis,2026-07-11-16-05-35,1,wsl,medium,0,2,doc_insert,20000,5890.4707,0.3393502,0.3001275,0.57664293,0.7307975,0.162542,5.380604,57.620000000000005,138.45499999999998,149.85000000000002,123.44999999999999,0.0,0.0,0.0,0.0,2
redis,2026-07-11-16-05-35,1,wsl,medium,0,2,doc_read,20000,6863.279,0.29047444,0.2453495,0.5245444,0.6830392,0.149225,5.164507,53.955,249.45,149.6,122.45,0.0,0.0,0.0,0.0,2
redis,2026-07-11-16-05-35,1,wsl,medium,0,2,doc_read_partial,20000,7419.1377,0.26889464,0.2219135,0.476457,0.623977,0.149395,5.455729,54.745,191.86,91.9,71.24,0.0,0.0,0.0,0.0,2
redis,2026-07-11-16-05-35,1,wsl,medium,0,2,doc_update_partial,20000,5597.5225,0.35468048,0.315559,0.60569954,0.7782566,0.167552,11.059486,32.1,225.16,92.17333333333333,102.51333333333334,0.0,102.39999999999418,0.0,0.0,3
redis,2026-07-11-16-05-35,1,wsl,medium,0,2,mix_10W_90R,20000,9167.934,0.21753736,0.18803501,0.38738388,0.501349,0.11121,1.019938,61.9775,151.37,116.635,109.87875,0.10000000000000142,204.8000000000029,0.0,0.0,8
redis,2026-07-11-16-05-35,1,wsl,medium,0,2,mix_50W_50R,40000,8192.749,0.24265698,0.2141485,0.43344063,0.554932,0.110768996,9.156349,61.9775,151.37,116.635,109.87875,0.10000000000000142,204.8000000000029,0.0,0.0,8
redis,2026-07-11-16-05-35,1,wsl,medium,0,2,mix_90W_10R,20000,7388.6416,0.269396,0.23909801,0.47939655,0.6020229,0.124086,1.939102,61.9775,151.37,116.635,109.87875,0.10000000000000142,204.8000000000029,0.0,0.0,8
redis,2026-07-11-16-05-35,1,wsl,medium,0,2,queue,40000,8485.277,0.23427694,0.209813,0.4170259,0.54175633,0.100108,1.38306,40.152499999999996,262.425,158.875,122.725,0.0,102.40000000000873,0.0,0.0,4
redis,2026-07-11-16-05-35,1,wsl,medium,0,4,doc_delete,40000,12040.927,0.32567963,0.304203,0.5516739,0.71150076,0.143073,11.456542,36.660000000000004,432.9633333333333,114.10000000000001,199.20000000000002,0.0,0.0,0.0,0.0,3
redis,2026-07-11-16-05-35,1,wsl,medium,0,4,doc_increment,40000,9588.733,0.40675753,0.3816255,0.6772471,0.86283576,0.162152,11.601044,56.67666666666667,326.29,115.89999999999999,169.23666666666665,0.0,0.0,0.0,0.0,3
redis,2026-07-11-16-05-35,1,wsl,medium,0,4,doc_insert,40000,8661.212,0.45402238,0.4264445,0.7373943,0.915115,0.177552,8.777108,58.089999999999996,460.575,172.575,225.35,0.0,204.8000000000029,0.0,0.0,4
redis,2026-07-11-16-05-35,1,wsl,medium,0,4,doc_read,40000,10728.29,0.36694324,0.346475,0.6028727,0.78780836,0.155929,6.60941,48.61333333333334,390.53,120.86666666666667,178.76666666666665,0.0,0.0,0.0,0.0,3
redis,2026-07-11-16-05-35,1,wsl,medium,0,4,doc_read_partial,40000,10817.738,0.3674167,0.346749,0.61938566,0.784619,0.144847,6.322022,48.21333333333334,357.1566666666667,118.7,183.96666666666667,0.0,0.0,0.0,0.0,3
redis,2026-07-11-16-05-35,1,wsl,medium,0,4,doc_update_partial,40000,8412.774,0.4678189,0.4412235,0.7544757,0.9361927,0.184736,12.293631,68.11333333333333,349.7,116.26666666666667,225.5,0.0,102.39999999999418,0.0,0.0,3
redis,2026-07-11-16-05-35,1,wsl,medium,0,4,mix_10W_90R,40000,13676.609,0.2893657,0.269281,0.50365937,0.6513912,0.113865,1.209617,85.54400000000001,236.873,157.748,203.942,0.09999999999999432,409.6000000000058,0.0,10.240000000000009,10
redis,2026-07-11-16-05-35,1,wsl,medium,0,4,mix_50W_50R,80000,12680.804,0.31120956,0.2903845,0.5332943,0.6858921,0.112061,11.373548,85.54400000000001,236.873,157.748,203.942,0.09999999999999432,409.6000000000058,0.0,10.240000000000009,10
redis,2026-07-11-16-05-35,1,wsl,medium,0,4,mix_90W_10R,40000,11381.504,0.3480747,0.3240255,0.5955966,0.7626614,0.129436,2.404984,85.54400000000001,236.873,157.748,203.942,0.09999999999999432,409.6000000000058,0.0,10.240000000000009,10
redis,2026-07-11-16-05-35,1,wsl,medium,0,4,queue,80000,12508.826,0.3174076,0.293203,0.55110544,0.7147836,0.102363,6.148014,72.348,421.72200000000004,210.85999999999999,224.64000000000001,0.0,102.39999999999418,0.0,0.0,5
redis,2026-07-11-16-05-35,1,wsl,medium,0,8,doc_delete,80000,17633.188,0.44797075,0.4328135,0.6471202,0.89684504,0.13665,17.834415,56.3225,503.27250000000004,144.975,324.825,0.0,0.0,0.0,0.0,4
redis,2026-07-11-16-05-35,1,wsl,medium,0,8,doc_increment,80000,16024.988,0.49484986,0.47668248,0.7242738,1.0131078,0.186729,50.414032,54.5025,638.6625,147.325,357.75,0.0,0.0,0.0,0.0,4
redis,2026-07-11-16-05-35,1,wsl,medium,0,8,doc_insert,80000,12389.577,0.63161105,0.579097,0.95762014,1.3859113,0.196939,18.28304,65.148,539.21,191.92000000000002,325.7,0.10000000000000142,307.1999999999971,0.1999999999999993,0.0,5
redis,2026-07-11-16-05-35,1,wsl,medium,0,8,doc_read,80000,14572.032,0.5457886,0.53331304,0.78574723,0.99978656,0.165076,14.772102,67.235,595.155,149.4,302.545,0.0,0.0,0.0,0.0,4
redis,2026-07-11-16-05-35,1,wsl,medium,0,8,doc_read_partial,80000,14474.872,0.54777735,0.536246,0.7906031,1.0093088,0.174114,31.803501,75.10000000000001,533.755,145.85,334.52500000000003,0.0,0.0,0.10000000000000142,10.240000000000009,4
redis,2026-07-11-16-05-35,1,wsl,medium,0,8,doc_update_partial,80000,8430.42,0.9333879,0.57601154,0.94003445,1.6781927,0.216168,62.60792,86.18833333333333,462.6033333333333,154.35,381.55,0.0,614.4000000000087,0.0,10.240000000000009,6
redis,2026-07-11-16-05-35,1,wsl,medium,0,8,mix_10W_90R,80000,16387.867,0.48475322,0.47449052,0.6988673,0.8477548,0.133694,6.956354,93.463125,400.205,232.7475,401.95125,0.20000000000000284,614.3999999999942,0.0,10.240000000000009,16
redis,2026-07-11-16-05-35,1,wsl,medium,0,8,mix_50W_50R,160000,16405.154,0.48448032,0.4691795,0.69193614,0.86570424,0.108745,17.479687,93.463125,400.205,232.7475,401.95125,0.20000000000000284,614.3999999999942,0.0,10.240000000000009,16
redis,2026-07-11-16-05-35,1,wsl,medium,0,8,mix_90W_10R,80000,13803.657,0.57539296,0.54404545,0.85386425,1.1168827,0.157025,22.003895,93.463125,400.205,232.7475,401.95125,0.20000000000000284,614.3999999999942,0.0,10.240000000000009,16
redis,2026-07-11-16-05-35,1,wsl,medium,0,8,queue,160000,15445.998,0.5149961,0.4940975,0.7410792,0.96875334,0.124286,15.875884,78.07428571428571,548.14,286.2857142857143,396.7142857142857,0.0,409.6000000000058,0.0,0.0,7
redis,2026-07-11-16-05-35,1,wsl,medium,10000,1,delete,10000,5272.105,0.18967757,0.1543205,0.33688655,0.48678988,0.133104,1.231419,21.955000000000002,241.45000000000002,114.69999999999999,118.215,0.0,0.0,0.0,0.0,2
redis,2026-07-11-16-05-35,1,wsl,medium,10000,1,insert,10000,4570.181,0.2188097,0.182737,0.38625625,0.53275746,0.156319,1.960432,25.54,140.76,107.72,83.555,0.0,0.0,0.0,0.0,2
redis,2026-07-11-16-05-35,1,wsl,medium,10000,1,read,10000,5690.5654,0.17572945,0.145438,0.31550062,0.44823146,0.130418,1.195952,21.69,234.305,118.1,93.115,0.0,0.0,0.0,0.0,2
redis,2026-07-11-16-05-35,1,wsl,medium,10000,1,update,10000,4637.253,0.21564493,0.177852,0.387159,0.53462994,0.145267,1.526142,24.345,170.26500000000001,118.69999999999999,91.77000000000001,0.0,0.0,0.0,0.0,2
redis,2026-07-11-16-05-35,1,wsl,medium,10000,2,delete,20000,8420.343,0.23695771,0.2108325,0.41371146,0.5315663,0.119837,8.893526,45.315,241.935,163.15,115.08,0.0,0.0,0.0,0.0,2
redis,2026-07-11-16-05-35,1,wsl,medium,10000,2,insert,20000,7356.565,0.27142203,0.2385775,0.48259416,0.6259622,0.13121,2.264968,59.47,120.93,137.95,93.11,0.0,0.0,0.0,0.0,2
redis,2026-07-11-16-05-35,1,wsl,medium,10000,2,read,20000,10879.928,0.18306176,0.15402001,0.332671,0.44014308,0.080359,0.750466,32.605,255.935,165.25,101.96000000000001,0.0,0.0,0.0,0.0,2
redis,2026-07-11-16-05-35,1,wsl,medium,10000,2,update,20000,8208.34,0.24313894,0.201399,0.43333957,0.56164044,0.12131,8.65946,42.885000000000005,277.0,164.95,143.35,0.0,102.40000000000146,0.0,0.0,2
redis,2026-07-11-16-05-35,1,wsl,medium,10000,4,delete,40000,14765.735,0.2688975,0.25013,0.4632098,0.6021383,0.122703,9.213505,76.08500000000001,372.03499999999997,246.5,244.5,0.0,0.0,0.0,0.0,2
redis,2026-07-11-16-05-35,1,wsl,medium,10000,4,insert,40000,10383.158,0.38310102,0.32234251,0.5998257,0.7836545,0.122413,62.121014,59.11333333333332,343.23,200.66666666666666,177.60666666666665,0.0,204.79999999999563,0.0,0.0,3
redis,2026-07-11-16-05-35,1,wsl,medium,10000,4,read,40000,15671.918,0.25300837,0.2397395,0.41403535,0.5552517,0.084697,1.06511,45.26333333333333,475.84,266.3,245.26666666666665,0.0,0.0,0.0,0.0,3
redis,2026-07-11-16-05-35,1,wsl,medium,10000,4,update,40000,11742.88,0.33539295,0.314202,0.5692398,0.71366596,0.133034,4.010122,44.57,378.15000000000003,268.5,208.13333333333333,0.0,204.8000000000029,0.0,0.0,3
redis,2026-07-11-16-05-35,1,wsl,medium,10000,8,delete,80000,13711.597,0.574253,0.41413552,0.6277018,0.9099241,0.130037,130.88315,99.15,440.185,435.625,404.95,0.0,204.79999999999563,0.0,0.0,4
redis,2026-07-11-16-05-35,1,wsl,medium,10000,8,insert,80000,10976.343,0.71323735,0.5180015,0.8332622,1.27547,0.126611,65.89724,83.208,449.512,314.15999999999997,381.67999999999995,0.0,614.4000000000015,0.0,10.240000000000009,5
redis,2026-07-11-16-05-35,1,wsl,medium,10000,8,read,80000,15121.145,0.51714355,0.439713,0.63553077,0.7794659,0.102023,54.455727,88.3725,452.21999999999997,462.125,300.365,0.0,102.39999999999418,0.0,0.0,4
redis,2026-07-11-16-05-35,1,wsl,medium,10000,8,update,80000,13502.701,0.5886536,0.4656635,0.72264475,0.9571798,0.122532,240.92226,78.47999999999999,576.87,460.62,375.5,0.10000000000000142,409.6000000000058,5.600000000000001,0.0,5
redis,2026-07-11-16-05-35,1,wsl,medium,100000,1,delete,100000,5082.393,0.19675769,0.153403,0.33706966,0.48155543,0.123685,35.445866,49.34,100.30272727272727,410.08181818181816,102.73454545454545,0.09999999999999787,307.1999999999971,0.0,0.0,11
redis,2026-07-11-16-05-35,1,wsl,medium,100000,1,insert,100000,4016.8406,0.24895188,0.187331,0.4318858,0.5976843,0.139427,36.08507,51.505,96.52428571428571,363.5,98.66214285714285,0.09999999999999787,1024.0,0.0,0.0,14
redis,2026-07-11-16-05-35,1,wsl,medium,100000,1,read,100000,5660.32,0.17666845,0.148674,0.30850303,0.4325875,0.119637,1.03948,42.518,91.997,557.9100000000001,98.973,0.0,0.0,0.0,10.240000000000009,10
redis,2026-07-11-16-05-35,1,wsl,medium,100000,1,update,100000,4219.304,0.23700592,0.18199,0.4116665,0.5786822,0.13607,47.182095,48.56307692307692,84.00615384615384,559.0615384615385,99.07538461538462,0.10000000000000142,819.2000000000044,0.0,0.0,13
redis,2026-07-11-16-05-35,1,wsl,medium,100000,2,delete,200000,8852.03,0.2253982,0.19764501,0.38968107,0.5025952,0.106811,2.619066,64.94416666666667,115.85166666666667,699.5813333333334,144.34666666666666,0.10000000000000142,0.0,0.0,10.240000000000009,12
redis,2026-07-11-16-05-35,1,wsl,medium,100000,2,insert,200000,6881.5107,0.29017276,0.241037,0.47891808,0.6261511,0.112734,58.481525,67.730625,134.399375,603.21375,150.1625,0.10000000000000142,1228.7999999999956,0.0,10.240000000000009,16
redis,2026-07-11-16-05-35,1,wsl,medium,100000,2,read,200000,8131.6807,0.24549171,0.17470649,0.38266975,0.51592714,0.081271,48.30591,80.48615384615384,107.61846153846153,1049.1273846153845,143.8707692307692,0.0,819.2000000000044,0.0,0.0,13
redis,2026-07-11-16-05-35,1,wsl,medium,100000,2,update,200000,6411.7534,0.3116573,0.239434,0.48745453,0.6393434,0.104436,70.35088,72.41176470588235,127.95823529411764,1062.9722352941176,144.04294117647058,0.1999999999999993,1638.4000000000015,0.0,0.0,17
redis,2026-07-11-16-05-35,1,wsl,medium,100000,4,delete,400000,10014.156,0.39734414,0.2631695,0.5189151,0.71112615,0.114626,66.28193,93.68761904761905,170.69095238095238,1519.8028571428572,240.95619047619047,0.1999999999999993,1536.0,0.0,10.240000000000009,21
redis,2026-07-11-16-05-35,1,wsl,medium,100000,4,insert,400000,8391.87,0.47504988,0.337929,0.6494652,0.89379036,0.100098,205.68253,86.66846153846154,215.80384615384614,1117.519076923077,251.78461538461536,0.1999999999999993,2969.600000000006,0.0,10.240000000000009,26
redis,2026-07-11-16-05-35,1,wsl,medium,100000,4,read,400000,10198.71,0.39080203,0.2552965,0.48243105,0.65715003,0.091431,74.67447,89.97095238095238,187.6742857142857,2027.7638095238096,244.40952380952382,0.0,1740.7999999999956,0.0,0.0,21
redis,2026-07-11-16-05-35,1,wsl,medium,100000,4,update,400000,7190.435,0.5537102,0.342057,0.67502636,0.95401734,0.11613,379.54324,91.13133333333333,191.722,2128.7253333333333,246.91666666666666,0.1999999999999993,3481.5999999999985,0.0,10.240000000000009,30
redis,2026-07-11-16-05-35,1,wsl,medium,100000,8,delete,800000,13223.478,0.6033339,0.422747,0.650482,0.98523915,0.128143,94.24137,96.4428125,261.0,2897.45425,408.2975,0.6000000000000014,1945.6000000000058,0.0,10.240000000000009,32
redis,2026-07-11-16-05-35,1,wsl,medium,100000,8,insert,800000,7205.734,1.1082885,0.5331545,1.1717336,5.1561055,0.117883,394.73947,96.88672413793104,214.49379310344827,2379.5946896551723,442.38965517241377,3.400000000000002,6963.200000000004,0.0,20.480000000000018,58
redis,2026-07-11-16-05-35,1,wsl,medium,100000,8,read,800000,17447.693,0.45792687,0.450618,0.64472306,0.7694521,0.076892,10.239762,96.3525,349.68333333333334,3998.762666666667,423.18333333333334,0.0,0.0,0.0,20.480000000000018,24
redis,2026-07-11-16-05-35,1,wsl,medium,100000,8,update,800000,5642.182,1.4147438,0.6220625,1.1479394,49.90504,0.131931,405.18753,98.22205479452055,180.49013698630137,4554.878246575343,422.9890410958904,9.999999999999996,11571.200000000004,0.3000000000000007,10.240000000000009,73
redis,2026-07-11-16-05-35,1,wsl,small,0,1,doc_delete,10000,4593.951,0.21767753,0.177913,0.40371302,0.5503097,0.129116,4.495477,20.88,205.14,75.09,90.82499999999999,0.0,0.0,0.0,0.0,2
redis,2026-07-11-16-05-35,1,wsl,small,0,1,doc_increment,10000,3990.6787,0.25058395,0.21048251,0.44008833,0.6183752,0.153735,4.450549,26.745,187.055,75.42,74.695,0.10000000000000142,0.0,0.0,0.0,2
redis,2026-07-11-16-05-35,1,wsl,small,0,1,doc_insert,10000,4074.2432,0.24544436,0.2011235,0.4519509,0.6275857,0.122062,8.692626,23.84,73.265,76.64,71.33,0.0,0.0,0.0,0.0,2
redis,2026-07-11-16-05-35,1,wsl,small,0,1,doc_read,10000,4587.6626,0.21797593,0.182872,0.384584,0.5318242,0.111521,4.502779,20.61,180.17499999999998,76.98500000000001,69.72,0.0,0.0,0.0,0.0,2
redis,2026-07-11-16-05-35,1,wsl,small,0,1,doc_read_partial,10000,4438.1504,0.22531909,0.1843555,0.41388455,0.56303126,0.129637,4.43636,21.86,182.54000000000002,75.85,68.17,0.0,0.0,0.0,0.0,2
redis,2026-07-11-16-05-35,1,wsl,small,0,1,doc_update_partial,10000,4140.67,0.24150681,0.198794,0.43859154,0.627496,0.119547,11.866,27.479999999999997,179.725,75.2,63.81,0.0,0.0,0.0,0.0,2
redis,2026-07-11-16-05-35,1,wsl,small,0,1,mix_10W_90R,10000,5798.0024,0.17247319,0.147091,0.2890685,0.4199157,0.119166,0.874649,38.785,85.63666666666667,105.735,74.23,0.09999999999999787,0.0,0.0,0.0,6
redis,2026-07-11-16-05-35,1,wsl,small,0,1,mix_50W_50R,20000,5332.647,0.18752414,0.160949,0.337233,0.46875,0.122663,1.334493,38.785,85.63666666666667,105.735,74.23,0.09999999999999787,0.0,0.0,0.0,6
redis,2026-07-11-16-05-35,1,wsl,small,0,1,mix_90W_10R,10000,4911.34,0.20361042,0.1650565,0.37258324,0.5206038,0.130128,1.145888,38.785,85.63666666666667,105.735,74.23,0.09999999999999787,0.0,0.0,0.0,6
redis,2026-07-11-16-05-35,1,wsl,small,0,1,queue,20000,5501.37,0.1817729,0.150919,0.32920244,0.46639508,0.083996,10.318397,27.566666666666666,206.91333333333333,81.07,74.38333333333333,0.0,0.0,0.0,0.0,3
redis,2026-07-11-16-05-35,1,wsl,small,0,2,doc_delete,20000,7553.8247,0.2646332,0.22960001,0.46860644,0.61224353,0.128053,10.980841,50.56,238.43,74.07,75.44,0.0,0.0,0.0,0.0,2
redis,2026-07-11-16-05-35,1,wsl,small,0,2,doc_increment,20000,6429.4873,0.30967194,0.2715085,0.5367634,0.69499356,0.157803,8.99383,55.4,202.26,76.19,109.1,0.0,0.0,0.0,0.0,2
redis,2026-07-11-16-05-35,1,wsl,small,0,2,doc_insert,20000,6846.3955,0.29081544,0.24957749,0.50690675,0.66939783,0.150729,5.742365,50.540000000000006,243.84,76.355,108.75,0.0,0.0,0.0,0.0,2
redis,2026-07-11-16-05-35,1,wsl,small,0,2,doc_read,20000,7472.452,0.26616514,0.22712,0.462699,0.60457873,0.138164,5.681032,46.575,232.37,76.95,75.085,0.0,0.0,0.0,0.0,2
redis,2026-07-11-16-05-35,1,wsl,small,0,2,doc_read_partial,20000,7631.5356,0.26134422,0.216519,0.463955,0.5948766,0.133384,5.359189,37.093333333333334,292.1933333333333,76.59333333333333,108.83333333333333,0.0,0.0,0.0,0.0,3
redis,2026-07-11-16-05-35,1,wsl,small,0,2,doc_update_partial,20000,6926.347,0.28747028,0.248563,0.50821036,0.6556402,0.153815,5.054256,52.465,240.835,76.35499999999999,108.7,0.0,0.0,0.0,0.0,2
redis,2026-07-11-16-05-35,1,wsl,small,0,2,mix_10W_90R,20000,9260.874,0.21546184,0.1892345,0.38145256,0.4931897,0.088085,0.985722,60.120000000000005,152.69125,75.1425,108.125,0.0,0.0,0.0,0.0,8
redis,2026-07-11-16-05-35,1,wsl,small,0,2,mix_50W_50R,40000,8904.777,0.22456609,0.195628,0.3972784,0.51185656,0.107674,9.028456,60.120000000000005,152.69125,75.1425,108.125,0.0,0.0,0.0,0.0,8
redis,2026-07-11-16-05-35,1,wsl,small,0,2,mix_90W_10R,20000,8311.557,0.24004798,0.21294701,0.41124225,0.52523077,0.117272,1.53493,60.120000000000005,152.69125,75.1425,108.125,0.0,0.0,0.0,0.0,8
redis,2026-07-11-16-05-35,1,wsl,small,0,2,queue,40000,8679.154,0.22979443,0.202371,0.40092736,0.5137838,0.113245,8.601411,53.330000000000005,204.49666666666667,75.38,108.2,0.0,0.0,0.0,0.0,3
redis,2026-07-11-16-05-35,1,wsl,small,0,4,doc_delete,40000,11744.07,0.33629146,0.314551,0.56553876,0.72463846,0.129977,11.746247,39.593333333333334,429.87999999999994,72.39666666666666,178.86666666666667,0.0,0.0,0.0,0.0,3
redis,2026-07-11-16-05-35,1,wsl,small,0,4,doc_increment,40000,10315.708,0.38524008,0.35948998,0.6350337,0.8090537,0.163133,6.374371,51.06,355.0366666666667,72.49,151.03333333333333,0.0,0.0,0.0,0.0,3
redis,2026-07-11-16-05-35,1,wsl,small,0,4,doc_insert,40000,10564.5,0.37418085,0.3515265,0.6196471,0.7802222,0.157883,8.922787,49.02666666666667,348.70666666666665,71.81,150.82,0.0,0.0,0.0,0.0,3
redis,2026-07-11-16-05-35,1,wsl,small,0,4,doc_read,40000,11518.808,0.345364,0.32455802,0.56817174,0.7376538,0.147382,6.951468,38.053333333333335,447.28,72.33999999999999,156.70000000000002,0.0,0.0,0.0,0.0,3
redis,2026-07-11-16-05-35,1,wsl,small,0,4,doc_read_partial,40000,10499.939,0.37772378,0.32581198,0.6019741,0.8128662,0.12115,47.899055,47.98,426.18,72.2,152.53333333333333,0.0,0.0,0.0,0.0,3
redis,2026-07-11-16-05-35,1,wsl,small,0,4,doc_update_partial,40000,10462.83,0.3775923,0.35472202,0.6280425,0.7874688,0.140288,13.208816,49.72333333333333,370.0566666666667,72.30666666666667,152.20000000000002,0.10000000000000142,0.0,0.0,0.0,3
redis,2026-07-11-16-05-35,1,wsl,small,0,4,mix_10W_90R,40000,14870.512,0.26559305,0.247942,0.46017155,0.5955624,0.097062,2.389373,81.41222222222223,223.16444444444446,70.94222222222223,165.6277777777778,0.10000000000000142,0.0,0.0,0.0,9
redis,2026-07-11-16-05-35,1,wsl,small,0,4,mix_50W_50R,80000,14144.829,0.2796379,0.2627085,0.48010206,0.61714816,0.099396996,2.744005,81.41222222222223,223.16444444444446,70.94222222222223,165.6277777777778,0.10000000000000142,0.0,0.0,0.0,9
redis,2026-07-11-16-05-35,1,wsl,small,0,4,mix_90W_10R,40000,13750.421,0.28780213,0.2703305,0.48837668,0.6350795,0.104016,1.85448,81.41222222222223,223.16444444444446,70.94222222222223,165.6277777777778,0.10000000000000142,0.0,0.0,0.0,9
redis,2026-07-11-16-05-35,1,wsl,small,0,4,queue,80000,14649.757,0.27032587,0.251067,0.46734545,0.6057397,0.08618,8.168377,58.5425,350.525,71.6625,157.625,0.0,0.0,0.0,0.0,4
redis,2026-07-11-16-05-35,1,wsl,small,0,8,doc_delete,80000,17154.326,0.4614958,0.44365603,0.6439885,0.8422996,0.173354,94.12346,51.16,531.7425,80.755,249.32750000000001,0.09999999999999787,0.0,0.0,10.240000000000009,4
redis,2026-07-11-16-05-35,1,wsl,small,0,8,doc_increment,80000,15459.048,0.50561404,0.4842595,0.725276,1.0425227,0.156961,33.983147,61.92,573.1925,80.66,250.70000000000002,0.0,0.0,0.0,0.0,4
redis,2026-07-11-16-05-35,1,wsl,small,0,8,doc_insert,80000,14376.739,0.55155814,0.4815015,0.7535931,1.0826573,0.162983,55.50651,76.67,491.0025,79.185,276.525,0.0,0.0,0.0,0.0,4
redis,2026-07-11-16-05-35,1,wsl,small,0,8,doc_read,80000,17720.865,0.44441494,0.429645,0.6365002,0.8964016,0.139967,23.19006,53.8025,788.8425,80.39750000000001,300.7,0.0,0.0,0.0,10.240000000000009,4
redis,2026-07-11-16-05-35,1,wsl,small,0,8,doc_read_partial,80000,17854.611,0.44088915,0.429678,0.6375781,0.87643915,0.143741,10.79874,50.4675,663.1425,80.25,285.325,0.0,0.0,0.0,0.0,4
redis,2026-07-11-16-05-35,1,wsl,small,0,8,doc_update_partial,80000,15749.932,0.49645147,0.48049998,0.7151013,0.99094003,0.145779,24.89638,65.615,727.5725,80.3025,299.875,0.0,102.40000000000146,0.0,0.0,4
redis,2026-07-11-16-05-35,1,wsl,small,0,8,mix_10W_90R,80000,19268.87,0.41237938,0.4054445,0.59346604,0.72133416,0.130267,5.524647,87.85071428571429,468.9264285714285,71.65857142857143,305.00714285714287,0.09999999999999787,102.39999999999418,0.0,10.239999999999782,14
redis,2026-07-11-16-05-35,1,wsl,small,0,8,mix_50W_50R,160000,19035.107,0.41804165,0.4125475,0.6021511,0.72800416,0.104577,9.106763,87.85071428571429,468.9264285714285,71.65857142857143,305.00714285714287,0.09999999999999787,102.39999999999418,0.0,10.239999999999782,14
redis,2026-07-11-16-05-35,1,wsl,small,0,8,mix_90W_10R,80000,18433.758,0.43072706,0.423715,0.61855316,0.75729465,0.170929,5.357637,87.85071428571429,468.9264285714285,71.65857142857143,305.00714285714287,0.09999999999999787,102.39999999999418,0.0,10.239999999999782,14
redis,2026-07-11-16-05-35,1,wsl,small,0,8,queue,160000,19878.85,0.39728814,0.38863748,0.57868415,0.72274333,0.086641,12.54825,66.95666666666666,540.9366666666666,76.77666666666666,287.0833333333333,0.10000000000000142,0.0,0.0,0.0,6
redis,2026-07-11-16-05-35,1,wsl,small,10000,1,delete,10000,5209.6914,0.19194995,0.15337,0.3520098,0.468022,0.133864,1.042505,23.325,246.91,10.23,52.68000000000001,0.0080078125,0.34999999999999964,0.0,0.0,2
redis,2026-07-11-16-05-35,1,wsl,small,10000,1,insert,10000,5185.1904,0.19285695,0.159683,0.3416432,0.47423583,0.098965,1.203019,27.625,300.5,9.385,36.495000000000005,0.0,0.8523046875,0.0,0.0,2
redis,2026-07-11-16-05-35,1,wsl,small,10000,1,read,10000,5864.8525,0.17050728,0.142628,0.2937987,0.41262892,0.114063,0.79157,13.629999999999999,187.33499999999998,9.861,31.465000000000003,0.0,0.0,0.0,0.0,2
redis,2026-07-11-16-05-35,1,wsl,small,10000,1,update,10000,5101.8203,0.19600847,0.160242,0.34924787,0.47723547,0.150433,3.283244,20.0,256.45,10.355,35.465,0.008007812500000003,1.72,0.0,0.0,2
redis,2026-07-11-16-05-35,1,wsl,small,10000,2,delete,20000,6136.493,0.3237786,0.2929505,0.5973728,0.80520743,0.114333,4.54255,59.510000000000005,118.36,12.66,70.44,0.008007812500000003,0.3999999999999986,0.0,0.0,2
redis,2026-07-11-16-05-35,1,wsl,small,10000,2,insert,20000,8412.967,0.23716941,0.208454,0.40626055,0.52173525,0.114837,10.479621,41.815,133.585,11.915,57.11,0.008007812500000003,2.8199999999999994,0.0,0.0,2
redis,2026-07-11-16-05-35,1,wsl,small,10000,2,read,20000,10255.512,0.19419688,0.16759199,0.33229846,0.42390743,0.098842,1.067329,30.815,276.1,12.59,67.52000000000001,0.0,0.0,0.0,1.67,2
redis,2026-07-11-16-05-35,1,wsl,small,10000,2,update,20000,7488.564,0.26647076,0.23271799,0.4928636,0.6872235,0.122613996,11.667726,52.255,217.905,12.675,36.9055,0.008007812500000003,2.6800000000000006,0.0,0.0,2
redis,2026-07-11-16-05-35,1,wsl,small,10000,4,delete,40000,15014.387,0.26368037,0.245456,0.4578557,0.5931183,0.109512,10.158853,75.285,364.13,18.215,136.7,0.0078125,1.0,0.0,0.0,2
redis,2026-07-11-16-05-35,1,wsl,small,10000,4,insert,40000,13693.451,0.29153126,0.2727375,0.49947006,0.6328874,0.119048,12.036854,52.77666666666667,496.32666666666665,15.616666666666667,137.1,0.011621093750000006,6.899999999999999,0.0,0.0,3
redis,2026-07-11-16-05-35,1,wsl,small,10000,4,read,40000,17007.654,0.23408557,0.219411,0.4054395,0.5199553,0.104538,1.195364,54.07,469.18,17.78,137.35,0.0,0.0,0.0,0.0,2
redis,2026-07-11-16-05-35,1,wsl,small,10000,4,update,40000,14297.287,0.27515787,0.2572255,0.47023255,0.6076709,0.105034,12.509263,72.87,412.11,17.78,136.95,0.0078125,4.700000000000003,0.0,0.0,2
redis,2026-07-11-16-05-35,1,wsl,small,10000,8,delete,80000,18397.45,0.42889205,0.419309,0.61817,0.7700034,0.140608,13.089334,52.645,477.745,27.009999999999998,199.4725,0.0283203125,2.9000000000000057,0.0,0.8300000000000001,4
redis,2026-07-11-16-05-35,1,wsl,small,10000,8,insert,80000,18860.793,0.42082432,0.412398,0.6135413,0.76249045,0.138111,9.042599,77.04,598.3633333333333,21.293333333333333,271.1666666666667,0.0166015625,12.500000000000004,0.0,0.0,3
redis,2026-07-11-16-05-35,1,wsl,small,10000,8,read,80000,21017.729,0.3726693,0.364937,0.5510762,0.69392884,0.093796,14.947226,62.623333333333335,650.7766666666668,27.296666666666667,181.407,0.0,0.0,0.0,0.0,3
redis,2026-07-11-16-05-35,1,wsl,small,10000,8,update,80000,16655.346,0.47600448,0.4283025,0.6412672,0.80837244,0.122863,57.60276,60.7875,437.625,27.355,201.9375,0.02734375,25.5,0.0,0.0,4
redis,2026-07-11-16-05-35,1,wsl,small,100000,1,delete,100000,4020.2136,0.24874301,0.192334,0.5031409,0.6610587,0.125033,2.194784,41.28769230769231,68.26,27.72307692307692,36.51769230769231,0.095703125,3.0,0.0,2.0,13
redis,2026-07-11-16-05-35,1,wsl,small,100000,1,insert,100000,4519.5386,0.22126152,0.176686,0.4227281,0.5712714,0.129344,28.57611,37.01083333333333,85.03916666666666,24.16,36.91833333333333,0.087890625,25.700000000000003,0.0,3.499999999999999,12
redis,2026-07-11-16-05-35,1,wsl,small,100000,1,read,100000,5182.007,0.19297543,0.1521485,0.3675296,0.49455115,0.098444,1.606269,35.61,107.13363636363637,31.277272727272727,36.67818181818182,0.0078125,0.0,0.0,3.860000000000001,11
redis,2026-07-11-16-05-35,1,wsl,small,100000,1,update,100000,4006.2537,0.24960975,0.195526,0.4857119,0.6389998,0.10084,32.51503,34.53785714285714,91.14214285714286,30.469285714285714,35.865,0.1005859375,32.8,0.0,4.200000000000001,14
redis,2026-07-11-16-05-35,1,wsl,small,100000,2,delete,200000,8571.865,0.23330851,0.198369,0.3933368,0.50894934,0.10706,44.660847,62.24923076923077,141.9,49.879999999999995,71.98846153846154,0.0927734375,50.0,0.0,4.100000000000001,13
redis,2026-07-11-16-05-35,1,wsl,small,100000,2,insert,200000,7918.097,0.2518994,0.215775,0.431288,0.5594121,0.115727,44.03268,59.19714285714286,153.1457142857143,34.20357142857143,70.03714285714285,0.1005859375,76.0,0.0,2.099999999999998,14
redis,2026-07-11-16-05-35,1,wsl,small,100000,2,read,200000,9785.281,0.20434172,0.17793,0.35839516,0.46450055,0.08146,4.521868,60.055454545454545,124.79272727272728,53.81818181818182,66.51272727272728,0.0,0.0,0.0,4.100000000000001,11
redis,2026-07-11-16-05-35,1,wsl,small,100000,2,update,200000,8448.477,0.23658715,0.209521,0.40908408,0.516843,0.107182,1.473209,60.61000000000001,137.93769230769232,53.62,66.57538461538462,0.095703125,35.0,0.0,4.099999999999998,13
redis,2026-07-11-16-05-35,1,wsl,small,100000,4,delete,400000,10050.081,0.3964524,0.332881,0.7272073,1.1765871,0.123172,56.110497,82.6047619047619,239.8790476190476,78.47571428571429,132.1607619047619,0.16000000000000014,41.0,0.0,14.399999999999999,21
redis,2026-07-11-16-05-35,1,wsl,small,100000,4,insert,400000,13038.521,0.30541876,0.276012,0.51740605,0.67434305,0.106971,49.598682,79.74176470588235,273.68117647058824,60.272941176470596,136.44117647058823,0.1240234375,104.0,0.0,4.200000000000003,17
redis,2026-07-11-16-05-35,1,wsl,small,100000,4,read,400000,13977.539,0.28431797,0.25185448,0.46713,0.609693,0.085809,49.20507,84.95800000000001,238.25466666666665,99.11200000000001,133.584,0.0,59.0,0.0,8.199999999999996,15
redis,2026-07-11-16-05-35,1,wsl,small,100000,4,update,400000,10560.49,0.37510246,0.3332175,0.5931871,0.7635071,0.117361,53.141792,82.87857142857143,271.4138095238095,99.71714285714286,135.29238095238094,0.1900390624999999,189.0,0.0,8.200000000000003,21
redis,2026-07-11-16-05-35,1,wsl,small,100000,8,delete,800000,12274.075,0.64796954,0.551016,0.90780514,1.1915501,0.142601,152.21971,95.92617647058823,338.25588235294117,145.04970588235292,264.85411764705884,0.27,174.08000000000015,0.0,16.0,34
redis,2026-07-11-16-05-35,1,wsl,small,100000,8,insert,800000,12178.927,0.6548627,0.560913,0.92839426,1.3476862,0.159404,73.13436,95.54514285714285,360.77314285714283,100.45171428571429,261.73708571428574,0.28,260.0,0.0,10.099999999999994,35
redis,2026-07-11-16-05-35,1,wsl,small,100000,8,read,800000,16044.746,0.49574453,0.4378235,0.6821223,0.8450963,0.121841,56.916798,93.23777777777778,379.3381481481481,189.5185185185185,263.8814814814815,0.0,139.68000000000006,0.0,22.900000000000006,27
redis,2026-07-11-16-05-35,1,wsl,small,100000,8,update,800000,11773.037,0.67605615,0.545824,0.9091221,1.2423893,0.155516,63.47737,95.0938888888889,348.6361111111111,192.07222222222222,264.7416666666667,0.2899999999999998,389.1199999999999,0.0,10.0,36
redis,2026-07-11-16-05-35,1,wsl,small,1000000,1,delete,1000000,4735.498,0.21117103,0.159979,0.40761507,0.59901005,0.119608,39.162746,45.190560747663554,61.62598130841121,165.10308411214953,41.32579439252336,0.8700000000000001,378.87999999999965,0.0,18.0,107
redis,2026-07-11-16-05-35,1,wsl,small,1000000,1,insert,1000000,4225.9585,0.23663272,0.177439,0.47285107,0.65364003,0.126048,40.814556,42.84565573770492,64.94491803278689,121.30696721311476,39.97704918032787,0.9899999999999998,624.6399999999999,0.0,26.0,122
redis,2026-07-11-16-05-35,1,wsl,small,1000000,1,read,1000000,4312.541,0.23188184,0.20379251,0.41674006,0.542558,0.104486,33.020836,36.61406779661017,70.06466101694915,232.23474576271187,40.26618644067796,0.0,153.5999999999999,0.0,21.0,118
redis,2026-07-11-16-05-35,1,wsl,small,1000000,1,update,1000000,3800.2476,0.26314074,0.199941,0.502676,0.66087323,0.130111,39.056194,45.273629629629625,63.67118518518519,232.39777777777778,41.058740740740745,1.0999999999999996,972.8000000000002,0.0,21.0,135
redis,2026-07-11-16-05-35,1,wsl,small,1000000,2,delete,2000000,8397.818,0.23797241,0.199557,0.394153,0.512137,0.101572,49.212654,70.94719008264464,112.34652892561984,300.2344628099174,84.3412396694215,0.9900000000000011,675.8400000000001,0.8199999999999994,43.0,121
redis,2026-07-11-16-05-35,1,wsl,small,1000000,2,insert,2000000,7562.443,0.26421407,0.21759,0.42981705,0.55760205,0.1101,50.280884,68.98463235294118,113.02477941176471,246.42529411764704,75.56301470588235,1.0999999999999996,1402.8800000000006,0.1357421875,42.0,136
redis,2026-07-11-16-05-35,1,wsl,small,1000000,2,read,2000000,9757.781,0.20483455,0.17383051,0.344717,0.44767004,0.081492,47.726543,65.00971153846154,122.5908653846154,455.8394230769231,78.77153846153846,0.0,307.1999999999998,0.0,41.0,104
redis,2026-07-11-16-05-35,1,wsl,small,1000000,2,update,2000000,7462.35,0.26781276,0.214273,0.42249906,0.5471121,0.098486,48.985195,71.40159420289855,112.07905797101449,457.6492753623188,81.31789855072465,1.13,1894.3999999999996,1.2500000000000004,41.0,138
redis,2026-07-11-16-05-35,1,wsl,small,1000000,4,delete,4000000,12824.026,0.31110927,0.254193,0.48339406,0.635578,0.096102,56.49,91.90879746835444,189.7990506329114,583.5971518987342,157.4009493670886,1.3000000000000007,1638.3999999999978,0.0,80.0,158
redis,2026-07-11-16-05-35,1,wsl,small,1000000,4,insert,4000000,10978.59,0.36257172,0.2853415,0.53087,0.693748,0.097934,59.225758,90.1017741935484,191.05897849462366,497.19440860215053,151.86521505376345,1.5199999999999996,3010.5600000000004,0.0,82.0,186
redis,2026-07-11-16-05-35,1,wsl,small,1000000,4,read,4000000,15402.098,0.2580857,0.227615,0.424051,0.546399,0.079208,56.768864,87.19681818181817,220.43386363636364,902.0424242424243,152.70204545454544,0.019999999999999574,614.3999999999996,0.0,71.0,132
redis,2026-07-11-16-05-35,1,wsl,small,1000000,4,update,4000000,9933.296,0.40051234,0.28893,0.540346,0.7057931,0.106673,57.460033,91.9938536585366,177.4560487804878,915.3360975609755,154.72073170731707,1.6799999999999997,4403.200000000001,0.0,80.0,205
redis,2026-07-11-16-05-35,1,wsl,small,1000000,8,delete,8000000,14929.551,0.534999,0.417796,0.626863,0.82088506,0.107112,86.586845,99.19414814814814,276.3305555555556,1225.5490518518518,298.2479259259259,2.200000000000003,3686.4000000000015,6.5,163.84000000000015,270
redis,2026-07-11-16-05-35,1,wsl,small,1000000,8,insert,8000000,12961.144,0.6160328,0.429073,0.6603411,0.955295,0.111184,70.52224,99.75258785942492,277.94482428115015,1023.3499233226837,292.35520766773163,2.5999999999999996,6553.600000000002,0.0,165.0,313
redis,2026-07-11-16-05-35,1,wsl,small,1000000,8,read,8000000,19347.559,0.41245025,0.3697645,0.5405571,0.662116,0.078506,76.84545,100.07798076923078,344.5637019230769,1792.1772307692308,293.29052884615385,0.0,1228.7999999999993,0.0,184.72000000000003,208
redis,2026-07-11-16-05-35,1,wsl,small,1000000,8,update,8000000,11662.006,0.68397975,0.425344,0.658177,0.965831,0.113135,102.753555,99.43666666666667,253.61908045977012,1856.5090574712644,296.30258620689654,2.8999999999999986,8806.400000000001,0.0,174.07999999999993,348
redis,2026-07-11-18-14-11,2,wsl,medium,0,1,doc_delete,10000,4554.9194,0.21954288,0.1800005,0.40075457,0.5676237,0.159234,11.770098,22.865,199.76999999999998,67.445,67.24,0.0,0.0,0.0,0.0,2
redis,2026-07-11-18-14-11,2,wsl,medium,0,1,doc_increment,10000,3959.7585,0.25254065,0.204453,0.479059,0.66845423,0.178122,7.210902,24.465,191.70999999999998,67.66999999999999,59.394999999999996,0.0,0.0,0.0,0.0,2
redis,2026-07-11-18-14-11,2,wsl,medium,0,1,doc_insert,10000,3125.2007,0.31997943,0.2568465,0.5766854,0.7788498,0.203942,5.574228,34.695,93.34,100.6,73.22,0.0,102.39999999999418,0.0,0.0,2
redis,2026-07-11-18-14-11,2,wsl,medium,0,1,doc_read,10000,4223.1196,0.23679177,0.193367,0.43977642,0.5925506,0.176269,4.882273,27.825000000000003,179.14000000000001,100.9,53.395,0.0,0.0,0.0,0.0,2
redis,2026-07-11-18-14-11,2,wsl,medium,0,1,doc_read_partial,10000,4286.6675,0.23328145,0.195596,0.41577214,0.57202286,0.182811,4.572651,28.1,188.965,67.365,47.53,0.0,0.0,0.0,0.0,2
redis,2026-07-11-18-14-11,2,wsl,medium,0,1,doc_update_partial,10000,3241.8142,0.30846927,0.25468302,0.54074395,0.7330404,0.218101,11.361901,35.785,70.485,67.695,47.42,0.09999999999999432,0.0,0.0,0.0,2
redis,2026-07-11-18-14-11,2,wsl,medium,0,1,mix_10W_90R,10000,5337.23,0.1873631,0.15178499,0.3371757,0.4597029,0.12684,0.947871,38.83571428571428,100.15142857142857,123.70857142857143,66.13142857142857,0.09999999999999432,102.39999999999418,0.0,0.0,7
redis,2026-07-11-18-14-11,2,wsl,medium,0,1,mix_50W_50R,20000,4773.4907,0.20949028,0.175618,0.40234596,0.55418986,0.124326,9.413389,38.83571428571428,100.15142857142857,123.70857142857143,66.13142857142857,0.09999999999999432,102.39999999999418,0.0,0.0,7
redis,2026-07-11-18-14-11,2,wsl,medium,0,1,mix_90W_10R,10000,4421.0063,0.22619285,0.181769,0.44410083,0.5884274,0.142492,1.198741,38.83571428571428,100.15142857142857,123.70857142857143,66.13142857142857,0.09999999999999432,102.39999999999418,0.0,0.0,7
redis,2026-07-11-18-14-11,2,wsl,medium,0,1,queue,20000,4935.2163,0.20262536,0.163783,0.38379008,0.5381365,0.135427,9.169385,32.906666666666666,146.38,100.3,73.19666666666667,0.10000000000000853,0.0,0.0,0.0,3
redis,2026-07-11-18-14-11,2,wsl,medium,0,2,doc_delete,20000,7539.2373,0.2630868,0.2308805,0.4486439,0.5747264,0.144235,11.127307,46.325,147.23,68.25,99.305,0.0,0.0,0.0,0.0,2
redis,2026-07-11-18-14-11,2,wsl,medium,0,2,doc_increment,20000,6710.8047,0.29615226,0.2517975,0.5157285,0.66439426,0.159605,10.723777,55.019999999999996,128.415,68.52000000000001,73.345,0.09999999999999432,0.0,0.0,0.0,2
redis,2026-07-11-18-14-11,2,wsl,medium,0,2,doc_insert,20000,5935.0093,0.33031338,0.288119,0.5680974,0.7196331,0.161319,5.81034,29.87333333333333,275.3,116.8,110.67333333333333,0.0,102.39999999999418,0.0,0.0,3
redis,2026-07-11-18-14-11,2,wsl,medium,0,2,doc_read,20000,7144.8457,0.2785647,0.2292425,0.49835655,0.68471515,0.146108,7.831478,57.510000000000005,178.225,97.55,90.935,0.0,0.0,0.0,0.0,2
redis,2026-07-11-18-14-11,2,wsl,medium,0,2,doc_read_partial,20000,7311.6094,0.27334493,0.230961,0.47885817,0.63121474,0.147361,5.06627,51.455,134.255,78.35499999999999,88.245,0.0,0.0,0.0,0.0,2
redis,2026-07-11-18-14-11,2,wsl,medium,0,2,doc_update_partial,20000,5849.576,0.3390455,0.2906925,0.6039608,0.7759732,0.166028,4.955482,31.74,301.2633333333333,75.07333333333334,124.60000000000001,0.0,0.0,0.0,0.0,3
redis,2026-07-11-18-14-11,2,wsl,medium,0,2,mix_10W_90R,20000,8890.354,0.22194816,0.1932865,0.39558685,0.51569223,0.109677,2.019867,61.57,153.1,100.65125,114.98375,0.10000000000000853,204.8000000000029,0.0,0.0,8
redis,2026-07-11-18-14-11,2,wsl,medium,0,2,mix_50W_50R,40000,8166.2637,0.24463274,0.219303,0.4276774,0.5523925,0.112191,1.618895,61.57,153.1,100.65125,114.98375,0.10000000000000853,204.8000000000029,0.0,0.0,8
redis,2026-07-11-18-14-11,2,wsl,medium,0,2,mix_90W_10R,20000,7755.914,0.254681,0.2169235,0.450011,0.57507044,0.122422,4.954039,61.57,153.1,100.65125,114.98375,0.10000000000000853,204.8000000000029,0.0,0.0,8
redis,2026-07-11-18-14-11,2,wsl,medium,0,2,queue,40000,8390.103,0.23632817,0.209674,0.4243772,0.5568019,0.089146,9.752228,46.4825,255.8175,137.45,124.275,0.0,102.40000000000873,0.0,0.0,4
redis,2026-07-11-18-14-11,2,wsl,medium,0,4,doc_delete,40000,11904.625,0.3328351,0.3116375,0.55859995,0.7208957,0.144656,11.197337,82.11000000000001,241.735,90.495,226.65,0.0,0.0,0.0,0.0,2
redis,2026-07-11-18-14-11,2,wsl,medium,0,4,doc_increment,40000,10157.519,0.38564596,0.359365,0.64394116,0.83680457,0.160286,11.705921,50.98333333333334,369.9433333333333,93.97333333333334,158.52666666666667,0.0,0.0,0.0,0.0,3
redis,2026-07-11-18-14-11,2,wsl,medium,0,4,doc_insert,40000,8356.356,0.47430235,0.4460105,0.7608607,0.9554273,0.17202,14.959292,70.4475,462.02,169.175,215.325,0.0,204.8000000000029,0.0,0.0,4
redis,2026-07-11-18-14-11,2,wsl,medium,0,4,doc_read,40000,10714.33,0.3666333,0.34421998,0.6065321,0.79153436,0.14674,13.7065,51.80666666666667,396.0133333333333,115.85666666666667,155.63,0.0,0.0,0.0,0.0,3
redis,2026-07-11-18-14-11,2,wsl,medium,0,4,doc_read_partial,40000,10406.174,0.3705834,0.351494,0.6157762,0.8049026,0.155336,6.73456,54.050000000000004,370.30333333333334,91.47666666666667,209.36666666666667,0.0,0.0,0.0,0.0,3
redis,2026-07-11-18-14-11,2,wsl,medium,0,4,doc_update_partial,40000,8690.893,0.45570865,0.4286765,0.74256444,0.9292377,0.181858,12.132829,70.23333333333333,240.58333333333334,93.89,158.98,0.0,204.8000000000029,0.0,0.0,3
redis,2026-07-11-18-14-11,2,wsl,medium,0,4,mix_10W_90R,40000,13023.35,0.30605522,0.2839555,0.5329673,0.7033598,0.114676,5.027094,76.63181818181819,322.0536363636364,139.0209090909091,223.6090909090909,0.09999999999999432,307.20000000001164,0.0,0.0,11
redis,2026-07-11-18-14-11,2,wsl,medium,0,4,mix_50W_50R,80000,12702.382,0.3121938,0.2909755,0.54141533,0.694008,0.111811005,9.622032,76.63181818181819,322.0536363636364,139.0209090909091,223.6090909090909,0.09999999999999432,307.20000000001164,0.0,0.0,11
redis,2026-07-11-18-14-11,2,wsl,medium,0,4,mix_90W_10R,40000,11099.283,0.35657457,0.32873052,0.6147677,0.7987841,0.130638,2.275694,76.63181818181819,322.0536363636364,139.0209090909091,223.6090909090909,0.09999999999999432,307.20000000001164,0.0,0.0,11
redis,2026-07-11-18-14-11,2,wsl,medium,0,4,queue,80000,13016.89,0.3045197,0.282498,0.52606004,0.68840754,0.094447,7.427752,59.544000000000004,433.54799999999994,202.32,220.94,0.0,204.79999999998836,0.0,10.240000000000009,5
redis,2026-07-11-18-14-11,2,wsl,medium,0,8,doc_delete,80000,16923.172,0.4591349,0.4458505,0.6618418,0.921396,0.136909,21.748947,51.0875,485.27250000000004,128.775,294.465,0.09999999999999432,0.0,0.0,0.0,4
redis,2026-07-11-18-14-11,2,wsl,medium,0,8,doc_increment,80000,16060.763,0.49573243,0.484062,0.7108053,0.9542255,0.161378,21.221647,62.152499999999996,535.2125,133.825,296.28,0.0,0.0,0.0,0.0,4
redis,2026-07-11-18-14-11,2,wsl,medium,0,8,doc_insert,80000,13944.723,0.56653106,0.54465497,0.84183115,1.1406505,0.19772,12.460282,77.8475,655.585,190.8,403.1,0.09999999999999432,307.20000000001164,0.0,0.0,4
redis,2026-07-11-18-14-11,2,wsl,medium,0,8,doc_read,80000,13992.401,0.5564587,0.5415145,0.80850023,1.0541356,0.158393,23.894363,68.3775,604.8775,133.7,319.4125,0.0,0.0,0.0,10.240000000000009,4
redis,2026-07-11-18-14-11,2,wsl,medium,0,8,doc_read_partial,80000,14565.643,0.54116726,0.530579,0.78230625,0.99604577,0.180968,19.293694,73.4675,529.1425,129.875,334.45,0.0,0.0,0.0,0.0,4
redis,2026-07-11-18-14-11,2,wsl,medium,0,8,doc_update_partial,80000,13724.725,0.57949305,0.56052446,0.8388409,1.1344098,0.200305,10.883182,75.705,636.0225,134.75,329.88,0.0,409.59999999999127,0.0,0.0,4
redis,2026-07-11-18-14-11,2,wsl,medium,0,8,mix_10W_90R,80000,16698.877,0.47406662,0.463616,0.6892625,0.8578529,0.117191,4.543658,89.33875,413.53875,212.54500000000002,406.33125,0.20000000000000284,716.8000000000029,0.0,10.240000000000009,16
redis,2026-07-11-18-14-11,2,wsl,medium,0,8,mix_50W_50R,160000,16725.543,0.4756897,0.465971,0.68459696,0.84226614,0.104847,9.761288,89.33875,413.53875,212.54500000000002,406.33125,0.20000000000000284,716.8000000000029,0.0,10.240000000000009,16
redis,2026-07-11-18-14-11,2,wsl,medium,0,8,mix_90W_10R,80000,15201.903,0.5238259,0.5104255,0.76562417,0.98114604,0.183592,4.370821,89.33875,413.53875,212.54500000000002,406.33125,0.20000000000000284,716.8000000000029,0.0,10.240000000000009,16
redis,2026-07-11-18-14-11,2,wsl,medium,0,8,queue,160000,16137.766,0.49212065,0.480328,0.716049,0.8855285,0.12165,18.064644,83.56714285714285,584.6657142857142,284.64285714285717,415.45714285714286,0.0,409.59999999999127,0.0,0.0,7
redis,2026-07-11-18-14-11,2,wsl,medium,10000,1,delete,10000,5319.356,0.18799268,0.154015,0.34188545,0.48296815,0.127362,1.231146,19.115000000000002,327.525,85.00999999999999,109.43,0.0,0.0,0.0,0.0,2
redis,2026-07-11-18-14-11,2,wsl,medium,10000,1,insert,10000,4481.762,0.22312652,0.18594751,0.3968419,0.55169034,0.153193,1.586022,27.03,187.68,76.475,95.195,0.0,0.0,0.0,0.0,2
redis,2026-07-11-18-14-11,2,wsl,medium,10000,1,read,10000,5232.1646,0.1911255,0.150197,0.3658339,0.5000005,0.122041,0.914047,20.69,191.425,91.285,95.025,0.0,0.0,0.0,0.0,2
redis,2026-07-11-18-14-11,2,wsl,medium,10000,1,update,10000,4578.868,0.21839458,0.181429,0.384698,0.53570926,0.159656,1.381773,26.3,79.68,92.05000000000001,83.775,0.0,0.0,0.0,0.0,2
redis,2026-07-11-18-14-11,2,wsl,medium,10000,2,delete,20000,8706.11,0.22875889,0.201417,0.39634293,0.50967467,0.118843,8.647876,45.105000000000004,243.92000000000002,127.35,95.32,0.0,0.0,0.0,0.0,2
redis,2026-07-11-18-14-11,2,wsl,medium,10000,2,insert,20000,7568.48,0.2638625,0.231242,0.46361157,0.5913067,0.121860996,1.863737,59.019999999999996,130.685,109.77000000000001,95.25,0.0,102.40000000000146,0.0,0.0,2
redis,2026-07-11-18-14-11,2,wsl,medium,10000,2,read,20000,10606.298,0.18829536,0.156389,0.3290185,0.43981215,0.078265,0.944677,45.58,260.085,139.60000000000002,145.39999999999998,0.0,0.0,0.20000000000000107,0.0,2
redis,2026-07-11-18-14-11,2,wsl,medium,10000,2,update,20000,7169.36,0.27732164,0.241447,0.4811927,0.62457395,0.111881,24.11016,56.663333333333334,297.01666666666665,139.9,145.9333333333333,0.0,204.8000000000029,0.0,0.0,3
redis,2026-07-11-18-14-11,2,wsl,medium,10000,4,delete,40000,14775.0625,0.26845646,0.24885699,0.45875803,0.6128424,0.09134,11.682844,36.00666666666667,672.8566666666667,198.33333333333334,255.66666666666666,0.10000000000000853,0.0,0.0,0.0,3
redis,2026-07-11-18-14-11,2,wsl,medium,10000,4,insert,40000,11450.664,0.3444764,0.318667,0.5796229,0.7338086,0.13232,16.650393,75.05,348.38000000000005,187.0666666666667,247.70000000000002,0.0,204.79999999999563,0.09999999999999964,0.0,3
redis,2026-07-11-18-14-11,2,wsl,medium,10000,4,read,40000,15566.969,0.25506422,0.240333,0.42929167,0.5709984,0.088564,1.867372,81.02,460.31333333333333,245.9,248.23333333333335,0.0,102.40000000000146,0.1999999999999993,0.0,3
redis,2026-07-11-18-14-11,2,wsl,medium,10000,4,update,40000,10392.862,0.38015208,0.3535375,0.63631,0.80923414,0.136219,20.007343,121.17,349.17333333333335,261.96666666666664,195.28,0.0,409.59999999999854,0.0,0.0,3
redis,2026-07-11-18-14-11,2,wsl,medium,10000,8,delete,80000,19279.252,0.40895587,0.399203,0.5943612,0.7326227,0.106070004,13.070488,53.505,491.8925,368.925,314.9975,0.0,0.0,0.0,0.0,4
redis,2026-07-11-18-14-11,2,wsl,medium,10000,8,insert,80000,15761.003,0.50067663,0.480273,0.7402449,0.9757389,0.115598,25.243622,91.09,524.9275,279.575,304.52750000000003,0.0,512.0,0.0,0.0,4
redis,2026-07-11-18-14-11,2,wsl,medium,10000,8,read,80000,17697.324,0.44949278,0.44169652,0.652099,0.83723515,0.090999,9.630986,52.185,505.0725,436.825,333.275,0.0,0.0,0.0,0.0,4
redis,2026-07-11-18-14-11,2,wsl,medium,10000,8,update,80000,14699.114,0.5366852,0.5129335,0.82528037,1.0173557,0.12172,26.60712,112.955,578.8225,458.5,350.7475,0.0,716.8000000000029,0.0,10.240000000000009,4
redis,2026-07-11-18-14-11,2,wsl,medium,100000,1,delete,100000,5371.871,0.18615489,0.154205,0.3291686,0.46973807,0.123543,3.561546,40.18,63.840999999999994,383.79,92.35,0.0,102.39999999999418,0.0,0.0,10
redis,2026-07-11-18-14-11,2,wsl,medium,100000,1,insert,100000,4550.7544,0.21974377,0.18182,0.3987025,0.55676043,0.130989,1.801249,38.715384615384615,106.14076923076922,332.1769230769231,96.30384615384615,0.09999999999999432,409.59999999999854,0.0,0.0,13
redis,2026-07-11-18-14-11,2,wsl,medium,100000,1,read,100000,5541.403,0.18045972,0.147512,0.3252235,0.45587754,0.114647,25.66471,55.82000000000001,92.046,532.23,92.147,0.0,409.59999999999854,0.0,10.240000000000009,10
redis,2026-07-11-18-14-11,2,wsl,medium,100000,1,update,100000,4425.6475,0.22595565,0.185426,0.41089445,0.5604732,0.143845,42.441517,49.01,104.7223076923077,533.623076923077,96.37538461538462,0.20000000000000284,819.2000000000044,0.0,0.0,13
redis,2026-07-11-18-14-11,2,wsl,medium,100000,2,delete,200000,8584.065,0.23181449,0.20365301,0.40361753,0.5279542,0.107161,12.693779,80.38307692307693,157.14615384615385,667.8473846153846,146.2846153846154,0.10000000000000853,512.0,0.0,10.240000000000009,13
redis,2026-07-11-18-14-11,2,wsl,medium,100000,2,insert,200000,7226.6494,0.27599645,0.243902,0.48477104,0.62598103,0.102683,58.62399,78.87266666666666,143.514,547.0615999999999,147.54,0.20000000000000284,1536.0,0.0,0.0,15
redis,2026-07-11-18-14-11,2,wsl,medium,100000,2,read,200000,10068.379,0.19770697,0.164184,0.35685536,0.46666762,0.080359,14.111397,80.69363636363636,147.00818181818184,1024.0196363636364,141.84,0.0,307.1999999999971,0.0,10.240000000000009,11
redis,2026-07-11-18-14-11,2,wsl,medium,100000,2,update,200000,7101.279,0.279575,0.250445,0.48656029,0.624431,0.117843,56.580173,86.409375,158.095,1035.2015,147.55625,0.09999999999999432,1945.5999999999985,0.0,0.0,16
redis,2026-07-11-18-14-11,2,wsl,medium,100000,4,delete,400000,14298.534,0.27910796,0.25493997,0.4739003,0.6186751,0.104737,340.05032,89.695625,258.315,1279.282,242.41875,0.20000000000000284,409.59999999999854,0.09999999999999787,0.0,16
redis,2026-07-11-18-14-11,2,wsl,medium,100000,4,insert,400000,10591.788,0.37359476,0.326949,0.5996321,0.77535135,0.114908,649.3289,118.20900000000002,239.09699999999998,1093.7846,245.61999999999998,0.19999999999998863,3686.4000000000015,0.0,0.0,20
redis,2026-07-11-18-14-11,2,wsl,medium,100000,4,read,400000,15120.91,0.26255217,0.2473355,0.44044107,0.5860305,0.087292,1.597447,89.78857142857143,258.39714285714285,2013.4034285714285,240.8642857142857,0.0,0.0,0.0,0.0,14
redis,2026-07-11-18-14-11,2,wsl,medium,100000,4,update,400000,10430.408,0.37923977,0.341575,0.6182805,0.7934491,0.104357004,736.8693,136.5595238095238,241.39714285714285,2187.0689523809524,237.99523809523808,0.10000000000000853,4608.0,0.09999999999999964,10.240000000000009,21
redis,2026-07-11-18-14-11,2,wsl,medium,100000,8,delete,800000,18054.105,0.4418486,0.426619,0.6359081,0.8321934,0.107583,34.320305,121.44875,366.1766666666667,2432.382,407.50624999999997,0.7999999999999972,1433.6000000000058,0.0,10.240000000000009,24
redis,2026-07-11-18-14-11,2,wsl,medium,100000,8,insert,800000,11134.288,0.7156723,0.506304,0.7815841,1.0375565,0.118815,6280.3423,128.30783783783784,306.4756756756757,2404.563891891892,431.02702702702703,0.19999999999998863,6963.200000000004,0.40000000000000213,30.720000000000027,37
redis,2026-07-11-18-14-11,2,wsl,medium,100000,8,read,800000,16969.607,0.4705089,0.4603215,0.670178,0.8135281,0.090599,10.092034,97.3348,362.538,4006.9120000000003,421.744,0.8000000000000114,102.40000000000146,0.0,10.240000000000009,25
redis,2026-07-11-18-14-11,2,wsl,medium,100000,8,update,800000,12838.859,0.6195497,0.586043,0.94938713,1.2478763,0.13115901,181.48106,176.1269696969697,385.48333333333335,4514.816,423.4060606060606,7.099999999999994,9011.200000000004,0.0,20.480000000000018,33
redis,2026-07-11-18-14-11,2,wsl,small,0,1,doc_delete,10000,4516.754,0.22139795,0.178949,0.4166893,0.58435506,0.15198,10.851734,23.27,184.815,46.675,70.985,0.0,0.0,0.0,0.0,2
redis,2026-07-11-18-14-11,2,wsl,small,0,1,doc_increment,10000,3886.0757,0.25732902,0.214945,0.45916957,0.61487776,0.130858,4.375151,29.065,68.30000000000001,46.56,66.67500000000001,0.0,0.0,0.0,0.0,2
redis,2026-07-11-18-14-11,2,wsl,small,0,1,doc_insert,10000,4191.544,0.23857556,0.198462,0.42705834,0.5951396,0.172661,13.814574,26.62,169.01,55.515,66.31,0.0,0.0,0.0,0.0,2
redis,2026-07-11-18-14-11,2,wsl,small,0,1,doc_read,10000,4442.068,0.22512037,0.1854415,0.41292745,0.55996984,0.137351,4.943637,21.73,186.385,55.93,64.77,0.0,0.0,0.0,0.0,2
redis,2026-07-11-18-14-11,2,wsl,small,0,1,doc_read_partial,10000,4497.3477,0.22235326,0.181689,0.40793106,0.56782264,0.155758,4.828428,21.305,184.82999999999998,55.575,60.730000000000004,0.0,0.0,0.0,0.0,2
redis,2026-07-11-18-14-11,2,wsl,small,0,1,doc_update_partial,10000,4160.583,0.24035093,0.198953,0.43728164,0.62118894,0.170948,4.439038,26.060000000000002,179.725,51.205,76.07499999999999,0.0,102.40000000000146,0.0,0.0,2
redis,2026-07-11-18-14-11,2,wsl,small,0,1,mix_10W_90R,10000,5735.85,0.17434207,0.1445615,0.3092331,0.4396173,0.116952,0.893213,36.462857142857146,130.05428571428573,74.64714285714285,76.00857142857141,0.0,0.0,0.10000000000000142,0.0,7
redis,2026-07-11-18-14-11,2,wsl,small,0,1,mix_50W_50R,20000,5371.4497,0.18616948,0.15968451,0.33211705,0.4646279,0.123464,7.783474,36.462857142857146,130.05428571428573,74.64714285714285,76.00857142857141,0.0,0.0,0.10000000000000142,0.0,7
redis,2026-07-11-18-14-11,2,wsl,small,0,1,mix_90W_10R,10000,5067.9014,0.19732034,0.16408,0.352642,0.5085834,0.136842,1.490884,36.462857142857146,130.05428571428573,74.64714285714285,76.00857142857141,0.0,0.0,0.10000000000000142,0.0,7
redis,2026-07-11-18-14-11,2,wsl,small,0,1,queue,20000,5295.981,0.18882243,0.154356,0.34072602,0.477977,0.085028,1.013517,25.713333333333335,152.67333333333335,54.10333333333333,74.12666666666667,0.0,0.0,0.0,0.0,3
redis,2026-07-11-18-14-11,2,wsl,small,0,2,doc_delete,20000,7561.5566,0.26415458,0.2284665,0.4723945,0.60859805,0.143333,5.48366,40.413333333333334,346.43,48.696666666666665,133.03333333333333,0.0,0.0,0.0,10.240000000000009,3
redis,2026-07-11-18-14-11,2,wsl,small,0,2,doc_increment,20000,6502.6304,0.30751532,0.266832,0.5441569,0.6998448,0.156199,5.073425,30.49666666666667,298.6066666666667,48.69,110.53333333333335,0.0,0.0,0.0,0.0,3
redis,2026-07-11-18-14-11,2,wsl,small,0,2,doc_insert,20000,6828.713,0.290813,0.24680701,0.5176721,0.66426235,0.151458,11.085916,38.416666666666664,295.05,48.693333333333335,110.53333333333335,0.0,0.0,0.0,0.0,3
redis,2026-07-11-18-14-11,2,wsl,small,0,2,doc_read,20000,7286.721,0.2735038,0.23252,0.4766925,0.6220402,0.13173,6.237892,39.685,257.625,49.019999999999996,110.5,0.0,0.0,0.0,0.0,2
redis,2026-07-11-18-14-11,2,wsl,small,0,2,doc_read_partial,20000,7410.2446,0.26857316,0.230986,0.46470943,0.5988234,0.134205,5.142521,47.58,248.72500000000002,49.065,93.68,0.0,0.0,0.0,0.0,2
redis,2026-07-11-18-14-11,2,wsl,small,0,2,doc_update_partial,20000,6695.5396,0.29723075,0.258535,0.513264,0.65629435,0.152301,11.588528,55.92,121.67,48.715,76.38,0.0,0.0,0.0,0.0,2
redis,2026-07-11-18-14-11,2,wsl,small,0,2,mix_10W_90R,20000,9369.6455,0.2131833,0.185124,0.37622663,0.48559654,0.104416996,1.02801,53.64125,181.66,46.97875,109.5,0.09999999999999432,0.0,0.0,0.0,8
redis,2026-07-11-18-14-11,2,wsl,small,0,2,mix_50W_50R,40000,8912.694,0.22329594,0.19415599,0.3935585,0.5114102,0.077663,1.472539,53.64125,181.66,46.97875,109.5,0.09999999999999432,0.0,0.0,0.0,8
redis,2026-07-11-18-14-11,2,wsl,small,0,2,mix_90W_10R,20000,8212.907,0.241777,0.211117,0.4241225,0.5484857,0.115438,1.715116,53.64125,181.66,46.97875,109.5,0.09999999999999432,0.0,0.0,0.0,8
redis,2026-07-11-18-14-11,2,wsl,small,0,2,queue,40000,8939.332,0.22336704,0.196939,0.38544017,0.4950771,0.111911,1.209907,53.88333333333333,123.66666666666667,48.27,95.01333333333332,0.0,0.0,0.0,0.0,3
redis,2026-07-11-18-14-11,2,wsl,small,0,4,doc_delete,40000,11446.648,0.34321335,0.322388,0.5757169,0.74883014,0.145087,11.199172,47.953333333333326,521.58,47.923333333333325,204.70000000000002,0.09999999999999432,0.0,0.0,0.0,3
redis,2026-07-11-18-14-11,2,wsl,small,0,4,doc_increment,40000,9904.45,0.3941711,0.3715055,0.6504675,0.81328785,0.160838,7.274995,53.68333333333333,324.7966666666667,47.593333333333334,167.9,0.0,0.0,0.0,0.0,3
redis,2026-07-11-18-14-11,2,wsl,small,0,4,doc_insert,40000,10679.952,0.37221822,0.349212,0.61746466,0.78396815,0.159786,12.702262,49.330000000000005,344.66333333333336,47.300000000000004,135.84666666666666,0.0,0.0,0.0,0.0,3
redis,2026-07-11-18-14-11,2,wsl,small,0,4,doc_read,40000,11691.765,0.33859283,0.31891102,0.56017804,0.7184959,0.114546,6.233754,36.593333333333334,401.1666666666667,48.45666666666667,159.29999999999998,0.0,0.0,0.0,0.0,3
redis,2026-07-11-18-14-11,2,wsl,small,0,4,doc_read_partial,40000,11760.138,0.3367786,0.318122,0.55748147,0.7088127,0.1266,8.747705,39.74,485.6366666666666,48.21333333333333,171.83333333333334,0.0,0.0,0.0,0.0,3
redis,2026-07-11-18-14-11,2,wsl,small,0,4,doc_update_partial,40000,10031.184,0.38351244,0.358407,0.6299464,0.80998516,0.119435996,15.274254,61.699999999999996,382.16,47.95666666666667,173.66666666666666,0.0,0.0,0.0,0.0,3
redis,2026-07-11-18-14-11,2,wsl,small,0,4,mix_10W_90R,40000,15313.655,0.26027018,0.241908,0.45261762,0.5963993,0.104477,1.697483,79.88555555555556,259.8833333333334,48.69,161.97777777777776,0.0,0.0,0.0,0.0,9
redis,2026-07-11-18-14-11,2,wsl,small,0,4,mix_50W_50R,80000,14473.786,0.27559713,0.25825,0.47161725,0.60942245,0.100619,8.93681,79.88555555555556,259.8833333333334,48.69,161.97777777777776,0.0,0.0,0.0,0.0,9
redis,2026-07-11-18-14-11,2,wsl,small,0,4,mix_90W_10R,40000,13689.538,0.29069215,0.272025,0.49713153,0.63856536,0.119997,1.865079,79.88555555555556,259.8833333333334,48.69,161.97777777777776,0.0,0.0,0.0,0.0,9
redis,2026-07-11-18-14-11,2,wsl,small,0,4,queue,80000,14626.087,0.27250138,0.2557445,0.4666873,0.60226715,0.104867,1.571264,48.214999999999996,315.0325,47.28,176.875,0.0,0.0,0.0,0.0,4
redis,2026-07-11-18-14-11,2,wsl,small,0,8,doc_delete,80000,17244.08,0.4546235,0.44206,0.65282416,0.88151324,0.138223,16.332794,53.615,574.3175,59.364999999999995,255.81,0.0,102.40000000000146,0.0,0.0,4
redis,2026-07-11-18-14-11,2,wsl,small,0,8,doc_increment,80000,16144.621,0.49183467,0.48166198,0.6981649,0.9388531,0.166038,11.515572,58.27,586.885,57.9675,256.425,0.0,0.0,0.0,0.0,4
redis,2026-07-11-18-14-11,2,wsl,small,0,8,doc_insert,80000,16323.473,0.48851943,0.47516048,0.70556056,0.9525197,0.160056,13.299393,53.24,652.43,53.8975,280.35,0.0,0.0,0.0,0.0,4
redis,2026-07-11-18-14-11,2,wsl,small,0,8,doc_read,80000,17862.105,0.44404897,0.43393302,0.6339203,0.86680305,0.164896,9.242304,65.5675,799.2075,59.2475,306.875,0.0,0.0,0.0,0.0,4
redis,2026-07-11-18-14-11,2,wsl,small,0,8,doc_read_partial,80000,17309.725,0.4510772,0.43492848,0.6422558,0.9152862,0.150467,25.315876,60.9225,670.4975,59.34,286.8,0.0,0.0,0.0,0.0,4
redis,2026-07-11-18-14-11,2,wsl,small,0,8,doc_update_partial,80000,15865.909,0.49954736,0.487093,0.7161408,0.96503824,0.16790201,10.159787,63.9875,633.9024999999999,58.3975,280.875,0.09999999999999432,0.0,0.09999999999999964,0.0,4
redis,2026-07-11-18-14-11,2,wsl,small,0,8,mix_10W_90R,80000,19311.336,0.4120998,0.40609598,0.59277415,0.7221025,0.126029,2.159677,86.84071428571428,410.33714285714285,47.19142857142857,296.5857142857143,0.10000000000000853,102.39999999999418,0.09999999999999964,10.239999999999782,14
redis,2026-07-11-18-14-11,2,wsl,small,0,8,mix_50W_50R,160000,19098.182,0.41661265,0.410994,0.5989983,0.7210213,0.101711,10.775568,86.84071428571428,410.33714285714285,47.19142857142857,296.5857142857143,0.10000000000000853,102.39999999999418,0.09999999999999964,10.239999999999782,14
redis,2026-07-11-18-14-11,2,wsl,small,0,8,mix_90W_10R,80000,18515.15,0.4293296,0.4229225,0.6150452,0.72102314,0.156459,9.784488,86.84071428571428,410.33714285714285,47.19142857142857,296.5857142857143,0.10000000000000853,102.39999999999418,0.09999999999999964,10.239999999999782,14
redis,2026-07-11-18-14-11,2,wsl,small,0,8,queue,160000,19918.049,0.39994985,0.39534348,0.58047944,0.70331275,0.106941,8.977143,83.25800000000001,542.5319999999999,52.634,311.93999999999994,0.0,0.0,0.0,10.240000000000009,5
redis,2026-07-11-18-14-11,2,wsl,small,10000,1,delete,10000,5235.9946,0.19098566,0.15411001,0.3470684,0.49595332,0.14157,1.040876,26.5,217.635,11.504999999999999,56.949999999999996,0.0,0.34999999999999964,0.0,0.0,2
redis,2026-07-11-18-14-11,2,wsl,small,10000,1,insert,10000,5319.7197,0.18797982,0.159616,0.31634757,0.4413746,0.139836,2.278098,28.565,301.45000000000005,10.7,40.325,0.0,0.843515625,0.0,0.0,2
redis,2026-07-11-18-14-11,2,wsl,small,10000,1,read,10000,5706.317,0.17524439,0.142472,0.31973308,0.44709343,0.110608995,1.544255,14.865,198.455,11.17,37.254999999999995,0.10000000000000142,0.0,0.0,0.0,2
redis,2026-07-11-18-14-11,2,wsl,small,10000,1,update,10000,5039.06,0.1984497,0.16316801,0.34957054,0.488401,0.093074,1.23413,20.43,277.745,11.48,39.91,0.10000000000000142,1.7,0.0,0.0,2
redis,2026-07-11-18-14-11,2,wsl,small,10000,2,delete,20000,9056.463,0.22059062,0.1935735,0.3774405,0.47643715,0.119366996,8.612802,41.019999999999996,264.38,13.885000000000002,69.295,0.0,0.5,0.0,0.0,2
redis,2026-07-11-18-14-11,2,wsl,small,10000,2,insert,20000,8830.941,0.22570786,0.196118,0.37901884,0.4919255,0.092092,8.8668,35.955,225.41500000000002,13.05,73.63,0.0,2.9400000000000004,0.0,0.0,2
redis,2026-07-11-18-14-11,2,wsl,small,10000,2,read,20000,10080.809,0.19656678,0.170461,0.33683112,0.4457891,0.103605,1.002373,34.589999999999996,279.095,14.245000000000001,73.95,0.0,0.0,0.0,0.0,2
redis,2026-07-11-18-14-11,2,wsl,small,10000,2,update,20000,8295.915,0.24016899,0.21496001,0.41304055,0.52615416,0.10092,4.22274,44.08,130.415,14.27,60.635000000000005,0.0,2.0299999999999994,0.0,0.0,2
redis,2026-07-11-18-14-11,2,wsl,small,10000,4,delete,40000,15120.263,0.26267648,0.24399799,0.46080995,0.58372736,0.117673,9.357849,75.52,266.755,18.9,74.2205,0.10000000000000142,1.0,0.0,0.0,2
redis,2026-07-11-18-14-11,2,wsl,small,10000,4,insert,40000,13916.381,0.28419435,0.2667985,0.47804952,0.62148154,0.109036,2.317226,51.72333333333333,442.7,16.959999999999997,141.06666666666666,0.0,6.199999999999999,0.0,0.0,3
redis,2026-07-11-18-14-11,2,wsl,small,10000,4,read,40000,16886.637,0.23440659,0.2200395,0.4038905,0.52065325,0.085299,2.111312,59.839999999999996,382.17499999999995,18.895,140.85,0.0,0.0,0.0,0.0,2
redis,2026-07-11-18-14-11,2,wsl,small,10000,4,update,40000,13812.297,0.28250673,0.2651925,0.4764956,0.6147786,0.125849,9.079742,81.75999999999999,250.84999999999997,19.105,141.1,0.0,4.700000000000003,0.0,0.0,2
redis,2026-07-11-18-14-11,2,wsl,small,10000,8,delete,80000,19174.078,0.40784547,0.399425,0.58483815,0.69430614,0.11095,15.108693,74.06333333333333,565.97,27.8,187.81333333333336,0.0,2.6000000000000085,0.0,0.0,3
redis,2026-07-11-18-14-11,2,wsl,small,10000,8,insert,80000,19730.365,0.40233397,0.3936315,0.58742696,0.7211632,0.099697,14.987661,75.15666666666667,531.4133333333333,22.933333333333334,212.05999999999997,0.0,12.599999999999998,0.0,0.0,3
redis,2026-07-11-18-14-11,2,wsl,small,10000,8,read,80000,22655.783,0.34949058,0.34759,0.5063377,0.59336543,0.100088,6.16461,59.61333333333334,614.9066666666666,27.626666666666665,175.60766666666666,0.0,0.0,0.1299999999999999,1.4658984375,3
redis,2026-07-11-18-14-11,2,wsl,small,10000,8,update,80000,18840.074,0.42247745,0.41060197,0.6302504,0.8253154,0.107112,12.636361,93.41333333333334,580.9766666666666,27.69666666666667,191.14000000000001,0.0,24.0,0.0,0.0,3
redis,2026-07-11-18-14-11,2,wsl,small,100000,1,delete,100000,5390.0737,0.1855262,0.154876,0.32506305,0.46584317,0.099718004,1.186359,40.198,63.791999999999994,29.816000000000003,40.271,0.10000000000000142,3.0,0.0,2.1000000000000014,10
redis,2026-07-11-18-14-11,2,wsl,small,100000,1,insert,100000,5050.1187,0.19801515,0.163654,0.3504016,0.4958291,0.13135,13.733915,38.598181818181814,85.6509090909091,27.138181818181817,38.076454545454546,0.10000000000000142,25.900000000000006,0.0,3.3100000000000005,11
redis,2026-07-11-18-14-11,2,wsl,small,100000,1,read,100000,5791.9136,0.17265451,0.145748,0.2965094,0.4218053,0.089708,4.235964,36.955555555555556,68.80000000000001,31.97222222222222,41.23444444444445,0.0,0.0,0.0,4.91,9
redis,2026-07-11-18-14-11,2,wsl,small,100000,1,update,100000,5092.592,0.19636367,0.161972,0.35258654,0.49410978,0.133004,2.930074,35.97272727272727,90.99181818181818,31.844545454545457,41.61363636363637,0.09999999999999432,31.799999999999997,0.0,4.1,11
redis,2026-07-11-18-14-11,2,wsl,small,100000,2,delete,200000,8697.802,0.22950906,0.202607,0.3955394,0.5056014,0.095229,19.089682,59.9376923076923,177.2246153846154,48.473076923076924,80.40384615384616,0.10000000000000142,29.0,0.0,4.100000000000001,13
redis,2026-07-11-18-14-11,2,wsl,small,100000,2,insert,200000,8304.511,0.2395053,0.2108655,0.41004243,0.5260912,0.118434,15.183171,65.23076923076923,139.86307692307693,34.956153846153846,72.52230769230769,0.10000000000000142,59.0,0.0,0.0,13
redis,2026-07-11-18-14-11,2,wsl,small,100000,2,read,200000,9926.488,0.20075473,0.174726,0.3465865,0.45058715,0.087413,3.991467,64.99818181818182,134.27818181818182,54.73727272727273,72.63727272727273,0.0,30.0,0.0,4.100000000000001,11
redis,2026-07-11-18-14-11,2,wsl,small,100000,2,update,200000,8373.014,0.23856269,0.211358,0.41123015,0.5211319,0.118024,8.959422,60.51923076923077,137.67384615384614,54.646153846153844,71.85615384615384,0.10000000000000142,34.0,0.0,4.099999999999998,13
redis,2026-07-11-18-14-11,2,wsl,small,100000,4,delete,400000,14818.626,0.2681262,0.249929,0.46353105,0.599839,0.097733,20.33119,88.99928571428572,224.17928571428573,85.575,143.22142857142856,0.10000000000000142,35.0,0.0,8.199999999999996,14
redis,2026-07-11-18-14-11,2,wsl,small,100000,4,insert,400000,13494.101,0.29477665,0.275625,0.5029998,0.63989204,0.116128996,20.787195,82.74249999999999,254.2425,59.563125,140.0875,0.09999999999999432,104.0,0.0,4.200000000000003,16
redis,2026-07-11-18-14-11,2,wsl,small,100000,4,read,400000,16386.105,0.24081935,0.225897,0.4181722,0.5332451,0.089457,1.584095,81.9176923076923,244.9976923076923,99.69692307692307,132.29607692307692,0.0,0.0,0.0,8.199999999999996,13
redis,2026-07-11-18-14-11,2,wsl,small,100000,4,update,400000,13515.772,0.29373854,0.27634948,0.49970707,0.6331862,0.115127,13.159707,86.57062499999999,237.654375,100.3275,141.75,0.20000000000000284,188.0,0.0,8.200000000000003,16
redis,2026-07-11-18-14-11,2,wsl,small,100000,8,delete,800000,18774.176,0.42509297,0.416763,0.609977,0.747738,0.112242,6.439116,93.1317391304348,377.0104347826087,140.42391304347825,269.97913043478263,0.20000000000000284,30.7199999999998,0.0,18.0,23
redis,2026-07-11-18-14-11,2,wsl,small,100000,8,insert,800000,18420.05,0.43211788,0.424088,0.62066203,0.7534621,0.129286,21.67685,105.1182608695652,413.23869565217393,105.22173913043478,272.74782608695654,0.10000000000000142,251.0,0.1299999999999999,21.0,23
redis,2026-07-11-18-14-11,2,wsl,small,100000,8,read,800000,21105.033,0.37658525,0.373617,0.54332405,0.6537251,0.104196,9.160671,103.9055,416.75600000000003,190.125,265.569,0.09999999999999432,120.0,0.0,18.200000000000003,20
redis,2026-07-11-18-14-11,2,wsl,small,100000,8,update,800000,18282.059,0.43486738,0.426452,0.63165903,0.78741586,0.117272,26.045034,114.08869565217391,416.35565217391303,192.4608695652174,275.2913043478261,0.10000000000000142,374.9200000000001,0.0,16.0,23
redis,2026-07-11-18-14-11,2,wsl,small,1000000,1,delete,1000000,5398.158,0.18524837,0.154112,0.326777,0.4666141,0.086219996,9.866619,43.81521276595745,63.560531914893616,150.52872340425532,47.75063829787234,0.8000000000000043,215.03999999999996,0.0,20.0,94
redis,2026-07-11-18-14-11,2,wsl,small,1000000,1,insert,1000000,5096.157,0.1962263,0.162301,0.347904,0.49519014,0.12639,20.343468,43.28287128712871,66.42168316831683,126.1320792079208,46.400396039603955,0.8999999999999986,532.48,0.0,21.0,101
redis,2026-07-11-18-14-11,2,wsl,small,1000000,1,read,1000000,5913.8574,0.16909437,0.143294,0.29333,0.41837236,0.102563,4.548848,39.31174418604651,68.24000000000001,233.35813953488372,46.64488372093023,0.0,81.92000000000007,0.0,20.0,86
redis,2026-07-11-18-14-11,2,wsl,small,1000000,1,update,1000000,5069.5684,0.19725546,0.163113,0.3521964,0.49879658,0.091771,26.031216,47.407745098039214,67.97225490196078,233.55686274509804,47.67205882352941,0.7999999999999972,942.0799999999999,0.0,20.0,102
redis,2026-07-11-18-14-11,2,wsl,small,1000000,2,delete,2000000,8806.455,0.22692247,0.19969401,0.391891,0.5051661,0.097313,18.141058,72.44991379310345,120.08327586206896,283.27491379310345,86.25241379310346,0.8999999999999986,645.1199999999999,0.0,43.0,116
redis,2026-07-11-18-14-11,2,wsl,small,1000000,2,insert,2000000,8195.11,0.24400282,0.215125,0.422154,0.541672,0.095458,25.075031,74.0988,119.628,241.07864,82.63464,1.1999999999999957,1464.3200000000002,0.0,40.0,125
redis,2026-07-11-18-14-11,2,wsl,small,1000000,2,read,2000000,9960.111,0.20051372,0.174586,0.34532908,0.44841507,0.080539,19.100847,64.99764705882353,126.36764705882354,456.871568627451,83.04039215686275,0.0,307.1999999999998,0.0,44.0,102
redis,2026-07-11-18-14-11,2,wsl,small,1000000,2,update,2000000,8267.452,0.24189812,0.214153,0.41852707,0.535477,0.105138004,32.55319,78.20888000000001,124.06136000000001,458.19120000000004,84.62928,1.0,1894.3999999999996,0.0,38.0,125
redis,2026-07-11-18-14-11,2,wsl,small,1000000,4,delete,4000000,14540.114,0.27449468,0.255866,0.47326306,0.6128861,0.095117,36.233696,101.968,222.07814285714284,541.4487428571429,159.2732142857143,1.1000000000000014,1433.6000000000004,0.0,82.0,140
redis,2026-07-11-18-14-11,2,wsl,small,1000000,4,insert,4000000,13208.0,0.30063263,0.282337,0.507287,0.646888,0.10668,49.11231,104.45705128205128,229.83057692307693,474.7275,153.11121794871795,1.3000000000000043,2938.880000000001,0.0,80.0,156
redis,2026-07-11-18-14-11,2,wsl,small,1000000,4,read,4000000,16509.17,0.24122415,0.226007,0.41780105,0.53632504,0.071552,35.024837,93.13626016260163,232.0688617886179,902.910569105691,154.3009756097561,0.0,614.3999999999996,0.0,85.0,123
redis,2026-07-11-18-14-11,2,wsl,small,1000000,4,update,4000000,13373.577,0.29805347,0.280897,0.503662,0.6413541,0.103435,53.0519,112.80266233766234,232.38409090909093,911.3974025974027,156.53181818181818,1.3999999999999986,3788.7999999999993,0.0,77.0,154
redis,2026-07-11-18-14-11,2,wsl,small,1000000,8,delete,8000000,18320.996,0.4358737,0.426194,0.629776,0.772578,0.100569,73.57772,125.79140271493213,342.0099095022625,1079.4233031674207,305.4964705882353,1.8999999999999915,3891.2000000000007,0.29999999999999893,163.84000000000015,221
redis,2026-07-11-18-14-11,2,wsl,small,1000000,8,insert,8000000,17975.39,0.44249117,0.434138,0.6397,0.790505,0.104597,61.56582,128.4659649122807,385.99096491228073,939.0668947368422,292.7447368421053,1.8999999999999986,5632.0,0.03999999999999915,164.0,228
redis,2026-07-11-18-14-11,2,wsl,small,1000000,8,read,8000000,21083.127,0.37810555,0.375503,0.545889,0.657469,0.09348,73.78876,109.97520833333334,382.35520833333334,1792.848,294.19166666666666,0.5,1228.7999999999993,0.07000000000000028,185.72000000000003,192
redis,2026-07-11-18-14-11,2,wsl,small,1000000,8,update,8000000,17670.832,0.45120582,0.442826,0.657954,0.808734,0.112838,127.753334,151.4519396551724,388.6247844827586,1844.1622068965517,297.2865086206897,9.900000000000006,8806.400000000001,5.77,163.83999999999992,232
redis,2026-07-11-20-00-57,4,wsl,medium,0,1,doc_delete,10000,4370.8154,0.22879025,0.1798755,0.44562203,0.60106516,0.15193,4.466034,25.215000000000003,189.41,76.025,66.005,0.0,0.0,0.0,0.0,2
redis,2026-07-11-20-00-57,4,wsl,medium,0,1,doc_increment,10000,3846.6523,0.2599663,0.2098195,0.48620293,0.6790755,0.168783,10.964638,24.47,182.26,76.33,76.025,0.0,0.0,0.0,0.0,2
redis,2026-07-11-20-00-57,4,wsl,medium,0,1,doc_insert,10000,3486.2327,0.28684258,0.24077201,0.50537217,0.7170555,0.199004,20.434181,29.17,186.84,107.95,76.195,1.0,102.39999999999418,0.0,0.0,2
redis,2026-07-11-20-00-57,4,wsl,medium,0,1,doc_read,10000,3969.0522,0.2519493,0.196369,0.48836336,0.64980227,0.17496601,5.026864,30.435,177.465,107.55,50.47,0.0,0.0,0.0,0.0,2
redis,2026-07-11-20-00-57,4,wsl,medium,0,1,doc_read_partial,10000,4205.833,0.23776504,0.194375,0.434444,0.62106293,0.169045,4.452218,26.29,183.87,76.86,75.955,0.0,0.0,0.0,0.0,2
redis,2026-07-11-20-00-57,4,wsl,medium,0,1,doc_update_partial,10000,3591.219,0.278457,0.2405355,0.4857829,0.6609488,0.189534,11.476982,32.99,68.765,76.72,51.15,0.0,0.0,0.0,0.0,2
redis,2026-07-11-20-00-57,4,wsl,medium,0,1,mix_10W_90R,10000,4937.9136,0.2025147,0.16103399,0.37336707,0.48326015,0.122813,4.663849,41.78285714285715,99.78285714285714,117.17142857142858,76.63285714285715,0.0,102.40000000000873,0.0,0.0,7
redis,2026-07-11-20-00-57,4,wsl,medium,0,1,mix_50W_50R,20000,4556.892,0.21944782,0.1798615,0.42447156,0.56169546,0.135728,1.873891,41.78285714285715,99.78285714285714,117.17142857142858,76.63285714285715,0.0,102.40000000000873,0.0,0.0,7
redis,2026-07-11-20-00-57,4,wsl,medium,0,1,mix_90W_10R,10000,4379.126,0.22835605,0.1821355,0.44922104,0.5909613,0.132592,1.098207,41.78285714285715,99.78285714285714,117.17142857142858,76.63285714285715,0.0,102.40000000000873,0.0,0.0,7
redis,2026-07-11-20-00-57,4,wsl,medium,0,1,queue,20000,4871.6646,0.20526865,0.167561,0.39090788,0.54084164,0.126791,11.733405,34.95333333333333,70.84333333333333,103.06666666666666,64.07000000000001,0.0,0.0,0.0,0.0,3
redis,2026-07-11-20-00-57,4,wsl,medium,0,2,doc_delete,20000,7362.779,0.26900008,0.2330915,0.46782708,0.61399,0.142653,11.179641,51.72,116.82499999999999,78.545,79.64500000000001,0.0,0.0,0.0,0.0,2
redis,2026-07-11-20-00-57,4,wsl,medium,0,2,doc_increment,20000,6714.8774,0.29500908,0.2513635,0.51323485,0.6702991,0.159406,11.203177,57.37,132.7,78.795,127.65,0.0,0.0,0.0,0.0,2
redis,2026-07-11-20-00-57,4,wsl,medium,0,2,doc_insert,20000,5858.4697,0.33931148,0.2950795,0.58729935,0.75448114,0.163694,11.093338,58.035,135.13,151.05,127.8,0.0,0.0,0.0,0.0,2
redis,2026-07-11-20-00-57,4,wsl,medium,0,2,doc_read,20000,7286.314,0.27421162,0.2291835,0.47501096,0.62850153,0.147312,5.801402,52.975,260.3,117.035,127.60000000000001,0.0,0.0,0.0,0.0,2
redis,2026-07-11-20-00-57,4,wsl,medium,0,2,doc_read_partial,20000,7548.917,0.26492214,0.21776599,0.4618845,0.60238755,0.14251201,5.593832,51.050000000000004,134.8,83.595,87.875,0.0,0.0,0.0,0.0,2
redis,2026-07-11-20-00-57,4,wsl,medium,0,2,doc_update_partial,20000,5662.9194,0.34974962,0.3076985,0.60851556,0.78839713,0.16182,11.528791,31.30666666666667,293.26666666666665,82.58,117.88,0.0,102.40000000000873,0.0,0.0,3
redis,2026-07-11-20-00-57,4,wsl,medium,0,2,mix_10W_90R,20000,8908.364,0.22165945,0.194821,0.39261466,0.51038146,0.110429,1.027068,62.32625,150.23375,107.80125,115.97,0.0,204.8000000000029,0.0,0.0,8
redis,2026-07-11-20-00-57,4,wsl,medium,0,2,mix_50W_50R,40000,8224.0,0.24245834,0.212139,0.43267086,0.5614623,0.109576,8.72084,62.32625,150.23375,107.80125,115.97,0.0,204.8000000000029,0.0,0.0,8
redis,2026-07-11-20-00-57,4,wsl,medium,0,2,mix_90W_10R,20000,7536.9443,0.26361552,0.22703901,0.47415045,0.6038951,0.115008,1.546958,62.32625,150.23375,107.80125,115.97,0.0,204.8000000000029,0.0,0.0,8
redis,2026-07-11-20-00-57,4,wsl,medium,0,2,queue,40000,8526.58,0.23356043,0.207746,0.4179209,0.54394,0.103866,9.137512,39.85,255.115,150.425,126.675,0.0,102.39999999999418,0.0,0.0,4
redis,2026-07-11-20-00-57,4,wsl,medium,0,4,doc_delete,40000,12237.656,0.3236857,0.302539,0.53948087,0.70342237,0.138694,21.173672,35.82333333333333,411.5566666666667,95.48333333333333,198.96666666666667,0.0,0.0,0.0,0.0,3
redis,2026-07-11-20-00-57,4,wsl,medium,0,4,doc_increment,40000,9664.158,0.40459868,0.3816355,0.66883016,0.84947276,0.162743,11.760964,55.39333333333334,376.32,96.62,161.69333333333336,0.0,0.0,0.0,0.0,3
redis,2026-07-11-20-00-57,4,wsl,medium,0,4,doc_insert,40000,8445.0625,0.46156383,0.43445653,0.7452245,0.92467624,0.13663,6.948268,57.715,446.3075,188.97500000000002,230.375,0.0,204.8000000000029,0.0,10.240000000000009,4
redis,2026-07-11-20-00-57,4,wsl,medium,0,4,doc_read,40000,10662.211,0.37233633,0.351866,0.6187537,0.7991659,0.120409,7.1459,49.57333333333333,418.33666666666664,126.11000000000001,181.34666666666666,0.0,0.0,0.0,0.0,3
redis,2026-07-11-20-00-57,4,wsl,medium,0,4,doc_read_partial,40000,10877.99,0.36084014,0.33946502,0.60296106,0.7907341,0.154887,16.18744,47.123333333333335,441.0233333333333,95.37,183.41666666666666,0.0,0.0,0.0,0.0,3
redis,2026-07-11-20-00-57,4,wsl,medium,0,4,doc_update_partial,40000,8415.518,0.4612504,0.428137,0.73671496,0.91427785,0.185527,22.53444,54.925,457.54249999999996,95.8475,229.925,0.0,102.39999999999418,0.0,0.0,4
redis,2026-07-11-20-00-57,4,wsl,medium,0,4,mix_10W_90R,40000,13708.822,0.28845102,0.26909602,0.499665,0.6489172,0.105499,12.980664,78.20636363636363,297.1909090909091,145.65,229.11818181818182,0.0,409.59999999999127,0.0,0.0,11
redis,2026-07-11-20-00-57,4,wsl,medium,0,4,mix_50W_50R,80000,12729.398,0.31261268,0.293006,0.53541315,0.68816453,0.117994,9.472816,78.20636363636363,297.1909090909091,145.65,229.11818181818182,0.0,409.59999999999127,0.0,0.0,11
redis,2026-07-11-20-00-57,4,wsl,medium,0,4,mix_90W_10R,40000,11304.96,0.34993818,0.32529652,0.598656,0.7572086,0.134015,2.536381,78.20636363636363,297.1909090909091,145.65,229.11818181818182,0.0,409.59999999999127,0.0,0.0,11
redis,2026-07-11-20-00-57,4,wsl,medium,0,4,queue,80000,12878.792,0.3089244,0.2869805,0.5335901,0.6891268,0.118765004,9.002717,77.3875,328.0925,196.65,228.725,0.0,204.8000000000029,0.0,0.0,4
redis,2026-07-11-20-00-57,4,wsl,medium,0,8,doc_delete,80000,16445.262,0.47893432,0.462917,0.70415795,0.93824077,0.14643,16.867123,114.5025,478.4925,142.2,279.8475,1.0,204.8000000000029,0.0,0.0,4
redis,2026-07-11-20-00-57,4,wsl,medium,0,8,doc_increment,80000,15876.375,0.5012462,0.4867785,0.7212024,0.98897123,0.15866199,20.944494,88.25,703.295,140.45,381.625,0.0,204.79999999998836,0.0,0.0,4
redis,2026-07-11-20-00-57,4,wsl,medium,0,8,doc_insert,80000,13859.075,0.5692063,0.5415545,0.83420515,1.1714491,0.190948,23.437754,77.1775,650.01,188.75,407.85,0.0,307.1999999999971,0.0,0.0,4
redis,2026-07-11-20-00-57,4,wsl,medium,0,8,doc_read,80000,14616.898,0.54391897,0.5331505,0.7883652,0.9959339,0.153914,15.756859,66.565,606.3425,147.2,313.005,0.0,0.0,0.0,0.0,4
redis,2026-07-11-20-00-57,4,wsl,medium,0,8,doc_read_partial,80000,14266.2295,0.54914933,0.53343,0.79230434,1.0429779,0.158243,18.754436,74.7375,538.125,131.875,357.5,0.0,0.0,0.0,10.240000000000009,4
redis,2026-07-11-20-00-57,4,wsl,medium,0,8,doc_update_partial,80000,13367.202,0.5856741,0.562939,0.84824,1.1620541,0.196266,24.431227,76.71,650.9875000000001,138.625,332.7075,0.0,307.20000000001164,0.0,0.0,4
redis,2026-07-11-20-00-57,4,wsl,medium,0,8,mix_10W_90R,80000,16713.629,0.47600108,0.4657695,0.6878071,0.8461372,0.124216,4.303392,94.745625,417.168125,220.65437500000002,409.725,0.0,819.2000000000116,0.0,10.240000000000009,16
redis,2026-07-11-20-00-57,4,wsl,medium,0,8,mix_50W_50R,160000,16528.674,0.4808043,0.4687565,0.6881181,0.84231937,0.110639,18.217077,94.745625,417.168125,220.65437500000002,409.725,0.0,819.2000000000116,0.0,10.240000000000009,16
redis,2026-07-11-20-00-57,4,wsl,medium,0,8,mix_90W_10R,80000,15097.624,0.52617234,0.513215,0.7587376,0.965117,0.196298,15.570142,94.745625,417.168125,220.65437500000002,409.725,0.0,819.2000000000116,0.0,10.240000000000009,16
redis,2026-07-11-20-00-57,4,wsl,medium,0,8,queue,160000,16278.254,0.48815802,0.476283,0.7118155,0.9134998,0.109537,20.697718,75.0942857142857,606.0871428571428,283.5285714285714,414.42857142857144,0.0,409.59999999999127,0.0,0.0,7
redis,2026-07-11-20-00-57,4,wsl,medium,10000,1,delete,10000,5415.524,0.18465434,0.1530985,0.32160014,0.47489083,0.140769,9.063513,18.315,197.27999999999997,93.22,79.11500000000001,0.0,0.0,0.0,0.0,2
redis,2026-07-11-20-00-57,4,wsl,medium,10000,1,insert,10000,4543.142,0.22011197,0.182913,0.40141624,0.5533974,0.157572,1.58977,27.259999999999998,185.535,94.27000000000001,69.88,0.0,102.40000000000146,0.0,0.0,2
redis,2026-07-11-20-00-57,4,wsl,medium,10000,1,read,10000,5613.1724,0.17815237,0.149106,0.315099,0.43935853,0.117122,1.427349,19.16,188.725,105.08000000000001,75.08500000000001,0.0,0.0,0.0,0.0,2
redis,2026-07-11-20-00-57,4,wsl,medium,10000,1,update,10000,4218.784,0.23703511,0.183619,0.45499244,0.595519,0.152091,9.114715,29.685000000000002,183.67,97.62,64.735,0.0,0.0,0.0,0.0,2
redis,2026-07-11-20-00-57,4,wsl,medium,10000,2,delete,20000,8436.155,0.23187745,0.20529851,0.40355322,0.5228315,0.112252,14.927779,46.195,162.87,136.7,123.2,0.0,0.0,0.0,0.0,2
redis,2026-07-11-20-00-57,4,wsl,medium,10000,2,insert,20000,7230.9224,0.27551177,0.235837,0.482257,0.6197945,0.13280301,31.59398,56.480000000000004,252.52,114.69,141.35,0.0,102.40000000000146,0.0,10.240000000000009,2
redis,2026-07-11-20-00-57,4,wsl,medium,10000,2,read,20000,9956.651,0.19982739,0.161851,0.35647523,0.4671465,0.085599996,2.657887,36.95,256.28,145.89999999999998,109.8,0.0,0.0,0.0,0.0,2
redis,2026-07-11-20-00-57,4,wsl,medium,10000,2,update,20000,7841.0747,0.25265747,0.2145405,0.45251706,0.58436716,0.132543,2.250761,54.685,249.95999999999998,147.25,133.39999999999998,0.0,102.39999999999418,0.0,0.0,2
redis,2026-07-11-20-00-57,4,wsl,medium,10000,4,delete,40000,14449.302,0.27032745,0.250655,0.46999335,0.615158,0.123064,4.572604,79.14500000000001,249.455,210.45,157.135,0.0,0.0,0.0,0.0,2
redis,2026-07-11-20-00-57,4,wsl,medium,10000,4,insert,40000,10933.245,0.3579464,0.31383753,0.5858068,0.75487053,0.11597,69.42853,65.69333333333333,392.6333333333334,183.4333333333333,194.96666666666667,0.0,204.8000000000029,0.0,0.0,3
redis,2026-07-11-20-00-57,4,wsl,medium,10000,4,read,40000,15407.405,0.25754273,0.2417585,0.44132358,0.5804095,0.102121,1.113969,63.485,465.655,246.35,242.5,0.0,0.0,0.0,0.0,2
redis,2026-07-11-20-00-57,4,wsl,medium,10000,4,update,40000,9258.355,0.42789727,0.3336215,0.60752755,0.7685669,0.139415,320.0853,99.34999999999998,343.05333333333334,272.6333333333333,185.98666666666668,1.0,307.1999999999971,0.0,0.0,3
redis,2026-07-11-20-00-57,4,wsl,medium,10000,8,delete,80000,18245.826,0.43644634,0.424802,0.63462704,0.82175416,0.146962,11.988532,94.9225,455.6475,377.675,305.4525,0.0,204.79999999999563,0.0,0.0,4
redis,2026-07-11-20-00-57,4,wsl,medium,10000,8,insert,80000,15433.687,0.51179856,0.487965,0.7921823,1.0390697,0.117162,24.464409,110.7825,584.765,317.325,374.25,0.0,716.8000000000029,0.0,0.0,4
redis,2026-07-11-20-00-57,4,wsl,medium,10000,8,read,80000,17305.715,0.4562956,0.446173,0.6462163,0.79764575,0.092142,18.993866,76.265,688.625,444.075,395.65,0.0,0.0,0.0,10.240000000000009,4
redis,2026-07-11-20-00-57,4,wsl,medium,10000,8,update,80000,16382.29,0.485194,0.4738465,0.7000874,0.88575965,0.129426,35.48098,76.3825,500.8675,447.6,298.6875,0.0,409.59999999999854,0.0,0.0,4
redis,2026-07-11-20-00-57,4,wsl,medium,100000,1,delete,100000,5459.954,0.18315172,0.152713,0.32301623,0.46201125,0.122163,3.000309,39.745999999999995,67.014,379.78000000000003,88.71000000000001,1.0,0.0,0.0,0.0,10
redis,2026-07-11-20-00-57,4,wsl,medium,100000,1,insert,100000,4418.714,0.22631018,0.185067,0.415145,0.57055116,0.14631,36.8617,49.59615384615385,86.15461538461538,343.37692307692305,89.80846153846154,0.0,716.8000000000029,0.0,0.0,13
redis,2026-07-11-20-00-57,4,wsl,medium,100000,1,read,100000,5558.034,0.17991972,0.149717,0.3198469,0.4426793,0.114827,26.420065,55.31,92.362,539.64,86.3,0.0,409.59999999999854,0.0,10.240000000000009,10
redis,2026-07-11-20-00-57,4,wsl,medium,100000,1,update,100000,4401.2876,0.22720625,0.184576,0.4130857,0.5646536,0.143133,31.772388,47.37538461538462,104.10384615384615,540.4692307692308,89.80615384615385,0.0,921.5999999999985,0.0,0.0,13
redis,2026-07-11-20-00-57,4,wsl,medium,100000,2,delete,200000,8693.749,0.22987969,0.201469,0.39722514,0.5148896,0.117172,2.360788,67.245,122.09166666666665,677.493,140.54999999999998,0.0,0.0,0.0,10.240000000000009,12
redis,2026-07-11-20-00-57,4,wsl,medium,100000,2,insert,200000,7134.757,0.27969825,0.249485,0.48709437,0.62712926,0.112563,34.325634,80.538125,155.131875,580.3215,140.90625,0.0,1638.4000000000015,0.0,0.0,16
redis,2026-07-11-20-00-57,4,wsl,medium,100000,2,read,200000,9947.745,0.20082578,0.16624899,0.36209938,0.47122023,0.080961,1.806123,68.31181818181818,147.8063636363636,1029.5854545454545,133.6727272727273,0.0,0.0,0.0,10.240000000000009,11
redis,2026-07-11-20-00-57,4,wsl,medium,100000,2,update,200000,7030.075,0.2832036,0.2519975,0.495111,0.6357982,0.089488,54.3465,94.79375,149.634375,1057.344,138.48375,0.0,2560.0,0.0,0.0,16
redis,2026-07-11-20-00-57,4,wsl,medium,100000,4,delete,400000,13739.342,0.28928852,0.2652395,0.49100405,0.65042114,0.101471,86.52113,142.5025,277.57,1319.5265,250.4875,1.0,2457.5999999999985,0.0,0.0,16
redis,2026-07-11-20-00-57,4,wsl,medium,100000,4,insert,400000,10826.255,0.36589742,0.338655,0.62055016,0.7988385,0.116451,74.11968,116.8545,256.71,1087.1198,232.07750000000001,0.0,3481.5999999999985,0.0,10.240000000000009,20
redis,2026-07-11-20-00-57,4,wsl,medium,100000,4,read,400000,14679.588,0.270524,0.253383,0.46013334,0.612634,0.098966,1.559574,131.56933333333333,256.6673333333334,2022.8096,242.13333333333333,0.0,1433.5999999999985,0.0,0.0,15
redis,2026-07-11-20-00-57,4,wsl,medium,100000,4,update,400000,11498.257,0.342695,0.3198415,0.5815735,0.73158014,0.096512,96.593124,85.38736842105263,249.54105263157894,2024.3402105263158,233.87842105263155,0.0,1843.2000000000044,0.0,10.240000000000009,19
redis,2026-07-11-20-00-57,4,wsl,medium,100000,8,delete,800000,17564.629,0.45345438,0.440817,0.66178703,0.86437523,0.114667,10.717922,153.82041666666666,353.56333333333333,2646.9685,404.70250000000004,0.0,3174.399999999994,0.7000000000000028,20.480000000000018,24
redis,2026-07-11-20-00-57,4,wsl,medium,100000,8,insert,800000,14673.648,0.5439541,0.523159,0.8144523,1.0678102,0.119247004,116.69256,135.485,424.47666666666663,2165.5052,429.29,10.0,5939.200000000004,4.0,30.720000000000027,30
redis,2026-07-11-20-00-57,4,wsl,medium,100000,8,read,800000,16606.605,0.48044297,0.47190648,0.689616,0.8394944,0.10137,7.382231,130.21307692307693,381.1596153846154,4019.3181538461536,417.4115384615385,0.0,2048.0,4.100000000000001,10.240000000000009,26
redis,2026-07-11-20-00-57,4,wsl,medium,100000,8,update,800000,13869.935,0.57344383,0.549441,0.88503814,1.106042,0.139454,165.65416,151.89612903225805,391.6125806451613,4412.449032258065,410.8574193548387,20.0,6860.799999999996,0.0,20.480000000000018,31
redis,2026-07-11-20-00-57,4,wsl,small,0,1,doc_delete,10000,4680.045,0.21367314,0.179315,0.37204105,0.5247515,0.106281,12.113574,21.725,188.705,54.54,87.755,0.0,0.0,0.0,0.0,2
redis,2026-07-11-20-00-57,4,wsl,small,0,1,doc_increment,10000,4045.5398,0.2471858,0.20080301,0.45512447,0.655053,0.129166,11.424702,24.895,186.52999999999997,54.965,71.945,0.0,0.0,0.0,0.0,2
redis,2026-07-11-20-00-57,4,wsl,small,0,1,doc_insert,10000,4063.0222,0.24612221,0.19491199,0.47025844,0.6719626,0.121591,26.758139,23.625,71.955,59.55,67.41,0.0,0.0,0.0,0.0,2
redis,2026-07-11-20-00-57,4,wsl,small,0,1,doc_read,10000,4431.3237,0.22566621,0.1840955,0.412394,0.58313775,0.157442,4.885271,20.915,186.535,57.14,64.895,0.0,0.0,0.0,0.0,2
redis,2026-07-11-20-00-57,4,wsl,small,0,1,doc_read_partial,10000,4588.6313,0.21792991,0.18159,0.38811955,0.54134434,0.133374,4.99169,19.955,185.375,54.91,63.095,0.0,0.0,0.0,0.0,2
redis,2026-07-11-20-00-57,4,wsl,small,0,1,doc_update_partial,10000,4131.727,0.24202955,0.193574,0.4650381,0.66143894,0.119737,11.051749,26.97,178.305,55.150000000000006,56.665000000000006,0.0,0.0,0.0,0.0,2
redis,2026-07-11-20-00-57,4,wsl,small,0,1,mix_10W_90R,10000,5680.807,0.17603132,0.146711,0.30809784,0.43115348,0.109167,0.980279,38.15833333333333,102.01166666666667,78.36833333333333,72.03500000000001,0.0,0.0,0.0,0.0,6
redis,2026-07-11-20-00-57,4,wsl,small,0,1,mix_50W_50R,20000,5417.424,0.1845896,0.159576,0.3302365,0.45722097,0.113134,1.864863,38.15833333333333,102.01166666666667,78.36833333333333,72.03500000000001,0.0,0.0,0.0,0.0,6
redis,2026-07-11-20-00-57,4,wsl,small,0,1,mix_90W_10R,10000,5209.2554,0.19196601,0.16117951,0.33311784,0.49297073,0.12606,1.417597,38.15833333333333,102.01166666666667,78.36833333333333,72.03500000000001,0.0,0.0,0.0,0.0,6
redis,2026-07-11-20-00-57,4,wsl,small,0,1,queue,20000,5466.223,0.18294168,0.153054,0.32106927,0.45394325,0.101351,5.713277,28.02333333333333,195.67666666666665,54.23333333333333,71.88333333333333,7.0,0.0,0.10000000000000142,0.0,3
redis,2026-07-11-20-00-57,4,wsl,small,0,2,doc_delete,20000,7270.328,0.27414492,0.237201,0.4870685,0.6389465,0.132242,5.06784,48.005,250.5,54.44,105.5,0.0,0.0,0.0,0.0,2
redis,2026-07-11-20-00-57,4,wsl,small,0,2,doc_increment,20000,6679.025,0.29752925,0.25190997,0.53303325,0.69614667,0.158695,4.994153,39.86666666666667,300.40000000000003,55.01666666666667,106.03333333333335,0.0,0.0,0.0,10.240000000000009,3
redis,2026-07-11-20-00-57,4,wsl,small,0,2,doc_insert,20000,6720.9785,0.29440328,0.248712,0.5241656,0.68131196,0.154255,4.931772,49.08,247.41500000000002,56.370000000000005,106.1,0.0,0.0,0.0,0.0,2
redis,2026-07-11-20-00-57,4,wsl,small,0,2,doc_read,20000,7240.381,0.2749851,0.237104,0.4752727,0.629796,0.135798,4.856573,46.285,253.06,56.67,106.15,0.0,0.0,0.0,0.0,2
redis,2026-07-11-20-00-57,4,wsl,small,0,2,doc_read_partial,20000,7563.8467,0.26258224,0.2243,0.44474536,0.5842007,0.144487,5.861937,44.17,133.215,56.4,83.315,0.0,0.0,0.0,0.0,2
redis,2026-07-11-20-00-57,4,wsl,small,0,2,doc_update_partial,20000,6464.6274,0.30935982,0.275716,0.5325455,0.6983031,0.15478599,6.523433,33.38666666666666,305.4266666666667,56.413333333333334,106.03333333333335,0.0,0.0,0.0,0.0,3
redis,2026-07-11-20-00-57,4,wsl,small,0,2,mix_10W_90R,20000,9153.057,0.21742593,0.187742,0.3888804,0.5037591,0.106862,1.504614,57.5025,160.12875,54.995,105.05,0.0,0.0,0.0,0.0,8
redis,2026-07-11-20-00-57,4,wsl,small,0,2,mix_50W_50R,40000,8669.948,0.23001443,0.202291,0.40561116,0.5249842,0.092964,1.440705,57.5025,160.12875,54.995,105.05,0.0,0.0,0.0,0.0,8
redis,2026-07-11-20-00-57,4,wsl,small,0,2,mix_90W_10R,20000,8498.433,0.23493777,0.205568,0.4064694,0.51719946,0.11088,1.59325,57.5025,160.12875,54.995,105.05,0.0,0.0,0.0,0.0,8
redis,2026-07-11-20-00-57,4,wsl,small,0,2,queue,40000,8811.291,0.22570312,0.19953549,0.38745004,0.49656528,0.108555,9.252761,46.9375,249.535,55.8425,105.5,0.0,102.39999999999418,0.0,0.0,4
redis,2026-07-11-20-00-57,4,wsl,small,0,4,doc_delete,40000,12189.108,0.32579404,0.3035565,0.55487347,0.7057906,0.144848,11.567037,81.665,241.095,54.71,174.1,0.0,0.0,0.0,0.0,2
redis,2026-07-11-20-00-57,4,wsl,small,0,4,doc_increment,40000,9718.964,0.39338094,0.3664895,0.6515907,0.83451676,0.14639,21.05393,52.656666666666666,404.1433333333334,54.54333333333333,129.00333333333333,0.0,0.0,0.0,0.0,3
redis,2026-07-11-20-00-57,4,wsl,small,0,4,doc_insert,40000,10317.865,0.380615,0.357477,0.6319355,0.8097095,0.15864399,11.161613,50.82666666666666,317.06666666666666,53.04,162.86666666666667,0.0,0.0,0.0,0.0,3
redis,2026-07-11-20-00-57,4,wsl,small,0,4,doc_read,40000,11454.644,0.3468358,0.3264075,0.57760274,0.74018717,0.123464994,6.120235,46.88999999999999,443.42333333333335,54.50333333333333,173.5,0.0,0.0,0.0,0.0,3
redis,2026-07-11-20-00-57,4,wsl,small,0,4,doc_read_partial,40000,11441.21,0.34036073,0.321384,0.5612021,0.7186238,0.123856,10.76864,37.36,366.1366666666667,54.60333333333333,148.73,0.0,0.0,0.0,0.0,3
redis,2026-07-11-20-00-57,4,wsl,small,0,4,doc_update_partial,40000,10131.271,0.3889579,0.364934,0.6450821,0.8303319,0.127603,17.80246,53.52333333333333,390.78000000000003,54.67666666666667,143.47333333333333,0.0,0.0,0.0,0.0,3
redis,2026-07-11-20-00-57,4,wsl,small,0,4,mix_10W_90R,40000,15006.366,0.26499513,0.2480745,0.4598629,0.60449445,0.080028,1.799738,80.89888888888889,278.92777777777775,50.89888888888889,168.88888888888889,0.0,0.0,0.0,0.0,9
redis,2026-07-11-20-00-57,4,wsl,small,0,4,mix_50W_50R,80000,14336.394,0.27657178,0.259476,0.47551647,0.61435,0.09613,4.601417,80.89888888888889,278.92777777777775,50.89888888888889,168.88888888888889,0.0,0.0,0.0,0.0,9
redis,2026-07-11-20-00-57,4,wsl,small,0,4,mix_90W_10R,40000,13390.356,0.29734355,0.279627,0.5084298,0.639824,0.12149,2.147768,80.89888888888889,278.92777777777775,50.89888888888889,168.88888888888889,0.0,0.0,0.0,0.0,9
redis,2026-07-11-20-00-57,4,wsl,small,0,4,queue,80000,14335.364,0.2772414,0.258906,0.4817955,0.6202582,0.112653,1.416416,60.6675,317.065,52.6925,167.75,0.0,0.0,0.0,0.0,4
redis,2026-07-11-20-00-57,4,wsl,small,0,8,doc_delete,80000,17416.025,0.45587134,0.4459835,0.6545555,0.8685307,0.143634,12.225677,61.6625,545.79,68.135,254.9625,0.0,0.0,0.0,0.0,4
redis,2026-07-11-20-00-57,4,wsl,small,0,8,doc_increment,80000,15645.074,0.5036153,0.4873525,0.7332371,0.99965584,0.152863,19.547127,68.44500000000001,660.6625,66.605,272.4,0.0,0.0,0.0,0.0,4
redis,2026-07-11-20-00-57,4,wsl,small,0,8,doc_insert,80000,16036.403,0.4915918,0.475016,0.71587294,0.99337566,0.15474701,14.442861,55.9275,651.265,61.22,282.05,0.0,0.0,0.0,0.0,4
redis,2026-07-11-20-00-57,4,wsl,small,0,8,doc_read,80000,17689.62,0.44730914,0.4339365,0.6436194,0.89017457,0.14768,12.241055,78.73666666666666,716.1866666666666,64.83666666666666,309.90000000000003,0.0,0.0,0.0,0.0,3
redis,2026-07-11-20-00-57,4,wsl,small,0,8,doc_read_partial,80000,17379.805,0.4495186,0.432153,0.6585274,0.92130065,0.127322,19.124998,54.0425,774.135,65.015,300.625,0.0,0.0,0.0,0.0,4
redis,2026-07-11-20-00-57,4,wsl,small,0,8,doc_update_partial,80000,16237.557,0.4880645,0.47702,0.695278,0.93196505,0.151059,16.71873,54.9125,593.9725,65.1425,263.5,0.0,0.0,0.0,0.0,4
redis,2026-07-11-20-00-57,4,wsl,small,0,8,mix_10W_90R,80000,19263.816,0.41294786,0.40643752,0.5972604,0.7255391,0.130709,4.283938,86.78999999999999,446.37142857142857,54.16428571428571,298.05,0.0,102.40000000000146,0.1999999999999993,0.0,14
redis,2026-07-11-20-00-57,4,wsl,small,0,8,mix_50W_50R,160000,19004.754,0.41625118,0.41115952,0.59930813,0.7164887,0.100188,7.606455,86.78999999999999,446.37142857142857,54.16428571428571,298.05,0.0,102.40000000000146,0.1999999999999993,0.0,14
redis,2026-07-11-20-00-57,4,wsl,small,0,8,mix_90W_10R,80000,18225.031,0.4367044,0.4294065,0.6328911,0.7904535,0.167481,2.737172,86.78999999999999,446.37142857142857,54.16428571428571,298.05,0.0,102.40000000000146,0.1999999999999993,0.0,14
redis,2026-07-11-20-00-57,4,wsl,small,0,8,queue,160000,19722.58,0.40378115,0.397367,0.5896931,0.73397577,0.111872,14.452818,88.57000000000001,521.906,58.7,300.44,0.0,0.0,0.0,0.0,5
redis,2026-07-11-20-00-57,4,wsl,small,10000,1,delete,10000,5410.671,0.18481997,0.152194,0.3273755,0.46537498,0.092445,1.2050999,20.5,334.835,14.655000000000001,59.625,0.09999999999999432,0.33999999999999986,0.0,0.05595703125,2
redis,2026-07-11-20-00-57,4,wsl,small,10000,1,insert,10000,5163.9785,0.19364914,0.160428,0.34367365,0.48048592,0.133825,1.57268,23.905,294.43,13.715,42.885000000000005,0.0,0.8757421875,0.0,0.0,2
redis,2026-07-11-20-00-57,4,wsl,small,10000,1,read,10000,5790.029,0.1727107,0.143594,0.31615975,0.43746012,0.084136,0.787388,30.77,180.94,14.47,42.11,0.10000000000000853,0.0,0.09999999999999964,0.02802734375,2
redis,2026-07-11-20-00-57,4,wsl,small,10000,1,update,10000,5117.4683,0.19540912,0.162205,0.3417039,0.48968306,0.100028,1.298051,19.445,185.295,14.305,36.480000000000004,0.0,1.7300000000000002,0.0,0.0,2
redis,2026-07-11-20-00-57,4,wsl,small,10000,2,delete,20000,8890.378,0.22433794,0.1984725,0.38881207,0.48953167,0.114168,1.422532,43.54,245.39,17.36,44.12,0.0,0.6000000000000014,0.0,0.0,2
redis,2026-07-11-20-00-57,4,wsl,small,10000,2,insert,20000,8319.413,0.23973127,0.2121895,0.417084,0.53264314,0.122815,1.821663,43.655,127.57,16.265,62.92,0.0,2.79,0.29999999999999893,0.0,2
redis,2026-07-11-20-00-57,4,wsl,small,10000,2,read,20000,10316.65,0.19288081,0.162135,0.33391854,0.4422282,0.102515,1.678317,29.97,251.32,17.845,64.71000000000001,0.0,0.0,0.0,0.0,2
redis,2026-07-11-20-00-57,4,wsl,small,10000,2,update,20000,8470.766,0.2345747,0.20998749,0.4000976,0.51306057,0.117766,1.549948,43.91,239.76999999999998,17.61,55.64,0.0,2.8999999999999995,0.0,0.0,2
redis,2026-07-11-20-00-57,4,wsl,small,10000,4,delete,40000,15097.539,0.2636549,0.246522,0.45316306,0.58747214,0.122364,1.357526,61.254999999999995,448.775,24.314999999999998,144.3,0.0,0.8999999999999986,0.0,0.0,2
redis,2026-07-11-20-00-57,4,wsl,small,10000,4,insert,40000,13669.887,0.28783023,0.269229,0.4907482,0.6290382,0.121161,9.350263,33.300000000000004,438.74666666666667,21.016666666666666,144.16666666666666,2.0999999999999943,6.899999999999999,0.40000000000000036,0.0,3
redis,2026-07-11-20-00-57,4,wsl,small,10000,4,read,40000,17053.43,0.23258246,0.216174,0.4047985,0.52623653,0.093176,3.188404,59.074999999999996,245.62,23.895,107.83500000000001,0.10000000000000853,0.0,0.0,0.0,2
redis,2026-07-11-20-00-57,4,wsl,small,10000,4,update,40000,14003.462,0.28485018,0.266181,0.4887045,0.62952787,0.092565,7.422909,53.35,507.0833333333333,24.333333333333332,144.76666666666668,0.0,6.900000000000002,0.0,0.00390625,3
redis,2026-07-11-20-00-57,4,wsl,small,10000,8,delete,80000,19120.727,0.40865147,0.398544,0.59055895,0.73391736,0.097553,14.170999,57.29,516.0025,32.927499999999995,212.775,0.09999999999999432,3.3000000000000114,0.40000000000000036,2.4999999999999996,4
redis,2026-07-11-20-00-57,4,wsl,small,10000,8,insert,80000,19774.625,0.3943,0.385836,0.5771505,0.7142697,0.092575,8.593447,72.22666666666667,667.79,27.77333333333333,266.6666666666667,0.0,12.3,0.0,0.0,3
redis,2026-07-11-20-00-57,4,wsl,small,10000,8,read,80000,22596.217,0.35154712,0.348074,0.5123373,0.61804414,0.087074,10.173414,54.91,644.5133333333333,33.14333333333334,220.0666666666667,0.0,0.0,0.0,1.4662890625,3
redis,2026-07-11-20-00-57,4,wsl,small,10000,8,update,80000,18916.656,0.4168441,0.404651,0.6219911,0.8071713,0.1003,9.440355,54.4625,755.0125,32.88,266.375,0.0,25.599999999999994,0.0,0.0,4
redis,2026-07-11-20-00-57,4,wsl,small,100000,1,delete,100000,5467.568,0.18289667,0.152635,0.32334703,0.46093443,0.120388,8.655484,38.712,68.672,36.1,46.918,0.10000000000000853,4.0,0.0,2.099999999999998,10
redis,2026-07-11-20-00-57,4,wsl,small,100000,1,insert,100000,5074.868,0.19704945,0.16355701,0.34754744,0.49039933,0.130982,16.782967,37.72636363636364,85.98636363636363,32.515454545454546,43.25272727272727,0.0,25.5,0.0,3.3100000000000005,11
redis,2026-07-11-20-00-57,4,wsl,small,100000,1,read,100000,5943.6924,0.16824558,0.143005,0.293348,0.41774243,0.087104,1.286255,35.95111111111111,92.79333333333334,37.56111111111111,45.580000000000005,0.0,0.0,0.0,4.92,9
redis,2026-07-11-20-00-57,4,wsl,small,100000,1,update,100000,5145.558,0.19434239,0.160881,0.3470335,0.49451718,0.090621,3.248691,35.58090909090909,105.95454545454545,37.71272727272727,45.24454545454545,0.0,31.799999999999997,0.0,4.100000000000001,11
redis,2026-07-11-20-00-57,4,wsl,small,100000,2,delete,200000,8591.79,0.23241925,0.20444751,0.40928653,0.527217,0.090621,18.86951,59.97,170.0723076923077,53.25615384615385,84.36846153846153,0.09999999999999432,30.0,0.0,4.100000000000001,13
redis,2026-07-11-20-00-57,4,wsl,small,100000,2,insert,200000,8216.97,0.2426339,0.214497,0.41974205,0.5410674,0.09001,13.402565,66.43846153846154,137.80461538461537,40.29076923076923,79.20153846153845,0.09999999999999432,60.0,0.0,0.0,13
redis,2026-07-11-20-00-57,4,wsl,small,100000,2,read,200000,9986.182,0.2001823,0.173813,0.34529033,0.44456208,0.086079,3.990061,62.25,142.49454545454546,59.92545454545454,78.98454545454545,0.0,30.0,0.0,4.099999999999998,11
redis,2026-07-11-20-00-57,4,wsl,small,100000,2,update,200000,8357.198,0.238712,0.21048051,0.4130916,0.5275582,0.108116,3.743329,60.650769230769235,123.6776923076923,60.10076923076924,76.43615384615386,0.10000000000000853,34.0,0.0,4.100000000000001,13
redis,2026-07-11-20-00-57,4,wsl,small,100000,4,delete,400000,14510.324,0.27375007,0.254508,0.47498807,0.61465204,0.109467,21.319035,82.81466666666667,245.57999999999998,91.62466666666666,147.48666666666668,0.10000000000000853,35.0,0.0,8.199999999999996,15
redis,2026-07-11-20-00-57,4,wsl,small,100000,4,insert,400000,13344.397,0.29828054,0.279873,0.50667214,0.6455563,0.108576,13.209562,88.433125,227.691875,65.496875,140.778125,0.20000000000000284,104.0,0.0,4.199999999999996,16
redis,2026-07-11-20-00-57,4,wsl,small,100000,4,read,400000,16369.573,0.24280325,0.226842,0.4228721,0.54052114,0.086643,2.312745,82.2223076923077,257.0184615384615,104.76923076923077,146.62307692307692,0.0,0.0,0.0,8.100000000000001,13
redis,2026-07-11-20-00-57,4,wsl,small,100000,4,update,400000,13583.22,0.29219237,0.2744655,0.49798307,0.6312222,0.113636,20.889452,90.475,244.20125000000002,105.58125,142.6125,0.09999999999999432,189.0,1.5999999999999996,8.300000000000004,16
redis,2026-07-11-20-00-57,4,wsl,small,100000,8,delete,800000,19115.994,0.4170451,0.40976,0.596679,0.7275703,0.094503,13.259356,95.98636363636363,383.91045454545457,151.7459090909091,281.1454545454545,0.20000000000000284,30.7199999999998,0.0,17.0,22
redis,2026-07-11-20-00-57,4,wsl,small,100000,8,insert,800000,18290.607,0.43516862,0.4274765,0.6271681,0.76253897,0.127034,19.77675,102.02208333333334,438.90625,113.49333333333334,279.83750000000003,0.19999999999998863,253.0,2.8000000000000007,20.4,24
redis,2026-07-11-20-00-57,4,wsl,small,100000,8,read,800000,20530.41,0.3879794,0.384375,0.56414914,0.689106,0.098907,11.078915,101.97333333333333,408.6285714285715,196.54761904761904,275.8952380952381,0.0,119.0,0.0,17.700000000000003,21
redis,2026-07-11-20-00-57,4,wsl,small,100000,8,update,800000,18323.307,0.432414,0.425223,0.6264322,0.76369005,0.1055,23.58827,107.44125000000001,450.5233333333333,198.4375,283.2375,0.20000000000000284,405.6400000000001,0.1999999999999993,17.0,24
redis,2026-07-11-20-00-57,4,wsl,small,1000000,1,delete,1000000,5340.7456,0.18723978,0.154936,0.3334052,0.477874,0.09591,10.062815,43.1461052631579,64.91031578947369,157.30157894736843,54.626000000000005,0.8000000000000114,215.03999999999996,0.0,20.0,95
redis,2026-07-11-20-00-57,4,wsl,small,1000000,1,insert,1000000,5002.3906,0.19990443,0.165018,0.35616508,0.5038903,0.118586004,23.878246,44.273980582524274,66.10805825242718,133.76184466019416,52.68029126213592,0.7999999999999972,686.0800000000002,0.0,21.0,103
redis,2026-07-11-20-00-57,4,wsl,small,1000000,1,read,1000000,5908.3696,0.16925144,0.143245,0.29579744,0.4232151,0.08596,12.214781,38.96697674418604,70.68488372093023,239.85813953488372,53.46290697674419,0.0,153.5999999999999,0.0,20.0,86
redis,2026-07-11-20-00-57,4,wsl,small,1000000,1,update,1000000,5121.131,0.19526936,0.16137,0.34804115,0.494499,0.124345,27.422577,47.75990099009901,66.79485148514851,240.05643564356436,54.194455445544556,0.7999999999999972,942.0799999999999,0.0,20.0,101
redis,2026-07-11-20-00-57,4,wsl,small,1000000,2,delete,2000000,8610.941,0.23204719,0.205998,0.403137,0.518815,0.103688,23.65731,72.30872881355933,118.17881355932204,286.5119491525424,95.1549152542373,0.9000000000000057,655.3599999999997,0.5,41.0,118
redis,2026-07-11-20-00-57,4,wsl,small,1000000,2,insert,2000000,8096.015,0.2465384,0.21759,0.42551,0.54659003,0.096250996,33.435005,73.95291338582678,119.66015748031496,248.52338582677166,88.75102362204724,1.0999999999999943,1495.04,0.0,41.0,127
redis,2026-07-11-20-00-57,4,wsl,small,1000000,2,read,2000000,10017.973,0.1992825,0.173021,0.344063,0.44676507,0.07586,18.977207,65.65970588235294,128.89049019607842,463.1352941176471,91.97872549019608,0.0,307.1999999999998,0.5,41.0,102
redis,2026-07-11-20-00-57,4,wsl,small,1000000,2,update,2000000,8241.425,0.24259494,0.21503049,0.419448,0.53626007,0.103034005,34.17428,78.67856,122.07839999999999,464.3528,92.72816,1.0999999999999943,1894.4000000000005,0.0,41.0,125
redis,2026-07-11-20-00-57,4,wsl,small,1000000,4,delete,4000000,14489.041,0.27566862,0.256832,0.47612506,0.614301,0.104556,37.67205,102.313,218.5037857142857,550.7049285714286,165.86357142857145,0.7000000000000028,1638.3999999999978,0.0,77.0,140
redis,2026-07-11-20-00-57,4,wsl,small,1000000,4,insert,4000000,13240.2705,0.300862,0.282313,0.509912,0.650009,0.11005,49.801956,103.93935483870968,227.2051612903226,477.39890322580646,161.55212903225808,1.3000000000000114,2877.4400000000005,0.5,78.0,155
redis,2026-07-11-20-00-57,4,wsl,small,1000000,4,read,4000000,16281.822,0.24454246,0.22948399,0.42310706,0.541826,0.083327,35.038345,93.82848,234.83728,907.6048000000001,162.59207999999998,0.0,716.7999999999993,0.0,78.0,125
redis,2026-07-11-20-00-57,4,wsl,small,1000000,4,update,4000000,13374.606,0.2982894,0.280931,0.50521797,0.643901,0.095891,45.207546,112.70318181818182,231.7164285714286,915.8461038961038,164.5038961038961,1.2999999999999972,3788.800000000001,0.0,79.0,154
redis,2026-07-11-20-00-57,4,wsl,small,1000000,8,delete,8000000,18395.936,0.4341051,0.424946,0.628156,0.770492,0.101282,74.781624,120.84095890410958,345.80995433789957,1080.3902465753424,302.2365296803653,1.0,3174.4000000000015,0.0,163.84000000000015,219
redis,2026-07-11-20-00-57,4,wsl,small,1000000,8,insert,8000000,17969.13,0.44360745,0.435626,0.642429,0.791085,0.101683,65.881065,129.35381578947369,387.8519298245614,950.3910701754386,298.4532894736842,2.0,5529.600000000002,0.0,160.0,228
redis,2026-07-11-20-00-57,4,wsl,small,1000000,8,read,8000000,20964.469,0.38044807,0.377838,0.549327,0.661083,0.090931,75.087654,110.07689119170985,384.9986010362694,1800.1389430051813,297.4647668393782,0.0,1228.7999999999993,0.0,189.72000000000003,193
redis,2026-07-11-20-00-57,4,wsl,small,1000000,8,update,8000000,17786.738,0.44805574,0.440379,0.655048,0.803643,0.113414,105.557236,151.5899567099567,386.96294372294375,1849.1755497835497,297.5215584415584,3.0,8806.400000000001,0.0,163.83999999999992,231
rocksdb,2026-07-09-18-33-21,1,wsl,small,0,1,doc_delete,10000,318032.75,0.00314433,0.0028659997,0.0033770048,0.008237185,0.002806002,0.094956994,0.0,21.08,0.0,10.65,0.0,0.0,0.0,0.0,1
rocksdb,2026-07-09-18-33-21,1,wsl,small,0,1,doc_increment,10000,70392.945,0.014205969,0.012229502,0.022033496,0.039798204,0.011162003,0.381962,0.0,82.54,0.0,25.79,0.0,0.0,0.0,0.0,1
rocksdb,2026-07-09-18-33-21,1,wsl,small,0,1,doc_insert,10000,242784.94,0.004118872,0.0034770055,0.007534996,0.011131997,0.0033359975,0.058706004,0.0,81.28,0.0,11.28,0.0,0.0,0.0,0.0,1
rocksdb,2026-07-09-18-33-21,1,wsl,small,0,1,doc_read,10000,226387.06,0.0044172136,0.0040580053,0.0073639974,0.009219308,0.0037770078,0.079797,0.0,87.53,0.0,22.73,0.0,0.0,0.0,0.0,1
rocksdb,2026-07-09-18-33-21,1,wsl,small,0,1,doc_read_partial,10000,221678.8,0.0045110313,0.004137997,0.007664989,0.009679098,0.0038269935,0.08878499,0.0,85.32,0.0,26.6,0.0,0.0,0.0,0.0,1
rocksdb,2026-07-09-18-33-21,1,wsl,small,0,1,doc_update_partial,10000,68097.17,0.014684897,0.012755991,0.021833494,0.0400921,0.011532989,0.45695,0.0,85.32,0.0,26.6,0.0,0.0,0.0,0.0,1
rocksdb,2026-07-09-18-33-21,1,wsl,small,0,1,queue,20000,125.06851,7.9956174,7.638358,16.149067,18.809546,0.011243014,44.460144,0.0,99.61802469135803,0.0,109.3179012345679,0.0,0.0,0.0,101.97197265625,81
rocksdb,2026-07-09-18-36-31,2,wsl,small,0,1,doc_delete,10000,317868.12,0.0031459588,0.002914996,0.00337605,0.0077756005,0.0028649955,0.09049701,0.0,0.0,0.0,4.117,0.0,0.0,0.0,0.0,1
rocksdb,2026-07-09-18-36-31,2,wsl,small,0,1,doc_increment,10000,70903.47,0.014103684,0.012124001,0.021972999,0.0367938,0.011192009,0.413207,0.0,90.11,0.0,4.258,0.0,0.0,0.0,0.0,1
rocksdb,2026-07-09-18-36-31,2,wsl,small,0,1,doc_insert,10000,249890.0,0.004001761,0.0033270044,0.0073440517,0.0116532985,0.0032259994,0.112330996,0.0,137.34,0.0,21.43,0.0,0.0,0.0,0.0,1
rocksdb,2026-07-09-18-36-31,2,wsl,small,0,1,doc_read,10000,221219.94,0.004520388,0.0041380115,0.0074649877,0.009699497,0.0038169965,0.077952005,0.0,119.52,0.0,26.34,0.0,0.0,0.0,0.0,1
rocksdb,2026-07-09-18-36-31,2,wsl,small,0,1,doc_read_partial,10000,212688.77,0.004701706,0.0043180045,0.007896502,0.010040197,0.0040079905,0.085085995,0.0,119.52,0.0,26.34,0.0,0.0,0.0,0.0,1
rocksdb,2026-07-09-18-36-31,2,wsl,small,0,1,doc_update_partial,10000,67762.27,0.014757474,0.01284499,0.021882055,0.0390572,0.011762997,0.392215,0.0,111.94,0.0,3.848,0.0,0.0,0.0,0.0,1
rocksdb,2026-07-09-18-36-31,2,wsl,small,0,1,queue,20000,126.694336,7.8930125,7.593745,16.073421,17.752592,0.011983007,36.840782,0.0,101.07050000000001,0.0,108.85262499999999,0.0,0.0,0.0,103.97197265625,80
rocksdb,2026-07-09-18-39-40,4,wsl,small,0,1,doc_delete,10000,312299.2,0.0032020577,0.0029759975,0.003426001,0.007866398,0.0028659997,0.059567,0.0,136.13,0.0,4.176,0.0,0.0,0.0,0.0,1
rocksdb,2026-07-09-18-39-40,4,wsl,small,0,1,doc_increment,10000,69364.01,0.014416699,0.012354009,0.022234451,0.03948032,0.011382989,0.49578398,0.0,136.13,0.0,4.176,0.0,0.0,0.0,0.0,1
rocksdb,2026-07-09-18-39-40,4,wsl,small,0,1,doc_insert,10000,252426.42,0.0039615505,0.0032669923,0.0074749985,0.012084188,0.003175999,0.101037994,0.0,182.98,0.0,20.48,0.0,0.0,0.0,0.0,1
rocksdb,2026-07-09-18-39-40,4,wsl,small,0,1,doc_read,10000,218162.7,0.004583735,0.0042180037,0.0076549924,0.009368009,0.003908004,0.11212,0.0,200.04,0.0,27.58,0.0,0.0,0.0,0.0,1
rocksdb,2026-07-09-18-39-40,4,wsl,small,0,1,doc_read_partial,10000,223876.83,0.004466742,0.0040779994,0.007413997,0.009529801,0.0037979917,0.074757,0.0,200.04,0.0,27.58,0.0,0.0,0.0,0.0,1
rocksdb,2026-07-09-18-39-40,4,wsl,small,0,1,doc_update_partial,10000,68501.57,0.014598206,0.0126449885,0.021402495,0.041082703,0.01158299,0.357171,0.0,139.76,0.0,11.75,0.0,0.0,0.0,0.0,1
rocksdb,2026-07-09-18-39-40,4,wsl,small,0,1,queue,20000,127.3983,7.8493986,7.5499825,15.943412,17.445503,0.0108509995,38.669514,0.0,101.57544303797468,0.0,121.36113924050633,0.0,0.0,0.0,101.97197265625,79
rocksdb,2026-07-09-21-24-08,1,wsl,medium,0,1,mix_10W_90R,10000,289074.0,0.0034593216,0.0020040025,0.012735043,0.021502597,0.0011630036,0.200988,0.0,46.33,0.0,225.64999999999998,0.0,0.0,0.0,30.720000000000255,2
rocksdb,2026-07-09-21-24-08,1,wsl,medium,0,1,mix_50W_50R,20000,79762.97,0.012537146,0.009208001,0.01540099,0.029289909,0.0009219948,50.669144,0.0,46.33,0.0,225.64999999999998,0.0,0.0,0.0,30.720000000000255,2
rocksdb,2026-07-09-21-24-08,1,wsl,medium,0,1,mix_90W_10R,10000,36686.844,0.027257727,0.011782992,0.0177355,0.040483005,0.0021039885,58.210297,0.0,46.33,0.0,225.64999999999998,0.0,0.0,0.0,30.720000000000255,2
rocksdb,2026-07-09-21-24-08,1,wsl,medium,10000,1,delete,10000,196870.08,0.005079492,0.0029060028,0.0036069977,0.008918511,0.0028349895,17.979008,0.0,94.11,0.0,122.2,0.0,0.0,0.0,0.0,1
rocksdb,2026-07-09-21-24-08,1,wsl,medium,10000,1,insert,10000,80636.836,0.01240128,0.011081996,0.015431496,0.037776716,0.008385993,0.346586,0.0,82.78,0.0,48.45,0.0,0.0,0.0,0.0,1
rocksdb,2026-07-09-21-24-08,1,wsl,medium,10000,1,read,10000,164031.61,0.006096386,0.0049600056,0.009950003,0.034980204,0.003527006,0.273682,0.0,84.46,0.0,96.51,0.0,0.0,0.0,0.0,1
rocksdb,2026-07-09-21-24-08,1,wsl,medium,10000,1,update,10000,55302.848,0.018082252,0.011371994,0.01801695,0.04048022,0.008446994,50.051247,0.0,86.94,0.0,113.6,0.0,0.0,0.0,0.0,1
rocksdb,2026-07-09-21-24-08,1,wsl,medium,100000,1,delete,100000,317915.97,0.0031454857,0.0028960058,0.0035470002,0.007895021,0.0027859933,0.32409298,0.0,93.72,0.0,199.6,0.0,0.0,0.0,0.0,1
rocksdb,2026-07-09-21-24-08,1,wsl,medium,100000,1,insert,100000,47952.32,0.020854048,0.009878989,0.020320993,0.051091205,0.008186995,66.53241,0.0,87.97333333333334,0.0,220.80000000000004,0.0,0.0,0.0,643.8800000000001,3
rocksdb,2026-07-09-21-24-08,1,wsl,medium,100000,1,read,100000,93558.3,0.010688523,0.005210997,0.013526995,0.036112104,0.0037370045,51.046654,0.0,96.925,0.0,392.65,0.0,0.0,0.0,143.3599999999999,2
rocksdb,2026-07-09-21-24-08,1,wsl,medium,100000,1,update,100000,41877.88,0.023878954,0.010450996,0.019349447,0.047484007,0.008306,298.6049,0.0,69.60666666666667,0.0,290.7333333333333,0.0,0.0,0.0,358.39999999999986,3
rocksdb,2026-07-09-21-24-08,1,wsl,small,0,1,mix_10W_90R,10000,646400.5,0.0015470285,0.0011119992,0.0039980076,0.006895499,0.0007310009,0.046793006,0.0,85.35,0.0,47.77,0.0,0.0,0.0,0.0,1
rocksdb,2026-07-09-21-24-08,1,wsl,small,0,1,mix_50W_50R,20000,386157.0,0.0025896202,0.003506997,0.0045080446,0.0087782815,0.0006509945,0.10082999,0.0,85.35,0.0,47.77,0.0,0.0,0.0,0.0,1
rocksdb,2026-07-09-21-24-08,1,wsl,small,0,1,mix_90W_10R,10000,251647.62,0.0039738105,0.0037080026,0.0068340013,0.0101200985,0.0010319927,0.09916599,0.0,85.35,0.0,47.77,0.0,0.0,0.0,0.0,1
rocksdb,2026-07-09-21-24-08,1,wsl,small,10000,1,delete,10000,303213.7,0.0032980042,0.0030659866,0.003537003,0.00772581,0.0029560032,0.059857994,0.0,82.7,0.0,55.7,0.0,0.0,0.0,0.0,1
rocksdb,2026-07-09-21-24-08,1,wsl,small,10000,1,insert,10000,281016.53,0.0035585095,0.0031060043,0.0057519944,0.009229389,0.0030059891,0.086131,0.0,70.62,0.0,2.238,0.0,0.0,0.0,0.0,1
rocksdb,2026-07-09-21-24-08,1,wsl,small,10000,1,read,10000,626130.7,0.0015971106,0.0013820099,0.0018039871,0.007775801,0.0011619995,0.0959,0.0,91.6,0.0,38.22,0.0,0.0,0.0,0.0,1
rocksdb,2026-07-09-21-24-08,1,wsl,small,10000,1,update,10000,259751.8,0.0038498286,0.003197012,0.006182053,0.0116735175,0.0030859956,0.07973799,0.0,73.31,0.0,44.48,0.0,0.0,0.0,0.0,1
rocksdb,2026-07-09-21-24-08,1,wsl,small,100000,1,delete,100000,314001.25,0.0031847006,0.0029459915,0.003525988,0.0076551056,0.0028560024,0.083074,0.0,85.97,0.0,54.7,0.0,0.0,0.0,0.0,1
rocksdb,2026-07-09-21-24-08,1,wsl,small,100000,1,insert,100000,255191.28,0.003918629,0.003256995,0.006312999,0.013897416,0.0031260133,0.17244,0.0,92.4,0.0,45.57,0.0,0.0,0.0,0.0,1
rocksdb,2026-07-09-21-24-08,1,wsl,small,100000,1,read,100000,445350.6,0.002245422,0.001552995,0.005050009,0.007003997,0.0012620003,29.975033,0.0,94.3,0.0,41.56,0.0,0.0,0.0,0.0,1
rocksdb,2026-07-09-21-24-08,1,wsl,small,100000,1,update,100000,263115.7,0.0038006094,0.0032459938,0.006303002,0.010290094,0.0030660012,0.170948,0.0,85.44,0.0,68.11,0.0,0.0,0.0,0.0,1
rocksdb,2026-07-09-21-24-08,1,wsl,small,1000000,1,delete,1000000,255964.06,0.0039067985,0.0029260118,0.0036880083,0.008105999,0.0028149951,50.31157,0.0,96.245,0.0,112.9,0.0,0.0,0.0,167.0,4
rocksdb,2026-07-09-21-24-08,1,wsl,small,1000000,1,insert,1000000,231327.69,0.004322872,0.0030859956,0.0061419997,0.010461008,0.0029559887,50.725636,0.0,100.56,0.0,99.9325,0.0,0.0,0.0,216.2,4
rocksdb,2026-07-09-21-24-08,1,wsl,small,1000000,1,read,1000000,530155.06,0.0018862406,0.0015029946,0.004949994,0.006764007,0.0012519886,5.229223,0.0,100.02,0.0,197.85000000000002,0.0,0.0,0.0,0.0,2
rocksdb,2026-07-09-21-24-08,1,wsl,small,1000000,1,update,1000000,245084.9,0.0040802187,0.0033169927,0.006332004,0.010390999,0.003145993,50.50733,0.0,98.77250000000001,0.0,215.2,0.0,0.0,0.0,144.0,4
rocksdb,2026-07-09-21-25-30,2,wsl,medium,0,1,mix_10W_90R,10000,313007.78,0.0031948087,0.0019539874,0.012093995,0.017164709,0.0011019874,0.177051,0.0,68.75,0.0,6.887,0.0,0.0,0.0,0.0,1
rocksdb,2026-07-09-21-25-30,2,wsl,medium,0,1,mix_50W_50R,20000,133931.0,0.0074665314,0.0092884945,0.015209997,0.033759408,0.00093199196,1.442846,0.0,68.75,0.0,6.887,0.0,0.0,0.0,0.0,1
rocksdb,2026-07-09-21-25-30,2,wsl,medium,0,1,mix_90W_10R,10000,78744.766,0.012699256,0.011714,0.017565506,0.043616205,0.0018840074,0.324804,0.0,68.75,0.0,6.887,0.0,0.0,0.0,0.0,1
rocksdb,2026-07-09-21-25-30,2,wsl,medium,10000,1,delete,10000,315223.78,0.0031723494,0.0028560024,0.003558451,0.0073249033,0.002796005,0.06420701,0.0,119.96,0.0,98.57,0.0,0.0,0.0,0.0,1
rocksdb,2026-07-09-21-25-30,2,wsl,medium,10000,1,insert,10000,76662.984,0.013044104,0.010970995,0.02095149,0.051332098,0.008447008,0.28259,0.0,51.11,0.0,11.5,0.0,0.0,0.0,0.0,1
rocksdb,2026-07-09-21-25-30,2,wsl,medium,10000,1,read,10000,164428.28,0.006081679,0.0050399974,0.009418049,0.0322947,0.003687004,0.224896,0.0,147.49,0.0,67.2,0.0,0.0,0.0,0.0,1
rocksdb,2026-07-09-21-25-30,2,wsl,medium,10000,1,update,10000,73299.54,0.013642651,0.011213007,0.0230365,0.05307669,0.009058,1.748384,0.0,87.52,0.0,148.7,0.0,0.0,0.0,0.0,1
rocksdb,2026-07-09-21-25-30,2,wsl,medium,100000,1,delete,100000,312659.8,0.0031983643,0.0029660005,0.0034870026,0.007846,0.0029049988,0.10591,0.0,83.09,0.0,158.0,0.0,0.0,0.0,0.0,1
rocksdb,2026-07-09-21-25-30,2,wsl,medium,100000,1,insert,100000,24948.902,0.040081926,0.009668991,0.021481989,0.05059109,0.008196003,875.5735,0.0,80.695,0.0,243.65,0.0,0.0,0.0,587.52,4
rocksdb,2026-07-09-21-25-30,2,wsl,medium,100000,1,read,100000,171085.3,0.0058450378,0.004760004,0.012764998,0.023506109,0.0036970014,0.18967,0.0,105.66,0.0,423.9,0.0,0.0,0.0,0.0,1
rocksdb,2026-07-09-21-25-30,2,wsl,medium,100000,1,update,100000,19528.334,0.051207647,0.010381002,0.028016953,0.050981313,0.008326999,884.7876,0.0,57.99400000000001,0.0,419.02,0.0,0.0,0.0,778.2400000000002,5
rocksdb,2026-07-09-21-25-30,2,wsl,small,0,1,mix_10W_90R,10000,706070.75,0.0014162887,0.0010219956,0.0039279982,0.0065430924,0.0007310009,0.04549,0.0,116.48,0.0,27.57,0.0,0.0,0.0,0.0,1
rocksdb,2026-07-09-21-25-30,2,wsl,small,0,1,mix_50W_50R,20000,386676.66,0.00258614,0.0033965043,0.0045490013,0.009118398,0.00067100336,0.093375,0.0,116.48,0.0,27.57,0.0,0.0,0.0,0.0,1
rocksdb,2026-07-09-21-25-30,2,wsl,small,0,1,mix_90W_10R,10000,257304.2,0.00388645,0.0035769916,0.006903996,0.010051004,0.0010520016,0.14317301,0.0,116.48,0.0,27.57,0.0,0.0,0.0,0.0,1
rocksdb,2026-07-09-21-25-30,2,wsl,small,10000,1,delete,10000,307823.97,0.0032486098,0.0030049996,0.0034870026,0.0075657023,0.0029359944,0.065699995,0.0,95.32,0.0,45.95,0.0,0.0,0.0,0.0,1
rocksdb,2026-07-09-21-25-30,2,wsl,small,10000,1,insert,10000,276267.66,0.003619678,0.0031259987,0.0063530025,0.009920297,0.0030459922,0.067724004,0.0,123.51,0.0,17.5,0.0,0.0,0.0,0.0,1
rocksdb,2026-07-09-21-25-30,2,wsl,small,10000,1,read,10000,645853.7,0.0015483383,0.0013730023,0.0018739956,0.004719107,0.0011619995,0.05434701,0.0,121.74,0.0,4.5,0.0,0.0,0.0,0.0,1
rocksdb,2026-07-09-21-25-30,2,wsl,small,10000,1,update,10000,269650.44,0.0037085048,0.0032259994,0.0060225036,0.008998002,0.00310599,0.07846499,0.0,118.77,0.0,16.16,0.0,0.0,0.0,0.0,1
rocksdb,2026-07-09-21-25-30,2,wsl,small,100000,1,delete,100000,301261.12,0.0033193792,0.003056004,0.003746987,0.008186015,0.0029360089,1.532226,0.0,76.66,0.0,13.82,0.0,0.0,0.0,0.0,1
rocksdb,2026-07-09-21-25-30,2,wsl,small,100000,1,insert,100000,264023.88,0.0037875366,0.0031669915,0.0061030006,0.012064103,0.003046007,0.178213,0.0,95.32,0.0,45.95,0.0,0.0,0.0,0.0,1
rocksdb,2026-07-09-21-25-30,2,wsl,small,100000,1,read,100000,524922.7,0.0019050424,0.0014830002,0.0051410026,0.0073550935,0.0012329983,0.112653986,0.0,122.7,0.0,32.36,0.0,0.0,0.0,0.0,1
rocksdb,2026-07-09-21-25-30,2,wsl,small,100000,1,update,100000,262235.6,0.0038133648,0.0031969976,0.006351998,0.010841101,0.0030660012,0.124796994,0.0,100.81,0.0,21.21,0.0,0.0,0.0,0.0,1
rocksdb,2026-07-09-21-25-30,2,wsl,small,1000000,1,delete,1000000,314545.2,0.0031791935,0.002916,0.0035970006,0.007955997,0.0028149951,12.652825,0.0,117.77,0.0,96.71666666666665,0.0,0.0,0.0,93.0,3
rocksdb,2026-07-09-21-25-30,2,wsl,small,1000000,1,insert,1000000,264547.94,0.0037800332,0.0032370007,0.0063019977,0.010321004,0.00310599,32.87472,0.0,111.102,0.0,104.55199999999999,0.0,0.0,0.0,251.2,5
rocksdb,2026-07-09-21-25-30,2,wsl,small,1000000,1,read,1000000,518411.12,0.0019289709,0.0015429978,0.0050400123,0.006954011,0.0012519886,3.144822,0.0,101.17666666666666,0.0,177.36666666666667,0.0,0.0,0.1279296875,0.0,3
rocksdb,2026-07-09-21-25-30,2,wsl,small,1000000,1,update,1000000,265179.72,0.0037710276,0.0032270036,0.006172995,0.010520991,0.003056004,3.001874,0.0,97.6,0.0,228.125,0.0,0.0,0.0,144.0,4
rocksdb,2026-07-09-21-27-00,4,wsl,medium,0,1,mix_10W_90R,10000,301284.84,0.0033191182,0.0020839942,0.01197445,0.017616805,0.0010719959,0.162572,0.0,191.95,0.0,212.1,0.0,0.0,0.0,0.0,1
rocksdb,2026-07-09-21-27-00,4,wsl,medium,0,1,mix_50W_50R,20000,134644.33,0.0074269744,0.009198498,0.0155509915,0.030781398,0.00092200935,0.32072502,0.0,191.95,0.0,212.1,0.0,0.0,0.0,0.0,1
rocksdb,2026-07-09-21-27-00,4,wsl,medium,0,1,mix_90W_10R,10000,81941.055,0.012203894,0.011593002,0.016162496,0.038249712,0.0019839935,0.28791,0.0,191.95,0.0,212.1,0.0,0.0,0.0,0.0,1
rocksdb,2026-07-09-21-27-00,4,wsl,medium,10000,1,delete,10000,304994.34,0.003278749,0.0030660012,0.0034870026,0.0072841044,0.0029859948,0.082061,0.0,178.57,0.0,157.9,0.0,0.0,0.0,0.0,1
rocksdb,2026-07-09-21-27-00,4,wsl,medium,10000,1,insert,10000,79274.484,0.0126144,0.011402007,0.015601492,0.037445504,0.0087469965,0.396467,0.0,50.99,0.0,17.17,0.0,0.0,0.0,0.0,1
rocksdb,2026-07-09-21-27-00,4,wsl,medium,10000,1,read,10000,157210.53,0.0063608973,0.004990012,0.01032099,0.035540696,0.0035769916,0.19734699,0.0,225.65,0.0,67.18,0.0,0.0,0.0,0.0,1
rocksdb,2026-07-09-21-27-00,4,wsl,medium,10000,1,update,10000,80061.82,0.012490348,0.011201998,0.015862491,0.037493594,0.008827003,0.27504998,0.0,81.72,0.0,152.0,0.0,0.0,0.0,0.0,1
rocksdb,2026-07-09-21-27-00,4,wsl,medium,100000,1,delete,100000,301186.97,0.0033201966,0.003046007,0.0036670098,0.0081659965,0.0029349902,0.36839598,0.0,125.29,0.0,110.2,0.0,0.0,0.0,0.0,1
rocksdb,2026-07-09-21-27-00,4,wsl,medium,100000,1,insert,100000,24783.514,0.0403494,0.009679992,0.019328,0.048847113,0.008296004,984.0295,0.0,86.3575,0.0,146.3225,0.0,0.0,0.0,582.8399999999999,4
rocksdb,2026-07-09-21-27-00,4,wsl,medium,100000,1,read,100000,156380.64,0.006394653,0.0049200025,0.013666999,0.031312097,0.0037970021,0.269828,0.0,138.89,0.0,444.0,0.0,0.0,0.0,0.0,1
rocksdb,2026-07-09-21-27-00,4,wsl,medium,100000,1,update,100000,18973.926,0.052703906,0.011262003,0.03462805,0.0664721,0.00862799,883.81726,0.0,74.752,0.0,500.9,0.0,0.0,0.0,727.04,5
rocksdb,2026-07-09-21-27-00,4,wsl,small,0,1,mix_10W_90R,10000,689528.0,0.0014502674,0.0010420044,0.004048008,0.0068844873,0.0007609924,0.09589801,0.0,170.01,0.0,26.71,0.0,0.0,0.0,0.0,1
rocksdb,2026-07-09-21-27-00,4,wsl,small,0,1,mix_50W_50R,20000,373945.28,0.002674188,0.0035219998,0.0046589994,0.009427996,0.00066099165,0.10705,0.0,170.01,0.0,26.71,0.0,0.0,0.0,0.0,1
rocksdb,2026-07-09-21-27-00,4,wsl,small,0,1,mix_90W_10R,10000,250951.9,0.0039848275,0.0036970014,0.0068740044,0.010440205,0.0009920041,0.17664601,0.0,170.01,0.0,26.71,0.0,0.0,0.0,0.0,1
rocksdb,2026-07-09-21-27-00,4,wsl,small,10000,1,delete,10000,300654.66,0.003326075,0.0030570081,0.003527006,0.007916409,0.0029860092,0.10802302,0.0,111.83,0.0,44.58,0.0,0.0,0.0,0.0,1
rocksdb,2026-07-09-21-27-00,4,wsl,small,10000,1,insert,10000,279401.7,0.0035790768,0.0030360096,0.0059510414,0.010571492,0.0029459915,0.06295501,0.0,207.52,0.0,18.75,0.0,0.0,0.0,0.0,1
rocksdb,2026-07-09-21-27-00,4,wsl,small,10000,1,read,10000,641488.06,0.0015588754,0.0013819954,0.0020540028,0.004669097,0.0011619995,0.06897599,0.0,174.97,0.0,4.133,0.0,0.0,0.0,0.0,1
rocksdb,2026-07-09-21-27-00,4,wsl,small,10000,1,update,10000,269668.62,0.0037082545,0.0032259994,0.0061519966,0.009418299,0.0031160016,0.06822399,0.0,206.91,0.0,20.1,0.0,0.0,0.0,0.0,1
rocksdb,2026-07-09-21-27-00,4,wsl,small,100000,1,delete,100000,317714.75,0.0031474775,0.0029060028,0.0035369885,0.008006113,0.0028460054,0.155148,0.0,150.36,0.0,25.01,0.0,0.0,0.0,0.0,1
rocksdb,2026-07-09-21-27-00,4,wsl,small,100000,1,insert,100000,275271.5,0.003632777,0.0031460077,0.006202012,0.009829113,0.0030360096,0.267397,0.0,111.83,0.0,44.58,0.0,0.0,0.0,0.0,1
rocksdb,2026-07-09-21-27-00,4,wsl,small,100000,1,read,100000,514124.1,0.0019450559,0.0015429978,0.0050499947,0.007374018,0.0012520031,1.336474,0.0,152.35,0.0,38.09,0.0,0.0,0.0,0.0,1
rocksdb,2026-07-09-21-27-00,4,wsl,small,100000,1,update,100000,268522.2,0.003724087,0.0031859963,0.006382994,0.010311097,0.003056004,0.169395,0.0,148.82,0.0,26.02,0.0,0.0,0.0,0.0,1
rocksdb,2026-07-09-21-27-00,4,wsl,small,1000000,1,delete,1000000,319069.03,0.0031341182,0.0027950008,0.0041079912,0.008345989,0.002715009,0.35167602,0.0,131.97,0.0,97.5,0.0,0.0,0.0,93.0,3
rocksdb,2026-07-09-21-27-00,4,wsl,small,1000000,1,insert,1000000,284521.4,0.003514674,0.0029960065,0.0059510055,0.010239993,0.0028960058,4.682784,0.0,93.9875,0.0,73.615,0.0,0.0,0.0,251.2,4
rocksdb,2026-07-09-21-27-00,4,wsl,small,1000000,1,read,1000000,518662.0,0.001928038,0.0015229889,0.005080001,0.0069939997,0.0012429955,5.415477,0.0,141.61666666666667,0.0,175.03333333333333,0.0,0.0,0.0,0.0,3
rocksdb,2026-07-09-21-27-00,4,wsl,small,1000000,1,update,1000000,265598.03,0.0037650883,0.0032670067,0.0062420005,0.010360003,0.0030959926,1.077143,0.0,132.0275,0.0,207.575,0.0,0.0,0.0,144.0,4
tarantool,2026-07-13-23-35-43,1,wsl,medium,0,1,doc_delete,10000,2299.6833,0.43484247,0.3996995,0.70894885,0.8447174,0.141358,3.999022,49.29333333333333,144.00666666666666,3727.018666666667,80.18,0.0,0.0,0.0,0.0,3
tarantool,2026-07-13-23-35-43,1,wsl,medium,0,1,doc_increment,10000,1931.8146,0.51764804,0.5022415,0.76195955,0.8839506,0.240513,5.227315,65.04666666666667,109.88000000000001,3727.36,66.56,0.0,0.0,0.0,0.0,3
tarantool,2026-07-13-23-35-43,1,wsl,medium,0,1,doc_insert,10000,1885.3041,0.5304184,0.513011,0.7861488,0.92955464,0.255413,4.182966,51.8275,158.52249999999998,3725.8239999999996,66.2925,0.0,0.0,0.0,0.0,4
tarantool,2026-07-13-23-35-43,1,wsl,medium,0,1,doc_read,10000,3265.5605,0.30622613,0.26532,0.5198641,0.6583834,0.181628,4.324901,44.55,166.42499999999998,3726.336,66.235,0.0,0.0,0.0,10.240000000000009,2
tarantool,2026-07-13-23-35-43,1,wsl,medium,0,1,doc_read_partial,10000,3066.9954,0.326052,0.287181,0.5284134,0.6588134,0.202329,8.282829,56.760000000000005,106.05499999999999,3726.336,65.99000000000001,0.0,0.0,0.0,0.0,2
tarantool,2026-07-13-23-35-43,1,wsl,medium,0,1,doc_update_partial,10000,1551.2654,0.6446351,0.627626,0.9126659,1.0736556,0.354678,7.966012,60.6225,40.019999999999996,3727.1040000000003,60.2975,0.0,0.0,0.0,0.0,4
tarantool,2026-07-13-23-35-43,1,wsl,medium,0,1,mix_10W_90R,10000,2774.6814,0.36040175,0.3305625,0.62313706,0.79578733,0.206639,1.463315,57.050714285714285,58.91285714285714,3716.461714285714,66.51857142857143,0.0,0.0,0.0,0.0,14
tarantool,2026-07-13-23-35-43,1,wsl,medium,0,1,mix_50W_50R,20000,2335.0261,0.42826074,0.395816,0.7251687,0.8884644,0.148843,4.150012,57.050714285714285,58.91285714285714,3716.461714285714,66.51857142857143,0.0,0.0,0.0,0.0,14
tarantool,2026-07-13-23-35-43,1,wsl,medium,0,1,mix_90W_10R,10000,1795.1813,0.55704683,0.53968346,0.846032,1.0010396,0.226818,11.844098,57.050714285714285,58.91285714285714,3716.461714285714,66.51857142857143,0.0,0.0,0.0,0.0,14
tarantool,2026-07-13-23-35-43,1,wsl,medium,0,1,queue,20000,1741.0297,0.57437277,0.55642605,0.85329354,0.99282205,0.251085,3.936647,61.21142857142858,70.57857142857142,3723.4102857142857,66.69857142857143,0.0,102.39999999999782,0.0,0.0,7
tarantool,2026-07-13-23-35-43,1,wsl,medium,0,2,doc_delete,20000,3923.0132,0.5089663,0.4879865,0.7691713,0.9140935,0.204463,4.547042,69.22,237.385,3729.6639999999998,126.1,0.0,0.0,0.0,0.0,4
tarantool,2026-07-13-23-35-43,1,wsl,medium,0,2,doc_increment,20000,3449.2512,0.57669246,0.5525445,0.8501485,1.0089098,0.192479,21.464426,80.9875,136.1625,3730.176,105.925,0.0,0.0,0.0,0.0,4
tarantool,2026-07-13-23-35-43,1,wsl,medium,0,2,doc_insert,20000,3234.166,0.6110714,0.5851965,0.8802316,1.0782342,0.299961,6.791465,73.61999999999999,143.0975,3730.432,105.55,0.0,0.0,0.0,0.0,4
tarantool,2026-07-13-23-35-43,1,wsl,medium,0,2,doc_read,20000,5935.4995,0.3358282,0.30265298,0.52748567,0.6457352,0.087392,7.243212,84.91,84.38499999999999,3730.432,105.45,0.0,0.0,0.0,0.0,2
tarantool,2026-07-13-23-35-43,1,wsl,medium,0,2,doc_read_partial,20000,5073.319,0.3899839,0.3586785,0.6157685,0.7480766,0.125216,9.078738,76.69,164.86333333333334,3730.773333333333,105.73333333333333,0.0,0.0,0.0,0.0,3
tarantool,2026-07-13-23-35-43,1,wsl,medium,0,2,doc_update_partial,20000,2610.4668,0.7653841,0.743572,1.0840065,1.3025857,0.272437,8.741987,70.09,180.86399999999998,3731.0464,105.8,0.0,102.40000000000146,0.0,0.0,5
tarantool,2026-07-13-23-35-43,1,wsl,medium,0,2,mix_10W_90R,20000,4820.98,0.41073602,0.3845725,0.6577609,0.8221619,0.176869,1.529353,86.585,89.28625,3728.704,105.35375,0.0,102.40000000000146,0.0,0.0,16
tarantool,2026-07-13-23-35-43,1,wsl,medium,0,2,mix_50W_50R,40000,3969.146,0.5036987,0.48438048,0.797999,0.96876925,0.090798,4.606749,86.585,89.28625,3728.704,105.35375,0.0,102.40000000000146,0.0,0.0,16
tarantool,2026-07-13-23-35-43,1,wsl,medium,0,2,mix_90W_10R,20000,3322.3562,0.598305,0.57654047,0.8776756,1.1089824,0.213881,12.212839,86.585,89.28625,3728.704,105.35375,0.0,102.40000000000146,0.0,0.0,16
tarantool,2026-07-13-23-35-43,1,wsl,medium,0,2,queue,40000,3150.826,0.6311645,0.6113845,0.917494,1.085744,0.210354,9.571323,88.12,81.99714285714286,3729.846857142857,100.95142857142856,0.0,102.39999999999782,0.0,0.0,7
tarantool,2026-07-13-23-35-43,1,wsl,medium,0,4,doc_delete,40000,5967.049,0.6623959,0.5634135,0.94836277,1.2589968,0.199673,27.121412,93.0325,140.64,3730.176,147.0675,0.0,102.39999999999782,0.0,0.0,4
tarantool,2026-07-13-23-35-43,1,wsl,medium,0,4,doc_increment,40000,4916.526,0.80776757,0.6773155,1.0687051,1.4562716,0.236657,18.773539,83.362,176.71800000000002,3730.0224000000003,172.16,0.0,0.0,0.0,0.0,5
tarantool,2026-07-13-23-35-43,1,wsl,medium,0,4,doc_insert,40000,4486.089,0.8901595,0.7097355,1.1192636,2.162765,0.212418,37.091568,85.955,277.0,3730.2613333333334,187.98333333333335,0.0,307.2000000000007,0.0,0.0,6
tarantool,2026-07-13-23-35-43,1,wsl,medium,0,4,doc_read,40000,8588.836,0.46058878,0.43512,0.749045,0.9052389,0.111359,5.57176,83.48666666666666,291.25333333333333,3729.408,188.33333333333334,0.0,0.0,0.0,0.0,3
tarantool,2026-07-13-23-35-43,1,wsl,medium,0,4,doc_read_partial,40000,7364.4355,0.53351486,0.47197852,0.8378244,1.1063037,0.186156,27.792583,93.2575,201.6875,3728.8959999999997,188.325,0.0,0.0,0.09999999999999787,0.0,4
tarantool,2026-07-13-23-35-43,1,wsl,medium,0,4,doc_update_partial,40000,3748.9253,1.0655475,0.8467015,1.2714139,16.135433,0.191006,26.393972,95.40499999999999,151.10333333333332,3729.749333333333,188.61666666666667,0.0,0.0,0.0,0.0,6
tarantool,2026-07-13-23-35-43,1,wsl,medium,0,4,mix_10W_90R,40000,6494.537,0.6063323,0.48452652,0.84674907,1.1460769,0.16279,32.125614,97.45434782608694,125.55869565217391,3728.7401739130437,182.13434782608695,0.0,307.2000000000007,0.0,0.0,23
tarantool,2026-07-13-23-35-43,1,wsl,medium,0,4,mix_50W_50R,80000,5438.818,0.72442824,0.5636835,0.95307994,1.2824181,0.175176,23.75326,97.45434782608694,125.55869565217391,3728.7401739130437,182.13434782608695,0.0,307.2000000000007,0.0,0.0,23
tarantool,2026-07-13-23-35-43,1,wsl,medium,0,4,mix_90W_10R,40000,4382.2515,0.90727776,0.6976845,1.101053,1.7910129,0.202709,47.560802,97.45434782608694,125.55869565217391,3728.7401739130437,182.13434782608695,0.0,307.2000000000007,0.0,0.0,23
tarantool,2026-07-13-23-35-43,1,wsl,medium,0,4,queue,80000,4532.935,0.8782954,0.718395,1.1354083,1.86279,0.148533,38.603786,89.244,175.73899999999998,3729.3055999999997,178.768,0.0,0.0,0.0,0.0,10
tarantool,2026-07-13-23-35-43,1,wsl,medium,0,8,doc_delete,80000,8028.04,0.98679686,0.819703,1.3931233,6.4433403,0.116319,21.451315,84.37166666666667,322.2383333333333,3726.336,298.24833333333333,0.0,0.0,0.0,0.0,6
tarantool,2026-07-13-23-35-43,1,wsl,medium,0,8,doc_increment,80000,6537.2725,1.222266,1.019798,1.6095991,15.287238,0.181647,20.927385,90.61285714285714,208.17857142857142,3727.36,319.65714285714284,0.0,0.0,0.0,0.0,7
tarantool,2026-07-13-23-35-43,1,wsl,medium,0,8,doc_insert,80000,5811.8994,1.3712523,1.0084441,1.5950723,23.855297,0.17235,48.7459,91.13875,282.43625,3727.36,311.62,0.0,204.8000000000029,0.0,10.240000000000009,8
tarantool,2026-07-13-23-35-43,1,wsl,medium,0,8,doc_read,80000,10754.027,0.73975086,0.636981,1.1284218,1.6038009,0.129465,41.148468,78.65,443.908,3727.7696000000005,349.04,0.0,0.0,0.0,0.0,5
tarantool,2026-07-13-23-35-43,1,wsl,medium,0,8,doc_read_partial,80000,9089.948,0.87586045,0.67563796,1.2080587,2.4458604,0.124716,25.513575,69.36166666666666,441.66333333333336,3727.36,332.1333333333334,0.0,0.0,0.0,0.0,6
tarantool,2026-07-13-23-35-43,1,wsl,medium,0,8,doc_update_partial,80000,5101.442,1.5598966,1.1008785,1.7517031,26.716352,0.259775,58.593452,89.68777777777777,251.31555555555556,3728.156444444445,334.7444444444444,0.0,307.1999999999971,0.0,0.0,9
tarantool,2026-07-13-23-35-43,1,wsl,medium,0,8,mix_10W_90R,80000,8530.98,0.90984553,0.6297665,1.1009791,1.6747549,0.22353,53.597927,97.14542857142858,182.27142857142857,3726.189714285714,350.68,0.0,409.6000000000022,0.5,10.240000000000009,35
tarantool,2026-07-13-23-35-43,1,wsl,medium,0,8,mix_50W_50R,160000,7169.612,1.0886331,0.7196855,1.2767289,29.92837,0.13228,56.162205,97.14542857142858,182.27142857142857,3726.189714285714,350.68,0.0,409.6000000000022,0.5,10.240000000000009,35
tarantool,2026-07-13-23-35-43,1,wsl,medium,0,8,mix_90W_10R,80000,5582.301,1.4289229,0.953418,1.56631,30.625732,0.242858,54.27151,97.14542857142858,182.27142857142857,3726.189714285714,350.68,0.0,409.6000000000022,0.5,10.240000000000009,35
tarantool,2026-07-13-23-35-43,1,wsl,medium,0,8,queue,160000,6018.724,1.3275107,1.012023,1.5926151,21.552353,0.1933,58.388138,92.498,278.24733333333336,3726.9504,353.0466666666667,0.0,307.1999999999971,0.0,0.0,15
tarantool,2026-07-13-23-35-43,1,wsl,medium,10000,1,delete,10000,2246.0474,0.4452266,0.4158665,0.7055013,0.8335608,0.27332,5.491443,50.79333333333333,112.77333333333333,1598.1226666666669,77.03,0.0,0.0,0.0,0.0,3
tarantool,2026-07-13-23-35-43,1,wsl,medium,10000,1,insert,10000,1871.2847,0.53439224,0.513894,0.8116208,0.9567683,0.317246,4.455293,51.7975,159.725,1594.112,79.6325,0.0,0.0,0.0,0.0,4
tarantool,2026-07-13-23-35-43,1,wsl,medium,10000,1,read,10000,3412.7,0.2930231,0.2505595,0.4981398,0.6182111,0.127131,4.156769,44.93,168.82999999999998,1596.9279999999999,79.38499999999999,0.0,0.0,0.0,0.0,2
tarantool,2026-07-13-23-35-43,1,wsl,medium,10000,1,update,10000,1872.5872,0.5340205,0.51249397,0.80632126,0.958511,0.19340101,7.164722,61.1725,87.08250000000001,1597.184,79.6775,0.0,40.95999999999913,0.0,0.0,4
tarantool,2026-07-13-23-35-43,1,wsl,medium,10000,2,delete,20000,3978.2834,0.5020325,0.48097348,0.7636873,0.9131312,0.231747,5.080277,83.39666666666666,70.85666666666667,1599.488,92.65666666666668,0.0,153.60000000000036,0.0,0.0,3
tarantool,2026-07-13-23-35-43,1,wsl,medium,10000,2,insert,20000,3171.4617,0.62909794,0.60524297,0.8987338,1.0637202,0.173202,9.942749,78.4925,136.2975,1598.464,100.4225,0.0,0.0,0.0,0.0,4
tarantool,2026-07-13-23-35-43,1,wsl,medium,10000,2,read,20000,5764.8667,0.3446209,0.313779,0.54373634,0.67431176,0.078074,14.320409,53.406666666666666,260.46666666666664,1597.7813333333334,120.56666666666666,0.0,0.0,0.0,0.0,3
tarantool,2026-07-13-23-35-43,1,wsl,medium,10000,2,update,20000,3198.3403,0.62190723,0.597053,0.89370847,1.0513074,0.13188,10.29257,72.8475,143.57,1599.232,120.69999999999999,0.0,0.0,0.0,0.0,4
tarantool,2026-07-13-23-35-43,1,wsl,medium,10000,4,delete,40000,5985.6157,0.662763,0.5682925,0.96825516,1.2773275,0.21228799,14.504679,92.8425,112.1225,1600.512,160.4275,0.0,0.0,0.0,0.0,4
tarantool,2026-07-13-23-35-43,1,wsl,medium,10000,4,insert,40000,4367.052,0.9090051,0.7314775,1.143013,6.018222,0.137281,22.768719,100.612,109.852,1599.2832,194.16,0.0,30.720000000001164,0.0,0.0,5
tarantool,2026-07-13-23-35-43,1,wsl,medium,10000,4,read,40000,8572.643,0.46300986,0.43670452,0.75251967,0.9151552,0.144655,5.47162,90.66000000000001,171.86666666666667,1599.488,146.85333333333332,0.0,0.0,0.0,0.0,3
tarantool,2026-07-13-23-35-43,1,wsl,medium,10000,4,update,40000,4303.918,0.9284748,0.738284,1.1454018,8.926415,0.264662,23.63955,77.31166666666667,237.66666666666666,1600.1706666666666,192.35,0.0,0.0,0.0,0.0,6
tarantool,2026-07-13-23-35-43,1,wsl,medium,10000,8,delete,80000,7990.77,0.9904207,0.833506,1.4268482,6.6659636,0.122341,35.62657,86.04333333333334,305.795,1601.536,330.93333333333334,0.0,0.0,0.0,0.0,6
tarantool,2026-07-13-23-35-43,1,wsl,medium,10000,8,insert,80000,5638.0903,1.4138281,1.041975,1.6678618,22.48692,0.179605,61.51701,85.85444444444445,359.3411111111111,1598.3502222222223,357.5777777777778,0.0,276.47999999999956,0.0,10.240000000000009,9
tarantool,2026-07-13-23-35-43,1,wsl,medium,10000,8,read,80000,10969.105,0.71898377,0.6176105,1.1338974,1.6618615,0.096971,22.422483,69.166,464.40200000000004,1599.488,332.86,0.0,0.0,0.0,0.0,5
tarantool,2026-07-13-23-35-43,1,wsl,medium,10000,8,update,80000,5621.813,1.4207994,1.0510786,1.6799666,22.353813,0.179293,50.101643,96.55250000000001,211.44875000000002,1601.024,323.5,0.0,266.2399999999998,0.0,0.0,8
tarantool,2026-07-13-23-35-43,1,wsl,medium,100000,1,delete,100000,2298.632,0.43504134,0.398849,0.70363915,0.84340847,0.254012,9.544154,60.743043478260866,60.73391304347825,1612.6219130434783,77.57782608695652,0.0,102.39999999999964,0.0,0.0,23
tarantool,2026-07-13-23-35-43,1,wsl,medium,100000,1,insert,100000,1860.6155,0.5374566,0.513471,0.8193892,0.99123436,0.20003399,11.67545,62.77892857142857,39.815,1605.9977142857144,76.5425,0.0,481.28000000000065,0.0,10.240000000000009,28
tarantool,2026-07-13-23-35-43,1,wsl,medium,100000,1,read,100000,3316.9402,0.3014827,0.25823998,0.50858504,0.6356082,0.164144,10.477903,52.53875,62.723125,1609.856,76.46,0.0,61.43999999999869,0.0,0.0,16
tarantool,2026-07-13-23-35-43,1,wsl,medium,100000,1,update,100000,1792.8376,0.557775,0.53229547,0.85672027,1.0278593,0.211778,9.986478,62.40466666666667,47.473,1612.1856,76.235,0.0,245.76000000000022,0.0,0.0,30
tarantool,2026-07-13-23-35-43,1,wsl,medium,100000,2,delete,200000,3982.9856,0.49975398,0.478585,0.7612731,0.90651834,0.113734,13.907999,84.95423076923076,89.1373076923077,1620.4012307692308,117.93846153846154,0.0,307.2000000000007,0.0,10.240000000000009,26
tarantool,2026-07-13-23-35-43,1,wsl,medium,100000,2,insert,200000,3140.7815,0.6366877,0.607038,0.91873723,1.1398454,0.179254,23.295052,89.75060606060606,71.55060606060606,1614.8169696969696,116.38787878787879,0.0,512.0,0.0,0.0,33
tarantool,2026-07-13-23-35-43,1,wsl,medium,100000,2,read,200000,5847.964,0.34142634,0.3105925,0.53844225,0.66126907,0.092071,12.146974,83.07222222222222,96.56722222222223,1617.0097777777778,115.6222222222222,0.0,102.40000000000146,0.0,10.240000000000009,18
tarantool,2026-07-13-23-35-43,1,wsl,medium,100000,2,update,200000,3124.9023,0.6388849,0.6104075,0.9144465,1.1031423,0.167741,30.572344,87.37735294117647,80.37676470588235,1619.1247058823528,115.00882352941177,0.0,409.59999999999854,0.3000000000000007,0.0,34
tarantool,2026-07-13-23-35-43,1,wsl,medium,100000,4,delete,400000,5902.208,0.6747358,0.5795945,0.9746852,1.2978206,0.125364,36.230698,97.50514285714286,135.82342857142856,2041.5341714285714,195.07142857142858,0.0,102.39999999999964,0.0,10.240000000000009,35
tarantool,2026-07-13-23-35-43,1,wsl,medium,100000,4,insert,400000,4255.844,0.937993,0.748809,1.1663712,8.8809185,0.266731,50.352917,99.06877551020408,116.2512244897959,1673.7384489795918,195.58163265306123,1.36828125,1126.3999999999996,0.0,0.0,49
tarantool,2026-07-13-23-35-43,1,wsl,medium,100000,4,read,400000,8520.292,0.46661052,0.441476,0.7556013,0.92258835,0.134111,54.31904,98.85291666666667,141.54041666666666,1996.8,187.50625,0.0,102.39999999999964,0.0,10.240000000000009,24
tarantool,2026-07-13-23-35-43,1,wsl,medium,100000,4,update,400000,4328.2563,0.92188966,0.737049,1.143783,2.1116693,0.192195,52.2796,98.62520833333333,116.88270833333333,2023.6586666666665,193.53125,0.0,1228.800000000001,0.0,10.240000000000009,48
tarantool,2026-07-13-23-35-43,1,wsl,medium,100000,8,delete,800000,7943.0728,1.0053695,0.85113454,1.407368,11.066529,0.127481,47.18895,98.74843137254902,174.28882352941176,3714.268862745098,348.3892156862745,3.1399999999999997,102.40000000000146,0.0,10.240000000000009,51
tarantool,2026-07-13-23-35-43,1,wsl,medium,100000,8,insert,800000,5609.691,1.4254575,1.048397,1.6844594,22.676973,0.30964,73.61725,99.48356164383561,162.65452054794522,2453.5320547945207,353.62739726027394,0.0,2355.2000000000007,0.3000000000000007,10.240000000000009,73
tarantool,2026-07-13-23-35-43,1,wsl,medium,100000,8,read,800000,10256.253,0.7772425,0.65105546,1.1952034,1.7069917,0.128582,36.48956,96.87625,216.19425,3631.3599999999997,349.04499999999996,0.0,204.79999999999927,0.0,20.480000000000018,40
tarantool,2026-07-13-23-35-43,1,wsl,medium,100000,8,update,800000,5655.1304,1.4135656,1.0311744,1.6314254,22.986847,0.186527,1229.4979,97.44068493150685,181.10397260273973,3674.8414246575344,352.35890410958905,0.0,2560.0,0.0,20.480000000000018,73
tarantool,2026-07-13-23-35-43,1,wsl,small,0,1,doc_delete,10000,2360.3682,0.4236627,0.394301,0.66782534,0.8166861,0.158363,5.04928,50.69,138.65333333333334,1579.008,69.48666666666666,0.0,0.0,0.0,0.0,3
tarantool,2026-07-13-23-35-43,1,wsl,small,0,1,doc_increment,10000,2029.4767,0.4927379,0.468715,0.75814754,0.90534806,0.114596,4.33734,61.61666666666667,109.62666666666667,1579.008,61.29333333333333,0.0,0.0,0.0,0.0,3
tarantool,2026-07-13-23-35-43,1,wsl,small,0,1,doc_insert,10000,2383.4414,0.4195614,0.383517,0.6836306,0.82635033,0.150778,4.198726,45.35333333333333,116.69333333333333,1579.008,61.076666666666675,0.0,0.0,0.0,0.0,3
tarantool,2026-07-13-23-35-43,1,wsl,small,0,1,doc_read,10000,3666.8486,0.27271375,0.228937,0.47906035,0.5930829,0.134856,3.782209,36.004999999999995,164.555,1579.008,60.85,0.0,0.0,0.0,0.0,2
tarantool,2026-07-13-23-35-43,1,wsl,small,0,1,doc_read_partial,10000,3190.9392,0.31338736,0.271345,0.5218087,0.65807,0.170887,4.11156,54.55,42.485,1578.496,61.155,0.0,0.0,0.0,0.0,2
tarantool,2026-07-13-23-35-43,1,wsl,small,0,1,doc_update_partial,10000,2029.6521,0.49269527,0.4708465,0.73371905,0.8903944,0.232208,4.214051,57.416666666666664,38.19333333333333,1579.008,59.23666666666667,0.0,0.0,0.0,0.0,3
tarantool,2026-07-13-23-35-43,1,wsl,small,0,1,mix_10W_90R,10000,2944.609,0.33960366,0.309147,0.59380996,0.7350377,0.195806,1.400678,52.82769230769231,58.073076923076925,1577.984,61.27538461538462,0.0,10.239999999999782,0.0,0.0,13
tarantool,2026-07-13-23-35-43,1,wsl,small,0,1,mix_50W_50R,20000,2613.2617,0.38266355,0.3476255,0.6482494,0.8108884,0.140377,5.514396,52.82769230769231,58.073076923076925,1577.984,61.27538461538462,0.0,10.239999999999782,0.0,0.0,13
tarantool,2026-07-13-23-35-43,1,wsl,small,0,1,mix_90W_10R,10000,2157.7166,0.46345294,0.436686,0.7402972,0.87665665,0.216978,10.577325,52.82769230769231,58.073076923076925,1577.984,61.27538461538462,0.0,10.239999999999782,0.0,0.0,13
tarantool,2026-07-13-23-35-43,1,wsl,small,0,1,queue,20000,2135.564,0.4682604,0.4472015,0.71932775,0.8569118,0.163182,5.413885,63.04,34.558,1578.3935999999999,61.21,0.0,0.0,0.0,0.0,5
tarantool,2026-07-13-23-35-43,1,wsl,small,0,2,doc_delete,20000,4195.207,0.47288662,0.452822,0.7135,0.8524907,0.099797,5.743671,72.58,157.23333333333332,1580.3733333333332,84.94666666666667,0.0,0.0,0.0,0.0,3
tarantool,2026-07-13-23-35-43,1,wsl,small,0,2,doc_increment,20000,3718.2468,0.5375851,0.5160195,0.79162973,0.9421748,0.142712,5.751879,72.9125,194.4075,1580.032,85.0025,0.0,0.0,0.0,0.0,4
tarantool,2026-07-13-23-35-43,1,wsl,small,0,2,doc_insert,20000,4078.4172,0.4872464,0.467364,0.7308101,0.86211324,0.110869,5.864141,72.56333333333333,157.34666666666666,1579.3493333333333,85.32666666666667,0.0,0.0,0.0,0.0,3
tarantool,2026-07-13-23-35-43,1,wsl,small,0,2,doc_read,20000,6108.882,0.3253856,0.30349648,0.5118943,0.62362236,0.088344,5.345629,77.21000000000001,88.14,1579.52,84.945,0.0,0.0,0.0,0.0,2
tarantool,2026-07-13-23-35-43,1,wsl,small,0,2,doc_read_partial,20000,5689.2217,0.34916592,0.32348448,0.5470705,0.6737345,0.101951,5.218278,80.655,79.07499999999999,1579.008,84.82499999999999,0.0,0.0,0.0,0.0,2
tarantool,2026-07-13-23-35-43,1,wsl,small,0,2,doc_update_partial,20000,3561.6838,0.5612884,0.53839004,0.8347652,0.99958706,0.124977,8.772186,79.51,128.655,1579.7759999999998,84.8,0.0,0.0,0.0,0.0,4
tarantool,2026-07-13-23-35-43,1,wsl,small,0,2,mix_10W_90R,20000,5356.4243,0.37264702,0.354117,0.5740982,0.6981037,0.158604,2.294904,84.07461538461538,75.52153846153846,1578.9292307692308,84.75461538461538,0.0,10.239999999999782,0.0,0.0,13
tarantool,2026-07-13-23-35-43,1,wsl,small,0,2,mix_50W_50R,40000,4868.869,0.41047686,0.3917805,0.63961107,0.77153015,0.082914,5.39608,84.07461538461538,75.52153846153846,1578.9292307692308,84.75461538461538,0.0,10.239999999999782,0.0,0.0,13
tarantool,2026-07-13-23-35-43,1,wsl,small,0,2,mix_90W_10R,20000,4220.478,0.47274873,0.4534325,0.70947886,0.841148,0.205115,12.382261,84.07461538461538,75.52153846153846,1578.9292307692308,84.75461538461538,0.0,10.239999999999782,0.0,0.0,13
tarantool,2026-07-13-23-35-43,1,wsl,small,0,2,queue,40000,3784.7114,0.5275702,0.5093925,0.77990246,0.92350566,0.108555004,6.226611,78.175,70.98666666666666,1579.008,81.39,0.0,0.0,0.0,10.240000000000009,6
tarantool,2026-07-13-23-35-43,1,wsl,small,0,4,doc_delete,40000,6637.196,0.59762156,0.5237915,0.85913575,1.1211213,0.146856,12.943231,76.97,227.76749999999998,1583.104,130.575,0.0,0.0,0.0,0.0,4
tarantool,2026-07-13-23-35-43,1,wsl,small,0,4,doc_increment,40000,5511.58,0.72490126,0.61696506,0.9763533,1.2662472,0.2283,31.103064,80.99,250.60399999999998,1583.104,131.78,0.0,0.0,0.0,0.0,5
tarantool,2026-07-13-23-35-43,1,wsl,small,0,4,doc_insert,40000,6646.1885,0.5926312,0.5262615,0.8567543,1.1265366,0.112633,13.00282,79.435,267.71000000000004,1582.336,131.1,0.0,20.480000000001382,0.0,0.0,4
tarantool,2026-07-13-23-35-43,1,wsl,small,0,4,doc_read,40000,9886.8,0.39934152,0.37159652,0.6378609,0.78350705,0.093785,13.417927,71.95333333333333,329.4433333333333,1582.4213333333335,131.56666666666666,0.0,0.0,0.0,0.0,3
tarantool,2026-07-13-23-35-43,1,wsl,small,0,4,doc_read_partial,40000,8756.941,0.4535125,0.4139575,0.7117259,0.88985,0.110135,10.148059,82.32666666666667,158.00333333333333,1583.104,125.63333333333333,0.0,0.0,0.0,0.0,3
tarantool,2026-07-13-23-35-43,1,wsl,small,0,4,doc_update_partial,40000,5534.2197,0.7201621,0.623218,0.9788257,1.2529682,0.211669,17.050695,85.51599999999999,244.628,1583.104,131.74,0.0,0.0,0.0,10.240000000000009,5
tarantool,2026-07-13-23-35-43,1,wsl,small,0,4,mix_10W_90R,40000,7604.119,0.51400304,0.426505,0.7064825,0.91616684,0.169594,15.897407,97.10388888888889,125.79277777777777,1580.4302222222223,129.52277777777778,0.0,10.239999999999782,0.0,0.0,18
tarantool,2026-07-13-23-35-43,1,wsl,small,0,4,mix_50W_50R,80000,7100.907,0.55860233,0.46829,0.7803005,1.0175066,0.145727,17.263227,97.10388888888889,125.79277777777777,1580.4302222222223,129.52277777777778,0.0,10.239999999999782,0.0,0.0,18
tarantool,2026-07-13-23-35-43,1,wsl,small,0,4,mix_90W_10R,40000,6620.987,0.5981956,0.5121565,0.8385172,1.0956211,0.196859,38.062965,97.10388888888889,125.79277777777777,1580.4302222222223,129.52277777777778,0.0,10.239999999999782,0.0,0.0,18
tarantool,2026-07-13-23-35-43,1,wsl,small,0,4,queue,80000,5933.6987,0.6730246,0.58948195,0.9355332,1.2479126,0.115949,31.21928,86.33625,232.4275,1581.568,131.3875,0.0,20.479999999999563,0.0,0.0,8
tarantool,2026-07-13-23-35-43,1,wsl,small,0,8,doc_delete,80000,9046.482,0.8710826,0.67356706,1.1666753,1.9986992,0.124325,25.280346,81.39,327.61833333333334,1587.5413333333333,200.79166666666666,0.0,20.479999999999563,0.0,10.239999999999782,6
tarantool,2026-07-13-23-35-43,1,wsl,small,0,8,doc_increment,80000,7567.2334,1.051124,0.845941,1.3656342,17.072178,0.131089,23.573574,79.70714285714287,398.4042857142857,1587.3462857142858,224.34285714285713,0.0,0.0,0.0,0.0,7
tarantool,2026-07-13-23-35-43,1,wsl,small,0,8,doc_insert,80000,8962.015,0.8866464,0.676588,1.1691753,1.8679128,0.146201,47.421856,78.13666666666667,471.3016666666667,1584.9813333333334,224.23333333333335,0.0,0.0,0.0,0.0,6
tarantool,2026-07-13-23-35-43,1,wsl,small,0,8,doc_read,80000,13393.353,0.5936205,0.534461,0.9229865,1.3010366,0.095319,12.074528,78.09,481.3975,1587.2,194.6,0.0,0.0,0.0,0.0,4
tarantool,2026-07-13-23-35-43,1,wsl,small,0,8,doc_read_partial,80000,10835.429,0.7312752,0.5860245,1.0296562,1.474427,0.110379,23.197645,80.826,469.71999999999997,1587.2,224.7,0.0,30.720000000001164,0.0,0.0,5
tarantool,2026-07-13-23-35-43,1,wsl,small,0,8,doc_update_partial,80000,7414.6494,1.074291,0.8421335,1.3668952,18.060614,0.137142,50.244827,77.44285714285715,419.93142857142857,1587.3462857142858,224.29999999999998,0.0,0.0,0.0,0.0,7
tarantool,2026-07-13-23-35-43,1,wsl,small,0,8,mix_10W_90R,80000,9914.596,0.78404236,0.5524755,0.9640469,1.3349416,0.178251,53.797215,97.06703703703704,213.007037037037,1582.2317037037037,219.13481481481483,0.0,40.95999999999913,0.0,0.0,27
tarantool,2026-07-13-23-35-43,1,wsl,small,0,8,mix_50W_50R,160000,9396.088,0.8381289,0.580137,1.0265347,1.5610238,0.103734,43.737076,97.06703703703704,213.007037037037,1582.2317037037037,219.13481481481483,0.0,40.95999999999913,0.0,0.0,27
tarantool,2026-07-13-23-35-43,1,wsl,small,0,8,mix_90W_10R,80000,8830.054,0.90205956,0.6567255,1.1286874,1.7514883,0.204643,29.877052,97.06703703703704,213.007037037037,1582.2317037037037,219.13481481481483,0.0,40.95999999999913,0.0,0.0,27
tarantool,2026-07-13-23-35-43,1,wsl,small,0,8,queue,160000,7988.53,0.9967879,0.7840565,1.3017824,11.320306,0.107452,24.246307,92.34,212.8,1583.010909090909,220.94545454545457,0.0,20.479999999999563,0.0,10.240000000000009,11
tarantool,2026-07-13-23-35-43,1,wsl,small,10000,1,delete,10000,2230.7146,0.44828686,0.415257,0.71418905,0.8660843,0.171211,8.168833,46.5,86.64666666666666,22.679999999999996,32.53666666666667,0.0,0.0,0.0,0.0,3
tarantool,2026-07-13-23-35-43,1,wsl,small,10000,1,insert,10000,2431.2886,0.41130453,0.3734605,0.6724527,0.8104017,0.152676,4.421639,51.85,198.00666666666666,21.77333333333333,26.763333333333332,0.0,0.0,0.0,0.0,3
tarantool,2026-07-13-23-35-43,1,wsl,small,10000,1,read,10000,3455.5085,0.289393,0.2477845,0.49217492,0.6190473,0.094032,3.829458,43.57,163.725,22.14,26.025,0.0,0.0,0.0,0.0,2
tarantool,2026-07-13-23-35-43,1,wsl,small,10000,1,update,10000,2238.076,0.44681236,0.4126645,0.72797275,0.86971056,0.170573,4.677094,46.03666666666667,117.78666666666668,22.253333333333334,26.116666666666664,0.0,0.0,0.0,0.0,3
tarantool,2026-07-13-23-35-43,1,wsl,small,10000,2,delete,20000,4379.405,0.4551449,0.43454552,0.6899935,0.8217901,0.119639,5.046624,60.723333333333336,200.96333333333334,25.040000000000003,63.846666666666664,0.0,0.0,0.0,0.0,3
tarantool,2026-07-13-23-35-43,1,wsl,small,10000,2,insert,20000,4239.574,0.46356416,0.44386798,0.7047493,0.8393883,0.106346,5.393346,74.87333333333333,113.56,23.826666666666668,33.970666666666666,0.0,0.0,0.0,0.0,3
tarantool,2026-07-13-23-35-43,1,wsl,small,10000,2,read,20000,6119.786,0.32158622,0.30315,0.50405455,0.607348,0.078675,12.890229,59.666666666666664,256.97333333333336,24.72666666666667,49.449999999999996,0.0,0.0,0.0,0.0,3
tarantool,2026-07-13-23-35-43,1,wsl,small,10000,2,update,20000,4323.774,0.45679736,0.435745,0.69005966,0.81770986,0.112621,4.954988,73.09,160.06,24.663333333333338,41.93666666666667,0.0,0.0,0.0,0.0,3
tarantool,2026-07-13-23-35-43,1,wsl,small,10000,4,delete,40000,6860.7856,0.5742794,0.5031965,0.8364172,1.0967236,0.11544,12.862437,72.925,278.73,28.9775,105.71000000000001,0.0,0.0,0.0,1.2462890624999998,4
tarantool,2026-07-13-23-35-43,1,wsl,small,10000,4,insert,40000,6908.2983,0.57185936,0.49595702,0.8168473,1.0628667,0.187514,13.95637,82.9975,260.58750000000003,26.802500000000002,95.8925,0.0,0.0,0.0,0.0,4
tarantool,2026-07-13-23-35-43,1,wsl,small,10000,4,read,40000,9867.444,0.39969745,0.3758155,0.6404021,0.78446805,0.094984,6.410172,56.31333333333333,270.98,28.986666666666668,96.14999999999999,0.0,0.0,0.0,0.603515625,3
tarantool,2026-07-13-23-35-43,1,wsl,small,10000,4,update,40000,6729.77,0.59018224,0.519475,0.8536705,1.1177421,0.178496,31.770819,75.4175,225.6025,29.0025,85.10249999999999,0.0,0.0,0.0,0.0,4
tarantool,2026-07-13-23-35-43,1,wsl,small,10000,8,delete,80000,9340.976,0.84935117,0.6749475,1.163966,1.8644736,0.109136,24.938961,90.862,345.01,37.434000000000005,171.294,0.0,23.4,0.0,0.0,5
tarantool,2026-07-13-23-35-43,1,wsl,small,10000,8,insert,80000,8975.653,0.8793887,0.683645,1.1721365,2.3286738,0.118551,24.089045,76.18499999999999,472.71000000000004,32.22666666666667,187.28333333333333,0.0,25.099999999999998,0.0,0.0,6
tarantool,2026-07-13-23-35-43,1,wsl,small,10000,8,read,80000,11911.839,0.663591,0.595955,0.97886324,1.3517699,0.099674,14.656001,60.706,518.966,36.262,182.34,0.0,0.0,0.0,2.05,5
tarantool,2026-07-13-23-35-43,1,wsl,small,10000,8,update,80000,8993.159,0.88447773,0.682882,1.161314,1.9273182,0.132741,52.1716,98.268,260.51,37.21,184.92000000000002,0.0,0.0,0.0,0.0,5
tarantool,2026-07-13-23-35-43,1,wsl,small,100000,1,delete,100000,2167.3564,0.46139157,0.427633,0.7698244,0.9481423,0.179785,9.780868,56.16041666666666,47.494166666666665,42.004583333333336,26.928749999999997,0.0,11.299999999999997,0.0,0.6999999999999993,24
tarantool,2026-07-13-23-35-43,1,wsl,small,100000,1,insert,100000,2280.0942,0.4385784,0.405198,0.70988166,0.8612788,0.25341,9.873291,56.59434782608696,37.75173913043478,38.138260869565215,26.490434782608695,0.0,19.400000000000006,0.0,7.859999999999999,23
tarantool,2026-07-13-23-35-43,1,wsl,small,100000,1,read,100000,3322.6572,0.30096394,0.25809,0.523933,0.657334,0.131873,9.988451,47.038125,69.520625,41.14375,26.52,0.0,1.2000000000000028,0.0,0.5999999999999996,16
tarantool,2026-07-13-23-35-43,1,wsl,small,100000,1,update,100000,2181.751,0.4583474,0.42828548,0.7511534,0.8999614,0.144045,11.418491,56.76499999999999,41.677083333333336,42.124583333333334,26.339166666666667,0.0,12.299999999999997,0.0,3.400000000000002,24
tarantool,2026-07-13-23-35-43,1,wsl,small,100000,2,delete,200000,4126.4785,0.484548,0.464046,0.7351262,0.8740032,0.093365,11.223567,80.30760000000001,78.58319999999999,62.751599999999996,48.27832,0.0,13.0,0.0,3.5,25
tarantool,2026-07-13-23-35-43,1,wsl,small,100000,2,insert,200000,3895.2542,0.5130651,0.4916125,0.78415734,0.9321162,0.092072,10.631491,77.18296296296296,82.50703703703704,47.345925925925926,50.160740740740735,0.0,32.0,0.0,2.5,27
tarantool,2026-07-13-23-35-43,1,wsl,small,100000,2,read,200000,6186.2407,0.32217658,0.2993325,0.5080901,0.62207985,0.081831,10.808394,76.94294117647058,99.04,61.04882352941176,48.90588235294118,0.0,9.0,0.0,1.5,17
tarantool,2026-07-13-23-35-43,1,wsl,small,100000,2,update,200000,3973.6404,0.50196666,0.480293,0.76801115,0.9068192,0.090789,12.581426,77.63814814814815,89.98,61.842222222222226,50.91740740740741,0.0,34.0,0.0,7.099999999999998,27
tarantool,2026-07-13-23-35-43,1,wsl,small,100000,4,delete,400000,6388.234,0.62361264,0.551728,0.89423627,1.1764432,0.153573,22.652054,95.40424242424243,175.07393939393938,103.22424242424243,100.85181818181819,0.0,29.0,0.0,7.499999999999993,33
tarantool,2026-07-13-23-35-43,1,wsl,small,100000,4,insert,400000,6187.068,0.6404709,0.576851,0.9614131,1.2569156,0.185636,30.115505,95.36911764705883,142.8291176470588,73.17117647058824,96.40558823529412,0.0,74.0,0.0,6.600000000000001,34
tarantool,2026-07-13-23-35-43,1,wsl,small,100000,4,read,400000,7612.771,0.52312136,0.4559085,0.94518304,1.5430921,0.129255,17.177738,97.12592592592593,181.25074074074075,100.17296296296297,96.40851851851852,0.0,4.0,0.0,9.200000000000003,27
tarantool,2026-07-13-23-35-43,1,wsl,small,100000,4,update,400000,5883.677,0.6774208,0.63417554,1.00179,1.2473673,0.206027,221.45091,96.20277777777778,172.26361111111112,101.33472222222223,97.95305555555555,0.0,64.0,0.0,6.399999999999999,36
tarantool,2026-07-13-23-35-43,1,wsl,small,100000,8,delete,800000,9078.536,0.8797735,0.693686,1.185135,1.7651163,0.132882,56.8463,98.35066666666665,185.95822222222225,184.20444444444445,189.62800000000001,0.0,68.0,0.0,13.0,45
tarantool,2026-07-13-23-35-43,1,wsl,small,100000,8,insert,800000,7966.778,1.0016116,0.778028,1.30887,16.63339,0.181207,59.738552,97.27923076923078,221.92384615384617,123.725,189.9923076923077,0.0,114.0,0.0,16.5,52
tarantool,2026-07-13-23-35-43,1,wsl,small,100000,8,read,800000,11232.911,0.7097675,0.613538,1.0147221,1.4030582,0.164143,59.872185,95.27135135135136,272.3848648648649,177.48108108108107,191.23783783783784,0.0,38.0,0.0,18.0,37
tarantool,2026-07-13-23-35-43,1,wsl,small,100000,8,update,800000,8830.985,0.9039544,0.7022745,1.1986021,1.8811314,0.156237,65.610565,96.97063829787234,208.6068085106383,180.3404255319149,192.19574468085108,0.0,121.0,0.0,15.900000000000006,47
tarantool,2026-07-13-23-35-43,1,wsl,small,1000000,1,delete,1000000,2322.2595,0.4306151,0.395152,0.70094,0.84774905,0.180696,14.238491,58.67857142857143,37.14677419354839,231.40691244239633,31.22405529953917,0.0,71.67999999999984,0.0,21.0,217
tarantool,2026-07-13-23-35-43,1,wsl,small,1000000,1,insert,1000000,2185.9043,0.4574766,0.4257305,0.751482,0.9017682,0.214362,11.651131,57.191153846153846,37.58482905982906,192.93931623931624,29.749743589743588,0.0,195.0,0.0,21.0,234
tarantool,2026-07-13-23-35-43,1,wsl,small,1000000,1,read,1000000,3310.6602,0.30205455,0.25794,0.5252302,0.6654622,0.141569,10.675077,49.45117647058824,49.27464052287582,224.5575163398693,30.33797385620915,0.0,1.0,0.0,21.0,153
tarantool,2026-07-13-23-35-43,1,wsl,small,1000000,1,update,1000000,2286.6953,0.4373123,0.4023785,0.71001905,0.8568831,0.152801,26.240192,57.830403587443946,37.002466367713,226.97085201793723,30.71188340807175,0.0,213.16000000000008,0.0,20.0,223
tarantool,2026-07-13-23-35-43,1,wsl,small,1000000,2,delete,2000000,4123.523,0.4835497,0.46252602,0.72924304,0.865699,0.120308,23.17481,81.30004081632653,70.94440816326531,429.1955102040816,60.85689795918368,0.0,122.87999999999988,2.0500000000000003,41.0,245
tarantool,2026-07-13-23-35-43,1,wsl,small,1000000,2,insert,2000000,4074.619,0.48990995,0.467922,0.7384881,0.877387,0.114042,42.38293,80.58051792828685,70.9621513944223,283.8972111553785,55.01382470119522,0.0,378.8800000000001,0.0,39.0,251
tarantool,2026-07-13-23-35-43,1,wsl,small,1000000,2,read,2000000,6127.772,0.32617342,0.3023695,0.51195407,0.62933606,0.091466,25.238153,79.57860606060606,86.65230303030303,416.0551515151516,55.81454545454545,0.0,20.480000000000018,0.0,39.0,165
tarantool,2026-07-13-23-35-43,1,wsl,small,1000000,2,update,2000000,4111.602,0.4861186,0.464765,0.7291431,0.86501,0.122252,33.813877,80.90092741935484,70.44302419354838,422.52782258064514,56.606491935483874,0.0,368.6399999999999,2.80599609375,38.0,248
tarantool,2026-07-13-23-35-43,1,wsl,small,1000000,4,delete,4000000,6628.777,0.60086364,0.5249715,0.8621961,1.125677,0.170702,48.43314,100.11475247524753,119.01848184818482,816.9950495049505,112.96676567656766,0.0,225.2800000000002,0.0,83.0,303
tarantool,2026-07-13-23-35-43,1,wsl,small,1000000,4,insert,4000000,6639.519,0.6000865,0.526874,0.86338603,1.133606,0.170166,50.11041,99.92775244299675,123.44371335504886,528.0416938110749,110.03980456026059,0.0,778.2400000000002,0.0,80.0,307
tarantool,2026-07-13-23-35-43,1,wsl,small,1000000,4,read,4000000,9087.495,0.43890786,0.405641,0.679327,0.817821,0.118103,100.97722,99.00279279279279,151.74324324324326,789.1211711711711,110.91454954954955,0.0919921875,409.5999999999999,0.0,78.0,222
tarantool,2026-07-13-23-35-43,1,wsl,small,1000000,4,update,4000000,6449.146,0.6191251,0.550864,0.893525,1.1693951,0.16102,53.6134,100.04832807570978,129.0705047318612,802.8760252365931,112.18798107255519,0.0,778.2400000000002,0.0,80.0,317
tarantool,2026-07-13-23-35-43,1,wsl,small,1000000,8,delete,8000000,8872.84,0.89992493,0.709681,1.207497,1.8228014,0.135828,58.36694,99.67469026548672,177.15088495575222,1576.9713274336284,222.9921238938053,0.0,460.8000000000011,0.0,163.84000000000015,452
tarantool,2026-07-13-23-35-43,1,wsl,small,1000000,8,insert,8000000,8890.358,0.8977654,0.696378,1.188425,1.8809651,0.122140996,61.50818,99.4223903508772,184.8247149122807,1000.2194736842106,206.7211403508772,0.0,1525.7599999999993,0.0,157.0,456
tarantool,2026-07-13-23-35-43,1,wsl,small,1000000,8,read,8000000,12207.338,0.6536369,0.554397,0.9589551,1.324569,0.10619,54.983513,99.62088145896655,224.36082066869304,1513.2883647416415,207.6661398176292,0.0,0.0,0.0,190.48000000000002,329
tarantool,2026-07-13-23-35-43,1,wsl,small,1000000,8,update,8000000,8575.253,0.93100965,0.708333,1.208999,1.9764931,0.122152,85.11999,99.56241525423728,179.04099576271187,1541.9162033898303,214.23362288135593,0.4197265625,2304.0,0.0,163.83999999999992,472
tarantool,2026-07-14-03-05-02,2,wsl,medium,0,1,doc_delete,10000,2266.3318,0.4412417,0.41391098,0.70509166,0.84002644,0.22123599,4.032253,50.24,119.02666666666666,3721.5573333333327,54.699999999999996,0.0,0.0,0.0,0.0,3
tarantool,2026-07-14-03-05-02,2,wsl,medium,0,1,doc_increment,10000,1984.2683,0.5039641,0.487822,0.7464493,0.8791464,0.17377299,5.389526,63.22333333333333,112.72333333333334,3721.8986666666665,51.5,0.0,0.0,0.0,0.0,3
tarantool,2026-07-14-03-05-02,2,wsl,medium,0,1,doc_insert,10000,1960.5831,0.5100523,0.488275,0.7805003,0.92604935,0.209865,6.066099,48.815,158.95,3720.7039999999997,52.114999999999995,0.0,0.0,0.0,0.0,4
tarantool,2026-07-14-03-05-02,2,wsl,medium,0,1,doc_read,10000,3438.108,0.29085764,0.24609199,0.49489826,0.6089142,0.140467,3.873906,45.74,165.54,3721.216,52.08,0.0,102.39999999999782,0.0,0.0,2
tarantool,2026-07-14-03-05-02,2,wsl,medium,0,1,doc_read_partial,10000,2697.5828,0.37070227,0.33605498,0.6257719,0.79931784,0.20721,3.942507,55.22666666666667,119.03333333333335,3721.5573333333327,51.526666666666664,0.0,0.0,0.0,0.0,3
tarantool,2026-07-14-03-05-02,2,wsl,medium,0,1,doc_update_partial,10000,1604.9698,0.62306464,0.60778403,0.8826955,1.0324956,0.161099,6.21374,58.2275,96.5125,3721.216,44.52,0.0,0.0,0.0,0.0,4
tarantool,2026-07-14-03-05-02,2,wsl,medium,0,1,mix_10W_90R,10000,2757.5178,0.36264497,0.3371455,0.62083703,0.801957,0.186859,1.234344,57.13642857142857,70.00928571428571,3716.169142857143,52.43642857142857,0.0,102.40000000000146,0.0,10.240000000000009,14
tarantool,2026-07-14-03-05-02,2,wsl,medium,0,1,mix_50W_50R,20000,2352.6675,0.42504942,0.390926,0.72384447,0.88150245,0.143603,6.802293,57.13642857142857,70.00928571428571,3716.169142857143,52.43642857142857,0.0,102.40000000000146,0.0,10.240000000000009,14
tarantool,2026-07-14-03-05-02,2,wsl,medium,0,1,mix_90W_10R,10000,1909.6843,0.5236468,0.50083554,0.80670154,0.9560603,0.221958,10.393117,57.13642857142857,70.00928571428571,3716.169142857143,52.43642857142857,0.0,102.40000000000146,0.0,10.240000000000009,14
tarantool,2026-07-14-03-05-02,2,wsl,medium,0,1,queue,20000,1874.892,0.53336406,0.512124,0.7998115,0.9473804,0.198892,5.776407,65.21166666666666,46.105,3719.6800000000003,45.155,0.0,0.0,0.0,0.0,6
tarantool,2026-07-14-03-05-02,2,wsl,medium,0,2,doc_delete,20000,3931.106,0.5070662,0.48520797,0.77636063,0.91665864,0.105698995,5.641176,78.60333333333334,69.50333333333333,3730.773333333333,69.86999999999999,0.0,0.0,0.0,0.0,3
tarantool,2026-07-14-03-05-02,2,wsl,medium,0,2,doc_increment,20000,3434.6707,0.579763,0.5589025,0.87046534,1.017353,0.221537,5.143416,72.605,206.73000000000002,3730.688,93.03999999999999,0.0,0.0,0.0,0.0,4
tarantool,2026-07-14-03-05-02,2,wsl,medium,0,2,doc_insert,20000,3248.274,0.61301535,0.59065795,0.88458556,1.0394509,0.294732,6.37907,74.995,142.66,3728.8959999999997,79.175,0.0,0.0,0.0,0.0,4
tarantool,2026-07-14-03-05-02,2,wsl,medium,0,2,doc_read,20000,5769.706,0.34476405,0.31767148,0.5351348,0.6560274,0.08614,6.218097,56.73666666666667,259.54333333333335,3729.749333333333,93.11333333333334,0.0,0.0,0.0,0.0,3
tarantool,2026-07-14-03-05-02,2,wsl,medium,0,2,doc_read_partial,20000,5191.3394,0.383319,0.35265452,0.612652,0.76238716,0.083054,4.812187,85.31666666666666,133.0,3729.408,93.77,0.0,102.39999999999782,0.0,0.0,3
tarantool,2026-07-14-03-05-02,2,wsl,medium,0,2,doc_update_partial,20000,2789.8638,0.71687394,0.6926555,1.0260559,1.2043788,0.194704,5.793852,86.182,160.012,3730.2272,93.54400000000001,0.0,0.0,0.0,0.0,5
tarantool,2026-07-14-03-05-02,2,wsl,medium,0,2,mix_10W_90R,20000,4901.611,0.40553036,0.3814,0.6524743,0.82201636,0.163853,1.47487,87.469375,94.904375,3723.84,93.87375,0.0,0.0,0.0,0.0,16
tarantool,2026-07-14-03-05-02,2,wsl,medium,0,2,mix_50W_50R,40000,4015.1853,0.49502817,0.476842,0.7867212,0.9477133,0.175136,6.055487,87.469375,94.904375,3723.84,93.87375,0.0,0.0,0.0,0.0,16
tarantool,2026-07-14-03-05-02,2,wsl,medium,0,2,mix_90W_10R,20000,3407.1099,0.58625185,0.5681485,0.86032254,1.0187535,0.21286,11.067609,87.469375,94.904375,3723.84,93.87375,0.0,0.0,0.0,0.0,16
tarantool,2026-07-14-03-05-02,2,wsl,medium,0,2,queue,40000,3120.601,0.63936347,0.6184435,0.939646,1.0925313,0.214524,6.278418,83.89142857142858,70.67571428571429,3726.774857142857,85.70285714285714,0.0,204.8000000000029,0.0,0.0,7
tarantool,2026-07-14-03-05-02,2,wsl,medium,0,4,doc_delete,40000,6734.8594,0.5836102,0.5565955,0.92468065,1.1360198,0.144966,8.642923,86.05,491.64500000000004,3736.832,202.5,0.0,0.0,0.0,0.0,4
tarantool,2026-07-14-03-05-02,2,wsl,medium,0,4,doc_increment,40000,5893.9854,0.67128557,0.6534815,1.0284271,1.2268093,0.128854,8.52781,110.0775,127.065,3737.8559999999998,132.64175,0.0,0.0,0.0,0.0,4
tarantool,2026-07-14-03-05-02,2,wsl,medium,0,4,doc_insert,40000,5387.772,0.73669493,0.705819,1.0665435,1.2956905,0.305182,11.026153,89.196,299.592,3737.1904000000004,172.56,0.0,204.79999999999927,0.0,0.0,5
tarantool,2026-07-14-03-05-02,2,wsl,medium,0,4,doc_read,40000,8621.64,0.45960927,0.433901,0.7492562,0.9081811,0.102793,5.40601,86.3,154.51333333333332,3736.5759999999996,135.39333333333335,0.0,0.0,0.0,0.0,3
tarantool,2026-07-14-03-05-02,2,wsl,medium,0,4,doc_read_partial,40000,8057.787,0.49039805,0.461736,0.7979764,0.99753344,0.181568,6.01094,90.3675,292.3225,3736.576,174.475,0.0,0.0,0.0,0.0,4
tarantool,2026-07-14-03-05-02,2,wsl,medium,0,4,doc_update_partial,40000,4664.993,0.855652,0.82388246,1.2470793,1.542329,0.31132498,10.672173,116.096,182.44,3737.3952,174.16,0.0,0.0,0.0,0.0,5
tarantool,2026-07-14-03-05-02,2,wsl,medium,0,4,mix_10W_90R,40000,8129.55,0.48875234,0.46002948,0.7925255,0.97481847,0.168492,1.844777,114.59894736842107,171.23631578947368,3733.4501052631576,174.71052631578948,0.0,307.2000000000007,0.0,0.0,19
tarantool,2026-07-14-03-05-02,2,wsl,medium,0,4,mix_50W_50R,80000,6919.9116,0.5738807,0.5494325,0.9221053,1.1454176,0.163462,9.794821,114.59894736842107,171.23631578947368,3733.4501052631576,174.71052631578948,0.0,307.2000000000007,0.0,0.0,19
tarantool,2026-07-14-03-05-02,2,wsl,medium,0,4,mix_90W_10R,40000,5725.4644,0.69566476,0.669178,1.0373429,1.3245364,0.218291,13.009787,114.59894736842107,171.23631578947368,3733.4501052631576,174.71052631578948,0.0,307.2000000000007,0.0,0.0,19
tarantool,2026-07-14-03-05-02,2,wsl,medium,0,4,queue,80000,5451.3447,0.7319338,0.70252,1.088443,1.3019166,0.232429,48.516987,103.80111111111111,204.6988888888889,3735.8933333333334,174.22222222222223,0.0,0.0,0.0,10.240000000000009,9
tarantool,2026-07-14-03-05-02,2,wsl,medium,0,8,doc_delete,80000,9720.198,0.81416667,0.787607,1.3150215,1.6153588,0.132883,10.959156,102.93800000000002,311.098,3735.9616,272.5282,0.0,0.0,0.0,0.0,5
tarantool,2026-07-14-03-05-02,2,wsl,medium,0,8,doc_increment,80000,8042.88,0.9917758,0.9817265,1.4992896,1.7720052,0.135718,9.525352,100.335,264.1766666666667,3736.2346666666667,309.75,0.0,0.0,0.0,0.0,6
tarantool,2026-07-14-03-05-02,2,wsl,medium,0,8,doc_insert,80000,7897.8423,1.0071374,0.9787255,1.4382201,1.7519425,0.276026,12.049162,119.63166666666667,316.73833333333334,3735.552,283.86483333333337,0.0,204.79999999999927,0.0,0.0,6
tarantool,2026-07-14-03-05-02,2,wsl,medium,0,8,doc_read,80000,11588.675,0.6852907,0.6355235,1.1147411,1.4113922,0.105679005,7.997495,64.11999999999999,474.358,3735.5520000000006,288.96,0.0,0.0,0.0,0.0,5
tarantool,2026-07-14-03-05-02,2,wsl,medium,0,8,doc_read_partial,80000,10734.424,0.7425042,0.6891465,1.2062186,1.529227,0.134495,14.435262,89.91799999999999,442.55199999999996,3735.3472,319.2,0.0,0.0,0.0,0.0,5
tarantool,2026-07-14-03-05-02,2,wsl,medium,0,8,doc_update_partial,80000,6981.6543,1.139269,1.0926595,1.6526985,2.1218743,0.236366,14.505553,115.0957142857143,321.2142857142857,3735.6982857142857,277.715,0.0,307.2000000000007,0.0,0.0,7
tarantool,2026-07-14-03-05-02,2,wsl,medium,0,8,mix_10W_90R,80000,12105.568,0.65750986,0.6251575,1.0809956,1.3191882,0.21801999,10.301858,138.31291666666667,258.53249999999997,3733.9306666666666,336.8833333333333,0.0,614.4000000000015,0.0,10.240000000000009,24
tarantool,2026-07-14-03-05-02,2,wsl,medium,0,8,mix_50W_50R,160000,10860.093,0.73349524,0.6984885,1.2093056,1.4991418,0.127231,10.964837,138.31291666666667,258.53249999999997,3733.9306666666666,336.8833333333333,0.0,614.4000000000015,0.0,10.240000000000009,24
tarantool,2026-07-14-03-05-02,2,wsl,medium,0,8,mix_90W_10R,80000,8637.838,0.92166775,0.89581203,1.3940622,1.6900707,0.199474,21.058367,138.31291666666667,258.53249999999997,3733.9306666666666,336.8833333333333,0.0,614.4000000000015,0.0,10.240000000000009,24
tarantool,2026-07-14-03-05-02,2,wsl,medium,0,8,queue,160000,7587.808,1.0485042,1.0218999,1.5392407,1.8448482,0.19241,13.366709,111.33999999999999,305.10583333333335,3734.6986666666667,324.10833333333335,0.0,307.2000000000007,0.0,0.0,12
tarantool,2026-07-14-03-05-02,2,wsl,medium,10000,1,delete,10000,2246.4807,0.44514072,0.417781,0.71187025,0.83513176,0.235998,5.393993,49.75333333333333,137.53,1581.7386666666669,76.36666666666666,0.0,0.0,0.0,0.0,3
tarantool,2026-07-14-03-05-02,2,wsl,medium,10000,1,insert,10000,1856.0975,0.5387648,0.515581,0.8234853,1.0026267,0.31942,5.488471,45.129999999999995,163.42000000000002,1577.728,63.0875,0.0,0.0,0.0,0.0,4
tarantool,2026-07-14-03-05-02,2,wsl,medium,10000,1,read,10000,3383.6829,0.29553595,0.252159,0.4998243,0.6115503,0.169105,3.878522,42.67,53.769999999999996,1581.056,50.504999999999995,0.0,40.95999999999913,0.0,0.0,2
tarantool,2026-07-14-03-05-02,2,wsl,medium,10000,1,update,10000,1765.9891,0.56625485,0.5465375,0.8861723,1.052354,0.215938,4.316059,49.1975,158.5925,1582.08,62.5625,0.0,0.0,0.0,0.0,4
tarantool,2026-07-14-03-05-02,2,wsl,medium,10000,2,delete,20000,3587.2725,0.5549314,0.53596103,0.83863425,0.98094946,0.13809401,10.647921,54.035,271.585,1583.8719999999998,120.0,0.0,0.0,0.0,0.0,4
tarantool,2026-07-14-03-05-02,2,wsl,medium,10000,2,insert,20000,3201.99,0.6238362,0.5990045,0.9003188,1.0887184,0.18165,6.218961,73.96000000000001,141.19,1582.848,103.825,0.0,0.0,0.0,0.0,4
tarantool,2026-07-14-03-05-02,2,wsl,medium,10000,2,read,20000,5808.521,0.3434082,0.3150835,0.5415904,0.66231465,0.112292,4.691518,84.805,84.515,1583.104,104.15,0.0,0.0,0.0,0.0,2
tarantool,2026-07-14-03-05-02,2,wsl,medium,10000,2,update,20000,3049.1587,0.6534687,0.62706494,0.9488775,1.1606518,0.19675,9.096298,82.745,80.595,1584.128,84.8225,0.0,163.84000000000015,0.0,0.0,4
tarantool,2026-07-14-03-05-02,2,wsl,medium,10000,4,delete,40000,6848.0015,0.5797864,0.5543585,0.9193876,1.1245157,0.129827,6.478668,83.175,304.95,1584.128,168.775,0.0,0.0,0.0,0.0,4
tarantool,2026-07-14-03-05-02,2,wsl,medium,10000,4,insert,40000,5644.7026,0.7067062,0.680398,1.0302775,1.2515968,0.29853,6.043158,121.8075,139.24,1583.104,186.1,0.0,30.720000000001164,0.0,0.0,4
tarantool,2026-07-14-03-05-02,2,wsl,medium,10000,4,read,40000,8601.15,0.45987183,0.43797898,0.7389688,0.8951304,0.150087,7.010018,88.77333333333333,231.45333333333335,1583.4453333333333,130.35666666666665,0.0,0.0,0.0,0.0,3
tarantool,2026-07-14-03-05-02,2,wsl,medium,10000,4,update,40000,5273.4087,0.7566463,0.731828,1.1003675,1.313738,0.282902,7.40305,106.13399999999999,256.358,1584.128,185.35999999999999,0.0,0.0,0.0,10.240000000000009,5
tarantool,2026-07-14-03-05-02,2,wsl,medium,10000,8,delete,80000,9600.316,0.8303668,0.80682397,1.3346677,1.6045622,0.15706,10.699437,102.55799999999999,332.492,1585.152,319.64,0.0,0.0,0.0,0.0,5
tarantool,2026-07-14-03-05-02,2,wsl,medium,10000,8,insert,80000,7757.966,1.0287021,0.9934715,1.4732478,1.7928562,0.378922,10.796341,116.09166666666665,333.3283333333333,1581.9093333333333,348.2166666666667,0.0,276.47999999999956,0.0,0.0,6
tarantool,2026-07-14-03-05-02,2,wsl,medium,10000,8,read,80000,11758.565,0.6726784,0.621554,1.1127825,1.4183867,0.096650995,20.343613,86.50399999999999,548.356,1583.104,339.9,0.1999999999999993,0.0,0.0,0.0,5
tarantool,2026-07-14-03-05-02,2,wsl,medium,10000,8,update,80000,7726.4688,1.0251758,0.993468,1.4775219,1.8108425,0.197991,13.885457,117.07666666666667,367.8533333333333,1584.2986666666666,340.53333333333336,0.0,276.47999999999956,0.0,0.0,6
tarantool,2026-07-14-03-05-02,2,wsl,medium,100000,1,delete,100000,2287.1233,0.43723047,0.40764552,0.7018468,0.8404477,0.157501,9.821903,62.65217391304348,48.29739130434782,1596.2379130434783,60.753913043478256,0.0,30.719999999999345,0.0,0.0,23
tarantool,2026-07-14-03-05-02,2,wsl,medium,100000,1,insert,100000,1830.1499,0.54640335,0.5214585,0.85061973,1.0102891,0.284691,12.228983,60.94172413793103,48.14862068965517,1589.777655172414,59.839999999999996,0.0,522.2399999999998,0.0,10.240000000000009,29
tarantool,2026-07-14-03-05-02,2,wsl,medium,100000,1,read,100000,3334.342,0.29990923,0.255433,0.5132298,0.64179826,0.164105,10.519864,52.460625,62.290625,1593.2160000000001,59.75875,0.0,0.0,0.0,0.0,16
tarantool,2026-07-14-03-05-02,2,wsl,medium,100000,1,update,100000,1866.1605,0.5358596,0.51216555,0.8312457,0.98224497,0.177971,10.193268,63.23642857142857,39.47392857142857,1595.0262857142857,58.04785714285714,0.0,307.2000000000007,0.0,0.0,28
tarantool,2026-07-14-03-05-02,2,wsl,medium,100000,2,delete,200000,3941.754,0.5040576,0.482969,0.77197045,0.9165402,0.123252004,11.787068,85.92653846153847,78.6,1603.7809230769233,96.33653846153847,0.0,204.79999999999927,0.0,10.240000000000009,26
tarantool,2026-07-14-03-05-02,2,wsl,medium,100000,2,insert,200000,3202.1665,0.6239716,0.6000345,0.90543944,1.0631021,0.245756,14.78773,88.07909090909091,81.01575757575758,1597.5951515151514,98.23363636363636,0.0,563.2000000000007,0.0,10.240000000000009,33
tarantool,2026-07-14-03-05-02,2,wsl,medium,100000,2,read,200000,5765.745,0.3461782,0.316869,0.54716235,0.66912305,0.10097,10.759799,84.00166666666667,97.35777777777778,1599.5448888888889,98.95777777777778,0.0,102.39999999999964,0.0,0.0,18
tarantool,2026-07-14-03-05-02,2,wsl,medium,100000,2,update,200000,3188.6702,0.6260267,0.602056,0.9092012,1.0847081,0.265985,12.15558,87.80757575757576,74.52242424242424,1601.753212121212,97.00393939393939,0.0,409.60000000000036,0.0,0.0,33
tarantool,2026-07-14-03-05-02,2,wsl,medium,100000,4,delete,400000,6796.7266,0.58529943,0.5580815,0.92476326,1.127228,0.183593,12.28413,106.70064516129031,168.58548387096772,2047.7687741935486,181.3483870967742,0.0,102.39999999999964,0.0,10.240000000000009,31
tarantool,2026-07-14-03-05-02,2,wsl,medium,100000,4,insert,400000,5379.3223,0.74160314,0.7132345,1.0870221,1.3341463,0.264462,14.352919,119.67025641025641,133.66410256410256,1658.1448205128206,176.59615384615384,0.3000000000000007,1126.3999999999996,0.0,0.0,39
tarantool,2026-07-14-03-05-02,2,wsl,medium,100000,4,read,400000,8606.823,0.46317,0.43962198,0.7479092,0.9145379,0.137101,13.099908,98.52958333333333,156.47333333333333,1991.3386666666665,170.99249999999998,0.0,204.8000000000011,0.0,10.240000000000009,24
tarantool,2026-07-14-03-05-02,2,wsl,medium,100000,4,update,400000,5475.528,0.72791195,0.7023035,1.0610634,1.274464,0.165998,13.500474,121.24947368421054,132.99684210526317,2024.9869473684212,172.75605263157894,0.0,1228.7999999999993,0.0,10.240000000000009,38
tarantool,2026-07-14-03-05-02,2,wsl,medium,100000,8,delete,800000,9335.9375,0.8559307,0.838966,1.356152,1.624832,0.116229996,16.137741,111.30204545454545,209.15454545454543,3722.1701818181814,331.8963636363637,0.0,0.0,0.8300000000000001,10.240000000000009,44
tarantool,2026-07-14-03-05-02,2,wsl,medium,100000,8,insert,800000,7606.251,1.050905,1.0109506,1.5173193,1.8650311,0.182661,39.965473,126.76254545454545,226.65654545454547,2451.0463999999997,336.48,2.3999999999999986,2355.2000000000007,0.0,20.480000000000018,55
tarantool,2026-07-14-03-05-02,2,wsl,medium,100000,8,read,800000,11551.018,0.6901028,0.63302445,1.126244,1.418802,0.157732,13.807613,104.35305555555556,255.39555555555555,3626.5244444444443,335.85555555555555,0.0,204.79999999999927,0.0,10.240000000000009,36
tarantool,2026-07-14-03-05-02,2,wsl,medium,100000,8,update,800000,7687.573,1.0397948,0.990945,1.47489,1.7988222,0.181569,423.91953,128.98685185185184,228.26944444444447,3684.7312592592593,338.3740740740741,2.700000000000003,2560.0,0.5499999999999998,20.480000000000018,54
tarantool,2026-07-14-03-05-02,2,wsl,small,0,1,doc_delete,10000,2404.318,0.41591835,0.378523,0.67199934,0.8185538,0.127903,5.094616,45.373333333333335,186.82666666666668,1566.72,52.01666666666667,0.0,0.0,0.0,0.0,3
tarantool,2026-07-14-03-05-02,2,wsl,small,0,1,doc_increment,10000,2023.6917,0.49414644,0.471141,0.7580381,0.89279336,0.1771,5.449919,54.705,132.555,1566.464,44.315,0.0,0.0,0.0,0.0,4
tarantool,2026-07-14-03-05-02,2,wsl,small,0,1,doc_insert,10000,2092.611,0.47787187,0.45101202,0.7828638,0.92114705,0.155037,5.212037,49.919999999999995,115.80666666666667,1567.4026666666666,44.333333333333336,0.0,0.0,0.0,0.0,3
tarantool,2026-07-14-03-05-02,2,wsl,small,0,1,doc_read,10000,3601.9148,0.2776301,0.238093,0.46499982,0.5830054,0.148794,4.787577,37.165,54.875,1567.744,41.96,0.0,0.0,0.0,0.0,2
tarantool,2026-07-14-03-05-02,2,wsl,small,0,1,doc_read_partial,10000,3232.0452,0.3094016,0.27025098,0.5065256,0.6393019,0.149403,7.186737,50.345,152.155,1566.72,44.315,0.0,0.0,0.0,0.0,2
tarantool,2026-07-14-03-05-02,2,wsl,small,0,1,doc_update_partial,10000,1989.7036,0.5025874,0.48389602,0.74875706,0.8855703,0.23316701,4.335736,64.00666666666666,34.123333333333335,1565.696,36.50666666666667,0.0,0.0,0.0,0.0,3
tarantool,2026-07-14-03-05-02,2,wsl,small,0,1,mix_10W_90R,10000,3170.1233,0.31544515,0.284441,0.5333723,0.68503976,0.199745,1.138618,53.2775,41.355,1565.7813333333334,43.45416666666667,0.0,10.239999999999782,0.0,0.0,12
tarantool,2026-07-14-03-05-02,2,wsl,small,0,1,mix_50W_50R,20000,2667.8826,0.37482908,0.33417052,0.6626768,0.8224086,0.140539,4.376153,53.2775,41.355,1565.7813333333334,43.45416666666667,0.0,10.239999999999782,0.0,0.0,12
tarantool,2026-07-14-03-05-02,2,wsl,small,0,1,mix_90W_10R,10000,2380.6833,0.42004746,0.38248152,0.6900778,0.8304144,0.205957,10.55133,53.2775,41.355,1565.7813333333334,43.45416666666667,0.0,10.239999999999782,0.0,0.0,12
tarantool,2026-07-14-03-05-02,2,wsl,small,0,1,queue,20000,2121.9941,0.4712549,0.44963652,0.73071134,0.86902934,0.152481,5.947408,56.525,110.82166666666667,1566.72,43.94333333333333,0.0,0.0,0.0,0.0,6
tarantool,2026-07-14-03-05-02,2,wsl,small,0,2,doc_delete,20000,4166.8037,0.47585917,0.459076,0.72309875,0.85941195,0.092143,5.614756,74.46666666666667,77.97333333333333,1567.744,61.836666666666666,0.0,0.0,0.0,0.0,3
tarantool,2026-07-14-03-05-02,2,wsl,small,0,2,doc_increment,20000,3381.8904,0.5907718,0.5703705,0.89395046,1.0420995,0.107152,10.153096,62.07,196.81,1567.744,67.705,0.0,0.0,0.0,0.0,4
tarantool,2026-07-14-03-05-02,2,wsl,small,0,2,doc_insert,20000,4125.8315,0.4814021,0.459426,0.72942156,0.85821384,0.095128,9.704224,66.78,84.11333333333333,1567.744,64.2,0.0,0.0,0.0,0.0,3
tarantool,2026-07-14-03-05-02,2,wsl,small,0,2,doc_read,20000,6380.283,0.3058321,0.282619,0.48406082,0.5917423,0.07582,4.773584,72.66,205.75,1567.744,67.305,0.0,0.0,0.0,0.0,2
tarantool,2026-07-14-03-05-02,2,wsl,small,0,2,doc_read_partial,20000,5517.948,0.35914662,0.333645,0.55484164,0.6811931,0.151089,11.737867,77.04,164.23333333333335,1567.4026666666666,67.81666666666666,0.0,0.0,0.0,0.0,3
tarantool,2026-07-14-03-05-02,2,wsl,small,0,2,doc_update_partial,20000,3659.789,0.54230213,0.522243,0.8101765,0.9531759,0.150177,5.469527,71.79,194.655,1567.744,67.73,0.0,0.0,0.0,0.0,4
tarantool,2026-07-14-03-05-02,2,wsl,small,0,2,mix_10W_90R,20000,5254.1343,0.37845713,0.361134,0.58120525,0.7181025,0.17215,1.380164,78.66642857142857,95.87571428571428,1566.8662857142858,67.80714285714285,0.0,10.239999999999782,0.0,0.0,14
tarantool,2026-07-14-03-05-02,2,wsl,small,0,2,mix_50W_50R,40000,4719.7104,0.42205063,0.402306,0.66410375,0.79608077,0.080339,6.333452,78.66642857142857,95.87571428571428,1566.8662857142858,67.80714285714285,0.0,10.239999999999782,0.0,0.0,14
tarantool,2026-07-14-03-05-02,2,wsl,small,0,2,mix_90W_10R,20000,4216.1045,0.4723955,0.4506035,0.71371853,0.84616834,0.194334,11.627454,78.66642857142857,95.87571428571428,1566.8662857142858,67.80714285714285,0.0,10.239999999999782,0.0,0.0,14
tarantool,2026-07-14-03-05-02,2,wsl,small,0,2,queue,40000,3630.294,0.54896706,0.53215003,0.81515044,0.9596055,0.086852,5.576983,81.06666666666668,69.395,1567.232,63.905,0.0,0.0,0.0,0.0,6
tarantool,2026-07-14-03-05-02,2,wsl,small,0,4,doc_delete,40000,7467.989,0.53117824,0.5097565,0.82270277,0.9884813,0.20156801,6.064259,67.9425,391.49,1569.792,134.225,0.0,0.0,0.0,0.0,4
tarantool,2026-07-14-03-05-02,2,wsl,small,0,4,doc_increment,40000,6547.569,0.6062407,0.5883195,0.912429,1.0953257,0.111951,8.792839,91.7525,233.22750000000002,1570.56,91.06,0.0,0.0,0.0,0.0,4
tarantool,2026-07-14-03-05-02,2,wsl,small,0,4,doc_insert,40000,7409.157,0.5366771,0.5150805,0.8222063,0.9906173,0.18445401,6.930011,109.42333333333333,139.51333333333332,1569.109333333333,114.56666666666668,0.0,0.0,0.0,0.0,3
tarantool,2026-07-14-03-05-02,2,wsl,small,0,4,doc_read,40000,9726.771,0.40652552,0.385983,0.6473808,0.7760254,0.089707,5.398614,72.34333333333333,299.7233333333333,1570.1333333333332,111.60000000000001,0.0,0.0,0.0,0.0,3
tarantool,2026-07-14-03-05-02,2,wsl,small,0,4,doc_read_partial,40000,9039.72,0.4385214,0.413385,0.68749976,0.83168936,0.16039701,5.687469,84.07000000000001,201.41333333333333,1569.7920000000001,101.52999999999999,0.0,20.480000000001382,0.0,0.0,3
tarantool,2026-07-14-03-05-02,2,wsl,small,0,4,doc_update_partial,40000,6479.9937,0.6051136,0.5902345,0.92397445,1.1190966,0.100549,5.654478,94.6925,235.815,1570.048,91.0675,0.0,0.0,0.0,0.0,4
tarantool,2026-07-14-03-05-02,2,wsl,small,0,4,mix_10W_90R,40000,9036.572,0.4404037,0.4202065,0.68027616,0.8208906,0.169884,1.526319,105.03875,183.519375,1568.128,114.59375,0.0,30.719999999999345,0.0,0.0,16
tarantool,2026-07-14-03-05-02,2,wsl,small,0,4,mix_50W_50R,80000,8459.673,0.47131386,0.4512645,0.73628724,0.89076173,0.157691,5.444609,105.03875,183.519375,1568.128,114.59375,0.0,30.719999999999345,0.0,0.0,16
tarantool,2026-07-14-03-05-02,2,wsl,small,0,4,mix_90W_10R,40000,7441.0938,0.5326183,0.5116455,0.8166705,0.9871939,0.183673,13.898229,105.03875,183.519375,1568.128,114.59375,0.0,30.719999999999345,0.0,0.0,16
tarantool,2026-07-14-03-05-02,2,wsl,small,0,4,queue,80000,6782.136,0.5873957,0.56937695,0.8877768,1.0597656,0.18745,6.891518,100.22571428571429,182.61999999999998,1568.768,114.25714285714285,0.0,0.0,0.0,0.0,7
tarantool,2026-07-14-03-05-02,2,wsl,small,0,8,doc_delete,80000,11627.069,0.68026817,0.6490715,1.0872293,1.3359551,0.122562,19.401945,85.95599999999999,392.57599999999996,1571.6352,178.844,0.0,0.0,0.0,10.239999999999782,5
tarantool,2026-07-14-03-05-02,2,wsl,small,0,8,doc_increment,80000,9509.197,0.83730847,0.82439196,1.2949393,1.4973842,0.128193,9.549758,86.15666666666668,468.91,1570.9866666666667,206.36666666666667,0.0,0.0,0.0,0.0,6
tarantool,2026-07-14-03-05-02,2,wsl,small,0,8,doc_insert,80000,11402.276,0.6954487,0.659299,1.1220753,1.3966067,0.119547,14.753232,94.084,550.766,1571.4304,208.06,0.0,0.0,0.0,0.0,5
tarantool,2026-07-14-03-05-02,2,wsl,small,0,8,doc_read,80000,14035.529,0.56310236,0.534762,0.880247,1.1081792,0.118174,7.507319,72.2125,465.4225,1570.816,165.52,0.0,0.0,0.0,0.0,4
tarantool,2026-07-14-03-05-02,2,wsl,small,0,8,doc_read_partial,80000,13183.865,0.5956283,0.55552745,0.95888984,1.2172128,0.107452,8.664812,93.3075,476.09250000000003,1571.0720000000001,166.62,0.0,0.0,0.0,0.0,4
tarantool,2026-07-14-03-05-02,2,wsl,small,0,8,doc_update_partial,80000,9553.829,0.8314375,0.8141445,1.287385,1.5165479,0.139416,11.892934,111.474,268.774,1571.2256,170.828,0.0,30.719999999999345,0.0,0.0,5
tarantool,2026-07-14-03-05-02,2,wsl,small,0,8,mix_10W_90R,80000,14420.517,0.5528659,0.5280355,0.8877265,1.0775352,0.189525,2.092832,134.48105263157893,253.03473684210525,1569.3608421052631,203.3842105263158,0.0,20.479999999999563,0.0,0.0,19
tarantool,2026-07-14-03-05-02,2,wsl,small,0,8,mix_50W_50R,160000,13607.067,0.5836391,0.55381596,0.94347614,1.154583,0.131791,13.114254,134.48105263157893,253.03473684210525,1569.3608421052631,203.3842105263158,0.0,20.479999999999563,0.0,0.0,19
tarantool,2026-07-14-03-05-02,2,wsl,small,0,8,mix_90W_10R,80000,11987.266,0.6648206,0.6327955,1.059348,1.293305,0.201528,16.488417,134.48105263157893,253.03473684210525,1569.3608421052631,203.3842105263158,0.0,20.479999999999563,0.0,0.0,19
tarantool,2026-07-14-03-05-02,2,wsl,small,0,8,queue,160000,10276.503,0.7743499,0.751804,1.215133,1.456471,0.117232,12.166408,106.69222222222223,312.68888888888887,1570.9297777777779,203.6888888888889,0.0,51.20000000000073,0.0,0.0,9
tarantool,2026-07-14-03-05-02,2,wsl,small,10000,1,delete,10000,2337.0334,0.42789286,0.4017085,0.6905358,0.83284354,0.110006995,4.227096,45.846666666666664,140.22333333333333,29.233333333333334,33.26,0.0,0.0,0.04999999999999982,0.0,3
tarantool,2026-07-14-03-05-02,2,wsl,small,10000,1,insert,10000,2372.6755,0.42146513,0.390715,0.6829048,0.8290061,0.189263,4.032951,49.39000000000001,200.08333333333334,28.683333333333334,27.040000000000003,0.0,0.0,0.0,0.0,3
tarantool,2026-07-14-03-05-02,2,wsl,small,10000,1,read,10000,3461.8633,0.28886178,0.25097948,0.490944,0.6193596,0.099617,3.634424,39.445,167.315,29.02,26.04,0.0,0.0,0.0,0.0,2
tarantool,2026-07-14-03-05-02,2,wsl,small,10000,1,update,10000,2250.239,0.44439727,0.4164705,0.7087686,0.8566745,0.18083599,6.03124,46.923333333333325,68.10666666666667,29.456666666666667,25.37,0.0,0.0,0.0,0.0,3
tarantool,2026-07-14-03-05-02,2,wsl,small,10000,2,delete,20000,3875.1953,0.50400996,0.485454,0.75632846,0.8997355,0.122902,6.495247,80.86666666666667,86.50333333333333,32.64,50.25,0.0,13.092001953125,0.0,0.0,3
tarantool,2026-07-14-03-05-02,2,wsl,small,10000,2,insert,20000,4095.7275,0.4853961,0.4684015,0.73423946,0.8549803,0.090739,6.275532,78.03666666666668,122.44333333333334,30.17,50.14666666666667,0.0,0.0,0.0,0.0,3
tarantool,2026-07-14-03-05-02,2,wsl,small,10000,2,read,20000,5683.0854,0.3440022,0.319076,0.5405413,0.68844616,0.07574,7.957693,76.75,91.44,32.55,50.45,0.0,0.0,0.0,0.0,2
tarantool,2026-07-14-03-05-02,2,wsl,small,10000,2,update,20000,3856.4514,0.5093069,0.4894945,0.7630781,0.9119247,0.147079,5.657055,79.19666666666666,75.15666666666668,32.31666666666667,50.07333333333333,0.0,0.0,0.0,0.2001953125,3
tarantool,2026-07-14-03-05-02,2,wsl,small,10000,4,delete,40000,7216.567,0.5478063,0.52623653,0.8410852,1.0085166,0.188481,5.665719,71.4375,364.1425,36.8675,112.8,0.0,0.0,0.050000000000000044,1.2523046875000001,4
tarantool,2026-07-14-03-05-02,2,wsl,small,10000,4,insert,40000,7180.406,0.5528173,0.5270785,0.839724,1.028129,0.102191,14.479183,90.865,287.35,34.6525,96.695,0.0,0.0,0.010000000000000009,0.015625,4
tarantool,2026-07-14-03-05-02,2,wsl,small,10000,4,read,40000,9812.216,0.40511635,0.3814065,0.6404394,0.782957,0.106119,9.71162,72.09666666666666,336.0,36.82666666666666,65.56533333333333,0.0,0.0,0.0,0.6044921875,3
tarantool,2026-07-14-03-05-02,2,wsl,small,10000,4,update,40000,7060.5703,0.5618671,0.54042304,0.853698,1.0444837,0.205915,6.456128,75.85,242.5875,36.6875,87.1175,0.09999999999999964,0.0,0.020000000000000018,0.0673828125,4
tarantool,2026-07-14-03-05-02,2,wsl,small,10000,8,delete,80000,11688.952,0.67996556,0.6514535,1.083101,1.3436303,0.125206,17.069544,79.436,412.20199999999994,45.098,156.884,0.0,0.0,0.13000000000000012,2.46,5
tarantool,2026-07-14-03-05-02,2,wsl,small,10000,8,insert,80000,11607.937,0.68583506,0.656371,1.092412,1.3334266,0.163241,9.069178,113.9875,339.9575,39.879999999999995,190.325,0.0,24.699999999999996,0.0,0.009999999999999787,4
tarantool,2026-07-14-03-05-02,2,wsl,small,10000,8,read,80000,14259.644,0.55611414,0.522499,0.8687245,1.1134323,0.119004,8.852249,71.3025,464.415,44.7925,170.775,0.0,0.0,0.0,1.23,4
tarantool,2026-07-14-03-05-02,2,wsl,small,10000,8,update,80000,11618.767,0.6837905,0.651138,1.0912166,1.3632013,0.132431,13.928911,85.674,575.268,44.965999999999994,189.06,0.0,14.100000000000001,0.030000000000000027,0.0,5
tarantool,2026-07-14-03-05-02,2,wsl,small,100000,1,delete,100000,2352.7942,0.42502657,0.3898155,0.68829465,0.8274257,0.181007,10.166719,57.846363636363634,46.55090909090909,49.85227272727273,26.424954545454547,0.0,8.400000000000006,0.0,0.1999999999999993,22
tarantool,2026-07-14-03-05-02,2,wsl,small,100000,1,insert,100000,2270.6675,0.44039914,0.405944,0.7210205,0.87070805,0.136619,10.983474,55.96608695652174,48.264347826086954,46.06652173913044,27.309565217391306,0.0,26.1,0.0,8.16,23
tarantool,2026-07-14-03-05-02,2,wsl,small,100000,1,read,100000,3592.6045,0.2783496,0.23673749,0.47202122,0.5990874,0.090719,9.662733,48.894,62.67333333333333,49.553333333333335,27.64,0.0,5.400000000000006,0.0,0.3000000000000007,15
tarantool,2026-07-14-03-05-02,2,wsl,small,100000,1,update,100000,2316.6277,0.4316619,0.39874548,0.69718426,0.8378424,0.199323,10.833587,57.88,47.20260869565218,49.63782608695652,27.631304347826084,0.0,13.199999999999989,0.0,3.8999999999999986,23
tarantool,2026-07-14-03-05-02,2,wsl,small,100000,2,delete,200000,4194.6733,0.47615755,0.455366,0.7164477,0.8513814,0.194223,10.917733,78.9932,99.4756,70.184,53.523599999999995,0.0,13.0,0.24999999999999978,3.799999999999997,25
tarantool,2026-07-14-03-05-02,2,wsl,small,100000,2,insert,200000,4122.976,0.48367113,0.462399,0.7257345,0.8601056,0.199854,10.984599,77.5323076923077,94.52576923076923,55.55615384615385,51.32,0.0,41.0,0.0,2.700000000000003,26
tarantool,2026-07-14-03-05-02,2,wsl,small,100000,2,read,200000,6278.519,0.31811184,0.2946205,0.49711505,0.6073423,0.094735995,11.07675,78.08882352941177,99.1435294117647,68.39588235294117,50.95117647058823,0.0,2.0,0.0,1.3999999999999986,17
tarantool,2026-07-14-03-05-02,2,wsl,small,100000,2,update,200000,4150.136,0.48134926,0.460445,0.7213611,0.853346,0.115937,11.976104,79.3052,82.45479999999999,69.2696,51.2328,0.0,35.0,0.0,7.5,25
tarantool,2026-07-14-03-05-02,2,wsl,small,100000,4,delete,400000,7639.7524,0.52124095,0.4993135,0.80697423,0.97937465,0.133052,12.404624,108.81407407407407,137.52592592592592,110.5851851851852,100.61592592592594,0.0,28.0,0.0,7.700000000000003,27
tarantool,2026-07-14-03-05-02,2,wsl,small,100000,4,insert,400000,7503.0947,0.53049076,0.5090155,0.8173914,0.98805606,0.099166,12.022407,108.01321428571428,148.3117857142857,81.57571428571428,98.42999999999999,0.09999999999999964,73.0,0.0,6.300000000000004,28
tarantool,2026-07-14-03-05-02,2,wsl,small,100000,4,read,400000,9944.576,0.40168366,0.37739098,0.6395061,0.767267,0.124385,12.237313,95.50571428571428,186.42190476190476,107.53333333333333,98.51809523809524,0.0,4.0,0.0,2.6999999999999957,21
tarantool,2026-07-14-03-05-02,2,wsl,small,100000,4,update,400000,7526.9634,0.52863634,0.507091,0.81445706,0.98669636,0.119225,12.819732,107.53892857142857,154.3742857142857,109.22500000000001,99.10428571428572,0.0,63.0,0.0,14.0,28
tarantool,2026-07-14-03-05-02,2,wsl,small,100000,8,delete,800000,11379.455,0.70038646,0.674519,1.1136191,1.3498892,0.142731,17.440529,118.51083333333334,234.58166666666668,190.79166666666666,190.7811111111111,0.0,91.0,0.0,17.0,36
tarantool,2026-07-14-03-05-02,2,wsl,small,100000,8,insert,800000,11506.445,0.69399375,0.665527,1.1056802,1.3567111,0.118995,18.889755,120.51055555555556,246.2088888888889,131.05,190.7611111111111,0.0,125.0,0.0,12.400000000000006,36
tarantool,2026-07-14-03-05-02,2,wsl,small,100000,8,read,800000,13932.721,0.5713502,0.53611445,0.9023021,1.1400905,0.120517,15.996268,103.49566666666666,287.5293333333333,184.16333333333333,192.74666666666664,0.0,30.0,0.0,16.0,30
tarantool,2026-07-14-03-05-02,2,wsl,small,100000,8,update,800000,11518.1045,0.6932105,0.66557,1.104355,1.344854,0.151999,16.811905,120.57222222222224,229.32444444444445,187.2,191.12138888888887,0.0,94.0,0.0,15.099999999999994,36
tarantool,2026-07-14-03-05-02,2,wsl,small,1000000,1,delete,1000000,2273.1416,0.4399198,0.4088845,0.7155724,0.86085504,0.109636,14.234461,58.321711711711714,39.034099099099095,238.47252252252252,32.49891891891892,0.0,71.67999999999984,0.38000000000000034,22.0,222
tarantool,2026-07-14-03-05-02,2,wsl,small,1000000,1,insert,1000000,2262.7366,0.44194275,0.4085195,0.71720606,0.8635241,0.226115,12.508403,57.561637168141594,38.64163716814159,199.81017699115043,30.7270796460177,1.5,197.0,0.0,27.0,226
tarantool,2026-07-14-03-05-02,2,wsl,small,1000000,1,read,1000000,3441.0554,0.2906085,0.246161,0.49967214,0.6459021,0.13403401,10.682666,49.577891156462584,49.4404081632653,231.4278911564626,31.58095238095238,0.0,3.0,0.0,19.0,147
tarantool,2026-07-14-03-05-02,2,wsl,small,1000000,1,update,1000000,2305.491,0.43374708,0.3995875,0.698919,0.84251,0.156508,13.587473,57.69936936936937,38.72576576576577,234.15180180180178,31.707027027027028,0.0,212.16000000000008,0.0,20.0,222
tarantool,2026-07-14-03-05-02,2,wsl,small,1000000,2,delete,2000000,4208.9717,0.47514883,0.4544405,0.714951,0.847437,0.103484005,11.828691,82.42610878661088,68.96857740585774,436.93221757322175,58.62799163179916,0.0,215.0400000000002,0.0,41.0,239
tarantool,2026-07-14-03-05-02,2,wsl,small,1000000,2,insert,2000000,4120.157,0.4849406,0.464052,0.727594,0.86248,0.119935,15.291973,80.7620564516129,72.05782258064517,290.7979838709677,56.49185483870968,0.0,378.8800000000001,0.0,37.0,248
tarantool,2026-07-14-03-05-02,2,wsl,small,1000000,2,read,2000000,6211.6924,0.32150918,0.297536,0.50224,0.615894,0.088324,11.770912,79.71024539877301,86.34754601226993,423.8822085889571,57.31901840490798,2.200000000000001,10.240000000000009,0.0,42.0,163
tarantool,2026-07-14-03-05-02,2,wsl,small,1000000,2,update,2000000,4148.1753,0.48205876,0.46106,0.724123,0.8579711,0.119885996,17.023035,80.8819105691057,71.9640243902439,429.6028455284553,58.124512195121945,0.0,368.6399999999999,0.0,40.0,246
tarantool,2026-07-14-03-05-02,2,wsl,small,1000000,4,delete,4000000,7478.3667,0.532684,0.5114695,0.82031,0.99199104,0.171115,16.917862,110.70650557620817,131.00063197026023,822.2449814126394,109.19241635687732,0.0,235.51999999999998,0.0,81.0,269
tarantool,2026-07-14-03-05-02,2,wsl,small,1000000,4,insert,4000000,7470.1797,0.5342236,0.513135,0.82128304,0.99097806,0.158715,16.487906,110.17273722627738,136.99704379562044,536.0306569343065,106.03755474452555,0.0,757.7599999999998,0.0,79.0,274
tarantool,2026-07-14-03-05-02,2,wsl,small,1000000,4,read,4000000,9732.875,0.41003862,0.385346,0.652634,0.782725,0.120518,16.524122,98.71192307692309,155.5941346153846,796.9586538461538,107.30971153846153,0.0,20.480000000000018,0.0,82.0,208
tarantool,2026-07-14-03-05-02,2,wsl,small,1000000,4,update,4000000,7454.6914,0.534297,0.513271,0.820626,0.9893231,0.166128,14.726969,110.0401094890511,135.10434306569343,809.2018248175182,107.9351094890511,0.0,768.0,0.0,81.0,274
tarantool,2026-07-14-03-05-02,2,wsl,small,1000000,8,delete,8000000,11186.422,0.71334016,0.68418,1.140886,1.403134,0.117893,26.447458,121.08785515320335,218.3824791086351,1565.4278774373258,205.48743732590532,0.0,440.3200000000006,0.1299999999999999,163.84000000000015,359
tarantool,2026-07-14-03-05-02,2,wsl,small,1000000,8,insert,8000000,11370.348,0.7026733,0.674973,1.119179,1.363271,0.107314,22.813568,122.06879888268156,227.1784916201117,1005.8933072625698,202.94748603351954,0.0,1484.7999999999997,0.0,158.0,358
tarantool,2026-07-14-03-05-02,2,wsl,small,1000000,8,read,8000000,13839.352,0.57734096,0.541379,0.913723,1.146271,0.107634,20.82994,110.24865979381444,251.35604810996563,1518.8664742268043,203.4042611683849,0.0,40.960000000000036,0.0,188.48000000000002,291
tarantool,2026-07-14-03-05-02,2,wsl,small,1000000,8,update,8000000,11293.768,0.7069379,0.67635,1.121857,1.370459,0.124628,23.794413,124.62511111111111,226.90238888888888,1554.0622222222223,204.81366666666665,0.1999999999999993,2304.0,0.0,163.83999999999992,360
tarantool,2026-07-14-06-12-04,4,wsl,medium,0,1,doc_delete,10000,2234.4177,0.4475439,0.416892,0.7193035,0.85819143,0.173221,4.049813,50.64333333333334,118.32333333333334,3764.224,63.343333333333334,0.0,0.0,0.0,0.0,3
tarantool,2026-07-14-06-12-04,4,wsl,medium,0,1,doc_increment,10000,1938.101,0.515969,0.492147,0.7669783,0.9137944,0.308307,9.943717,64.47333333333333,33.446666666666665,3764.224,64.97333333333334,0.0,0.0,0.0,0.0,3
tarantool,2026-07-14-06-12-04,4,wsl,medium,0,1,doc_insert,10000,1858.3279,0.5381182,0.5130145,0.83193344,0.99058264,0.259752,5.485846,63.62,40.449999999999996,3761.4933333333333,77.72333333333334,0.0,0.0,0.0,0.0,3
tarantool,2026-07-14-06-12-04,4,wsl,medium,0,1,doc_read,10000,3433.199,0.29127353,0.247987,0.4922333,0.60499537,0.14768,3.882303,46.345,50.855000000000004,3762.176,62.489999999999995,0.0,0.0,0.0,0.0,2
tarantool,2026-07-14-06-12-04,4,wsl,medium,0,1,doc_read_partial,10000,2880.0137,0.34722057,0.318095,0.56762075,0.732637,0.151838,4.093432,46.49,199.76333333333335,3763.1999999999994,76.90333333333334,0.0,0.0,0.0,0.0,3
tarantool,2026-07-14-06-12-04,4,wsl,medium,0,1,doc_update_partial,10000,1551.3729,0.6445903,0.63033104,0.9022671,1.0413846,0.21904999,5.241486,60.8,97.46000000000001,3763.712,77.2,0.0,0.0,0.0,0.0,4
tarantool,2026-07-14-06-12-04,4,wsl,medium,0,1,mix_10W_90R,10000,2904.2927,0.34431788,0.313307,0.59264076,0.7631974,0.202085,1.515442,58.42785714285714,57.46642857142857,3748.864,77.715,0.0,0.0,0.0,0.0,14
tarantool,2026-07-14-06-12-04,4,wsl,medium,0,1,mix_50W_50R,20000,2303.135,0.4341908,0.401968,0.7335461,0.8898295,0.147153,9.969985,58.42785714285714,57.46642857142857,3748.864,77.715,0.0,0.0,0.0,0.0,14
tarantool,2026-07-14-06-12-04,4,wsl,medium,0,1,mix_90W_10R,10000,1958.8176,0.51051205,0.487569,0.7870405,0.93198514,0.231423,14.022304,58.42785714285714,57.46642857142857,3748.864,77.715,0.0,0.0,0.0,0.0,14
tarantool,2026-07-14-06-12-04,4,wsl,medium,0,1,queue,20000,1750.7177,0.57119435,0.5517665,0.84770775,0.9833894,0.158971,7.943546,55.279999999999994,105.41142857142857,3757.9337142857144,77.09,0.0,102.39999999999782,0.0,0.0,7
tarantool,2026-07-14-06-12-04,4,wsl,medium,0,2,doc_delete,20000,4044.416,0.49342167,0.470334,0.75749403,0.90268564,0.134524,8.099403,77.38333333333334,82.42333333333333,3771.392,107.12333333333333,0.0,0.0,0.0,0.0,3
tarantool,2026-07-14-06-12-04,4,wsl,medium,0,2,doc_increment,20000,3524.5593,0.56465316,0.548548,0.8376795,0.9961174,0.117881,5.971257,69.225,197.9675,3771.904,118.025,0.0,0.0,0.0,0.0,4
tarantool,2026-07-14-06-12-04,4,wsl,medium,0,2,doc_insert,20000,3198.9165,0.62356013,0.60339403,0.8997839,1.048078,0.298752,5.921689,76.4525,139.0925,3770.624,102.9525,0.0,0.0,0.0,0.0,4
tarantool,2026-07-14-06-12-04,4,wsl,medium,0,2,doc_read,20000,5847.2954,0.34126294,0.3108725,0.5376161,0.65946,0.081512,4.573787,56.406666666666666,260.0733333333333,3770.368,118.16666666666667,0.0,204.79999999999927,0.0,0.0,3
tarantool,2026-07-14-06-12-04,4,wsl,medium,0,2,doc_read_partial,20000,5090.7695,0.3921007,0.36018902,0.6283573,0.77920115,0.141559,4.531725,82.82333333333334,157.14333333333332,3770.7093333333337,118.2,0.0,0.0,0.0,0.0,3
tarantool,2026-07-14-06-12-04,4,wsl,medium,0,2,doc_update_partial,20000,2765.5203,0.72228205,0.702385,1.0204723,1.1991665,0.155304,9.730807,81.862,167.95,3772.0063999999998,118.25999999999999,0.0,0.0,0.0,0.0,5
tarantool,2026-07-14-06-12-04,4,wsl,medium,0,2,mix_10W_90R,20000,4761.0044,0.41761678,0.3933635,0.6642064,0.84186476,0.178491,2.050035,86.56,92.59125,3766.208,119.03125,3.0,102.40000000000146,0.0,0.0,16
tarantool,2026-07-14-06-12-04,4,wsl,medium,0,2,mix_50W_50R,40000,3987.4287,0.50061953,0.48377198,0.7940478,0.9517154,0.181122,5.48432,86.56,92.59125,3766.208,119.03125,3.0,102.40000000000146,0.0,0.0,16
tarantool,2026-07-14-06-12-04,4,wsl,medium,0,2,mix_90W_10R,20000,3305.4778,0.6045093,0.5859415,0.887769,1.0387455,0.215765,15.568608,86.56,92.59125,3766.208,119.03125,3.0,102.40000000000146,0.0,0.0,16
tarantool,2026-07-14-06-12-04,4,wsl,medium,0,2,queue,40000,3178.317,0.62846535,0.6097425,0.9103093,1.0660652,0.182578,9.896912,84.17428571428572,72.27428571428571,3770.6605714285715,112.2057142857143,0.0,0.0,0.0,0.0,7
tarantool,2026-07-14-06-12-04,4,wsl,medium,0,4,doc_delete,40000,6824.524,0.58230734,0.5570305,0.91330963,1.1122757,0.206231,6.243043,89.10249999999999,359.96500000000003,3769.344,240.65,0.0,0.0,0.09999999999999432,0.0,4
tarantool,2026-07-14-06-12-04,4,wsl,medium,0,4,doc_increment,40000,5842.146,0.6810228,0.66273797,1.0247514,1.2109214,0.218061,5.565471,112.5575,139.8175,3770.624,175.45,0.0,0.0,0.0,0.0,4
tarantool,2026-07-14-06-12-04,4,wsl,medium,0,4,doc_insert,40000,5499.1514,0.7236297,0.6988765,1.0475208,1.2433069,0.28462,10.206867,120.23,136.7925,3770.368,200.675,0.0,0.0,0.0,10.240000000000009,4
tarantool,2026-07-14-06-12-04,4,wsl,medium,0,4,doc_read,40000,8447.312,0.46741095,0.44004,0.7609808,0.91164505,0.1479,5.488585,90.95333333333333,217.17,3770.368,153.97666666666666,0.0,0.0,0.0,0.0,3
tarantool,2026-07-14-06-12-04,4,wsl,medium,0,4,doc_read_partial,40000,7991.997,0.49528423,0.46638697,0.8068935,1.008342,0.16351101,5.377306,99.71333333333332,134.24333333333334,3770.368,145.5,0.0,0.0,0.0,0.0,3
tarantool,2026-07-14-06-12-04,4,wsl,medium,0,4,doc_update_partial,40000,4761.783,0.8394639,0.813982,1.2015705,1.406515,0.346761,10.091301,108.4,201.85399999999998,3770.7776,200.21999999999997,0.0,307.1999999999971,0.0,0.0,5
tarantool,2026-07-14-06-12-04,4,wsl,medium,0,4,mix_10W_90R,40000,8181.98,0.48630887,0.4575085,0.78630865,0.96310145,0.171728,5.297012,118.41789473684211,169.63368421052633,3769.505684210527,200.6578947368421,0.0,102.40000000000146,1.2000000000000028,0.0,19
tarantool,2026-07-14-06-12-04,4,wsl,medium,0,4,mix_50W_50R,80000,6975.865,0.57158107,0.54997504,0.90796816,1.0979353,0.164123,10.251882,118.41789473684211,169.63368421052633,3769.505684210527,200.6578947368421,0.0,102.40000000000146,1.2000000000000028,0.0,19
tarantool,2026-07-14-06-12-04,4,wsl,medium,0,4,mix_90W_10R,40000,5851.086,0.6808324,0.6604625,1.0046535,1.1958598,0.223299,12.703236,118.41789473684211,169.63368421052633,3769.505684210527,200.6578947368421,0.0,102.40000000000146,1.2000000000000028,0.0,19
tarantool,2026-07-14-06-12-04,4,wsl,medium,0,4,queue,80000,5523.9443,0.7230437,0.701038,1.0694002,1.2564148,0.202658,9.671434,114.99,161.89375,3770.112,200.5125,0.0,307.2000000000007,0.0,0.0,8
tarantool,2026-07-14-06-12-04,4,wsl,medium,0,8,doc_delete,80000,9600.168,0.82748973,0.799188,1.3410735,1.643272,0.14479399,12.303645,98.114,384.762,3769.344,357.21999999999997,0.0,0.0,0.0,0.0,5
tarantool,2026-07-14-06-12-04,4,wsl,medium,0,8,doc_increment,80000,7980.8115,1.0002196,0.989571,1.4890863,1.7633679,0.185987,9.400038,98.855,293.55,3769.5146666666665,325.1,0.0,0.0,0.0,0.0,6
tarantool,2026-07-14-06-12-04,4,wsl,medium,0,8,doc_insert,80000,7853.5894,1.0154959,0.9789355,1.5009696,1.8524218,0.205754,11.488821,116.045,370.375,3768.4906666666666,364.1166666666666,0.0,102.40000000000146,0.0,10.240000000000009,6
tarantool,2026-07-14-06-12-04,4,wsl,medium,0,8,doc_read,80000,11667.177,0.679798,0.62816703,1.1141038,1.4249483,0.116048,9.748036,79.61,551.824,3768.3200000000006,365.12,0.0,0.0,0.5999999999999943,0.0,5
tarantool,2026-07-14-06-12-04,4,wsl,medium,0,8,doc_read_partial,80000,10793.565,0.73766935,0.68248904,1.2056848,1.5691391,0.12741,9.933928,83.884,423.1360000000001,3767.9103999999998,325.76,0.0,0.0,0.0,0.0,5
tarantool,2026-07-14-06-12-04,4,wsl,medium,0,8,doc_update_partial,80000,7017.8833,1.1349978,1.0875261,1.6444511,2.1138697,0.20470199,13.397051,112.87285714285714,346.1542857142857,3768.7588571428573,338.95714285714286,0.0,0.0,0.0,0.0,7
tarantool,2026-07-14-06-12-04,4,wsl,medium,0,8,mix_10W_90R,80000,12099.63,0.6577201,0.6243105,1.0820614,1.3246595,0.199071,10.641996,133.8792,280.48440000000005,3766.64064,363.92800000000005,0.0,512.0,2.0,10.240000000000009,25
tarantool,2026-07-14-06-12-04,4,wsl,medium,0,8,mix_50W_50R,160000,10850.329,0.7349885,0.7009465,1.2092769,1.478912,0.145597,18.842556,133.8792,280.48440000000005,3766.64064,363.92800000000005,0.0,512.0,2.0,10.240000000000009,25
tarantool,2026-07-14-06-12-04,4,wsl,medium,0,8,mix_90W_10R,80000,8533.736,0.93500966,0.903978,1.447282,1.7971827,0.214672,24.584023,133.8792,280.48440000000005,3766.64064,363.92800000000005,0.0,512.0,2.0,10.240000000000009,25
tarantool,2026-07-14-06-12-04,4,wsl,medium,0,8,queue,160000,7784.047,1.0265259,1.0013316,1.5128322,1.7948773,0.172149,10.370965,111.1825,334.33,3767.6373333333336,364.23333333333335,0.0,307.2000000000007,0.4000000000000057,0.0,12
tarantool,2026-07-14-06-12-04,4,wsl,medium,10000,1,delete,10000,2305.1099,0.4338188,0.4018715,0.69538975,0.84118086,0.189021,5.08918,50.61666666666667,137.82666666666668,1567.744,111.75333333333333,0.0,0.0,0.0,0.0,3
tarantool,2026-07-14-06-12-04,4,wsl,medium,10000,1,insert,10000,1878.9114,0.5322231,0.509929,0.8150633,0.9525395,0.311152,4.709221,56.182500000000005,147.01500000000001,1564.416,97.53999999999999,0.0,0.0,0.0,10.239999999999782,4
tarantool,2026-07-14-06-12-04,4,wsl,medium,10000,1,read,10000,3707.0686,0.26975492,0.22752249,0.45443216,0.5859102,0.10128701,3.845881,49.095,165.82500000000002,1565.696,90.61500000000001,0.0,0.0,0.0,0.0,2
tarantool,2026-07-14-06-12-04,4,wsl,medium,10000,1,update,10000,1871.5249,0.53432363,0.5169,0.8077668,0.9439599,0.271232,4.32455,61.800000000000004,39.84,1566.72,99.20333333333333,0.0,51.20000000000073,0.0,0.0,3
tarantool,2026-07-14-06-12-04,4,wsl,medium,10000,2,delete,20000,3922.911,0.5094747,0.489016,0.77089006,0.9064167,0.222547,5.377344,78.19,154.59,1569.7920000000001,139.76666666666668,0.0,0.0,0.0,0.0,3
tarantool,2026-07-14-06-12-04,4,wsl,medium,10000,2,insert,20000,3190.125,0.6200294,0.60033154,0.88831776,1.031045,0.132533,9.244948,72.51,140.95,1567.744,140.15,0.0,0.0,0.0,0.0,4
tarantool,2026-07-14-06-12-04,4,wsl,medium,10000,2,read,20000,5587.0293,0.3535344,0.32706648,0.55658704,0.6771049,0.097150005,5.092018,83.995,81.69,1568.768,140.35,0.0,0.0,0.0,0.0,2
tarantool,2026-07-14-06-12-04,4,wsl,medium,10000,2,update,20000,3165.7932,0.62949127,0.607682,0.90475625,1.0526072,0.173778,5.153845,77.645,113.2875,1569.792,126.3425,0.0,0.0,0.0,0.0,4
tarantool,2026-07-14-06-12-04,4,wsl,medium,10000,4,delete,40000,6814.7,0.58178693,0.554096,0.9145766,1.1163859,0.200977,8.825751,80.2175,266.95,1570.048,209.0,0.0,0.0,0.0,0.0,4
tarantool,2026-07-14-06-12-04,4,wsl,medium,10000,4,insert,40000,5471.578,0.72660863,0.7017435,1.058552,1.2576752,0.17622,6.480612,100.068,289.214,1568.5632,221.56,0.0,266.2399999999998,0.0,0.0,5
tarantool,2026-07-14-06-12-04,4,wsl,medium,10000,4,read,40000,8621.163,0.4585664,0.435152,0.74864006,0.901637,0.095488995,8.467951,79.64333333333333,295.39666666666665,1569.109333333333,221.70000000000002,0.0,0.0,0.0,0.0,3
tarantool,2026-07-14-06-12-04,4,wsl,medium,10000,4,update,40000,5414.3174,0.73453724,0.7091825,1.0635391,1.2721348,0.28832,5.995474,104.29400000000001,233.82999999999998,1569.9968,221.2,0.0,0.0,0.0,0.0,5
tarantool,2026-07-14-06-12-04,4,wsl,medium,10000,8,delete,80000,9450.562,0.84142375,0.81974196,1.3518448,1.6328259,0.145323,15.715973,106.644,291.256,1570.2015999999999,317.36600000000004,0.0,0.0,0.0,0.0,5
tarantool,2026-07-14-06-12-04,4,wsl,medium,10000,8,insert,80000,7756.943,1.029593,0.9973315,1.4935911,1.799173,0.190968,11.241921,116.77833333333332,323.62333333333333,1567.0613333333333,384.43333333333334,0.0,276.47999999999956,0.0,0.0,6
tarantool,2026-07-14-06-12-04,4,wsl,medium,10000,8,read,80000,11613.514,0.68282795,0.628525,1.1363065,1.4513755,0.092671,16.857504,98.6225,368.305,1567.744,374.2,0.0,0.0,0.0,0.0,4
tarantool,2026-07-14-06-12-04,4,wsl,medium,10000,8,update,80000,7850.589,1.0143818,0.9855535,1.4811875,1.8106954,0.16762501,11.614712,120.71499999999999,332.285,1569.109333333333,363.34999999999997,0.0,276.47999999999956,0.0,0.0,6
tarantool,2026-07-14-06-12-04,4,wsl,medium,100000,1,delete,100000,2241.9797,0.44603434,0.41555798,0.71856374,0.8585819,0.239137,10.357368,61.24739130434783,46.77217391304348,1581.056,94.9886956521739,0.0,0.0,0.0,0.0,23
tarantool,2026-07-14-06-12-04,4,wsl,medium,100000,1,insert,100000,1859.1721,0.5378738,0.51540303,0.81783175,0.9775015,0.278503,10.913699,62.57392857142857,40.22035714285715,1574.6194285714284,95.88035714285715,0.0,276.4800000000014,0.0,10.240000000000009,28
tarantool,2026-07-14-06-12-04,4,wsl,medium,100000,1,read,100000,3281.9827,0.30469388,0.259437,0.5201242,0.6455291,0.120775,11.331271,52.49875,50.84875,1577.792,94.30437500000001,0.0,163.83999999999833,0.0,0.0,16
tarantool,2026-07-14-06-12-04,4,wsl,medium,100000,1,update,100000,1860.2279,0.5375685,0.5170475,0.8099715,0.95698535,0.227695,10.1116,61.50793103448276,55.043103448275865,1580.0673103448275,95.36413793103448,0.0,327.6800000000003,0.0,0.0,29
tarantool,2026-07-14-06-12-04,4,wsl,medium,100000,2,delete,200000,3920.1868,0.5097412,0.4887535,0.77500945,0.91883713,0.123612,11.637143,86.21269230769232,69.68653846153846,1586.1366153846152,131.41153846153844,0.0,102.39999999999964,0.0,10.240000000000009,26
tarantool,2026-07-14-06-12-04,4,wsl,medium,100000,2,insert,200000,3211.5208,0.6219038,0.599674,0.89333624,1.048033,0.178068,11.684831,87.27060606060606,82.06454545454545,1581.6455757575757,135.67878787878786,0.0,655.3600000000006,0.0,10.240000000000009,33
tarantool,2026-07-14-06-12-04,4,wsl,medium,100000,2,read,200000,5772.292,0.3450867,0.314592,0.5406173,0.66377014,0.125285,10.749977,82.88888888888889,85.11333333333333,1582.535111111111,132.36722222222224,0.0,0.0,0.0,0.0,18
tarantool,2026-07-14-06-12-04,4,wsl,medium,100000,2,update,200000,3187.8457,0.62533474,0.604306,0.89403135,1.0439638,0.178158,11.336688,87.61121212121212,81.43242424242425,1584.8727272727274,133.64545454545456,0.0,512.0,0.0,0.0,33
tarantool,2026-07-14-06-12-04,4,wsl,medium,100000,4,delete,400000,6810.76,0.5856274,0.558439,0.9229411,1.1255933,0.190754,12.54775,107.26677419354839,167.36516129032256,2031.351741935484,217.84193548387097,0.0,0.0,0.0,10.240000000000009,31
tarantool,2026-07-14-06-12-04,4,wsl,medium,100000,4,insert,400000,5435.195,0.7351886,0.7085855,1.067731,1.2960718,0.259378,15.811141,121.11447368421054,141.3728947368421,1639.370105263158,216.20263157894738,0.0,1228.800000000001,0.0,10.240000000000009,38
tarantool,2026-07-14-06-12-04,4,wsl,medium,100000,4,read,400000,8645.915,0.4599696,0.437288,0.7439741,0.9099885,0.132028,12.267868,97.37375000000002,150.82458333333332,1985.7066666666667,210.92499999999998,0.0,102.39999999999964,0.0,0.0,24
tarantool,2026-07-14-06-12-04,4,wsl,medium,100000,4,update,400000,5466.864,0.730501,0.70453095,1.0607691,1.2723033,0.173381,14.037556,117.99153846153847,152.8325641025641,2010.0594871794874,215.01794871794874,0.0,1331.199999999999,0.0,10.240000000000009,39
tarantool,2026-07-14-06-12-04,4,wsl,medium,100000,8,delete,800000,9351.197,0.8537548,0.83398503,1.356494,1.6319973,0.140721,15.287295,110.4575,203.36863636363634,3744.232727272727,359.04318181818184,0.0,102.40000000000146,0.29999999999999716,10.240000000000009,44
tarantool,2026-07-14-06-12-04,4,wsl,medium,100000,8,insert,800000,7605.0103,1.0511705,1.0126135,1.5156685,1.8345323,0.220562,44.86021,127.10345454545454,226.744,2456.9111272727273,371.78363636363633,0.0,2457.600000000002,0.10000000000000853,20.480000000000018,55
tarantool,2026-07-14-06-12-04,4,wsl,medium,100000,8,read,800000,11557.717,0.69004095,0.633256,1.125148,1.4212571,0.09729,15.054269,103.56166666666667,258.6033333333333,3624.9884444444447,363.4638888888889,7.0,0.0,0.0,10.240000000000009,36
tarantool,2026-07-14-06-12-04,4,wsl,medium,100000,8,update,800000,7720.4487,1.0353103,1.0018145,1.4992626,1.8201271,0.15789899,19.933855,129.05833333333334,222.9022222222222,3695.8814814814814,362.187037037037,2.0,2560.0,4.900000000000006,20.480000000000018,54
tarantool,2026-07-14-06-12-04,4,wsl,small,0,1,doc_delete,10000,2462.4429,0.40610078,0.35961652,0.67781156,0.80405444,0.161849,4.93093,46.18666666666667,186.31000000000003,1558.1866666666665,86.04,0.0,0.0,0.0,0.0,3
tarantool,2026-07-14-06-12-04,4,wsl,small,0,1,doc_increment,10000,1932.1633,0.5175546,0.496067,0.7870878,0.942577,0.163132,5.483581,57.885,131.1775,1557.504,78.315,0.0,0.0,0.0,0.0,4
tarantool,2026-07-14-06-12-04,4,wsl,small,0,1,doc_insert,10000,2354.721,0.4246788,0.394974,0.6862633,0.82452697,0.10711099,5.228098,43.89000000000001,118.67666666666668,1557.504,73.71666666666667,0.0,10.239999999999782,0.0,0.0,3
tarantool,2026-07-14-06-12-04,4,wsl,small,0,1,doc_read,10000,3620.2275,0.27622575,0.23816949,0.46829724,0.5778548,0.139385,4.047771,40.31,163.715,1557.504,77.595,0.0,0.0,0.0,0.0,2
tarantool,2026-07-14-06-12-04,4,wsl,small,0,1,doc_read_partial,10000,3091.2534,0.32349336,0.288845,0.5450815,0.6741411,0.102733,4.075707,52.07,43.72,1557.504,78.03,0.0,0.0,0.0,0.0,2
tarantool,2026-07-14-06-12-04,4,wsl,small,0,1,doc_update_partial,10000,1973.7788,0.5066424,0.485151,0.7534002,0.9017623,0.227369,14.144035,58.31333333333333,36.660000000000004,1557.504,74.43333333333334,0.0,0.0,0.0,0.0,3
tarantool,2026-07-14-06-12-04,4,wsl,small,0,1,mix_10W_90R,10000,3088.4072,0.3237915,0.2920665,0.55103254,0.6987008,0.19714901,1.453187,55.41,44.086666666666666,1556.7359999999999,76.67666666666666,0.0,10.239999999999782,0.0,10.240000000000009,12
tarantool,2026-07-14-06-12-04,4,wsl,small,0,1,mix_50W_50R,20000,2770.4226,0.36095577,0.3240295,0.62318945,0.7944178,0.107592,5.982261,55.41,44.086666666666666,1556.7359999999999,76.67666666666666,0.0,10.239999999999782,0.0,10.240000000000009,12
tarantool,2026-07-14-06-12-04,4,wsl,small,0,1,mix_90W_10R,10000,2346.9834,0.42607886,0.386935,0.7019658,0.8330438,0.21742901,10.540892,55.41,44.086666666666666,1556.7359999999999,76.67666666666666,0.0,10.239999999999782,0.0,10.240000000000009,12
tarantool,2026-07-14-06-12-04,4,wsl,small,0,1,queue,20000,2119.4302,0.47182494,0.4488725,0.731188,0.8768308,0.167961,9.662841,53.00666666666667,115.66333333333334,1557.504,77.91,0.0,0.0,0.0,0.0,6
tarantool,2026-07-14-06-12-04,4,wsl,small,0,2,doc_delete,20000,4013.0767,0.49355313,0.47333348,0.74138635,0.86987925,0.112802,5.229923,70.59,157.63333333333333,1558.528,101.36666666666667,0.0,0.0,0.0,0.0,3
tarantool,2026-07-14-06-12-04,4,wsl,small,0,2,doc_increment,20000,3592.7751,0.55206084,0.532013,0.82545394,0.97530496,0.102923,5.899379,73.3725,188.9225,1558.528,101.64999999999999,0.0,0.0,0.0,0.0,4
tarantool,2026-07-14-06-12-04,4,wsl,small,0,2,doc_insert,20000,4113.516,0.48426393,0.4631055,0.72675747,0.8709475,0.102903,5.332748,78.22666666666667,115.00999999999999,1558.1866666666665,101.33333333333333,0.0,0.0,0.0,0.0,3
tarantool,2026-07-14-06-12-04,4,wsl,small,0,2,doc_read,20000,6360.1353,0.31254908,0.28269,0.48305157,0.59989494,0.11366499,7.071543,72.12,82.27000000000001,1558.528,81.28999999999999,0.0,0.0,0.0,0.0,2
tarantool,2026-07-14-06-12-04,4,wsl,small,0,2,doc_read_partial,20000,5503.8193,0.35864672,0.33164,0.5607527,0.695814,0.131379,5.073238,51.20333333333334,255.34666666666666,1558.528,101.39999999999999,0.0,10.239999999999782,0.0,10.240000000000009,3
tarantool,2026-07-14-06-12-04,4,wsl,small,0,2,doc_update_partial,20000,3567.258,0.5561808,0.537032,0.8261089,0.9787794,0.092863,5.821027,81.52,123.5775,1558.528,101.775,0.0,0.0,0.0,0.0,4
tarantool,2026-07-14-06-12-04,4,wsl,small,0,2,mix_10W_90R,20000,5185.4556,0.38339296,0.36624402,0.59002674,0.72211206,0.17265101,1.315482,80.595,95.29142857142857,1558.2354285714284,101.67857142857143,0.0,10.239999999999782,0.0,0.0,14
tarantool,2026-07-14-06-12-04,4,wsl,small,0,2,mix_50W_50R,40000,4813.377,0.4147462,0.39532351,0.64856416,0.7844518,0.08023701,5.85141,80.595,95.29142857142857,1558.2354285714284,101.67857142857143,0.0,10.239999999999782,0.0,0.0,14
tarantool,2026-07-14-06-12-04,4,wsl,small,0,2,mix_90W_10R,20000,4231.681,0.47165507,0.4509275,0.71236753,0.83085394,0.19461499,11.714057,80.595,95.29142857142857,1558.2354285714284,101.67857142857143,0.0,10.239999999999782,0.0,0.0,14
tarantool,2026-07-14-06-12-04,4,wsl,small,0,2,queue,40000,3724.968,0.5350065,0.518039,0.79303306,0.9296622,0.089276,6.459946,74.52,92.03500000000001,1558.0159999999998,100.44666666666666,0.0,0.0,0.0,0.0,6
tarantool,2026-07-14-06-12-04,4,wsl,small,0,4,doc_delete,40000,7485.876,0.5310331,0.5083215,0.8115855,0.9899738,0.142922,6.843657,93.2925,359.215,1559.2959999999998,171.225,0.0,0.0,0.0,0.0,4
tarantool,2026-07-14-06-12-04,4,wsl,small,0,4,doc_increment,40000,6479.526,0.615813,0.5984165,0.929376,1.1160877,0.22083099,6.196414,92.105,220.8725,1559.808,146.525,0.0,20.479999999999563,0.0,10.240000000000009,4
tarantool,2026-07-14-06-12-04,4,wsl,small,0,4,doc_insert,40000,7204.392,0.54335344,0.5242155,0.84005773,1.019562,0.095328,8.057667,77.73,318.6,1560.0639999999999,148.225,0.0,0.0,0.0,0.0,4
tarantool,2026-07-14-06-12-04,4,wsl,small,0,4,doc_read,40000,9760.352,0.40401044,0.37756002,0.6492755,0.7857345,0.069015004,6.925597,73.5,300.45666666666665,1559.552,148.33333333333334,0.0,0.0,0.0,0.0,3
tarantool,2026-07-14-06-12-04,4,wsl,small,0,4,doc_read_partial,40000,9036.112,0.4375204,0.412379,0.69210804,0.84379566,0.100646995,5.78876,76.65,250.16333333333333,1559.552,145.29999999999998,0.0,0.0,0.0,0.0,3
tarantool,2026-07-14-06-12-04,4,wsl,small,0,4,doc_update_partial,40000,6485.159,0.61468196,0.59739697,0.92028856,1.0982736,0.213992,5.73951,92.8375,189.1125,1559.552,146.375,0.0,0.0,0.0,0.0,4
tarantool,2026-07-14-06-12-04,4,wsl,small,0,4,mix_10W_90R,40000,9213.457,0.43218622,0.410947,0.67286617,0.81456804,0.152701,5.815567,111.11125,189.299375,1559.104,148.3125,0.0,20.479999999999563,0.09999999999999432,0.0,16
tarantool,2026-07-14-06-12-04,4,wsl,small,0,4,mix_50W_50R,80000,8485.809,0.46695396,0.44488102,0.7328571,0.88790625,0.092292,8.048906,111.11125,189.299375,1559.104,148.3125,0.0,20.479999999999563,0.09999999999999432,0.0,16
tarantool,2026-07-14-06-12-04,4,wsl,small,0,4,mix_90W_10R,40000,7666.101,0.51890427,0.4981355,0.7910545,0.956992,0.171017,12.017293,111.11125,189.299375,1559.104,148.3125,0.0,20.479999999999563,0.09999999999999432,0.0,16
tarantool,2026-07-14-06-12-04,4,wsl,small,0,4,queue,80000,6633.068,0.5994297,0.581763,0.9034916,1.0836512,0.112722,9.547157,97.98428571428572,195.28285714285715,1559.990857142857,142.94285714285715,0.0,20.480000000001382,0.0,0.0,7
tarantool,2026-07-14-06-12-04,4,wsl,small,0,8,doc_delete,80000,11555.164,0.6857358,0.65485847,1.0997754,1.3501769,0.132584,12.28348,100.04400000000001,366.594,1559.9616,212.3,0.0,0.0,3.4000000000000057,0.0,5
tarantool,2026-07-14-06-12-04,4,wsl,small,0,8,doc_increment,80000,9430.372,0.8446631,0.8309145,1.3059086,1.506925,0.130178,10.964333,105.70599999999999,328.782,1559.552,238.74,0.0,20.479999999999563,0.0,0.0,5
tarantool,2026-07-14-06-12-04,4,wsl,small,0,8,doc_insert,80000,11709.357,0.6803659,0.648457,1.0880369,1.3471525,0.12227,8.52359,117.3925,348.69,1560.576,241.325,0.0,0.0,0.0,0.0,4
tarantool,2026-07-14-06-12-04,4,wsl,small,0,8,doc_read,80000,13785.896,0.5693755,0.537292,0.90259826,1.1539035,0.097313,15.077467,73.1075,466.85499999999996,1560.576,229.275,0.0,0.0,0.0,0.0,4
tarantool,2026-07-14-06-12-04,4,wsl,small,0,8,doc_read_partial,80000,13274.439,0.5975506,0.55820954,0.951891,1.1898642,0.11056899,15.030404,93.975,404.1175,1559.2959999999998,201.67000000000002,0.0,0.0,0.0,0.0,4
tarantool,2026-07-14-06-12-04,4,wsl,small,0,8,doc_update_partial,80000,9553.222,0.83420956,0.814319,1.2910464,1.5167937,0.161461,9.838059,93.34500000000001,471.42333333333335,1559.7226666666666,240.36666666666667,0.0,20.479999999999563,0.0,0.0,6
tarantool,2026-07-14-06-12-04,4,wsl,small,0,8,mix_10W_90R,80000,14283.007,0.5569924,0.5302315,0.8969736,1.0871211,0.185886,2.361254,124.708,313.0995,1558.4768,241.525,0.0,40.95999999999913,0.0,0.0,20
tarantool,2026-07-14-06-12-04,4,wsl,small,0,8,mix_50W_50R,160000,13593.353,0.58533967,0.5555545,0.94934565,1.1609092,0.10490599,8.684311,124.708,313.0995,1558.4768,241.525,0.0,40.95999999999913,0.0,0.0,20
tarantool,2026-07-14-06-12-04,4,wsl,small,0,8,mix_90W_10R,80000,11843.75,0.6708138,0.6366695,1.0714883,1.3253474,0.206367,15.091972,124.708,313.0995,1558.4768,241.525,0.0,40.95999999999913,0.0,0.0,20
tarantool,2026-07-14-06-12-04,4,wsl,small,0,8,queue,160000,10122.171,0.7880061,0.76534355,1.2322644,1.4572142,0.128032,12.172631,108.45666666666666,297.50777777777773,1558.8693333333333,230.0222222222222,0.0,20.480000000001382,0.0,0.0,9
tarantool,2026-07-14-06-12-04,4,wsl,small,10000,1,delete,10000,2448.6455,0.408389,0.374347,0.6525976,0.80512035,0.15188,5.757509,51.98,135.83666666666667,38.36,73.58999999999999,0.0,0.0,0.0,0.0,3
tarantool,2026-07-14-06-12-04,4,wsl,small,10000,1,insert,10000,2328.341,0.42949033,0.397269,0.6919595,0.8383772,0.105448,4.097667,44.99333333333333,199.25333333333333,36.73666666666667,65.90666666666667,0.0,0.0,0.10000000000000142,0.0,3
tarantool,2026-07-14-06-12-04,4,wsl,small,10000,1,read,10000,3581.4033,0.27922016,0.2319825,0.47616434,0.6125862,0.139235,4.01978,36.480000000000004,115.965,37.525,65.38499999999999,0.0,0.0,0.0,0.07197265625,2
tarantool,2026-07-14-06-12-04,4,wsl,small,10000,1,update,10000,2406.0605,0.41561714,0.38024652,0.66864634,0.8023028,0.110408,8.040306,46.01,148.85999999999999,37.9,65.53,0.0,0.0,0.0,0.0,3
tarantool,2026-07-14-06-12-04,4,wsl,small,10000,2,delete,20000,4194.568,0.47327518,0.455562,0.71188116,0.8399206,0.109526,8.156325,68.76,88.16333333333334,41.153333333333336,91.54666666666667,0.0,0.0,0.10000000000000142,0.0,3
tarantool,2026-07-14-06-12-04,4,wsl,small,10000,2,insert,20000,4051.953,0.49301836,0.471171,0.7500203,0.8790462,0.125688,5.388246,68.67666666666666,78.60000000000001,39.22,85.07666666666667,0.0,0.0,0.0,0.0,3
tarantool,2026-07-14-06-12-04,4,wsl,small,10000,2,read,20000,6020.778,0.3267737,0.302262,0.516948,0.6520917,0.082804,7.408679,67.24666666666667,243.25666666666666,41.14333333333334,89.69333333333333,0.0,0.0,0.6000000000000014,0.027636718749999997,3
tarantool,2026-07-14-06-12-04,4,wsl,small,10000,2,update,20000,4125.6855,0.4833048,0.46310598,0.7281375,0.8628332,0.121901,7.62226,73.76333333333334,152.95000000000002,41.23666666666667,89.77333333333333,0.0,0.0,0.0,0.0,3
tarantool,2026-07-14-06-12-04,4,wsl,small,10000,4,delete,40000,7579.0176,0.52506256,0.502931,0.80806774,0.97124165,0.129937,11.855835,68.4175,425.5425,65.4925,156.875,0.0,0.0,0.0,0.0,4
tarantool,2026-07-14-06-12-04,4,wsl,small,10000,4,insert,40000,7540.4023,0.5256179,0.50385,0.8101407,0.9941177,0.107862994,9.443926,80.87,327.6,42.78,135.32500000000002,0.0,0.0,0.5,0.0,4
tarantool,2026-07-14-06-12-04,4,wsl,small,10000,4,read,40000,9974.511,0.3978286,0.3717635,0.6363327,0.76524234,0.148804,8.280913,78.88666666666667,276.2133333333333,44.39666666666667,135.76666666666665,0.0,0.0,0.0,0.6044921875,3
tarantool,2026-07-14-06-12-04,4,wsl,small,10000,4,update,40000,5042.18,0.79272777,0.79265046,1.1516688,1.4849758,0.178692,13.778342,76.99,226.07599999999996,57.212,118.21199999999999,0.0,0.0,0.0,0.0,5
tarantool,2026-07-14-06-12-04,4,wsl,small,10000,8,delete,80000,11447.081,0.68970793,0.6599535,1.101849,1.3519707,0.159502,21.376913,94.41799999999999,374.51599999999996,74.07000000000001,196.042,0.0,0.6999999999999957,1.8999999999999986,5.6899999999999995,5
tarantool,2026-07-14-06-12-04,4,wsl,small,10000,8,insert,80000,11751.7705,0.6773618,0.6464405,1.086863,1.3363241,0.116781004,13.050129,120.71000000000001,270.7325,68.41499999999999,199.55,0.0,0.0,0.0,0.0,4
tarantool,2026-07-14-06-12-04,4,wsl,small,10000,8,read,80000,14133.43,0.5622032,0.5296345,0.89167655,1.128071,0.108594,14.31661,74.4175,459.225,72.6375,221.375,0.0,0.0,0.0,0.0,4
tarantool,2026-07-14-06-12-04,4,wsl,small,10000,8,update,80000,11644.609,0.6840947,0.6508175,1.1023947,1.3634009,0.104817,12.803773,115.1925,355.0325,73.3475,228.575,0.0,0.0,0.0,0.0,4
tarantool,2026-07-14-06-12-04,4,wsl,small,100000,1,delete,100000,2299.9014,0.43480122,0.399014,0.71095073,0.8552636,0.17000501,10.152085,58.69863636363636,35.965,78.45454545454545,66.95818181818181,0.0,8.0,0.0,0.09999999999999787,22
tarantool,2026-07-14-06-12-04,4,wsl,small,100000,1,insert,100000,2253.5315,0.44374797,0.408525,0.7222869,0.8756512,0.155487,10.515109,56.34652173913044,47.506086956521735,74.25434782608696,66.60608695652174,0.0,13.600000000000009,0.0,3.4000000000000004,23
tarantool,2026-07-14-06-12-04,4,wsl,small,100000,1,read,100000,3461.0251,0.28893173,0.24316,0.49999174,0.62478054,0.14677,9.837428,49.452666666666666,54.400666666666666,77.57866666666668,66.57533333333333,0.0,9.399999999999991,0.0,0.20000000000000107,15
tarantool,2026-07-14-06-12-04,4,wsl,small,100000,1,update,100000,2301.841,0.4344349,0.3983945,0.70759916,0.854832,0.191879,10.549409,56.07347826086957,47.16652173913043,78.01130434782608,66.88739130434783,0.0,16.700000000000003,0.0,4.0,23
tarantool,2026-07-14-06-12-04,4,wsl,small,100000,2,delete,200000,4085.6357,0.4891606,0.468037,0.7397598,0.8753623,0.092582,11.397452,80.372,79.676,98.9744,90.70280000000001,0.0,10.0,0.0,3.799999999999997,25
tarantool,2026-07-14-06-12-04,4,wsl,small,100000,2,insert,200000,4079.3323,0.4902593,0.469697,0.73395216,0.8688092,0.119015,11.10556,78.32192307692307,82.24153846153847,84.13076923076923,90.38038461538461,0.0,31.0,0.0,2.5,26
tarantool,2026-07-14-06-12-04,4,wsl,small,100000,2,read,200000,6122.8433,0.326176,0.304098,0.51016974,0.6237231,0.139825,11.263714,76.57705882352941,102.23941176470588,97.46529411764705,90.73705882352941,0.0,8.0,0.0,1.6000000000000014,17
tarantool,2026-07-14-06-12-04,4,wsl,small,100000,2,update,200000,4039.141,0.49426147,0.473424,0.743249,0.87815374,0.104276,12.946806,78.17,76.58807692307693,98.00269230769231,90.31,0.0,35.0,0.10000000000000142,7.0,26
tarantool,2026-07-14-06-12-04,4,wsl,small,100000,4,delete,400000,7439.8164,0.535154,0.5141045,0.8225016,0.9920441,0.116971,20.747454,105.8125,153.11535714285716,144.9,139.73928571428573,0.0,28.0,0.0,8.699999999999996,28
tarantool,2026-07-14-06-12-04,4,wsl,small,100000,4,insert,400000,7260.2583,0.54884124,0.5277,0.84213006,1.0098923,0.176457,18.506779,106.08103448275861,150.13620689655173,109.81068965517241,138.77586206896552,1.7999999999999972,77.0,1.1999999999999957,7.800000000000004,29
tarantool,2026-07-14-06-12-04,4,wsl,small,100000,4,read,400000,9726.273,0.40953586,0.384258,0.65309817,0.7821841,0.123965,13.135348,98.64619047619048,153.71952380952382,138.1142857142857,138.4904761904762,0.0,4.0,0.0,8.5,21
tarantool,2026-07-14-06-12-04,4,wsl,small,100000,4,update,400000,7332.5835,0.5408859,0.5200135,0.83102906,0.9983601,0.153644,13.394527,107.79655172413793,153.15206896551723,142.10344827586206,138.54827586206898,4.099999999999994,62.0,0.0,7.0,29
tarantool,2026-07-14-06-12-04,4,wsl,small,100000,8,delete,800000,11070.833,0.7211609,0.6943145,1.1416043,1.3838667,0.123834,22.47995,119.07135135135135,239.1283783783784,222.5108108108108,226.83486486486484,0.0,91.0,0.0,17.0,37
tarantool,2026-07-14-06-12-04,4,wsl,small,100000,8,insert,800000,11506.433,0.69367987,0.6644715,1.1052008,1.3504071,0.131018,15.318387,120.70222222222222,245.45999999999998,164.14722222222224,229.18055555555554,0.0,152.0,0.0,10.400000000000006,36
tarantool,2026-07-14-06-12-04,4,wsl,small,100000,8,read,800000,13740.792,0.5808395,0.5476615,0.91590905,1.154536,0.097542,14.624535,106.13466666666666,264.4483333333333,216.57999999999998,225.87266666666667,0.0,3.0,0.0,18.200000000000003,30
tarantool,2026-07-14-06-12-04,4,wsl,small,100000,8,update,800000,11266.404,0.7071436,0.6787385,1.1214972,1.367958,0.146519,14.301006,119.40513513513513,249.62972972972972,219.22702702702702,228.73243243243243,0.0,92.0,0.0,14.099999999999994,37
tarantool,2026-07-14-06-12-04,4,wsl,small,1000000,1,delete,1000000,2004.0736,0.49898368,0.477562,0.790164,0.92841303,0.18719,36.59976,56.46718253968254,40.208373015873015,265.8587301587301,69.28198412698413,0.0,61.43999999999983,0.0,20.0,252
tarantool,2026-07-14-06-12-04,4,wsl,small,1000000,1,insert,1000000,1972.2145,0.50704426,0.48714697,0.8000581,0.9394101,0.164354,14.582916,55.80746153846154,39.762,229.04884615384614,67.43853846153846,0.0,202.0,4.200000000000003,25.0,260
tarantool,2026-07-14-06-12-04,4,wsl,small,1000000,1,read,1000000,2951.0554,0.33886182,0.3134965,0.5681791,0.69332206,0.085158,11.965883,48.35005813953488,50.86656976744186,259.91046511627906,71.32168604651163,0.0,1.0,0.0,22.0,172
tarantool,2026-07-14-06-12-04,4,wsl,small,1000000,1,update,1000000,1995.3915,0.5011548,0.47994548,0.79455215,0.933059,0.159014,30.368465,56.040859375,38.7791015625,262.004296875,70.2944921875,0.0,222.4000000000001,0.0,19.0,256
tarantool,2026-07-14-06-12-04,4,wsl,small,1000000,2,delete,2000000,3596.374,0.5559178,0.54046,0.820922,0.954464,0.109277,44.44521,78.05164285714285,73.83257142857143,460.8725,92.86267857142857,7.200000000000003,204.79999999999995,0.0,40.0,280
tarantool,2026-07-14-06-12-04,4,wsl,small,1000000,2,insert,2000000,3768.35,0.5302277,0.512123,0.79048514,0.92651606,0.100217,16.660357,77.64283088235294,75.67367647058825,315.9845588235294,92.12419117647059,0.09999999999999432,389.1200000000001,0.0,40.0,272
tarantool,2026-07-14-06-12-04,4,wsl,small,1000000,2,read,2000000,5701.1934,0.34995648,0.330321,0.550033,0.66756505,0.128944,12.598684,77.25224719101124,89.52679775280899,447.30898876404495,91.89657303370787,0.0,10.240000000000009,0.0,40.0,178
tarantool,2026-07-14-06-12-04,4,wsl,small,1000000,2,update,2000000,3364.8762,0.5940551,0.58226,0.840677,0.970111,0.193792,24.1799,74.66511475409837,77.08950819672131,452.6344262295082,92.59124590163935,0.0,389.1199999999999,0.0,41.0,305
tarantool,2026-07-14-06-12-04,4,wsl,small,1000000,4,delete,4000000,7416.8965,0.5382209,0.516618,0.8281261,1.000107,0.108654,15.263877,110.55243542435424,129.80011070110703,840.1760147601476,146.94944649446495,0.0,235.51999999999998,0.0,80.0,271
tarantool,2026-07-14-06-12-04,4,wsl,small,1000000,4,insert,4000000,7168.98,0.554506,0.53264,0.84888905,1.02133,0.170047,398.47437,108.87176056338029,135.09602112676055,560.7140845070422,139.39031690140845,0.0,768.0,0.0,79.0,284
tarantool,2026-07-14-06-12-04,4,wsl,small,1000000,4,read,4000000,9706.353,0.41148663,0.386111,0.655387,0.785067,0.120557,17.090637,98.76225961538461,152.31725961538461,819.5942307692308,145.23826923076925,0.0,10.240000000000236,0.0,82.0,208
tarantool,2026-07-14-06-12-04,4,wsl,small,1000000,4,update,4000000,7300.859,0.54623425,0.525207,0.83504,1.004641,0.171579,19.217506,109.35414285714286,136.09882142857143,830.0771428571429,145.97835714285716,0.0,778.2399999999998,0.0,80.0,280
tarantool,2026-07-14-06-12-04,4,wsl,small,1000000,8,delete,8000000,11156.329,0.71552473,0.689786,1.139812,1.377759,0.13956499,19.566835,120.19327777777778,213.92930555555557,1556.5112888888889,239.7555277777778,0.20000000000000284,450.5600000000004,0.0,153.60000000000014,360
tarantool,2026-07-14-06-12-04,4,wsl,small,1000000,8,insert,8000000,11316.13,0.7051141,0.677326,1.123808,1.367769,0.122993,22.052608,121.57754874651809,222.04175487465182,1018.5795877437325,241.31047353760448,0.5999999999999943,1464.3199999999997,0.0,159.0,359
tarantool,2026-07-14-06-12-04,4,wsl,small,1000000,8,read,8000000,13771.484,0.5785499,0.542569,0.915277,1.150227,0.118654005,25.884403,113.11692832764506,254.95539249146756,1527.5633583617748,239.52904436860067,0.20000000000000284,870.4000000000005,0.0,179.24,293
tarantool,2026-07-14-06-12-04,4,wsl,small,1000000,8,update,8000000,11174.535,0.71430576,0.685631,1.137703,1.385327,0.117733,21.132097,121.7391506849315,228.15567123287673,1540.7440657534248,239.77898630136986,0.0,1495.04,0.0,174.07999999999993,365
