system,run_id,max_cpus,host_system,payload_size,iterations,workers,category,total_ops,throughput_ops_sec,latency_mean_ms,latency_p50_ms,latency_p95_ms,latency_p99_ms,latency_min_ms,latency_max_ms,cpu_db_mean_perc,cpu_client_mean_perc,mem_db_mean_mib,mem_client_mean_mib,io_db_read_mib,io_db_write_mib,io_client_read_mib,io_client_write_mib,resource_samples
redis,2026-06-29-08-22-15,1,wsl,medium,0,1,doc_delete,10000,2523.6367,0.39625353,0.310938,0.61499506,0.90661466,0.170867,34.723625,47.876666666666665,174.73000000000002,155.0666666666667,118.06666666666666,79.5,97996.8,95.0,1607.68,3
redis,2026-06-29-08-22-15,1,wsl,medium,0,1,doc_increment,10000,3006.1445,0.332652,0.3008385,0.5865606,0.75227463,0.168262,5.661361,17.54,260.90000000000003,155.83333333333334,117.73333333333335,79.3,97587.2,95.0,1607.68,3
redis,2026-06-29-08-22-15,1,wsl,medium,0,1,doc_insert,10000,3446.4497,0.29015365,0.235524,0.5451915,0.8114152,0.191458,21.573175,30.833333333333332,247.63666666666666,251.0,117.06666666666666,79.1,95948.8,95.0,1587.2,3
redis,2026-06-29-08-22-15,1,wsl,medium,0,1,doc_read,10000,4146.7417,0.24115318,0.199139,0.43374398,0.604239,0.173133,4.530087,28.555,104.19,154.95,90.83500000000001,79.2,96563.2,95.0,1597.44,2
redis,2026-06-29-08-22-15,1,wsl,medium,0,1,doc_read_partial,10000,3152.8806,0.31717026,0.2188465,0.5219131,0.7720148,0.168872,31.623762,58.413333333333334,244.14,152.26666666666665,117.76666666666667,79.2,96972.8,95.0,1597.44,3
redis,2026-06-29-08-22-15,1,wsl,medium,0,1,doc_update_partial,10000,3609.5024,0.27704647,0.22909701,0.50082743,0.702912,0.197599,11.415378,33.21,86.3,150.64999999999998,74.745,79.2,96972.8,95.0,1607.68,2
redis,2026-06-29-08-22-15,1,wsl,medium,0,1,mix_10W_90R,10000,5228.22,0.1912697,0.154182,0.34955895,0.479342,0.12724,1.136787,41.278571428571425,98.72142857142856,140.62857142857143,99.84142857142857,70.9,94003.2,95.0,1576.96,7
redis,2026-06-29-08-22-15,1,wsl,medium,0,1,mix_50W_50R,20000,4609.5596,0.21694048,0.1803305,0.4213725,0.5895926,0.125708,8.778919,41.278571428571425,98.72142857142856,140.62857142857143,99.84142857142857,70.9,94003.2,95.0,1576.96,7
redis,2026-06-29-08-22-15,1,wsl,medium,0,1,mix_90W_10R,10000,4372.6167,0.22869602,0.187347,0.43274045,0.6069584,0.13775,1.316129,41.278571428571425,98.72142857142856,140.62857142857143,99.84142857142857,70.9,94003.2,95.0,1576.96,7
redis,2026-06-29-08-22-15,1,wsl,medium,0,1,queue,20000,4978.5405,0.20086208,0.164575,0.37049606,0.5423204,0.127341,7.895899,30.46666666666667,112.74000000000001,283.5,103.14333333333333,71.2,95334.4,95.0,1587.2,3
redis,2026-06-29-08-22-15,1,wsl,medium,0,2,doc_delete,20000,5919.922,0.3253785,0.3040965,0.5417478,0.7029497,0.138723,5.709981,55.364999999999995,125.81,149.35,152.4,79.5,97996.8,95.0,1607.68,2
redis,2026-06-29-08-22-15,1,wsl,medium,0,2,doc_increment,20000,5360.103,0.366875,0.344035,0.6169913,0.81044143,0.157792,5.811913,40.72666666666667,284.33666666666664,151.93333333333334,185.66666666666666,79.4,97587.2,95.0,1607.68,3
redis,2026-06-29-08-22-15,1,wsl,medium,0,2,doc_insert,20000,5634.2603,0.35429356,0.315366,0.6097305,0.7903928,0.164915,9.091559,32.48666666666667,306.81666666666666,182.0,153.13333333333333,79.1,96051.2,95.0,1597.44,3
redis,2026-06-29-08-22-15,1,wsl,medium,0,2,doc_read,20000,6379.7573,0.31225923,0.2677945,0.56233454,0.79246897,0.151369,5.00029,40.080000000000005,371.67,150.5,185.83333333333334,79.2,96563.2,95.0,1597.44,3
redis,2026-06-29-08-22-15,1,wsl,medium,0,2,doc_read_partial,20000,7068.5566,0.28059384,0.231496,0.50590575,0.6817199,0.146829,4.970045,53.290000000000006,126.70000000000002,150.35000000000002,100.47,79.2,96972.8,95.0,1597.44,2
redis,2026-06-29-08-22-15,1,wsl,medium,0,2,doc_update_partial,20000,5477.5996,0.36462456,0.323728,0.63160753,0.86791474,0.167811,5.585211,33.43666666666667,240.45666666666668,151.0,137.1,79.3,97075.2,95.0,1607.68,3
redis,2026-06-29-08-22-15,1,wsl,medium,0,2,mix_10W_90R,20000,8326.877,0.23942986,0.213156,0.4306203,0.57070684,0.103364,1.14275,66.16875,123.6925,135.5,150.75,70.9,94208.0,95.0,1576.96,8
redis,2026-06-29-08-22-15,1,wsl,medium,0,2,mix_50W_50R,40000,7767.089,0.2573081,0.226207,0.47158346,0.63426167,0.112011,9.221548,66.16875,123.6925,135.5,150.75,70.9,94208.0,95.0,1576.96,8
redis,2026-06-29-08-22-15,1,wsl,medium,0,2,mix_90W_10R,20000,7588.24,0.2628347,0.23173949,0.45594895,0.59869766,0.123554,1.822364,66.16875,123.6925,135.5,150.75,70.9,94208.0,95.0,1576.96,8
redis,2026-06-29-08-22-15,1,wsl,medium,0,2,queue,40000,8541.707,0.23369467,0.2078145,0.4214735,0.5560095,0.111039,1.536277,64.64,179.92666666666665,151.96666666666667,151.20000000000002,71.2,95334.4,95.0,1587.2,3
redis,2026-06-29-08-22-15,1,wsl,medium,0,4,doc_delete,40000,10636.696,0.365741,0.3374715,0.6366626,0.8593432,0.140387,6.90812,45.913333333333334,397.38000000000005,149.26666666666668,226.5,79.5,97996.8,95.0,1607.68,3
redis,2026-06-29-08-22-15,1,wsl,medium,0,4,doc_increment,40000,9456.228,0.4137835,0.3900635,0.6835989,0.8615914,0.163702,6.886728,55.96333333333334,361.54333333333335,149.76666666666668,253.4333333333333,79.4,97587.2,95.0,1607.68,3
redis,2026-06-29-08-22-15,1,wsl,medium,0,4,doc_insert,40000,8611.397,0.45603496,0.425637,0.7491719,0.9953526,0.181839,8.99994,71.88666666666667,365.3933333333334,147.16666666666666,236.76666666666665,79.2,96256.0,95.0,1597.44,3
redis,2026-06-29-08-22-15,1,wsl,medium,0,4,doc_read,40000,10270.115,0.38477743,0.3629545,0.65076643,0.8534723,0.157551,6.606367,52.57,356.33,150.29999999999998,185.74333333333334,79.2,96563.2,95.0,1597.44,3
redis,2026-06-29-08-22-15,1,wsl,medium,0,4,doc_read_partial,40000,11196.313,0.3542437,0.3329585,0.5919099,0.781529,0.159966,6.659725,45.400000000000006,399.0466666666666,150.0666666666667,211.16666666666666,79.2,96972.8,95.0,1597.44,3
redis,2026-06-29-08-22-15,1,wsl,medium,0,4,doc_update_partial,40000,8140.7812,0.48077118,0.452263,0.78607345,0.9964535,0.18749,8.530587,48.11,555.4250000000001,153.075,274.6,79.3,97280.0,95.0,1607.68,4
redis,2026-06-29-08-22-15,1,wsl,medium,0,4,mix_10W_90R,40000,13640.872,0.29142764,0.2702775,0.51052696,0.6705664,0.104897,1.947196,85.64399999999999,226.115,182.69,231.825,71.0,94515.2,95.0,1576.96,10
redis,2026-06-29-08-22-15,1,wsl,medium,0,4,mix_50W_50R,80000,12663.143,0.31433743,0.28952,0.5487453,0.71048975,0.117481,28.478804,85.64399999999999,226.115,182.69,231.825,71.0,94515.2,95.0,1576.96,10
redis,2026-06-29-08-22-15,1,wsl,medium,0,4,mix_90W_10R,40000,11520.464,0.34253097,0.3190585,0.5867611,0.75236046,0.110478,2.524646,85.64399999999999,226.115,182.69,231.825,71.0,94515.2,95.0,1576.96,10
redis,2026-06-29-08-22-15,1,wsl,medium,0,4,queue,80000,12724.089,0.31234854,0.2877975,0.5462367,0.71626234,0.102172,9.181303,83.46,313.9875,179.375,252.425,71.2,95539.2,95.0,1587.2,4
redis,2026-06-29-08-22-15,1,wsl,medium,0,8,doc_delete,80000,16996.71,0.46648657,0.452487,0.68768543,0.91399044,0.16875,12.15381,51.6475,499.21000000000004,149.05,355.03000000000003,79.5,97996.8,95.0,1607.68,4
redis,2026-06-29-08-22-15,1,wsl,medium,0,8,doc_increment,80000,11755.76,0.6676275,0.5085905,0.8062306,1.1346726,0.204251,54.583817,80.978,521.918,154.3,380.72,79.4,97792.0,95.0,1607.68,5
redis,2026-06-29-08-22-15,1,wsl,medium,0,8,doc_insert,80000,13562.954,0.58435667,0.542271,0.85011655,1.2229388,0.189513,25.483448,78.8125,655.37,151.225,431.825,79.2,96563.2,95.0,1597.44,4
redis,2026-06-29-08-22-15,1,wsl,medium,0,8,doc_read,80000,10961.625,0.7161462,0.5446615,0.8351505,1.1991297,0.160637,57.096764,79.542,441.4,152.34,338.294,79.2,96768.0,95.0,1597.44,5
redis,2026-06-29-08-22-15,1,wsl,medium,0,8,doc_read_partial,80000,14249.766,0.5560187,0.54102147,0.82270336,1.1104966,0.188672,12.299636,75.195,570.7025,149.875,400.25,79.2,96972.8,95.0,1597.44,4
redis,2026-06-29-08-22-15,1,wsl,medium,0,8,doc_update_partial,80000,12955.305,0.61144423,0.5616925,0.9375163,1.343416,0.199914,39.39878,63.598,539.15,156.26,362.28000000000003,79.3,97587.2,95.0,1607.68,5
redis,2026-06-29-08-22-15,1,wsl,medium,0,8,mix_10W_90R,80000,16510.182,0.47863546,0.4625435,0.6975356,0.9500921,0.116229996,9.374752,92.618125,385.21750000000003,257.485,420.95875,71.1,95232.0,95.0,1587.2,16
redis,2026-06-29-08-22-15,1,wsl,medium,0,8,mix_50W_50R,160000,16152.528,0.49019313,0.4707615,0.7046928,0.92812926,0.100798,19.125582,92.618125,385.21750000000003,257.485,420.95875,71.1,95232.0,95.0,1587.2,16
redis,2026-06-29-08-22-15,1,wsl,medium,0,8,mix_90W_10R,80000,14919.939,0.5321041,0.491992,0.74406826,1.0272546,0.17758,31.624847,92.618125,385.21750000000003,257.485,420.95875,71.1,95232.0,95.0,1587.2,16
redis,2026-06-29-08-22-15,1,wsl,medium,0,8,queue,160000,16095.517,0.49370575,0.47201252,0.7086832,0.95088357,0.106549,24.848454,77.46142857142857,473.49142857142857,241.87142857142857,404.07142857142856,79.1,95948.8,95.0,1587.2,7
redis,2026-06-29-08-22-15,1,wsl,medium,10000,1,delete,10000,5411.3916,0.18479533,0.152791,0.32649153,0.46205708,0.14010601,1.406079,18.52,321.78999999999996,457.5,161.7,25.8,52224.0,93.3,1443.84,2
redis,2026-06-29-08-22-15,1,wsl,medium,10000,1,insert,10000,4510.2686,0.22171628,0.186737,0.3809735,0.55811286,0.150005,5.126526,27.625,192.23,110.07,123.94999999999999,25.7,50483.2,93.3,1433.6,2
redis,2026-06-29-08-22-15,1,wsl,medium,10000,1,read,10000,5364.1875,0.18642151,0.150346,0.34697315,0.49150687,0.12162,6.594763,29.845,228.82,461.95,166.75,25.7,51302.4,93.3,1433.6,2
redis,2026-06-29-08-22-15,1,wsl,medium,10000,1,update,10000,4554.2817,0.21957359,0.181187,0.3964435,0.5654684,0.152149,1.271834,25.8,126.995,458.4,146.55,25.8,51302.4,93.3,1433.6,2
redis,2026-06-29-08-22-15,1,wsl,medium,10000,2,delete,20000,9107.971,0.21645717,0.18549201,0.3904638,0.54126877,0.104926996,1.766547,37.76,183.005,457.45,177.35,25.9,52224.0,93.3,1443.84,2
redis,2026-06-29-08-22-15,1,wsl,medium,10000,2,insert,20000,7447.2373,0.26777738,0.2347465,0.4764795,0.6218695,0.125998,9.617351,40.79666666666667,438.4533333333333,159.46666666666667,226.33333333333334,25.7,50483.2,93.3,1433.6,3
redis,2026-06-29-08-22-15,1,wsl,medium,10000,2,read,20000,10456.656,0.19064283,0.156679,0.34974042,0.47493052,0.081921,1.197435,35.435,251.09499999999997,461.0,141.085,25.7,51302.4,93.3,1433.6,2
redis,2026-06-29-08-22-15,1,wsl,medium,10000,2,update,20000,7801.746,0.25623628,0.2208695,0.45711085,0.6266552,0.129745,2.087327,55.625,216.91,459.05,141.12,25.8,51404.8,93.3,1433.6,2
redis,2026-06-29-08-22-15,1,wsl,medium,10000,4,delete,40000,15468.234,0.2541271,0.2349225,0.4441393,0.58167326,0.108243,9.204694,67.9,398.72,457.5,293.5,25.9,52224.0,93.3,1443.84,2
redis,2026-06-29-08-22-15,1,wsl,medium,10000,4,insert,40000,11570.951,0.34112945,0.311833,0.5829873,0.74968535,0.104906,9.249855,49.376666666666665,462.77,222.5666666666667,265.2,25.7,50688.0,93.3,1433.6,3
redis,2026-06-29-08-22-15,1,wsl,medium,10000,4,read,40000,15028.838,0.26003724,0.24411899,0.44527894,0.59054327,0.103965,1.909033,35.76,623.6966666666666,459.26666666666665,323.3666666666667,25.7,51302.4,93.3,1433.6,3
redis,2026-06-29-08-22-15,1,wsl,medium,10000,4,update,40000,6431.9385,0.61882186,0.358864,0.7125603,1.0035945,0.144264,54.449127,81.35,192.07,503.32500000000005,271.65,25.8,51916.8,93.3,1443.84,4
redis,2026-06-29-08-22-15,1,wsl,medium,10000,8,delete,80000,19784.576,0.39644384,0.38539898,0.5853749,0.801011,0.092622,9.597447,72.07000000000001,629.94,401.90000000000003,372.56666666666666,25.9,52224.0,93.3,1443.84,3
redis,2026-06-29-08-22-15,1,wsl,medium,10000,8,insert,80000,10384.378,0.76547307,0.512168,0.8623386,1.4487993,0.14741,63.365856,79.59,485.78599999999994,385.04,461.96000000000004,25.7,51302.4,93.3,1433.6,5
redis,2026-06-29-08-22-15,1,wsl,medium,10000,8,read,80000,16918.793,0.467538,0.454508,0.68523854,0.8924251,0.093635,13.676016,50.8925,512.725,458.975,379.325,25.8,51302.4,93.3,1433.6,4
redis,2026-06-29-08-22-15,1,wsl,medium,10000,8,update,80000,15766.362,0.49779043,0.46796948,0.7007367,0.9696327,0.142079,39.404617,58.682500000000005,564.62,460.15,379.425,25.8,52224.0,93.3,1443.84,4
redis,2026-06-29-08-22-15,1,wsl,medium,100000,1,delete,100000,3411.9873,0.29308432,0.1758765,0.44042903,0.6926686,0.124606,62.76123,79.611875,81.578125,4350.784,98.300625,70.3,92262.4,95.0,1546.24,16
redis,2026-06-29-08-22-15,1,wsl,medium,100000,1,insert,100000,3890.7515,0.25701976,0.18799,0.44730344,0.662853,0.148863,38.014412,52.20428571428572,66.03785714285713,353.05,140.7,26.0,53350.4,93.3,1443.84,14
redis,2026-06-29-08-22-15,1,wsl,medium,100000,1,read,100000,3715.1885,0.26916534,0.161729,0.39869645,0.5997948,0.11671,55.188496,82.00666666666666,88.29533333333333,4153.9583999999995,123.29333333333334,26.9,69017.6,94.6,1484.8,15
redis,2026-06-29-08-22-15,1,wsl,medium,100000,1,update,100000,2491.5696,0.40135345,0.23200649,0.5758485,0.8776513,0.150666,148.72856,82.90772727272727,74.3709090909091,4169.076363636364,122.90454545454546,27.0,76185.6,94.6,1515.52,22
redis,2026-06-29-08-22-15,1,wsl,medium,100000,2,delete,200000,9118.435,0.21690054,0.18804249,0.3875364,0.5159213,0.093355,8.777416,59.48833333333334,159.7075,4013.653333333333,152.17499999999998,70.4,92262.4,95.0,1546.24,12
redis,2026-06-29-08-22-15,1,wsl,medium,100000,2,insert,200000,6432.3677,0.30956513,0.243509,0.50371283,0.6773636,0.100939,246.25407,69.68176470588234,130.1735294117647,812.7414117647058,189.78235294117644,26.1,54681.6,93.3,1454.08,17
redis,2026-06-29-08-22-15,1,wsl,medium,100000,2,read,200000,5269.3687,0.3775975,0.206367,0.4454472,0.65442514,0.082092,150.84155,94.341,97.345,4007.7311999999997,168.625,26.9,71884.8,94.6,1484.8,20
redis,2026-06-29-08-22-15,1,wsl,medium,100000,2,update,200000,7655.124,0.26066524,0.22354051,0.47121608,0.6247727,0.097221,8.753484,60.013333333333335,177.59666666666666,4000.4949333333334,175.76000000000002,27.2,77004.8,94.6,1515.52,15
redis,2026-06-29-08-22-15,1,wsl,medium,100000,4,delete,400000,14978.745,0.26454118,0.2456325,0.46551707,0.6056331,0.092132,2.401741,87.19428571428571,214.30214285714285,4013.9337142857144,241.37142857142857,70.5,92262.4,95.0,1546.24,14
redis,2026-06-29-08-22-15,1,wsl,medium,100000,4,insert,400000,7560.028,0.5241463,0.346254,0.67387915,0.9250204,0.120938,87.416435,92.0792857142857,180.38214285714284,1525.6502857142857,288.5892857142857,26.4,58572.8,93.3,1464.32,28
redis,2026-06-29-08-22-15,1,wsl,medium,100000,4,read,400000,13412.469,0.2967276,0.2477925,0.45282143,0.6099303,0.085719,84.99579,92.351875,227.43812499999999,4000.64,263.9625,26.9,72396.8,94.6,1484.8,16
redis,2026-06-29-08-22-15,1,wsl,medium,100000,4,update,400000,7862.328,0.50373596,0.346041,0.6814742,0.9239201,0.099215,163.68651,92.9225925925926,182.42296296296297,4187.591111111111,268.4185185185185,27.9,80588.8,94.6,1525.76,27
redis,2026-06-29-08-22-15,1,wsl,medium,100000,8,delete,800000,13625.434,0.5853416,0.411764,0.64479405,0.9823036,0.092253,93.16329,97.2183870967742,279.6396774193548,2799.518064516129,441.3909677419355,70.8,94003.2,95.0,1566.72,31
redis,2026-06-29-08-22-15,1,wsl,medium,100000,8,insert,800000,7754.924,1.0255873,0.549103,0.9795781,2.5428567,0.128443,155.85971,99.69814814814815,227.28740740740741,3202.4082962962966,469.85925925925926,26.9,67174.4,94.6,1484.8,54
redis,2026-06-29-08-22-15,1,wsl,medium,100000,8,read,800000,16890.576,0.47239983,0.4604035,0.669744,0.85039425,0.085959,8.763062,94.01280000000001,347.5932,3998.59712,452.42040000000003,26.9,72396.8,94.6,1505.28,25
redis,2026-06-29-08-22-15,1,wsl,medium,100000,8,update,800000,6679.838,1.1937317,0.59499,0.9953171,40.72505,0.138313,255.13866,99.21967741935484,205.46306451612904,4756.546064516128,444.5204838709677,70.1,90009.6,95.0,1536.0,62
redis,2026-06-29-08-22-15,1,wsl,small,0,1,doc_delete,10000,4270.626,0.23415771,0.183165,0.461783,0.67507535,0.138894,4.395547,21.865,216.91,80.025,137.60000000000002,25.6,50380.8,89.2,1423.36,2
redis,2026-06-29-08-22-15,1,wsl,small,0,1,doc_increment,10000,3935.598,0.254091,0.201141,0.47991452,0.69399005,0.16735,13.232301,26.865,184.965,80.18,121.0,25.5,50380.8,89.2,1423.36,2
redis,2026-06-29-08-22-15,1,wsl,small,0,1,doc_insert,10000,4185.6367,0.23891228,0.1939565,0.440128,0.62724495,0.16141699,15.287566,26.41,88.22,76.675,119.55,25.4,50278.4,89.2,1413.12,2
redis,2026-06-29-08-22-15,1,wsl,small,0,1,doc_read,10000,3920.7864,0.25505087,0.186428,0.53219354,0.7090489,0.151819,4.362471,25.765,186.935,80.285,120.45,25.4,50380.8,89.2,1413.12,2
redis,2026-06-29-08-22-15,1,wsl,small,0,1,doc_read_partial,10000,4606.1772,0.21709976,0.181122,0.38556784,0.5334867,0.149805,4.566385,19.89,190.155,79.96000000000001,115.25,25.4,50380.8,89.2,1423.36,2
redis,2026-06-29-08-22-15,1,wsl,small,0,1,doc_update_partial,10000,4063.9019,0.24606894,0.19816,0.458501,0.64357466,0.169423,11.271633,27.990000000000002,155.84,80.28,119.25,25.4,50380.8,89.2,1423.36,2
redis,2026-06-29-08-22-15,1,wsl,small,0,1,mix_10W_90R,10000,5715.465,0.17496389,0.1464325,0.30361027,0.43249083,0.120907,0.878209,38.75,64.72166666666666,112.675,113.81,25.0,50176.0,89.1,1392.64,6
redis,2026-06-29-08-22-15,1,wsl,small,0,1,mix_50W_50R,20000,5353.508,0.1867934,0.159925,0.33178267,0.4861742,0.127911,9.2692,38.75,64.72166666666666,112.675,113.81,25.0,50176.0,89.1,1392.64,6
redis,2026-06-29-08-22-15,1,wsl,small,0,1,mix_90W_10R,10000,5116.3086,0.19545342,0.1624435,0.35442752,0.52815783,0.121859,1.148093,38.75,64.72166666666666,112.675,113.81,25.0,50176.0,89.1,1392.64,6
redis,2026-06-29-08-22-15,1,wsl,small,0,1,queue,20000,5366.807,0.18633053,0.152089,0.3335474,0.50888276,0.131949,8.462452,25.01,161.82333333333332,78.84666666666668,121.96666666666665,25.3,50278.4,89.1,1402.88,3
redis,2026-06-29-08-22-15,1,wsl,small,0,2,doc_delete,20000,7883.028,0.25115573,0.2127635,0.4475728,0.5752068,0.12701,11.332314,46.34,147.5,80.05000000000001,150.8,25.6,50380.8,89.2,1433.6,2
redis,2026-06-29-08-22-15,1,wsl,small,0,2,doc_increment,20000,6743.1963,0.2917606,0.250242,0.5187323,0.67269635,0.156358,10.917034,58.735,126.915,80.43,139.55,25.5,50380.8,89.2,1423.36,2
redis,2026-06-29-08-22-15,1,wsl,small,0,2,doc_insert,20000,6580.538,0.30258116,0.258273,0.5315371,0.7360206,0.154744,36.202465,42.86333333333334,350.2633333333333,76.65666666666667,177.13333333333333,25.4,50278.4,89.2,1413.12,3
redis,2026-06-29-08-22-15,1,wsl,small,0,2,doc_read,20000,7428.8833,0.2691639,0.221616,0.4890052,0.6606755,0.135828,4.766694,44.92,144.70499999999998,80.41,143.35,25.4,50380.8,89.2,1423.36,2
redis,2026-06-29-08-22-15,1,wsl,small,0,2,doc_read_partial,20000,7538.1406,0.26492482,0.227182,0.45408145,0.5809408,0.134636,5.291064,41.325,258.755,79.91,154.5,25.4,50380.8,89.2,1423.36,2
redis,2026-06-29-08-22-15,1,wsl,small,0,2,doc_update_partial,20000,7027.496,0.28354967,0.241826,0.50179046,0.65861565,0.15286,11.883847,46.585,248.83,80.28,155.05,25.5,50380.8,89.2,1423.36,2
redis,2026-06-29-08-22-15,1,wsl,small,0,2,mix_10W_90R,20000,9418.967,0.21181443,0.1810795,0.3778683,0.5173939,0.108094,1.257467,61.23375,197.87375,80.55250000000001,160.8125,25.1,50176.0,89.1,1392.64,8
redis,2026-06-29-08-22-15,1,wsl,small,0,2,mix_50W_50R,40000,8684.421,0.22985446,0.20133999,0.4106649,0.54168355,0.101159,9.017981,61.23375,197.87375,80.55250000000001,160.8125,25.1,50176.0,89.1,1392.64,8
redis,2026-06-29-08-22-15,1,wsl,small,0,2,mix_90W_10R,20000,8223.478,0.24144977,0.2136655,0.41674545,0.5246182,0.115137,1.848385,61.23375,197.87375,80.55250000000001,160.8125,25.1,50176.0,89.1,1392.64,8
redis,2026-06-29-08-22-15,1,wsl,small,0,2,queue,40000,8873.051,0.22538057,0.2003295,0.3860818,0.50920415,0.108874,1.467529,57.66,197.86666666666665,75.25666666666666,153.06666666666666,25.3,50278.4,89.1,1402.88,3
redis,2026-06-29-08-22-15,1,wsl,small,0,4,doc_delete,40000,11849.017,0.3287219,0.306627,0.5552108,0.72455144,0.11197,11.664536,38.303333333333335,445.16333333333336,80.39666666666666,227.9,25.6,50380.8,89.2,1433.6,3
redis,2026-06-29-08-22-15,1,wsl,small,0,4,doc_increment,40000,9907.535,0.39206627,0.3663025,0.66168654,0.85401726,0.161367,11.726431,52.910000000000004,332.51,80.09666666666666,221.0666666666667,25.6,50380.8,89.2,1423.36,3
redis,2026-06-29-08-22-15,1,wsl,small,0,4,doc_insert,40000,9826.135,0.39502585,0.3657965,0.6756461,0.90378255,0.156318,7.819494,55.31999999999999,330.3866666666667,73.37333333333333,177.07666666666668,25.4,50278.4,89.2,1413.12,3
redis,2026-06-29-08-22-15,1,wsl,small,0,4,doc_read,40000,11323.118,0.34783605,0.3304975,0.5670271,0.71040094,0.122642,7.689641,39.78333333333333,417.34,80.25666666666666,216.6,25.4,50380.8,89.2,1423.36,3
redis,2026-06-29-08-22-15,1,wsl,small,0,4,doc_read_partial,40000,11063.953,0.35623842,0.3339305,0.60259336,0.7766558,0.13689,6.273914,43.28333333333333,451.6233333333333,80.04666666666667,231.0666666666667,25.4,50380.8,89.2,1423.36,3
redis,2026-06-29-08-22-15,1,wsl,small,0,4,doc_update_partial,40000,9171.245,0.43079522,0.35789502,0.66293555,0.8860887,0.155515,51.32222,64.59,345.2866666666667,82.50333333333333,177.07000000000002,25.5,50380.8,89.2,1423.36,3
redis,2026-06-29-08-22-15,1,wsl,small,0,4,mix_10W_90R,40000,14796.888,0.26926506,0.2462855,0.46247056,0.60177815,0.101079,41.029102,81.37888888888888,281.5811111111111,76.63666666666667,215.84444444444443,25.1,50176.0,89.1,1392.64,9
redis,2026-06-29-08-22-15,1,wsl,small,0,4,mix_50W_50R,80000,14157.439,0.27960294,0.2604915,0.48371354,0.6312691,0.080871,9.859167,81.37888888888888,281.5811111111111,76.63666666666667,215.84444444444443,25.1,50176.0,89.1,1392.64,9
redis,2026-06-29-08-22-15,1,wsl,small,0,4,mix_90W_10R,40000,13492.752,0.29218495,0.27310652,0.5045637,0.6500863,0.113573,2.066336,81.37888888888888,281.5811111111111,76.63666666666667,215.84444444444443,25.1,50176.0,89.1,1392.64,9
redis,2026-06-29-08-22-15,1,wsl,small,0,4,queue,80000,14189.252,0.27999124,0.260673,0.48662606,0.6286854,0.119956,8.948133,62.712500000000006,312.2425,73.6175,225.325,25.3,50278.4,89.1,1402.88,4
redis,2026-06-29-08-22-15,1,wsl,small,0,8,doc_delete,80000,17780.152,0.4424427,0.428834,0.63648355,0.8805437,0.126038,33.262543,75.83,683.46,80.50333333333333,357.40000000000003,25.7,50380.8,89.2,1433.6,3
redis,2026-06-29-08-22-15,1,wsl,small,0,8,doc_increment,80000,16122.335,0.48553893,0.4729205,0.6960231,0.9448457,0.168471,12.34281,57.9,599.6575,80.0625,297.95,25.6,50380.8,89.2,1423.36,4
redis,2026-06-29-08-22-15,1,wsl,small,0,8,doc_insert,80000,16079.771,0.49154142,0.4722315,0.73113394,1.0317358,0.139806,17.471407,61.925,532.8425,76.4025,278.025,25.4,50380.8,89.2,1413.12,4
redis,2026-06-29-08-22-15,1,wsl,small,0,8,doc_read,80000,17703.564,0.4481049,0.4335115,0.6639974,0.93809944,0.148703,9.637098,56.735,609.6225,80.11,297.675,25.4,50380.8,89.2,1423.36,4
redis,2026-06-29-08-22-15,1,wsl,small,0,8,doc_read_partial,80000,17954.658,0.4401544,0.42464602,0.63390607,0.8979498,0.126599,27.350128,80.39333333333333,708.61,79.94,354.93333333333334,25.4,50380.8,89.2,1423.36,3
redis,2026-06-29-08-22-15,1,wsl,small,0,8,doc_update_partial,80000,15872.027,0.50137025,0.477754,0.767798,1.1001643,0.143352,16.65683,68.55250000000001,548.54,80.5925,298.47499999999997,25.5,50380.8,89.2,1423.36,4
redis,2026-06-29-08-22-15,1,wsl,small,0,8,mix_10W_90R,80000,19111.174,0.41528016,0.4071275,0.60351217,0.7765575,0.12703,12.528479,88.75,427.2264285714286,75.18214285714285,337.15000000000003,25.2,50278.4,89.1,1402.88,14
redis,2026-06-29-08-22-15,1,wsl,small,0,8,mix_50W_50R,160000,19365.104,0.40832978,0.3994275,0.5917442,0.7586244,0.079636,14.489634,88.75,427.2264285714286,75.18214285714285,337.15000000000003,25.2,50278.4,89.1,1402.88,14
redis,2026-06-29-08-22-15,1,wsl,small,0,8,mix_90W_10R,80000,18620.115,0.4247783,0.416028,0.6106563,0.7541054,0.163882,8.596027,88.75,427.2264285714286,75.18214285714285,337.15000000000003,25.2,50278.4,89.1,1402.88,14
redis,2026-06-29-08-22-15,1,wsl,small,0,8,queue,160000,19811.25,0.40082988,0.3913635,0.5830815,0.7647573,0.093794,13.952652,88.358,518.412,76.01,346.78000000000003,25.3,50278.4,89.1,1413.12,5
redis,2026-06-29-08-22-15,1,wsl,small,10000,1,delete,10000,4625.406,0.21619724,0.16071,0.4525251,0.6641615,0.127058,1.788844,23.21,213.43,26.325000000000003,83.74000000000001,0.16015625,52.1,69.1,3.1,2
redis,2026-06-29-08-22-15,1,wsl,small,10000,1,insert,10000,5221.5073,0.19151558,0.161345,0.3258995,0.4570226,0.147482,0.960496,19.225,192.41500000000002,9.154,55.089999999999996,0.007998046875,1.74,69.1,0.0,2
redis,2026-06-29-08-22-15,1,wsl,small,10000,1,read,10000,5822.943,0.17173447,0.145433,0.29655483,0.4096341,0.117042,0.811365,32.004999999999995,227.41,26.84,83.275,0.06396484375,25.9,69.1,0.0,2
redis,2026-06-29-08-22-15,1,wsl,small,10000,1,update,10000,4655.511,0.21479917,0.16643551,0.41851544,0.6014585,0.142865,2.375848,20.76,238.495,26.53,83.75999999999999,0.083984375,27.6,69.1,0.2041015625,2
redis,2026-06-29-08-22-15,1,wsl,small,10000,2,delete,20000,8468.928,0.23265266,0.1913295,0.38964725,0.5243424,0.079983,43.63757,51.335,147.805,26.445,98.87,0.16796875,62.5,69.1,3.1,2
redis,2026-06-29-08-22-15,1,wsl,small,10000,2,insert,20000,7551.4707,0.26256812,0.23068851,0.46910426,0.62848693,0.089033,8.425149,51.195,146.92,11.65,55.135000000000005,0.0240234375,4.54,69.1,0.0,2
redis,2026-06-29-08-22-15,1,wsl,small,10000,2,read,20000,10016.043,0.19952038,0.175984,0.34385282,0.43388358,0.101937,1.005938,33.2,263.18,26.8,86.89,0.06396484375,25.9,69.1,0.0,2
redis,2026-06-29-08-22-15,1,wsl,small,10000,2,update,20000,7908.3965,0.25246382,0.220992,0.4393359,0.5740369,0.123504,1.265758,48.055,138.48000000000002,26.62,89.5,0.0919921875,31.0,69.1,0.2041015625,2
redis,2026-06-29-08-22-15,1,wsl,small,10000,4,delete,40000,15717.5625,0.25237104,0.2316305,0.45197874,0.59018105,0.103424,9.827284,67.075,390.71,26.29,167.64999999999998,0.18359375,63.2,69.1,3.1,2
redis,2026-06-29-08-22-15,1,wsl,small,10000,4,insert,40000,14067.774,0.2811447,0.258568,0.4896923,0.63819045,0.090586,8.154397,30.863333333333333,538.6566666666666,15.5,180.33333333333334,0.0400390625,12.1,69.1,0.0,3
redis,2026-06-29-08-22-15,1,wsl,small,10000,4,read,40000,16281.554,0.24008048,0.21759799,0.42538851,0.56527877,0.095472,10.946432,51.37,553.8299999999999,26.775,166.55,0.06396484375,25.9,69.1,0.0,2
redis,2026-06-29-08-22-15,1,wsl,small,10000,4,update,40000,13774.447,0.2868806,0.26659948,0.48929757,0.6323692,0.116113,12.902847,37.026666666666664,612.9399999999999,26.76,189.26666666666665,0.1123046875,37.9,69.1,0.2041015625,3
redis,2026-06-29-08-22-15,1,wsl,small,10000,8,delete,80000,18776.94,0.42199013,0.404834,0.62528914,0.8547519,0.088715,11.83515,77.56,617.2966666666666,26.343333333333334,279.2,0.2080078125,64.7,69.1,6.2,3
redis,2026-06-29-08-22-15,1,wsl,small,10000,8,insert,80000,18465.514,0.42671245,0.4095025,0.65819675,0.8853172,0.082886,13.046582,83.07333333333334,602.1266666666667,22.86,255.53333333333333,0.06396484375,23.7,69.1,0.0,3
redis,2026-06-29-08-22-15,1,wsl,small,10000,8,read,80000,21625.607,0.36658087,0.36240548,0.52881575,0.6271435,0.09041,8.365733,60.50666666666667,654.1866666666666,26.643333333333334,210.59666666666666,0.06396484375,25.9,69.1,0.0,3
redis,2026-06-29-08-22-15,1,wsl,small,10000,8,update,80000,12712.023,0.6192945,0.545303,1.1165032,1.805268,0.100657,12.489692,84.745,511.1075,26.365000000000002,234.17499999999998,0.1435546875,51.5,69.1,3.1,4
redis,2026-06-29-08-22-15,1,wsl,small,100000,1,delete,100000,4061.57,0.2462102,0.2047665,0.4746169,0.6507825,0.123779,15.509824,43.283846153846156,77.46692307692308,188.70769230769233,69.95307692307692,1.42,1648.64,69.1,101.0,13
redis,2026-06-29-08-22-15,1,wsl,small,100000,1,insert,100000,5073.752,0.19709282,0.160764,0.353433,0.5132542,0.128176,33.43948,38.31,85.12909090909092,25.820909090909094,69.74909090909091,0.2880859375,93.0,69.1,7.66,11
redis,2026-06-29-08-22-15,1,wsl,small,100000,1,read,100000,5162.5864,0.19370137,0.150426,0.3688721,0.5008444,0.109603,1.332626,32.13363636363636,93.83636363636364,188.53636363636363,68.16181818181818,0.732421875,631.0,69.1,37.1,11
redis,2026-06-29-08-22-15,1,wsl,small,100000,1,update,100000,4341.868,0.23031561,0.165594,0.38097724,0.55444914,0.129261,35.836796,53.34307692307693,99.53999999999999,191.06153846153848,71.76923076923077,0.8359375,1034.24,69.1,73.7,13
redis,2026-06-29-08-22-15,1,wsl,small,100000,2,delete,200000,7460.117,0.26313868,0.24048251,0.4601305,0.59202427,0.087455,3.484387,59.214285714285715,131.25214285714284,188.82857142857142,100.79857142857144,1.53,1648.64,69.1,106.0,14
redis,2026-06-29-08-22-15,1,wsl,small,100000,2,insert,200000,8240.487,0.24256094,0.214062,0.4234933,0.55700636,0.090514,2.597865,62.559230769230766,124.49692307692308,43.11,94.99615384615385,0.3876953125,127.0,69.1,14.5,13
redis,2026-06-29-08-22-15,1,wsl,small,100000,2,read,200000,9963.116,0.19964403,0.1715985,0.349572,0.464524,0.092861,3.966741,59.01454545454545,148.50454545454545,189.37272727272727,100.44181818181818,0.732421875,631.0,69.1,45.1,11
redis,2026-06-29-08-22-15,1,wsl,small,100000,2,update,200000,8339.736,0.23969156,0.20938149,0.4220565,0.5601278,0.113098,4.36836,60.52384615384616,127.47153846153847,189.08461538461538,102.23846153846154,0.931640625,1064.96,69.1,75.8,13
redis,2026-06-29-08-22-15,1,wsl,small,100000,4,delete,400000,11110.224,0.35569477,0.2910955,0.55432636,0.733663,0.097055,52.89097,86.09736842105264,202.4021052631579,191.6263157894737,165.15631578947367,1.69,1812.48,69.1,111.0,19
redis,2026-06-29-08-22-15,1,wsl,small,100000,4,insert,400000,12013.672,0.33188727,0.282857,0.5217115,0.68169355,0.110579,52.279915,83.53944444444444,231.35722222222225,79.00388888888888,169.72777777777776,0.5244140625,320.0,69.1,18.6,18
redis,2026-06-29-08-22-15,1,wsl,small,100000,4,read,400000,14232.844,0.279019,0.238624,0.439244,0.5750643,0.085821,86.470955,87.63866666666667,250.29266666666666,189.52666666666667,161.87199999999999,0.732421875,751.0,69.1,49.2,15
redis,2026-06-29-08-22-15,1,wsl,small,100000,4,update,400000,12467.193,0.3197126,0.270925,0.5103392,0.66643906,0.108749,52.290073,86.79823529411765,232.17058823529413,190.74117647058824,169.7294117647059,1.09,1259.52,69.1,79.9,17
redis,2026-06-29-08-22-15,1,wsl,small,100000,8,delete,800000,16157.343,0.4913021,0.4674145,0.7442171,0.9699311,0.111744,56.469406,96.06076923076922,374.5692307692307,138.41,297.74615384615385,1.9,1843.2,69.1,130.0,26
redis,2026-06-29-08-22-15,1,wsl,small,100000,8,insert,800000,15829.996,0.5022014,0.43214852,0.659432,0.89870435,0.114822,55.950497,94.22851851851853,359.1174074074074,149.77962962962962,293.1381481481481,0.732421875,631.0,69.1,37.1,27
redis,2026-06-29-08-22-15,1,wsl,small,100000,8,read,800000,20712.217,0.38539094,0.3787275,0.562274,0.717136,0.102265,11.629355,93.9047619047619,398.6380952380952,188.54761904761904,291.84285714285716,0.740234375,751.0,69.1,57.5,21
redis,2026-06-29-08-22-15,1,wsl,small,100000,8,update,800000,15681.862,0.50586164,0.430652,0.65334207,0.8994462,0.115591,57.264935,96.72703703703704,353.0692592592593,192.02962962962962,294.4285185185185,1.31,1617.92,69.1,100.0,27
redis,2026-06-29-08-22-15,1,wsl,small,1000000,1,delete,1000000,4116.3105,0.24293599,0.16275,0.374827,0.5573961,0.105826996,80.12902,71.61520325203252,52.229268292682924,1869.6491707317073,111.81951219512194,20.3,42496.0,89.1,1095.68,123
redis,2026-06-29-08-22-15,1,wsl,small,1000000,1,insert,1000000,3350.7373,0.29844177,0.2646405,0.5459501,0.7120221,0.126292,38.95566,41.624350649350646,66.75500000000001,121.96383116883118,71.15681818181818,3.16,2560.0,69.1,154.0,154
redis,2026-06-29-08-22-15,1,wsl,small,1000000,1,read,1000000,5237.3735,0.1909354,0.145568,0.31687206,0.4634611,0.105416,78.125046,54.78257731958763,64.58154639175258,1803.0211958762884,85.41195876288658,9.02,17408.0,75.4,459.0,97
redis,2026-06-29-08-22-15,1,wsl,small,1000000,1,update,1000000,3893.629,0.25682983,0.170344,0.408581,0.6096051,0.125967,76.42461,69.78871212121213,54.96280303030303,1841.516606060606,106.60454545454544,10.1,21196.8,88.5,768.0,132
redis,2026-06-29-08-22-15,1,wsl,small,1000000,2,delete,2000000,7111.0884,0.27724424,0.196876,0.411218,0.5650511,0.087382,78.21421,79.61429577464789,93.74922535211267,1811.9535774647886,145.1225352112676,21.4,45260.8,89.1,1146.88,142
redis,2026-06-29-08-22-15,1,wsl,small,1000000,2,insert,2000000,6821.829,0.292856,0.238843,0.488681,0.644022,0.104698,45.156097,68.58633333333334,110.95306666666666,352.7993333333333,104.94393333333333,4.39,4239.36,69.1,194.0,150
redis,2026-06-29-08-22-15,1,wsl,small,1000000,2,read,2000000,9944.639,0.20087361,0.173732,0.350358,0.45898202,0.081971,4.346073,62.554509803921576,125.20117647058824,1795.0619607843134,119.63254901960785,9.02,17408.0,75.4,501.0,102
redis,2026-06-29-08-22-15,1,wsl,small,1000000,2,update,2000000,6259.7554,0.3193025,0.223798,0.45869,0.6258161,0.094956,79.00619,80.52447852760736,96.30153374233129,1835.0331288343557,140.58588957055215,11.4,25190.4,88.5,810.0,163
redis,2026-06-29-08-22-15,1,wsl,small,1000000,4,delete,4000000,10867.655,0.36513764,0.260464,0.513738,0.687511,0.080468,77.316605,92.41059139784946,168.36494623655915,1750.8528172043011,213.58279569892474,23.0,48332.8,89.1,1228.8,186
redis,2026-06-29-08-22-15,1,wsl,small,1000000,4,insert,4000000,10949.504,0.3647684,0.278587,0.529782,0.697452,0.098845,72.11045,91.46320855614972,188.88684491978609,700.2524064171123,173.875935828877,5.92,7577.6,69.1,274.0,187
redis,2026-06-29-08-22-15,1,wsl,small,1000000,4,read,4000000,16272.601,0.24464807,0.228633,0.42729005,0.5513381,0.079085,8.563687,85.68072000000001,233.304,1795.0310399999998,187.736,9.02,17408.0,75.4,578.0,125
redis,2026-06-29-08-22-15,1,wsl,small,1000000,4,update,4000000,8865.343,0.4483711,0.293712,0.56408405,0.755044,0.109295,84.7708,94.47547826086956,161.74578260869563,1847.0689391304347,208.0995652173913,14.1,31232.0,88.7,892.0,230
redis,2026-06-29-08-22-15,1,wsl,small,1000000,8,delete,8000000,16816.832,0.4743012,0.407671,0.609368,0.807819,0.11688,70.0994,98.95025000000001,311.2866666666667,1028.3239333333333,349.2308333333333,24.9,50176.0,89.1,1382.4,240
redis,2026-06-29-08-22-15,1,wsl,small,1000000,8,insert,8000000,11924.841,0.6685367,0.429265,0.668964,1.0183561,0.13187,84.884224,99.46764705882353,247.67461764705882,1439.7780705882353,309.6613823529412,9.02,15872.0,69.4,437.0,340
redis,2026-06-29-08-22-15,1,wsl,small,1000000,8,read,8000000,20979.86,0.37851024,0.374074,0.546696,0.67953,0.083955,9.082371,99.01860103626943,371.7751295336788,1795.1887253886011,332.59067357512953,9.02,17408.0,88.5,741.0,193
redis,2026-06-29-08-22-15,1,wsl,small,1000000,8,update,8000000,12069.592,0.6600533,0.43159,0.667789,0.9934311,0.098994,96.56492,99.57535714285714,263.2927380952381,1866.6179047619048,342.0988095238095,19.3,39014.4,89.1,1075.2,336
redis,2026-06-29-10-31-18,2,wsl,medium,0,1,doc_delete,10000,4190.993,0.23860691,0.1904605,0.45536956,0.7199725,0.166897,4.904652,77.41,175.025,147.4,86.67,1320.96,90009.6,202.0,1710.08,2
redis,2026-06-29-10-31-18,2,wsl,medium,0,1,doc_increment,10000,3899.0898,0.2564701,0.21270749,0.46070206,0.6737403,0.185936,10.766461,29.33,181.76000000000002,141.1,95.98,1320.96,89600.0,202.0,1710.08,2
redis,2026-06-29-10-31-18,2,wsl,medium,0,1,doc_insert,10000,3634.465,0.27514365,0.22166,0.4933895,0.6959348,0.189135,37.98555,30.634999999999998,180.645,225.8,98.635,1320.96,87961.6,197.0,1699.84,2
redis,2026-06-29-10-31-18,2,wsl,medium,0,1,doc_read,10000,3870.432,0.2583691,0.206581,0.5009051,0.71275336,0.176687,4.683689,32.035,145.25,144.35,86.535,1320.96,88576.0,201.0,1699.84,2
redis,2026-06-29-10-31-18,2,wsl,medium,0,1,doc_read_partial,10000,3991.0513,0.25056055,0.197634,0.49526098,0.71038544,0.172534,4.321877,30.740000000000002,184.26500000000001,138.55,103.1,1320.96,88985.6,201.0,1710.08,2
redis,2026-06-29-10-31-18,2,wsl,medium,0,1,doc_update_partial,10000,3412.5996,0.29303175,0.22906551,0.5817894,0.8215597,0.195088,4.645656,34.65,151.665,138.95,103.15,1320.96,88985.6,202.0,1710.08,2
redis,2026-06-29-10-31-18,2,wsl,medium,0,1,mix_10W_90R,10000,4879.6133,0.20493428,0.156313,0.4079391,0.5875403,0.117685996,1.075519,41.105714285714285,99.42,156.65714285714284,98.01571428571428,1310.72,86016.0,197.0,1679.36,7
redis,2026-06-29-10-31-18,2,wsl,medium,0,1,mix_50W_50R,20000,4880.245,0.20490775,0.17072698,0.39147744,0.5831244,0.125328,12.111014,41.105714285714285,99.42,156.65714285714284,98.01571428571428,1310.72,86016.0,197.0,1679.36,7
redis,2026-06-29-10-31-18,2,wsl,medium,0,1,mix_90W_10R,10000,4214.731,0.23726308,0.185377,0.44297117,0.61847657,0.145362,13.86073,41.105714285714285,99.42,156.65714285714284,98.01571428571428,1310.72,86016.0,197.0,1679.36,7
redis,2026-06-29-10-31-18,2,wsl,medium,0,1,queue,20000,4918.992,0.2032937,0.171994,0.36119038,0.5281083,0.122765,10.695435,33.050000000000004,85.44333333333334,242.83333333333334,94.30333333333333,1310.72,87244.8,197.0,1689.6,3
redis,2026-06-29-10-31-18,2,wsl,medium,0,2,doc_delete,20000,7228.1865,0.27368167,0.233759,0.49666038,0.6578512,0.127614,4.948191,37.52333333333333,373.92333333333335,139.0666666666667,188.0666666666667,1320.96,90009.6,202.0,1720.32,3
redis,2026-06-29-10-31-18,2,wsl,medium,0,2,doc_increment,20000,6652.251,0.29877877,0.253694,0.5163576,0.665387,0.15366401,12.39975,56.285,126.0,138.6,103.44,1320.96,89600.0,202.0,1710.08,2
redis,2026-06-29-10-31-18,2,wsl,medium,0,2,doc_insert,20000,5421.0957,0.36862946,0.332407,0.63497585,0.8518817,0.165059,5.744562,35.766666666666666,296.68666666666667,153.4333333333333,159.4,1320.96,88064.0,197.0,1699.84,3
redis,2026-06-29-10-31-18,2,wsl,medium,0,2,doc_read,20000,7057.454,0.28167793,0.23436749,0.5080393,0.68796307,0.15115699,4.973278,30.45,444.9766666666667,139.13333333333333,187.5,1320.96,88576.0,201.0,1699.84,3
redis,2026-06-29-10-31-18,2,wsl,medium,0,2,doc_read_partial,20000,7245.982,0.27404976,0.2289505,0.4819926,0.6282393,0.1507,5.450123,52.475,135.49,138.75,120.765,1320.96,88985.6,201.0,1710.08,2
redis,2026-06-29-10-31-18,2,wsl,medium,0,2,doc_update_partial,20000,5604.17,0.35664433,0.298774,0.6479398,0.8991431,0.17057,5.105203,46.51333333333333,296.4733333333333,139.29999999999998,188.0,1320.96,89088.0,202.0,1710.08,3
redis,2026-06-29-10-31-18,2,wsl,medium,0,2,mix_10W_90R,20000,8700.737,0.22741687,0.2007525,0.40080625,0.5152631,0.112977,1.243093,67.14,123.47625,133.5375,142.6925,1310.72,86220.8,197.0,1679.36,8
redis,2026-06-29-10-31-18,2,wsl,medium,0,2,mix_50W_50R,40000,7634.7563,0.26011172,0.2303075,0.472712,0.6190921,0.088144004,8.574864,67.14,123.47625,133.5375,142.6925,1310.72,86220.8,197.0,1679.36,8
redis,2026-06-29-10-31-18,2,wsl,medium,0,2,mix_90W_10R,20000,7194.118,0.27739257,0.240232,0.47853166,0.6240706,0.095307,16.91282,67.14,123.47625,133.5375,142.6925,1310.72,86220.8,197.0,1679.36,8
redis,2026-06-29-10-31-18,2,wsl,medium,0,2,queue,40000,7859.3896,0.25342384,0.223205,0.46281648,0.6110192,0.110951,10.260554,54.055,288.555,163.65,174.575,1310.72,87449.6,197.0,1689.6,4
redis,2026-06-29-10-31-18,2,wsl,medium,0,4,doc_delete,40000,10916.157,0.3560901,0.333516,0.60357606,0.77193934,0.122233,6.063184,43.21666666666667,423.3533333333333,138.9,228.0666666666667,1320.96,90009.6,202.0,1720.32,3
redis,2026-06-29-10-31-18,2,wsl,medium,0,4,doc_increment,40000,9831.464,0.40418866,0.37318152,0.6888017,0.8972759,0.167137,9.590812,54.88999999999999,334.42333333333335,138.9333333333333,234.26666666666665,1320.96,89600.0,202.0,1710.08,3
redis,2026-06-29-10-31-18,2,wsl,medium,0,4,doc_insert,40000,8087.369,0.48438096,0.4523555,0.80373794,1.0218903,0.187122,13.659521,74.13,297.57,131.63333333333333,252.33333333333334,1320.96,88268.8,197.0,1699.84,3
redis,2026-06-29-10-31-18,2,wsl,medium,0,4,doc_read,40000,10169.75,0.38220075,0.359223,0.63583535,0.8120912,0.15611,12.895966,50.669999999999995,423.2366666666667,138.83333333333334,187.01999999999998,1320.96,88576.0,201.0,1710.08,3
redis,2026-06-29-10-31-18,2,wsl,medium,0,4,doc_read_partial,40000,10297.3,0.3753687,0.353452,0.620277,0.80870163,0.144097,15.65684,50.74,457.7,138.20000000000002,180.63666666666666,1320.96,88985.6,201.0,1710.08,3
redis,2026-06-29-10-31-18,2,wsl,medium,0,4,doc_update_partial,40000,8116.316,0.48189053,0.4504555,0.8018744,1.0142293,0.192603,12.001546,45.985,501.43,140.45,259.15,1320.96,89292.8,202.0,1710.08,4
redis,2026-06-29-10-31-18,2,wsl,medium,0,4,mix_10W_90R,40000,13606.677,0.29189414,0.272806,0.50029635,0.65654576,0.099808,1.304112,78.64727272727272,344.55,169.95363636363638,266.22727272727275,1310.72,86528.0,197.0,1679.36,11
redis,2026-06-29-10-31-18,2,wsl,medium,0,4,mix_50W_50R,80000,12038.385,0.33002192,0.3070585,0.5674989,0.73263973,0.111533,10.457315,78.64727272727272,344.55,169.95363636363638,266.22727272727275,1310.72,86528.0,197.0,1679.36,11
redis,2026-06-29-10-31-18,2,wsl,medium,0,4,mix_90W_10R,40000,11389.521,0.3462806,0.318695,0.6030104,0.7816686,0.122615,5.074308,78.64727272727272,344.55,169.95363636363638,266.22727272727275,1310.72,86528.0,197.0,1679.36,11
redis,2026-06-29-10-31-18,2,wsl,medium,0,4,queue,80000,12375.741,0.31895527,0.294958,0.5568175,0.7168491,0.121743,2.159043,87.3175,234.07,174.6,237.925,1310.72,87654.4,197.0,1689.6,4
redis,2026-06-29-10-31-18,2,wsl,medium,0,8,doc_delete,80000,17694.697,0.44938803,0.43875402,0.64263916,0.8674628,0.130729,16.313875,52.08,522.0675,138.8,357.8675,1320.96,90009.6,202.0,1720.32,4
redis,2026-06-29-10-31-18,2,wsl,medium,0,8,doc_increment,80000,15017.561,0.52234745,0.5029555,0.77815646,1.069589,0.162192,20.719255,92.5725,599.3525,141.85000000000002,362.605,1320.96,89804.8,202.0,1710.08,4
redis,2026-06-29-10-31-18,2,wsl,medium,0,8,doc_insert,80000,13852.931,0.5718309,0.5473645,0.8443662,1.1679124,0.199236,10.763175,77.39,662.675,139.55,435.125,1320.96,88576.0,197.0,1699.84,4
redis,2026-06-29-10-31-18,2,wsl,medium,0,8,doc_read,80000,13572.808,0.5868545,0.56837547,0.8791712,1.1699375,0.15894601,18.1804,104.16,476.578,140.22,347.12,1320.96,88985.6,201.0,1710.08,5
redis,2026-06-29-10-31-18,2,wsl,medium,0,8,doc_read_partial,80000,14459.076,0.5494243,0.536302,0.79657763,1.0386263,0.158334,20.571795,65.42999999999999,544.8225,138.35,365.36,1320.96,88985.6,201.0,1710.08,4
redis,2026-06-29-10-31-18,2,wsl,medium,0,8,doc_update_partial,80000,13497.676,0.58371437,0.562147,0.85509956,1.1705174,0.197343,30.241055,67.566,515.762,143.4,350.5,1320.96,89600.0,202.0,1710.08,5
redis,2026-06-29-10-31-18,2,wsl,medium,0,8,mix_10W_90R,80000,16424.062,0.48514864,0.4730905,0.7021507,0.9045775,0.148462,5.382893,94.29,408.366875,245.655,430.7375,1310.72,87244.8,197.0,1689.6,16
redis,2026-06-29-10-31-18,2,wsl,medium,0,8,mix_50W_50R,160000,16195.831,0.49208403,0.4791215,0.7155001,0.96538836,0.169847,11.983206,94.29,408.366875,245.655,430.7375,1310.72,87244.8,197.0,1689.6,16
redis,2026-06-29-10-31-18,2,wsl,medium,0,8,mix_90W_10R,80000,14415.871,0.5510798,0.530693,0.8240507,1.1476507,0.179851,4.147026,94.29,408.366875,245.655,430.7375,1310.72,87244.8,197.0,1689.6,16
redis,2026-06-29-10-31-18,2,wsl,medium,0,8,queue,160000,16274.324,0.4903958,0.47906852,0.7174176,0.94392127,0.112174004,10.965335,89.86,491.8633333333333,232.38333333333333,453.0333333333333,1310.72,87961.6,197.0,1699.84,6
redis,2026-06-29-10-31-18,2,wsl,medium,10000,1,delete,10000,5295.9775,0.18882255,0.155523,0.3380216,0.49218023,0.141585,1.407973,24.134999999999998,221.445,431.95000000000005,123.59,53.0,50688.0,17.7,1443.84,2
redis,2026-06-29-10-31-18,2,wsl,medium,10000,1,insert,10000,4428.7134,0.22579922,0.189374,0.40283403,0.57355523,0.155025,1.91415,28.82,185.365,73.33500000000001,84.36,52.9,48332.8,17.6,1433.6,2
redis,2026-06-29-10-31-18,2,wsl,medium,10000,1,read,10000,5428.1016,0.18422648,0.148572,0.3508157,0.46921444,0.1279,1.351301,20.4,215.67,428.0,95.855,52.9,49356.8,17.7,1433.6,2
redis,2026-06-29-10-31-18,2,wsl,medium,10000,1,update,10000,4374.2217,0.22861208,0.18615851,0.41311556,0.61069655,0.162361,4.679014,27.57,191.055,426.9,98.39,52.9,49356.8,17.7,1433.6,2
redis,2026-06-29-10-31-18,2,wsl,medium,10000,2,delete,20000,9139.708,0.21345264,0.1822975,0.37343153,0.48450512,0.11276,9.174815,35.865,223.54,429.54999999999995,154.05,53.0,50688.0,17.7,1443.84,2
redis,2026-06-29-10-31-18,2,wsl,medium,10000,2,insert,20000,7087.4937,0.28114012,0.24063751,0.51294816,0.7055028,0.136759,15.6828,41.16,451.6366666666667,121.18333333333334,182.9333333333333,52.9,48435.2,17.6,1433.6,3
redis,2026-06-29-10-31-18,2,wsl,medium,10000,2,read,20000,9518.445,0.20969251,0.17467001,0.3761725,0.49866378,0.097237,1.036716,40.085,290.52,427.9,134.60000000000002,52.9,49356.8,17.7,1433.6,2
redis,2026-06-29-10-31-18,2,wsl,medium,10000,2,update,20000,6418.3184,0.30777544,0.26578552,0.5496975,0.7548885,0.13215,38.75264,116.295,125.49000000000001,459.75,149.45,53.0,49766.4,17.7,1433.6,2
redis,2026-06-29-10-31-18,2,wsl,medium,10000,4,delete,40000,14136.558,0.27306938,0.2509155,0.48819843,0.63178277,0.104914,9.283974,76.41,333.03999999999996,426.7,250.05,53.1,50688.0,17.7,1443.84,2
redis,2026-06-29-10-31-18,2,wsl,medium,10000,4,insert,40000,10864.553,0.36601332,0.3326985,0.6300002,0.8390127,0.135546,17.764103,76.57666666666667,424.65000000000003,189.63333333333333,182.90666666666667,52.9,48844.8,17.6,1433.6,3
redis,2026-06-29-10-31-18,2,wsl,medium,10000,4,read,40000,14898.179,0.267012,0.2498315,0.4559633,0.6120154,0.09338,1.277354,68.26,414.54999999999995,427.7,250.45,52.9,49356.8,17.7,1433.6,2
redis,2026-06-29-10-31-18,2,wsl,medium,10000,4,update,40000,11346.131,0.34873214,0.3218885,0.6122472,0.7906873,0.134515,9.007687,50.54,501.81333333333333,428.40000000000003,222.70000000000002,53.0,49971.2,17.7,1433.6,3
redis,2026-06-29-10-31-18,2,wsl,medium,10000,8,delete,80000,18630.098,0.4257957,0.412085,0.62732947,0.7857126,0.086025,21.42336,97.19,606.4733333333334,364.59999999999997,447.1333333333334,53.1,50790.4,17.7,1443.84,3
redis,2026-06-29-10-31-18,2,wsl,medium,10000,8,insert,80000,14069.953,0.56560373,0.515058,0.8598354,1.1693074,0.153012,50.248627,85.37,448.34799999999996,348.52,340.678,52.9,49356.8,17.7,1433.6,5
redis,2026-06-29-10-31-18,2,wsl,medium,10000,8,read,80000,17273.27,0.45859897,0.44997,0.664423,0.87639916,0.094441,10.632183,57.6775,551.18,426.65,353.81,52.9,49356.8,17.7,1433.6,4
redis,2026-06-29-10-31-18,2,wsl,medium,10000,8,update,80000,14160.469,0.5625193,0.532999,0.87110776,1.1629822,0.194008,29.961132,113.44250000000001,609.3425,469.9,394.025,53.0,50585.6,17.7,1433.6,4
redis,2026-06-29-10-31-18,2,wsl,medium,100000,1,delete,100000,2839.494,0.35217544,0.331499,0.5644905,0.8894995,0.13661501,11.884766,76.51894736842105,75.46684210526315,6142.868210526316,79.25473684210526,716.0,82841.6,192.0,1648.64,19
redis,2026-06-29-10-31-18,2,wsl,medium,100000,1,insert,100000,4396.3374,0.22746207,0.187832,0.41940358,0.6172802,0.139154,10.757589,39.89846153846153,109.85384615384615,318.9384615384615,102.22538461538463,53.2,51200.0,17.7,1443.84,13
redis,2026-06-29-10-31-18,2,wsl,medium,100000,1,read,100000,4991.487,0.20034109,0.161248,0.37905124,0.5487177,0.122379,1.665758,92.36,76.62416666666667,4167.850666666666,72.41,53.9,66048.0,19.8,1474.56,12
redis,2026-06-29-10-31-18,2,wsl,medium,100000,1,update,100000,4477.6245,0.22333272,0.185066,0.4114803,0.60154986,0.146678,8.829927,41.985,69.10166666666667,4002.4746666666665,75.92083333333333,54.1,69836.8,19.8,1505.28,12
redis,2026-06-29-10-31-18,2,wsl,medium,100000,2,delete,200000,6063.329,0.31767407,0.297907,0.5275106,0.76428884,0.111354,11.264739,99.45777777777778,152.2472222222222,6166.243555555556,143.55055555555555,1095.68,83456.0,195.0,1648.64,18
redis,2026-06-29-10-31-18,2,wsl,medium,100000,2,insert,200000,6845.404,0.29171774,0.24667051,0.50808215,0.69871473,0.111366004,171.14532,92.248125,139.205625,803.60225,149.775,53.4,53248.0,17.7,1454.08,16
redis,2026-06-29-10-31-18,2,wsl,medium,100000,2,read,200000,9918.41,0.2009848,0.1641505,0.37070605,0.48817155,0.082167,2.028131,67.26818181818182,144.9190909090909,4001.3265454545453,122.48272727272727,53.9,66048.0,19.8,1484.8,11
redis,2026-06-29-10-31-18,2,wsl,medium,100000,2,update,200000,6331.6562,0.31427547,0.27624398,0.56310266,0.7665709,0.109212,162.66226,117.13588235294117,120.9435294117647,4170.390588235294,120.96529411764705,54.3,73113.6,19.8,1515.52,17
redis,2026-06-29-10-31-18,2,wsl,medium,100000,4,delete,400000,11801.103,0.3327547,0.2983495,0.60979843,0.895548,0.093799,172.32263,140.36666666666667,225.4272222222222,4825.65688888889,231.5222222222222,1280.0,85094.4,195.0,1669.12,18
redis,2026-06-29-10-31-18,2,wsl,medium,100000,4,insert,400000,10119.539,0.39293608,0.3469655,0.654052,0.8684244,0.111477,222.0853,125.32666666666667,230.96666666666667,1579.2030476190478,243.74285714285716,53.6,57139.2,17.7,1464.32,21
redis,2026-06-29-10-31-18,2,wsl,medium,100000,4,read,400000,14579.149,0.27285275,0.255371,0.46217376,0.61825407,0.094664,4.626324,84.18133333333334,268.3833333333333,4001.1093333333333,222.47333333333333,53.9,66048.0,19.8,1484.8,15
redis,2026-06-29-10-31-18,2,wsl,medium,100000,4,update,400000,10460.746,0.37881032,0.33855748,0.6372743,0.827238,0.11517,216.57373,99.74285714285713,244.14190476190475,4173.921523809524,216.57714285714286,54.5,75673.6,19.8,1525.76,21
redis,2026-06-29-10-31-18,2,wsl,medium,100000,8,delete,800000,18008.607,0.4426386,0.427976,0.6461791,0.8642452,0.125762,13.834243,119.65217391304348,376.2395652173913,2533.6582608695653,450.1217391304348,1300.48,85913.6,197.0,1679.36,23
redis,2026-06-29-10-31-18,2,wsl,medium,100000,8,insert,800000,12641.644,0.6317221,0.543891,0.863915,1.200815,0.117328,564.3278,139.7058823529412,360.18176470588236,3299.08705882353,424.5317647058823,53.8,64204.8,17.7,1474.56,34
redis,2026-06-29-10-31-18,2,wsl,medium,100000,8,read,800000,15710.543,0.5072241,0.493063,0.73274,0.933778,0.098912,155.00081,147.15148148148148,357.52037037037036,4006.949925925926,417.1474074074074,54.0,69427.2,19.8,1505.28,27
redis,2026-06-29-10-31-18,2,wsl,medium,100000,8,update,800000,11243.282,0.70682156,0.613332,1.0345241,1.5585124,0.125244,254.19829,130.8394736842105,347.96789473684214,5268.749473684211,400.7778947368421,316.0,82329.6,156.0,1648.64,38
redis,2026-06-29-10-31-18,2,wsl,small,0,1,doc_delete,10000,4432.292,0.22561689,0.1829185,0.4157661,0.58025295,0.159836,4.918503,24.259999999999998,188.44,52.21,76.445,52.8,48230.4,17.6,1423.36,2
redis,2026-06-29-10-31-18,2,wsl,small,0,1,doc_increment,10000,4184.397,0.23898308,0.198424,0.42337036,0.60270834,0.178263,11.285693,26.445,181.49,51.575,64.94,52.7,48230.4,17.6,1423.36,2
redis,2026-06-29-10-31-18,2,wsl,small,0,1,doc_insert,10000,3906.109,0.25600925,0.210852,0.46993774,0.66337234,0.181653,12.247279,29.895,180.11,45.68,64.275,52.5,48128.0,17.6,1402.88,2
redis,2026-06-29-10-31-18,2,wsl,small,0,1,doc_read,10000,4206.768,0.23771219,0.19028199,0.44439796,0.6056838,0.162811,4.810982,23.14,193.635,52.15,79.33500000000001,52.6,48230.4,17.6,1413.12,2
redis,2026-06-29-10-31-18,2,wsl,small,0,1,doc_read_partial,10000,4165.295,0.24007903,0.18617949,0.47664976,0.70525926,0.154375,4.719648,23.365000000000002,183.825,52.06,74.805,52.6,48230.4,17.6,1413.12,2
redis,2026-06-29-10-31-18,2,wsl,small,0,1,doc_update_partial,10000,4120.801,0.24267127,0.19117,0.463613,0.69697726,0.165347,11.843527,26.845,180.065,52.620000000000005,75.245,52.6,48230.4,17.6,1423.36,2
redis,2026-06-29-10-31-18,2,wsl,small,0,1,mix_10W_90R,10000,5607.6704,0.17832717,0.147621,0.3133398,0.4867242,0.123812,0.979254,37.81166666666667,102.28833333333334,77.575,79.705,52.2,48025.6,17.5,1392.64,6
redis,2026-06-29-10-31-18,2,wsl,small,0,1,mix_50W_50R,20000,5370.5083,0.18620211,0.160557,0.3349905,0.48523125,0.121106,2.283232,37.81166666666667,102.28833333333334,77.575,79.705,52.2,48025.6,17.5,1392.64,6
redis,2026-06-29-10-31-18,2,wsl,small,0,1,mix_90W_10R,10000,5194.424,0.19251414,0.162651,0.33745056,0.47622904,0.129053,2.436655,37.81166666666667,102.28833333333334,77.575,79.705,52.2,48025.6,17.5,1392.64,6
redis,2026-06-29-10-31-18,2,wsl,small,0,1,queue,20000,5228.595,0.19125596,0.153574,0.36252356,0.55426383,0.135707,2.449656,26.463333333333335,219.57000000000002,47.11333333333334,91.39,52.4,48128.0,17.6,1402.88,3
redis,2026-06-29-10-31-18,2,wsl,small,0,2,doc_delete,20000,7473.8306,0.26618457,0.22836101,0.47369877,0.63591003,0.096737,5.808416,39.515,261.07,52.375,115.9,52.8,48230.4,17.6,1423.36,2
redis,2026-06-29-10-31-18,2,wsl,small,0,2,doc_increment,20000,6034.987,0.3299854,0.2953105,0.55864704,0.7588163,0.16231,11.527014,58.135,125.55000000000001,52.21,115.65,52.7,48230.4,17.6,1423.36,2
redis,2026-06-29-10-31-18,2,wsl,small,0,2,doc_insert,20000,6723.1577,0.2939358,0.25333202,0.51263577,0.6700977,0.155068,5.01076,26.51,407.73,43.4,135.9,52.6,48128.0,17.6,1413.12,3
redis,2026-06-29-10-31-18,2,wsl,small,0,2,doc_read,20000,7274.077,0.27439478,0.23421949,0.47230017,0.62821573,0.138082,5.527077,40.41,257.71,52.370000000000005,115.05000000000001,52.6,48230.4,17.6,1413.12,2
redis,2026-06-29-10-31-18,2,wsl,small,0,2,doc_read_partial,20000,7566.704,0.26166472,0.213826,0.47062805,0.597409,0.135005,5.083809,38.035000000000004,261.25,52.165,115.35,52.6,48230.4,17.6,1413.12,2
redis,2026-06-29-10-31-18,2,wsl,small,0,2,doc_update_partial,20000,6619.554,0.3006089,0.252044,0.5344204,0.7520147,0.159385,11.065729,35.166666666666664,354.59,52.1,137.86666666666667,52.6,48230.4,17.6,1423.36,3
redis,2026-06-29-10-31-18,2,wsl,small,0,2,mix_10W_90R,20000,9327.133,0.21349639,0.185791,0.37368503,0.48626894,0.106407,1.069284,55.505,163.49875,46.715,115.26249999999999,52.2,48025.6,17.5,1392.64,8
redis,2026-06-29-10-31-18,2,wsl,small,0,2,mix_50W_50R,40000,8631.048,0.23139785,0.2006695,0.416069,0.5478326,0.104072,2.16448,55.505,163.49875,46.715,115.26249999999999,52.2,48025.6,17.5,1392.64,8
redis,2026-06-29-10-31-18,2,wsl,small,0,2,mix_90W_10R,20000,7263.8604,0.2752619,0.2417795,0.4921894,0.67126334,0.124173,1.819079,55.505,163.49875,46.715,115.26249999999999,52.2,48025.6,17.5,1392.64,8
redis,2026-06-29-10-31-18,2,wsl,small,0,2,queue,40000,8620.448,0.23150925,0.202846,0.4091791,0.53870773,0.097971,1.266408,59.36333333333334,121.07000000000001,46.35666666666666,92.24000000000001,52.5,48128.0,17.6,1402.88,3
redis,2026-06-29-10-31-18,2,wsl,small,0,4,doc_delete,40000,11734.386,0.33548775,0.3160485,0.56564444,0.7218006,0.133261,6.161376,42.199999999999996,477.74666666666667,51.910000000000004,195.9,52.8,48230.4,17.6,1423.36,3
redis,2026-06-29-10-31-18,2,wsl,small,0,4,doc_increment,40000,9539.652,0.41062236,0.3864955,0.6765776,0.8573137,0.159023,9.70726,57.29,325.7766666666667,52.64666666666667,161.73333333333335,52.7,48230.4,17.6,1423.36,3
redis,2026-06-29-10-31-18,2,wsl,small,0,4,doc_insert,40000,9672.788,0.4017828,0.371865,0.67458713,0.881863,0.158253,14.009484,54.99,397.91,42.49333333333333,180.63333333333333,52.6,48230.4,17.6,1413.12,3
redis,2026-06-29-10-31-18,2,wsl,small,0,4,doc_read,40000,11028.73,0.35943225,0.337288,0.6062524,0.7775581,0.146278,6.245051,42.12333333333333,429.5933333333333,52.32333333333333,187.13333333333335,52.6,48230.4,17.6,1413.12,3
redis,2026-06-29-10-31-18,2,wsl,small,0,4,doc_read_partial,40000,11429.895,0.34531787,0.3216725,0.5874657,0.77716255,0.13724001,6.510031,39.84333333333334,452.2166666666667,52.053333333333335,189.6,52.6,48230.4,17.6,1423.36,3
redis,2026-06-29-10-31-18,2,wsl,small,0,4,doc_update_partial,40000,10176.386,0.38958743,0.3668215,0.64052004,0.81180733,0.158961,11.888413,52.25333333333333,334.75666666666666,51.906666666666666,137.88,52.7,48230.4,17.6,1423.36,3
redis,2026-06-29-10-31-18,2,wsl,small,0,4,mix_10W_90R,40000,14200.493,0.27614126,0.25564152,0.48387632,0.63274753,0.106737,7.989642,76.453,337.585,45.998000000000005,190.92000000000002,52.3,48128.0,17.5,1392.64,10
redis,2026-06-29-10-31-18,2,wsl,small,0,4,mix_50W_50R,80000,13746.126,0.28905073,0.2698675,0.5005043,0.640874,0.096447,4.298262,76.453,337.585,45.998000000000005,190.92000000000002,52.3,48128.0,17.5,1392.64,10
redis,2026-06-29-10-31-18,2,wsl,small,0,4,mix_90W_10R,40000,13286.998,0.29994085,0.2820625,0.51028204,0.64219975,0.123752,2.084268,76.453,337.585,45.998000000000005,190.92000000000002,52.3,48128.0,17.5,1392.64,10
redis,2026-06-29-10-31-18,2,wsl,small,0,4,queue,80000,14149.211,0.2792852,0.260815,0.48191145,0.6177282,0.113573,9.327024,64.7975,317.8625,42.765,187.6,52.5,48128.0,17.6,1402.88,4
redis,2026-06-29-10-31-18,2,wsl,small,0,8,doc_delete,80000,17137.871,0.46079677,0.43962848,0.6863051,0.98793185,0.133242,15.719635,81.79,659.23,51.70666666666667,318.2,52.8,48230.4,17.6,1433.6,3
redis,2026-06-29-10-31-18,2,wsl,small,0,8,doc_increment,80000,15623.725,0.50819945,0.4900295,0.75641316,1.0839952,0.173033,19.344486,60.5275,559.5550000000001,52.315,243.875,52.8,48230.4,17.6,1423.36,4
redis,2026-06-29-10-31-18,2,wsl,small,0,8,doc_insert,80000,15388.611,0.51373565,0.485799,0.7901413,1.0923345,0.153073,27.165855,59.332499999999996,597.0775,47.805,255.39,52.6,48230.4,17.6,1413.12,4
redis,2026-06-29-10-31-18,2,wsl,small,0,8,doc_read,80000,17163.555,0.45853692,0.437753,0.6975611,0.9892887,0.146329,16.457603,62.9825,635.355,52.0,258.705,52.6,48230.4,17.6,1413.12,4
redis,2026-06-29-10-31-18,2,wsl,small,0,8,doc_read_partial,80000,17383.275,0.45218888,0.4347625,0.66045916,0.9506406,0.142911,15.121746,77.89666666666666,739.1966666666667,52.02666666666667,317.8333333333333,52.6,48230.4,17.6,1423.36,3
redis,2026-06-29-10-31-18,2,wsl,small,0,8,doc_update_partial,80000,15755.521,0.50352156,0.490234,0.7281932,0.9640595,0.152477,15.782501,63.395,520.6925,51.795,238.2475,52.7,48230.4,17.6,1423.36,4
redis,2026-06-29-10-31-18,2,wsl,small,0,8,mix_10W_90R,80000,18915.059,0.42158222,0.4136575,0.61064345,0.7770656,0.119584,2.082545,87.08642857142857,415.4707142857143,43.722142857142856,295.735,52.4,48128.0,17.6,1402.88,14
redis,2026-06-29-10-31-18,2,wsl,small,0,8,mix_50W_50R,160000,19165.475,0.4132328,0.4068945,0.5963851,0.74904954,0.091477,8.977099,87.08642857142857,415.4707142857143,43.722142857142856,295.735,52.4,48128.0,17.6,1402.88,14
redis,2026-06-29-10-31-18,2,wsl,small,0,8,mix_90W_10R,80000,18148.0,0.43843448,0.42861998,0.641109,0.8484246,0.161419,2.210108,87.08642857142857,415.4707142857143,43.722142857142856,295.735,52.4,48128.0,17.6,1402.88,14
redis,2026-06-29-10-31-18,2,wsl,small,0,8,queue,160000,19408.203,0.41002846,0.403597,0.5976327,0.7529911,0.106488,10.878854,88.65,508.9440000000001,44.04,314.94,52.5,48128.0,17.6,1402.88,5
redis,2026-06-29-10-31-18,2,wsl,small,10000,1,delete,10000,5318.747,0.18801421,0.15487999,0.3394654,0.4805591,0.128814,0.963327,28.57,224.73,27.975,62.72,34.8,52.1,14.2,3.2,2
redis,2026-06-29-10-31-18,2,wsl,small,10000,1,insert,10000,5003.867,0.19984543,0.1648895,0.35205844,0.4884292,0.152972,1.046577,24.005000000000003,329.03499999999997,10.663,60.474999999999994,34.4,1.82,12.0,0.0,2
redis,2026-06-29-10-31-18,2,wsl,small,10000,1,read,10000,5715.1797,0.17497264,0.145206,0.309643,0.41916627,0.111059,0.888478,14.530000000000001,262.2,28.2,57.97,34.6,25.9,13.1,0.051953125,2
redis,2026-06-29-10-31-18,2,wsl,small,10000,1,update,10000,4012.6414,0.2492124,0.187319,0.5047745,0.67611986,0.133092,8.746977,25.875,93.6,28.59,49.650000000000006,34.7,27.6,13.6,0.2998046875,2
redis,2026-06-29-10-31-18,2,wsl,small,10000,2,delete,20000,9008.11,0.21863477,0.186889,0.39999372,0.53331995,0.088764,9.78595,40.395,252.35500000000002,27.79,79.63999999999999,34.8,52.3,14.2,3.2,2
redis,2026-06-29-10-31-18,2,wsl,small,10000,2,insert,20000,7977.4272,0.24945557,0.219954,0.44259045,0.591395,0.120247,1.521636,45.055,155.48499999999999,13.305,73.895,34.5,5.19,12.0,0.0,2
redis,2026-06-29-10-31-18,2,wsl,small,10000,2,read,20000,10007.2,0.19956295,0.1744965,0.34755352,0.44294217,0.0915,1.021467,32.705,303.925,28.415,96.94999999999999,34.6,25.9,13.3,0.051953125,2
redis,2026-06-29-10-31-18,2,wsl,small,10000,2,update,20000,8339.47,0.23860727,0.2074935,0.4138568,0.5370696,0.119616,1.209612,46.995000000000005,242.585,28.805,63.160000000000004,34.7,31.0,13.6,0.2998046875,2
redis,2026-06-29-10-31-18,2,wsl,small,10000,4,delete,40000,15077.378,0.25855598,0.238811,0.4591858,0.59919953,0.103033,4.045998,82.655,317.26,28.375,79.78500000000001,34.8,61.9,14.2,3.2,2
redis,2026-06-29-10-31-18,2,wsl,small,10000,4,insert,40000,13895.485,0.28362453,0.262987,0.48915544,0.6351703,0.101009,13.053132,43.71,678.42,16.459999999999997,183.9,34.6,12.2,12.9,0.0,3
redis,2026-06-29-10-31-18,2,wsl,small,10000,4,read,40000,16468.225,0.24154668,0.2241315,0.4248311,0.54813695,0.087482,5.858147,63.62,405.14,28.32,79.01,34.6,25.9,13.6,0.051953125,2
redis,2026-06-29-10-31-18,2,wsl,small,10000,4,update,40000,13974.531,0.2849508,0.2668,0.49182323,0.6273858,0.113223,1.520005,36.14333333333333,589.17,28.38,169.43333333333334,34.7,37.9,13.6,0.2998046875,3
redis,2026-06-29-10-31-18,2,wsl,small,10000,8,delete,80000,19980.79,0.3928633,0.38256198,0.57191557,0.70280683,0.090238,10.772325,72.06333333333333,608.9233333333333,28.186666666666667,194.19333333333336,34.8,63.4,14.2,6.3,3
redis,2026-06-29-10-31-18,2,wsl,small,10000,8,insert,80000,18803.523,0.41862008,0.4018575,0.6553305,0.874969,0.087893,12.057206,57.6,535.38,24.165,216.455,34.6,25.9,13.1,0.051953125,4
redis,2026-06-29-10-31-18,2,wsl,small,10000,8,read,80000,23110.426,0.3433788,0.34051502,0.5051841,0.5992186,0.082242,7.531012,62.303333333333335,569.6933333333333,28.456666666666667,186.28333333333333,34.7,25.9,13.6,0.09599609375,3
redis,2026-06-29-10-31-18,2,wsl,small,10000,8,update,80000,17724.56,0.44179586,0.4218325,0.6819244,0.9343373,0.102191,12.958605,51.5875,515.595,28.2975,205.545,34.7,51.7,14.2,3.2,4
redis,2026-06-29-10-31-18,2,wsl,small,100000,1,delete,100000,5299.9785,0.18868,0.155095,0.3366988,0.4918555,0.127882,9.310188,58.318999999999996,83.532,194.02,48.711,35.9,1648.64,14.2,102.0,10
redis,2026-06-29-10-31-18,2,wsl,small,100000,1,insert,100000,4837.3223,0.20672594,0.165557,0.38845506,0.56440794,0.114606,13.477547,38.585,110.27999999999999,27.709999999999997,48.884166666666665,34.9,91.9,14.2,9.4,12
redis,2026-06-29-10-31-18,2,wsl,small,100000,1,read,100000,5799.0273,0.17244272,0.145327,0.30287775,0.4307203,0.112382,1.449636,37.061,113.141,190.41,50.528999999999996,35.3,642.0,14.2,39.7,10
redis,2026-06-29-10-31-18,2,wsl,small,100000,1,update,100000,4841.83,0.20653348,0.16787,0.37702516,0.5539589,0.128684,15.150914,55.38333333333333,108.88,193.21666666666667,50.24916666666667,35.4,1044.48,14.2,73.9,12
redis,2026-06-29-10-31-18,2,wsl,small,100000,2,delete,200000,9105.695,0.21626492,0.185636,0.38615623,0.5114145,0.10119,3.511681,61.58083333333334,137.63583333333335,190.36666666666667,83.85000000000001,36.0,1658.88,14.2,107.0,12
redis,2026-06-29-10-31-18,2,wsl,small,100000,2,insert,200000,8097.089,0.2469743,0.217748,0.43033767,0.5622641,0.118123,9.140652,57.02285714285715,187.83642857142857,45.05857142857143,84.32142857142857,35.0,127.0,14.2,14.6,14
redis,2026-06-29-10-31-18,2,wsl,small,100000,2,read,200000,9651.407,0.20679837,0.1808905,0.36232024,0.473453,0.090949,1.908091,59.65090909090909,146.94545454545457,190.9,81.0690909090909,35.3,642.0,14.2,45.2,11
redis,2026-06-29-10-31-18,2,wsl,small,100000,2,update,200000,8120.2554,0.24520563,0.215826,0.42887935,0.55678946,0.119965,8.989684,56.72071428571429,172.27714285714288,190.6142857142857,85.9542857142857,35.5,1075.2,14.2,76.0,14
redis,2026-06-29-10-31-18,2,wsl,small,100000,4,delete,400000,14772.267,0.2673018,0.2479245,0.47080415,0.6109753,0.096401,2.832982,87.34666666666666,291.01933333333335,189.87333333333333,154.15333333333334,36.1,1689.6,14.2,111.0,15
redis,2026-06-29-10-31-18,2,wsl,small,100000,4,insert,400000,13430.461,0.29483417,0.2742525,0.50789833,0.65480614,0.092552,20.859192,85.5964705882353,312.89235294117645,80.06882352941177,150.06470588235294,35.1,320.0,14.2,18.7,17
redis,2026-06-29-10-31-18,2,wsl,small,100000,4,read,400000,16320.25,0.2433188,0.22821,0.42140922,0.54435205,0.084977,9.27829,94.01923076923077,255.32999999999998,191.3692307692308,142.38923076923078,35.3,761.0,14.2,49.3,13
redis,2026-06-29-10-31-18,2,wsl,small,100000,4,update,400000,13406.903,0.2957506,0.276715,0.5114703,0.6573704,0.116419,12.084673,89.61375,248.8725,191.74375,146.31875,35.7,1269.76,14.2,80.1,16
redis,2026-06-29-10-31-18,2,wsl,small,100000,8,delete,800000,19141.91,0.41594595,0.4063025,0.599301,0.768754,0.128153,24.870525,103.17545454545456,376.5304545454546,146.97136363636363,279.4409090909091,36.3,1781.76,14.2,132.0,22
redis,2026-06-29-10-31-18,2,wsl,small,100000,8,insert,800000,17981.004,0.4421271,0.431048,0.6446651,0.83675516,0.101921,17.801317,106.96291666666667,394.96416666666664,150.06666666666666,270.52875,35.3,642.0,14.2,39.7,24
redis,2026-06-29-10-31-18,2,wsl,small,100000,8,read,800000,21240.816,0.37532225,0.370633,0.54350203,0.68780106,0.086721,12.275557,94.729,404.03499999999997,190.865,269.0675,35.3,761.0,14.2,57.6,20
redis,2026-06-29-10-31-18,2,wsl,small,100000,8,update,800000,18361.285,0.43325448,0.424767,0.62824005,0.8031811,0.109917,16.849457,105.10739130434781,409.31217391304347,191.95652173913044,281.09565217391304,35.8,1525.76,14.2,95.5,23
redis,2026-06-29-10-31-18,2,wsl,small,1000000,1,delete,1000000,5054.654,0.19783749,0.161245,0.36434415,0.5343131,0.120794,81.510735,80.8872,60.4955,1849.09824,72.4141,48.1,40448.0,17.5,1095.68,100
redis,2026-06-29-10-31-18,2,wsl,small,1000000,1,insert,1000000,4998.5156,0.20005938,0.164124,0.36002007,0.5317291,0.12694,24.391539,44.78456310679612,65.74893203883495,128.54398058252428,52.56077669902913,37.2,2416.64,17.0,154.0,103
redis,2026-06-29-10-31-18,2,wsl,small,1000000,1,read,1000000,5669.5537,0.17638072,0.146813,0.3138022,0.45504,0.098757,78.20056,64.99044444444445,71.30622222222223,1808.6911999999998,58.303999999999995,41.6,16486.4,17.5,461.0,90
redis,2026-06-29-10-31-18,2,wsl,small,1000000,1,update,1000000,4728.499,0.21148361,0.173415,0.38884437,0.5679151,0.13070899,83.21637,83.74311926605505,65.9711009174312,1840.8513761467889,66.65137614678899,42.6,20275.2,17.5,768.0,109
redis,2026-06-29-10-31-18,2,wsl,small,1000000,2,delete,2000000,8626.494,0.22831975,0.200002,0.40580207,0.53987306,0.090486996,79.7007,93.43703389830509,118.09194915254237,1791.1842711864408,105.83084745762713,49.1,43110.4,17.5,1136.64,118
redis,2026-06-29-10-31-18,2,wsl,small,1000000,2,insert,2000000,8124.994,0.24567354,0.215745,0.429617,0.56599,0.105688,34.43565,75.37937007874017,124.45740157480316,352.2188976377953,86.98228346456693,38.2,4034.56,17.5,191.0,127
redis,2026-06-29-10-31-18,2,wsl,small,1000000,2,read,2000000,9707.959,0.20534055,0.179549,0.357415,0.46739998,0.082194,2.661269,61.26352380952381,126.8062857142857,1797.0322285714285,92.66685714285715,41.6,16486.4,17.5,499.0,105
redis,2026-06-29-10-31-18,2,wsl,small,1000000,2,update,2000000,7826.425,0.25533584,0.224486,0.446465,0.59240204,0.114728,91.30141,106.75152671755725,120.2818320610687,1837.0247328244275,100.37015267175572,43.8,24780.8,17.5,809.0,131
redis,2026-06-29-10-31-18,2,wsl,small,1000000,4,delete,4000000,14040.267,0.28047436,0.261013,0.48750708,0.63162,0.077783,79.68431,118.21374999999999,213.77493055555556,1733.4755555555557,172.5598611111111,50.3,46284.8,17.5,1228.8,144
redis,2026-06-29-10-31-18,2,wsl,small,1000000,4,insert,4000000,13358.402,0.2980281,0.278203,0.512962,0.660742,0.104536,44.168785,109.18467532467531,224.8961038961039,698.2363636363636,154.0701948051948,39.5,7239.68,17.5,276.0,154
redis,2026-06-29-10-31-18,2,wsl,small,1000000,4,read,4000000,16055.22,0.24878761,0.233087,0.433029,0.557916,0.08558,7.744569,85.37165354330709,238.1935433070866,1797.1925669291336,161.64566929133858,41.6,16486.4,17.5,580.0,127
redis,2026-06-29-10-31-18,2,wsl,small,1000000,4,update,4000000,12804.641,0.31074005,0.29140848,0.529756,0.680847,0.106421,98.46791,124.78273291925466,233.43801242236023,1842.792944099379,168.42857142857142,45.2,30003.2,17.5,887.0,161
redis,2026-06-29-10-31-18,2,wsl,small,1000000,8,delete,8000000,18617.4,0.42839405,0.418878,0.621167,0.7966841,0.12291,70.043144,111.42788018433178,351.7883870967742,941.5060460829493,310.05069124423966,52.1,48025.6,17.5,1392.64,217
redis,2026-06-29-10-31-18,2,wsl,small,1000000,8,insert,8000000,17488.518,0.45556116,0.443987,0.667427,0.857718,0.116119005,76.50552,141.1386324786325,370.74534188034187,1403.9719487179486,288.8787179487179,41.6,14540.8,17.5,434.0,234
redis,2026-06-29-10-31-18,2,wsl,small,1000000,8,read,8000000,20799.668,0.3837451,0.379825,0.554763,0.690483,0.09533,10.184694,99.68743589743589,376.78923076923076,1796.9992205128206,295.83748717948714,41.6,16486.4,17.5,747.0,195
redis,2026-06-29-10-31-18,2,wsl,small,1000000,8,update,8000000,17387.46,0.4583889,0.448062,0.672733,0.863087,0.108846,95.03955,143.6316595744681,386.8354893617021,1847.056340425532,303.08791489361704,47.2,37580.8,17.5,1075.2,235
redis,2026-06-29-12-20-57,4,wsl,medium,0,1,doc_delete,10000,4431.321,0.22566636,0.1832945,0.4128935,0.5844932,0.153756,11.672422,24.580000000000002,188.19,134.35000000000002,105.0,246.0,92160.0,83.0,1607.68,2
redis,2026-06-29-12-20-57,4,wsl,medium,0,1,doc_increment,10000,3799.8618,0.26316747,0.21145199,0.48956665,0.7171507,0.175561,11.287076,81.21499999999999,157.41,141.0,83.92,246.0,91955.2,83.0,1607.68,2
redis,2026-06-29-12-20-57,4,wsl,medium,0,1,doc_insert,10000,3072.743,0.32544214,0.251919,0.57509404,0.8492272,0.192,67.4432,36.199999999999996,221.12666666666667,226.30000000000004,121.96666666666665,246.0,89190.4,83.0,1587.2,3
redis,2026-06-29-12-20-57,4,wsl,medium,0,1,doc_read,10000,3469.2502,0.28824672,0.226987,0.5473791,0.7984008,0.18304199,19.634172,125.86666666666667,248.07000000000002,144.16666666666666,122.16666666666667,246.0,90726.4,83.0,1597.44,3
redis,2026-06-29-12-20-57,4,wsl,medium,0,1,doc_read_partial,10000,4153.487,0.24076158,0.1983795,0.43111664,0.60455346,0.17646,4.444431,27.415,93.845,134.64999999999998,99.055,246.0,90726.4,83.0,1597.44,2
redis,2026-06-29-12-20-57,4,wsl,medium,0,1,doc_update_partial,10000,3654.4624,0.27363807,0.2235835,0.4920488,0.729558,0.184686,11.309221,27.759999999999998,188.985,135.45,105.0,246.0,90828.8,83.0,1597.44,2
redis,2026-06-29-12-20-57,4,wsl,medium,0,1,mix_10W_90R,10000,5262.9995,0.19000572,0.15307349,0.34676015,0.4984589,0.12828399,0.984261,40.31285714285714,100.11571428571429,175.07142857142858,104.24285714285715,237.0,86835.2,82.9,1576.96,7
redis,2026-06-29-12-20-57,4,wsl,medium,0,1,mix_50W_50R,20000,4684.86,0.21345356,0.179856,0.4074328,0.56858057,0.128715,3.869557,40.31285714285714,100.11571428571429,175.07142857142858,104.24285714285715,237.0,86835.2,82.9,1576.96,7
redis,2026-06-29-12-20-57,4,wsl,medium,0,1,mix_90W_10R,10000,4419.9907,0.22624482,0.1798215,0.45525122,0.6596638,0.144897,9.561702,40.31285714285714,100.11571428571429,175.07142857142858,104.24285714285715,237.0,86835.2,82.9,1576.96,7
redis,2026-06-29-12-20-57,4,wsl,medium,0,1,queue,20000,4726.925,0.21155404,0.16807,0.3938948,0.5422111,0.138451,12.881596,35.07333333333333,144.71,270.3333333333333,104.43333333333334,237.0,88268.8,82.9,1576.96,3
redis,2026-06-29-12-20-57,4,wsl,medium,0,2,doc_delete,20000,7401.479,0.26534352,0.217763,0.4910234,0.66465616,0.134568,11.140403,47.78,137.73499999999999,134.25,128.075,246.0,92160.0,83.0,1607.68,2
redis,2026-06-29-12-20-57,4,wsl,medium,0,2,doc_increment,20000,5782.9565,0.34419695,0.2991645,0.65109557,0.91021127,0.162891,6.072689,69.25,250.42999999999998,138.20000000000002,149.4,246.0,92160.0,83.0,1607.68,3
redis,2026-06-29-12-20-57,4,wsl,medium,0,2,doc_insert,20000,5192.3994,0.38257152,0.318257,0.62622076,0.85171115,0.172984,191.53734,69.66333333333334,233.54,159.5666666666667,140.0,246.0,89395.2,83.0,1587.2,3
redis,2026-06-29-12-20-57,4,wsl,medium,0,2,doc_read,20000,7053.3086,0.28091186,0.234757,0.49534604,0.6708158,0.15028,5.363666,96.07000000000001,258.46500000000003,137.9,156.0,246.0,90726.4,83.0,1597.44,2
redis,2026-06-29-12-20-57,4,wsl,medium,0,2,doc_read_partial,20000,7236.456,0.27569443,0.23024201,0.48552498,0.6438025,0.14987,11.547055,53.655,253.425,134.95,156.45,246.0,90726.4,83.0,1597.44,2
redis,2026-06-29-12-20-57,4,wsl,medium,0,2,doc_update_partial,20000,5702.8115,0.35049337,0.3080785,0.59988505,0.7693042,0.171331,11.615343,39.73666666666667,375.59,135.83333333333334,189.63333333333333,246.0,90931.2,83.0,1597.44,3
redis,2026-06-29-12-20-57,4,wsl,medium,0,2,mix_10W_90R,20000,8405.224,0.23736529,0.20696,0.43649375,0.6086097,0.093755,2.41027,67.16625,122.68625,131.1375,148.3125,237.0,87040.0,82.9,1576.96,8
redis,2026-06-29-12-20-57,4,wsl,medium,0,2,mix_50W_50R,40000,7736.061,0.2572021,0.22806251,0.4607935,0.5963833,0.107142,8.52079,67.16625,122.68625,131.1375,148.3125,237.0,87040.0,82.9,1576.96,8
redis,2026-06-29-12-20-57,4,wsl,medium,0,2,mix_90W_10R,20000,7468.6816,0.26527297,0.2304275,0.4732095,0.6032833,0.122032,2.126194,67.16625,122.68625,131.1375,148.3125,237.0,87040.0,82.9,1576.96,8
redis,2026-06-29-12-20-57,4,wsl,medium,0,2,queue,40000,8281.881,0.2405742,0.2038905,0.45476016,0.64980197,0.090835,18.767838,53.9225,319.67,164.025,180.6,237.0,88371.2,82.9,1587.2,4
redis,2026-06-29-12-20-57,4,wsl,medium,0,4,doc_delete,40000,12091.112,0.32767108,0.30565,0.556409,0.7107536,0.127083,8.552295,36.13,436.4433333333333,134.29999999999998,236.69999999999996,246.0,92160.0,83.0,1607.68,3
redis,2026-06-29-12-20-57,4,wsl,medium,0,4,doc_increment,40000,9517.029,0.40871468,0.3836175,0.6776004,0.8515326,0.162563,11.637688,56.883333333333326,323.41,134.83333333333334,204.24666666666667,246.0,92160.0,83.0,1607.68,3
redis,2026-06-29-12-20-57,4,wsl,medium,0,4,doc_insert,40000,8007.7935,0.4855558,0.440802,0.7794539,1.0263891,0.180279,34.913303,76.27000000000001,411.47749999999996,135.325,238.625,246.0,89702.4,83.0,1587.2,4
redis,2026-06-29-12-20-57,4,wsl,medium,0,4,doc_read,40000,9969.335,0.39826655,0.3667315,0.7123724,0.9602543,0.149925,6.727392,56.03,367.31,134.5,215.39999999999998,246.0,90726.4,83.0,1597.44,3
redis,2026-06-29-12-20-57,4,wsl,medium,0,4,doc_read_partial,40000,10219.976,0.3832108,0.358722,0.6532167,0.87152404,0.154299,6.752955,52.223333333333336,392.98,134.63333333333333,232.46666666666667,246.0,90726.4,83.0,1597.44,3
redis,2026-06-29-12-20-57,4,wsl,medium,0,4,doc_update_partial,40000,7962.0557,0.4995173,0.4668005,0.82247984,1.0770769,0.187723,6.951102,44.19,431.2825,136.6,249.2,246.0,91033.6,83.0,1607.68,4
redis,2026-06-29-12-20-57,4,wsl,medium,0,4,mix_10W_90R,40000,13192.608,0.29882586,0.277536,0.519475,0.68485105,0.109317,2.014111,79.69818181818181,329.3627272727272,175.88181818181818,267.02727272727276,237.0,87347.2,82.9,1576.96,11
redis,2026-06-29-12-20-57,4,wsl,medium,0,4,mix_50W_50R,80000,12315.61,0.32122552,0.297657,0.56200874,0.7264017,0.090549,13.634581,79.69818181818181,329.3627272727272,175.88181818181818,267.02727272727276,237.0,87347.2,82.9,1576.96,11
redis,2026-06-29-12-20-57,4,wsl,medium,0,4,mix_90W_10R,40000,10781.073,0.3660178,0.340896,0.62279266,0.79380614,0.128164,5.142027,79.69818181818181,329.3627272727272,175.88181818181818,267.02727272727276,237.0,87347.2,82.9,1576.96,11
redis,2026-06-29-12-20-57,4,wsl,medium,0,4,queue,80000,12566.948,0.31775406,0.288059,0.5470052,0.71623105,0.07898,20.944042,58.364,478.45599999999996,185.8,262.15999999999997,237.0,88576.0,82.9,1587.2,5
redis,2026-06-29-12-20-57,4,wsl,medium,0,8,doc_delete,80000,17617.17,0.44841948,0.4337295,0.65837556,0.9230799,0.137253,14.943021,54.2975,531.01,134.0,359.6125,246.0,92160.0,83.0,1607.68,4
redis,2026-06-29-12-20-57,4,wsl,medium,0,8,doc_increment,80000,13124.521,0.59841466,0.558385,0.9593462,1.3284453,0.153465,27.256437,62.25,523.9939999999999,134.52,346.94,246.0,92160.0,83.0,1607.68,5
redis,2026-06-29-12-20-57,4,wsl,medium,0,8,doc_insert,80000,12643.995,0.62614244,0.5550425,0.9060416,1.2840548,0.194277,140.36626,105.516,583.6519999999999,146.64000000000001,389.8,246.0,90419.2,83.0,1597.44,5
redis,2026-06-29-12-20-57,4,wsl,medium,0,8,doc_read,80000,14136.612,0.55520225,0.54087746,0.80924016,1.076504,0.160347,11.817716,74.535,593.2425,134.825,387.725,246.0,90726.4,83.0,1597.44,4
redis,2026-06-29-12-20-57,4,wsl,medium,0,8,doc_read_partial,80000,14623.278,0.54048496,0.5272615,0.7897762,1.0422912,0.155036,16.282211,67.3875,604.1475,134.875,352.08750000000003,246.0,90726.4,83.0,1597.44,4
redis,2026-06-29-12-20-57,4,wsl,medium,0,8,doc_update_partial,80000,12389.784,0.6375838,0.599787,1.009334,1.3783861,0.185068,19.975002,140.2,648.8725000000001,147.725,449.375,246.0,91750.4,83.0,1607.68,4
redis,2026-06-29-12-20-57,4,wsl,medium,0,8,mix_10W_90R,80000,16128.688,0.4913795,0.475563,0.7176393,0.9071947,0.146218,43.379642,98.345,402.859375,251.10125,429.011875,237.0,88268.8,82.9,1576.96,16
redis,2026-06-29-12-20-57,4,wsl,medium,0,8,mix_50W_50R,160000,16572.182,0.48009986,0.4688985,0.69691926,0.9027519,0.106922,9.870166,98.345,402.859375,251.10125,429.011875,237.0,88268.8,82.9,1576.96,16
redis,2026-06-29-12-20-57,4,wsl,medium,0,8,mix_90W_10R,80000,14969.34,0.5299908,0.51314604,0.7719526,1.0658176,0.202491,9.920554,98.345,402.859375,251.10125,429.011875,237.0,88268.8,82.9,1576.96,16
redis,2026-06-29-12-20-57,4,wsl,medium,0,8,queue,160000,15661.448,0.5091423,0.475439,0.736486,0.96947426,0.109568,68.64199,79.69285714285715,439.70285714285717,241.42857142857142,380.6914285714286,237.0,89088.0,82.9,1587.2,7
redis,2026-06-29-12-20-57,4,wsl,medium,10000,1,delete,10000,5247.6035,0.19056319,0.154697,0.34295455,0.48983717,0.135929,4.134947,20.200000000000003,197.665,438.1,85.49000000000001,86.8,50278.4,26.6,1443.84,2
redis,2026-06-29-12-20-57,4,wsl,medium,10000,1,insert,10000,4605.239,0.217144,0.184696,0.37941995,0.5445308,0.147392,1.886109,26.735,190.225,78.56,87.36,86.7,48025.6,26.6,1433.6,2
redis,2026-06-29-12-20-57,4,wsl,medium,10000,1,read,10000,5347.0767,0.18701807,0.1524925,0.32781267,0.44254604,0.122383,0.902209,20.375,332.305,430.5,120.60499999999999,86.7,49049.6,26.6,1433.6,2
redis,2026-06-29-12-20-57,4,wsl,medium,10000,1,update,10000,4226.5483,0.23659968,0.19301799,0.444684,0.6503836,0.15137,37.626743,76.81500000000001,183.28,441.8,70.02,86.8,49152.0,26.6,1433.6,2
redis,2026-06-29-12-20-57,4,wsl,medium,10000,2,delete,20000,9296.422,0.21322222,0.18419999,0.37098488,0.48761222,0.10084,0.991129,37.864999999999995,248.10999999999999,438.0,113.72999999999999,86.8,50278.4,26.6,1443.84,2
redis,2026-06-29-12-20-57,4,wsl,medium,10000,2,insert,20000,7466.9243,0.26566157,0.22781649,0.47553068,0.6488901,0.131481,9.236944,54.815,135.36,121.19999999999999,114.59,86.7,48128.0,26.6,1433.6,2
redis,2026-06-29-12-20-57,4,wsl,medium,10000,2,read,20000,9841.922,0.19926809,0.16121,0.37123603,0.5058046,0.081522,1.999149,36.46,247.015,430.95000000000005,154.35000000000002,86.7,49049.6,26.6,1433.6,2
redis,2026-06-29-12-20-57,4,wsl,medium,10000,2,update,20000,6931.056,0.28759003,0.24475,0.5324963,0.8274508,0.135619,14.055388,86.445,129.425,429.95000000000005,130.10000000000002,86.8,49459.2,26.6,1433.6,2
redis,2026-06-29-12-20-57,4,wsl,medium,10000,4,delete,40000,13907.9375,0.27983463,0.25904548,0.49525502,0.6393086,0.110709,9.380961,35.51666666666667,559.8000000000001,431.73333333333335,245.16666666666666,86.9,50278.4,26.6,1443.84,3
redis,2026-06-29-12-20-57,4,wsl,medium,10000,4,insert,40000,10753.678,0.36762413,0.337814,0.62607473,0.8217625,0.131581,18.751648,77.21666666666667,340.89,191.23333333333335,180.19333333333336,86.7,48435.2,26.6,1433.6,3
redis,2026-06-29-12-20-57,4,wsl,medium,10000,4,read,40000,14895.266,0.26461044,0.247612,0.45098445,0.60608566,0.092333004,2.282418,78.92,317.2,430.1,181.45,86.7,49049.6,26.6,1433.6,2
redis,2026-06-29-12-20-57,4,wsl,medium,10000,4,update,40000,11405.851,0.34781525,0.3197875,0.6076165,0.7872779,0.127163,9.116921,57.24666666666667,416.25666666666666,432.4666666666667,245.70000000000002,86.8,49664.0,26.6,1433.6,3
redis,2026-06-29-12-20-57,4,wsl,medium,10000,8,delete,80000,18812.352,0.42176825,0.4086825,0.616734,0.79249036,0.093485,22.585022,77.5325,470.7125,363.675,309.06,86.9,50483.2,26.6,1443.84,4
redis,2026-06-29-12-20-57,4,wsl,medium,10000,8,insert,80000,14263.537,0.550505,0.520869,0.84901524,1.2023149,0.124467,30.947075,103.9325,503.305,334.925,399.05,86.7,48947.2,26.6,1433.6,4
redis,2026-06-29-12-20-57,4,wsl,medium,10000,8,read,80000,17022.225,0.46239394,0.4519085,0.6663454,0.88768685,0.09584,8.319308,65.035,542.2625,429.125,361.4325,86.7,49049.6,26.6,1433.6,4
redis,2026-06-29-12-20-57,4,wsl,medium,10000,8,update,80000,13635.099,0.5814114,0.5504445,0.89839447,1.1713431,0.122814,28.739561,121.1925,459.18,480.225,298.9325,86.8,50278.4,26.6,1443.84,4
redis,2026-06-29-12-20-57,4,wsl,medium,100000,1,delete,100000,5161.173,0.19375442,0.154878,0.35758236,0.552244,0.127203,9.774356,36.25181818181818,105.92454545454547,4023.109818181818,105.4909090909091,236.0,84480.0,82.9,1536.0,11
redis,2026-06-29-12-20-57,4,wsl,medium,100000,1,insert,100000,4422.518,0.22611551,0.185158,0.41750902,0.6093998,0.14137,40.687065,42.56916666666667,68.62583333333333,319.7083333333333,96.14999999999999,87.0,50892.8,26.6,1443.84,12
redis,2026-06-29-12-20-57,4,wsl,medium,100000,1,read,100000,4638.6455,0.21558015,0.173794,0.4040189,0.5480803,0.118725,2.107107,73.74333333333333,89.18333333333334,4460.885333333333,83.215,180.0,64614.4,54.6,1484.8,12
redis,2026-06-29-12-20-57,4,wsl,medium,100000,1,update,100000,4486.1387,0.22290882,0.183052,0.41307318,0.58936363,0.144726,2.150885,41.21083333333333,87.8175,4016.213333333333,85.33583333333333,180.0,68403.2,54.6,1505.28,12
redis,2026-06-29-12-20-57,4,wsl,medium,100000,2,delete,200000,9082.011,0.21761458,0.185418,0.38909245,0.52224225,0.109457,9.278002,60.276666666666664,129.245,4022.2719999999995,151.94166666666666,236.0,84480.0,82.9,1546.24,12
redis,2026-06-29-12-20-57,4,wsl,medium,100000,2,insert,200000,7048.5063,0.2836101,0.24680951,0.50977004,0.6929226,0.119347,47.726223,83.333125,181.27937500000002,793.65,152.3625,87.1,52838.4,26.6,1454.08,16
redis,2026-06-29-12-20-57,4,wsl,medium,100000,2,read,200000,9849.769,0.2019825,0.164637,0.36642554,0.49179137,0.080519006,2.059613,68.94,146.64090909090908,4017.7105454545454,129.0309090909091,180.0,64614.4,54.6,1484.8,11
redis,2026-06-29-12-20-57,4,wsl,medium,100000,2,update,200000,6467.8535,0.30710965,0.266418,0.53987193,0.7317984,0.12113,164.95009,97.95647058823529,136.25764705882352,4172.8,131.66352941176473,180.0,71065.6,54.6,1515.52,17
redis,2026-06-29-12-20-57,4,wsl,medium,100000,4,delete,400000,14013.623,0.28173748,0.260248,0.49048352,0.6507604,0.085249,177.48062,137.57666666666668,238.918,4038.9973333333332,246.70666666666665,236.0,86732.8,82.9,1546.24,15
redis,2026-06-29-12-20-57,4,wsl,medium,100000,4,insert,400000,10490.983,0.37779978,0.34818,0.65310514,0.8487584,0.115249,77.16393,120.7747619047619,260.8980952380952,1544.8270476190476,240.44761904761904,92.8,56524.8,26.6,1454.08,21
redis,2026-06-29-12-20-57,4,wsl,medium,100000,4,read,400000,14996.343,0.26507136,0.248713,0.44936144,0.5948608,0.088516004,2.896924,81.18266666666666,294.33133333333336,4015.104,236.44666666666666,180.0,64614.4,54.6,1484.8,15
redis,2026-06-29-12-20-57,4,wsl,medium,100000,4,update,400000,9391.438,0.4234189,0.374112,0.69198215,0.90582514,0.118645996,380.81332,136.6295652173913,233.58,4965.821217391304,227.8521739130435,224.0,75264.0,57.8,1525.76,23
redis,2026-06-29-12-20-57,4,wsl,medium,100000,8,delete,800000,18768.434,0.42431375,0.41075248,0.608862,0.8322511,0.094186,11.510422,94.63130434782609,381.60565217391303,2267.0652173913045,441.97391304347826,237.0,86732.8,82.9,1576.96,23
redis,2026-06-29-12-20-57,4,wsl,medium,100000,8,insert,800000,12545.524,0.6351836,0.569371,0.90878206,1.2052615,0.137122,908.6692,181.56064516129032,378.2406451612903,3298.700387096774,419.11,141.0,63692.8,31.5,1484.8,31
redis,2026-06-29-12-20-57,4,wsl,medium,100000,8,read,800000,15748.201,0.50617087,0.491114,0.7426183,0.95540524,0.094938,156.16159,149.48518518518517,349.50074074074075,4020.9066666666663,417.3525925925926,180.0,67993.6,54.6,1505.28,27
redis,2026-06-29-12-20-57,4,wsl,medium,100000,8,update,800000,13211.082,0.603504,0.576283,0.9372195,1.2159553,0.153063,183.20744,132.7332558139535,282.2395348837209,4505.480930232558,357.49418604651163,232.0,84480.0,82.5,1536.0,43
redis,2026-06-29-12-20-57,4,wsl,small,0,1,doc_delete,10000,4487.6606,0.22283325,0.17975649,0.41598904,0.59807485,0.159787,4.478659,23.165,135.785,53.864999999999995,91.27,86.6,48025.6,26.0,1423.36,2
redis,2026-06-29-12-20-57,4,wsl,small,0,1,doc_increment,10000,3579.9368,0.27933455,0.20317349,0.5599078,0.7248151,0.168755,11.069597,28.953333333333333,246.04666666666665,53.919999999999995,89.07666666666667,86.5,48025.6,26.0,1423.36,3
redis,2026-06-29-12-20-57,4,wsl,small,0,1,doc_insert,10000,4143.0386,0.24136873,0.195778,0.44576216,0.64285976,0.171299,7.957065,26.880000000000003,183.95,46.084999999999994,77.635,86.4,47923.2,26.0,1413.12,2
redis,2026-06-29-12-20-57,4,wsl,small,0,1,doc_read,10000,4437.445,0.22535492,0.184225,0.41126946,0.582542,0.15621,4.508811,20.08,339.65999999999997,53.56,94.735,86.4,47923.2,26.0,1413.12,2
redis,2026-06-29-12-20-57,4,wsl,small,0,1,doc_read_partial,10000,4288.1914,0.23319855,0.18498799,0.45710698,0.684044,0.15509799,7.919506,22.75,189.88500000000002,54.51,78.20500000000001,86.4,47923.2,26.0,1413.12,2
redis,2026-06-29-12-20-57,4,wsl,small,0,1,doc_update_partial,10000,4099.304,0.24394384,0.190067,0.4781712,0.7410534,0.168614,8.448884,27.965,178.03,53.97,60.925000000000004,86.4,47923.2,26.0,1423.36,2
redis,2026-06-29-12-20-57,4,wsl,small,0,1,mix_10W_90R,10000,5341.0566,0.18722886,0.148535,0.3584998,0.51186216,0.120268,0.977709,36.20428571428572,141.64142857142858,70.47857142857143,81.53571428571429,84.4,47820.8,26.0,1392.64,7
redis,2026-06-29-12-20-57,4,wsl,small,0,1,mix_50W_50R,20000,5356.6045,0.18668543,0.16166,0.3298171,0.47931436,0.116330996,1.179811,36.20428571428572,141.64142857142858,70.47857142857143,81.53571428571429,84.4,47820.8,26.0,1392.64,7
redis,2026-06-29-12-20-57,4,wsl,small,0,1,mix_90W_10R,10000,5170.486,0.19340542,0.163404,0.33799005,0.48287946,0.139327,1.252299,36.20428571428572,141.64142857142858,70.47857142857143,81.53571428571429,84.4,47820.8,26.0,1392.64,7
redis,2026-06-29-12-20-57,4,wsl,small,0,1,queue,20000,5224.9844,0.19138813,0.154566,0.34921238,0.5548068,0.102914,2.313256,26.176666666666666,181.51666666666665,47.54,86.10000000000001,84.7,47923.2,26.0,1402.88,3
redis,2026-06-29-12-20-57,4,wsl,small,0,2,doc_delete,20000,7523.032,0.2629224,0.221244,0.47176173,0.6279596,0.138284,5.996598,49.519999999999996,200.92,53.614999999999995,78.225,86.6,48025.6,26.0,1423.36,2
redis,2026-06-29-12-20-57,4,wsl,small,0,2,doc_increment,20000,5987.328,0.3284916,0.29174948,0.56676507,0.7832641,0.160859,5.632557,35.33,464.21333333333337,53.923333333333325,132.53333333333333,86.5,48025.6,26.0,1423.36,3
redis,2026-06-29-12-20-57,4,wsl,small,0,2,doc_insert,20000,6618.7505,0.2989661,0.2583635,0.5292487,0.67395604,0.154817,11.426416,57.29,127.355,46.075,110.6,86.4,47923.2,26.0,1413.12,2
redis,2026-06-29-12-20-57,4,wsl,small,0,2,doc_read,20000,6964.3037,0.28029472,0.2441045,0.49254605,0.63754016,0.136951,4.881029,46.465,123.82,53.519999999999996,78.175,86.4,47923.2,26.0,1413.12,2
redis,2026-06-29-12-20-57,4,wsl,small,0,2,doc_read_partial,20000,7546.5884,0.26388115,0.218885,0.4670705,0.6065279,0.115189,6.202278,45.105000000000004,142.425,54.245,100.44,86.4,47923.2,26.0,1413.12,2
redis,2026-06-29-12-20-57,4,wsl,small,0,2,doc_update_partial,20000,6535.491,0.30405468,0.26063251,0.54251146,0.754806,0.148413,11.470615,36.64333333333334,373.52,56.0,134.16666666666666,86.5,48025.6,26.0,1423.36,3
redis,2026-06-29-12-20-57,4,wsl,small,0,2,mix_10W_90R,20000,9231.589,0.21487778,0.187893,0.37909445,0.49697602,0.086552,1.029158,53.7425,162.12875,46.4975,109.975,84.4,47820.8,26.0,1392.64,8
redis,2026-06-29-12-20-57,4,wsl,small,0,2,mix_50W_50R,40000,8561.461,0.23307149,0.20164749,0.41988015,0.5645191,0.094467,2.491603,53.7425,162.12875,46.4975,109.975,84.4,47820.8,26.0,1392.64,8
redis,2026-06-29-12-20-57,4,wsl,small,0,2,mix_90W_10R,20000,8265.058,0.24118248,0.208984,0.41452304,0.5563887,0.119657,1.568863,53.7425,162.12875,46.4975,109.975,84.4,47820.8,26.0,1392.64,8
redis,2026-06-29-12-20-57,4,wsl,small,0,2,queue,40000,8517.039,0.23348403,0.2059335,0.40965402,0.550768,0.110098004,1.350758,59.68000000000001,179.7266666666667,43.29666666666666,110.66666666666667,84.7,47923.2,26.0,1402.88,3
redis,2026-06-29-12-20-57,4,wsl,small,0,4,doc_delete,40000,11868.113,0.32900444,0.307765,0.557424,0.71162033,0.110208996,6.485488,37.26,406.38000000000005,53.43333333333334,173.53333333333333,86.6,48025.6,26.0,1423.36,3
redis,2026-06-29-12-20-57,4,wsl,small,0,4,doc_increment,40000,9830.125,0.39739498,0.36961448,0.6623015,0.8511777,0.155879,10.255087,54.83666666666667,455.9433333333333,53.68,155.46666666666667,86.6,48025.6,26.0,1423.36,3
redis,2026-06-29-12-20-57,4,wsl,small,0,4,doc_insert,40000,10213.763,0.3888657,0.363996,0.6472117,0.83048385,0.159777,6.888155,52.44,340.05,43.080000000000005,185.33333333333334,86.4,47923.2,26.0,1413.12,3
redis,2026-06-29-12-20-57,4,wsl,small,0,4,doc_read,40000,11202.671,0.3538888,0.330713,0.6019383,0.78893477,0.145588,6.570158,40.126666666666665,386.30999999999995,53.49666666666667,163.5,86.4,47923.2,26.0,1413.12,3
redis,2026-06-29-12-20-57,4,wsl,small,0,4,doc_read_partial,40000,11369.864,0.34696615,0.3249285,0.583718,0.772537,0.138556,6.457244,39.25333333333334,423.6766666666667,54.13666666666666,174.16666666666666,86.4,47923.2,26.0,1423.36,3
redis,2026-06-29-12-20-57,4,wsl,small,0,4,doc_update_partial,40000,10168.184,0.38842422,0.3643125,0.64818674,0.82593006,0.158272,8.177887,52.419999999999995,360.2,54.20333333333334,134.20000000000002,86.5,48025.6,26.0,1423.36,3
redis,2026-06-29-12-20-57,4,wsl,small,0,4,mix_10W_90R,40000,14351.405,0.27254835,0.25382048,0.479079,0.62017065,0.097012,1.828036,73.423,332.75,46.523,183.89000000000001,84.5,47820.8,26.0,1392.64,10
redis,2026-06-29-12-20-57,4,wsl,small,0,4,mix_50W_50R,80000,13597.182,0.28947508,0.26992148,0.5042668,0.6541605,0.096852,4.466949,73.423,332.75,46.523,183.89000000000001,84.5,47820.8,26.0,1392.64,10
redis,2026-06-29-12-20-57,4,wsl,small,0,4,mix_90W_10R,40000,12557.576,0.31149527,0.28979,0.536441,0.6884306,0.115187995,6.642665,73.423,332.75,46.523,183.89000000000001,84.5,47820.8,26.0,1392.64,10
redis,2026-06-29-12-20-57,4,wsl,small,0,4,queue,80000,13925.642,0.28251502,0.2639535,0.4895714,0.6244964,0.098515,5.275903,63.849999999999994,333.2425,41.31,173.60000000000002,84.7,47923.2,26.0,1402.88,4
redis,2026-06-29-12-20-57,4,wsl,small,0,8,doc_delete,80000,17480.936,0.45543295,0.43873852,0.6780245,0.94433534,0.12597,15.816619,54.9,606.0425,54.207499999999996,257.775,86.7,48025.6,26.6,1433.6,4
redis,2026-06-29-12-20-57,4,wsl,small,0,8,doc_increment,80000,15415.789,0.51525784,0.497326,0.77290356,1.0712253,0.188915,9.372117,57.4125,588.245,53.4125,255.4975,86.6,48025.6,26.0,1423.36,4
redis,2026-06-29-12-20-57,4,wsl,small,0,8,doc_insert,80000,16087.412,0.4920366,0.475156,0.7256505,1.004765,0.197551,13.915657,61.94,556.2375,50.405,255.1925,86.4,47923.2,26.0,1413.12,4
redis,2026-06-29-12-20-57,4,wsl,small,0,8,doc_read,80000,17380.361,0.45542002,0.4350595,0.69024944,0.9800421,0.143244,18.820736,53.3075,582.2175,53.955,251.76999999999998,86.4,47923.2,26.0,1413.12,4
redis,2026-06-29-12-20-57,4,wsl,small,0,8,doc_read_partial,80000,17887.514,0.44133165,0.4277115,0.63882804,0.8836137,0.151581,22.859009,59.7125,611.8175,54.2,254.645,86.4,47923.2,26.0,1423.36,4
redis,2026-06-29-12-20-57,4,wsl,small,0,8,doc_update_partial,80000,15810.258,0.502066,0.4889025,0.7207159,0.9909859,0.179638,17.81264,66.57000000000001,556.2675,54.3125,255.4625,86.5,48025.6,26.0,1423.36,4
redis,2026-06-29-12-20-57,4,wsl,small,0,8,mix_10W_90R,80000,18875.15,0.4203558,0.41276252,0.6083595,0.783273,0.135176,2.500233,97.36615384615385,422.30846153846153,43.82769230769231,311.3769230769231,84.6,47820.8,26.0,1392.64,13
redis,2026-06-29-12-20-57,4,wsl,small,0,8,mix_50W_50R,160000,19244.49,0.41307768,0.4060055,0.59832823,0.76525044,0.095399,8.051656,97.36615384615385,422.30846153846153,43.82769230769231,311.3769230769231,84.6,47820.8,26.0,1392.64,13
redis,2026-06-29-12-20-57,4,wsl,small,0,8,mix_90W_10R,80000,18408.83,0.42969972,0.4226345,0.6188128,0.776575,0.165449,2.62566,97.36615384615385,422.30846153846153,43.82769230769231,311.3769230769231,84.6,47820.8,26.0,1392.64,13
redis,2026-06-29-12-20-57,4,wsl,small,0,8,queue,160000,19556.7,0.40573585,0.399148,0.5900422,0.7446081,0.102995,13.764351,73.02166666666666,494.62833333333333,43.083333333333336,271.455,86.4,47923.2,26.0,1402.88,6
redis,2026-06-29-12-20-57,4,wsl,small,10000,1,delete,10000,5405.437,0.18499893,0.153506,0.32931754,0.47100663,0.119005,1.070837,23.65,303.97,28.189999999999998,59.18000000000001,67.6,52.1,17.2,3.2,2
redis,2026-06-29-12-20-57,4,wsl,small,10000,1,insert,10000,5176.5054,0.19318052,0.1634875,0.32532346,0.45972353,0.138686,1.260462,27.57,343.15999999999997,9.9145,57.805,67.5,1.87,15.5,0.0,2
redis,2026-06-29-12-20-57,4,wsl,small,10000,1,read,10000,5823.523,0.17171736,0.1434285,0.30317855,0.4129495,0.109474,0.956021,14.025,306.86,28.32,57.955,67.5,25.9,16.7,0.099609375,2
redis,2026-06-29-12-20-57,4,wsl,small,10000,1,update,10000,4843.4272,0.20646538,0.16475499,0.3883085,0.6079484,0.141432,8.979897,21.685,197.58999999999997,27.79,49.225,67.5,27.5,17.0,0.3037109375,2
redis,2026-06-29-12-20-57,4,wsl,small,10000,2,delete,20000,8738.498,0.22629273,0.19055,0.43240324,0.5856893,0.111379996,2.855538,47.3,188.555,28.155,83.38,67.6,61.3,17.2,3.2,2
redis,2026-06-29-12-20-57,4,wsl,small,10000,2,insert,20000,8009.6465,0.2480372,0.216176,0.44021195,0.5913692,0.093323,8.665457,39.6,251.565,12.09,74.325,67.5,4.55,15.5,0.0,2
redis,2026-06-29-12-20-57,4,wsl,small,10000,2,read,20000,10026.333,0.19930282,0.17362651,0.34624124,0.4475877,0.075465,1.333106,32.45,280.08500000000004,28.505000000000003,91.53,67.5,25.9,16.7,0.099609375,2
redis,2026-06-29-12-20-57,4,wsl,small,10000,2,update,20000,7704.272,0.25710377,0.22514549,0.4585296,0.59750193,0.124457,1.427961,52.695,232.305,27.560000000000002,41.928000000000004,67.6,30.1,17.0,0.3037109375,2
redis,2026-06-29-12-20-57,4,wsl,small,10000,4,delete,40000,14744.644,0.2689729,0.24963,0.46771234,0.6187491,0.092401,9.021952,69.34,483.585,28.46,142.65,67.6,61.9,17.2,3.2,2
redis,2026-06-29-12-20-57,4,wsl,small,10000,4,insert,40000,13643.234,0.29066923,0.2717365,0.49893233,0.63624394,0.119717,9.285325,47.47,632.9333333333333,16.956666666666667,178.76666666666665,67.5,12.1,15.8,0.06396484375,3
redis,2026-06-29-12-20-57,4,wsl,small,10000,4,read,40000,16077.057,0.2451079,0.2225665,0.430758,0.56345576,0.077029,10.434763,65.3,423.15,28.32,74.8935,67.5,25.9,16.7,0.099609375,2
redis,2026-06-29-12-20-57,4,wsl,small,10000,4,update,40000,13515.818,0.29272547,0.275143,0.4979875,0.6309362,0.107801996,8.384505,84.725,230.355,27.869999999999997,142.05,67.6,36.1,17.0,0.3037109375,2
redis,2026-06-29-12-20-57,4,wsl,small,10000,8,delete,80000,19987.266,0.39536852,0.38595802,0.57299817,0.71906435,0.098652996,11.024282,71.32333333333334,652.42,28.576666666666668,218.86666666666667,67.7,63.5,17.2,6.3,3
redis,2026-06-29-12-20-57,4,wsl,small,10000,8,insert,80000,19379.984,0.40846378,0.39581752,0.61157703,0.8016707,0.094122,15.950787,57.44,546.385,24.4,211.51749999999998,67.5,25.9,16.6,0.099609375,4
redis,2026-06-29-12-20-57,4,wsl,small,10000,8,read,80000,21859.814,0.35729668,0.3535595,0.5182321,0.62255573,0.090537,13.457313,56.919999999999995,524.9499999999999,28.409999999999997,195.79999999999998,67.5,25.9,17.0,0.099609375,3
redis,2026-06-29-12-20-57,4,wsl,small,10000,8,update,80000,18582.627,0.4269586,0.4172675,0.6298626,0.833786,0.144137,7.512149,77.19666666666667,625.0133333333333,28.14,275.8666666666666,67.6,50.1,17.0,3.2,3
redis,2026-06-29-12-20-57,4,wsl,small,100000,1,delete,100000,5166.208,0.19356559,0.157846,0.35198385,0.51667124,0.106214,9.342035,55.03,112.45272727272727,192.29090909090908,50.126363636363635,68.8,1658.88,19.3,103.0,11
redis,2026-06-29-12-20-57,4,wsl,small,100000,1,insert,100000,5007.375,0.19970544,0.163777,0.358911,0.52376586,0.131772,18.342754,37.417272727272724,69.40545454545455,26.938181818181818,43.35909090909091,67.7,91.9,17.5,9.39,11
redis,2026-06-29-12-20-57,4,wsl,small,100000,1,read,100000,5826.3374,0.17163442,0.144226,0.30328718,0.441835,0.111721,3.915853,33.126999999999995,121.83399999999999,190.56,48.546,68.2,642.0,19.0,39.7,10
redis,2026-06-29-12-20-57,4,wsl,small,100000,1,update,100000,4832.31,0.20694035,0.1662015,0.38095722,0.5597997,0.134103,24.5803,58.718333333333334,109.84083333333332,194.3083333333333,48.3825,68.3,1044.48,19.1,73.8,12
redis,2026-06-29-12-20-57,4,wsl,small,100000,2,delete,200000,8874.043,0.22209981,0.1909715,0.40203938,0.5276061,0.093027,2.726297,61.23,118.495,190.9,79.84333333333333,68.9,1658.88,19.3,107.0,12
redis,2026-06-29-12-20-57,4,wsl,small,100000,2,insert,200000,7971.817,0.24980626,0.21858051,0.43980664,0.577696,0.118825,8.656979,57.589999999999996,175.56428571428572,45.00857142857143,80.87857142857142,67.9,127.0,17.5,14.6,14
redis,2026-06-29-12-20-57,4,wsl,small,100000,2,read,200000,9797.115,0.20404437,0.176566,0.35479322,0.4637574,0.091397,1.408293,57.31363636363637,147.37545454545455,190.62727272727273,78.18181818181819,68.2,642.0,19.0,45.2,11
redis,2026-06-29-12-20-57,4,wsl,small,100000,2,update,200000,8062.3027,0.24803457,0.2179805,0.43125752,0.56969243,0.097807996,1.82752,55.892857142857146,159.89357142857145,190.74285714285716,82.86142857142856,68.4,1075.2,19.1,75.9,14
redis,2026-06-29-12-20-57,4,wsl,small,100000,4,delete,400000,14674.017,0.26912567,0.250308,0.470646,0.6128962,0.090269,12.143685,86.18466666666667,262.96733333333333,191.23999999999998,149.52666666666667,69.0,1730.56,19.3,111.0,15
redis,2026-06-29-12-20-57,4,wsl,small,100000,4,insert,400000,13218.371,0.3017151,0.281739,0.51676214,0.66221,0.085977,20.96719,96.440625,234.993125,80.200625,137.116875,68.0,320.0,17.5,18.7,16
redis,2026-06-29-12-20-57,4,wsl,small,100000,4,read,400000,15575.691,0.25609076,0.239325,0.4461763,0.5736823,0.085002,9.504002,91.30142857142857,268.22999999999996,190.9,141.63642857142858,68.2,761.0,19.0,49.3,14
redis,2026-06-29-12-20-57,4,wsl,small,100000,4,update,400000,13196.646,0.30170882,0.282326,0.5180434,0.66584903,0.117662,10.015582,93.560625,245.9575,192.38125,144.675,68.5,1269.76,19.1,80.0,16
redis,2026-06-29-12-20-57,4,wsl,small,100000,8,delete,800000,19265.629,0.4134736,0.4037035,0.598632,0.7780341,0.095001,16.454157,98.7059090909091,362.4281818181818,143.185,270.5640909090909,69.2,1802.24,19.3,119.0,22
redis,2026-06-29-12-20-57,4,wsl,small,100000,8,insert,800000,18095.69,0.43823066,0.4289805,0.636138,0.80777717,0.116487,16.534842,106.94708333333334,406.8358333333333,150.90416666666667,267.8808333333333,68.2,642.0,19.0,39.7,24
redis,2026-06-29-12-20-57,4,wsl,small,100000,8,read,800000,20386.963,0.3906396,0.384884,0.57132,0.7249173,0.094849,10.511037,93.5304761904762,401.57142857142856,190.92857142857142,266.1738095238095,68.2,761.0,19.0,57.5,21
redis,2026-06-29-12-20-57,4,wsl,small,100000,8,update,800000,18235.969,0.4354994,0.42671,0.633788,0.82121605,0.102287,25.009588,102.43291666666666,413.26624999999996,192.57500000000002,268.12375000000003,68.7,1536.0,19.3,103.0,24
redis,2026-06-29-12-20-57,4,wsl,small,1000000,1,delete,1000000,5074.9004,0.1970482,0.161061,0.36339125,0.5279572,0.12056,82.57167,81.9342,62.711000000000006,1851.9961600000001,68.3453,80.4,40755.2,26.0,1095.68,100
redis,2026-06-29-12-20-57,4,wsl,small,1000000,1,insert,1000000,4931.785,0.20276634,0.166184,0.367154,0.53860104,0.128197,21.420137,45.52742857142857,69.62561904761904,129.23142857142855,50.24761904761905,70.0,2508.8,21.0,154.0,105
redis,2026-06-29-12-20-57,4,wsl,small,1000000,1,read,1000000,5648.68,0.1770325,0.147503,0.31375116,0.45478213,0.100811005,81.42607,55.01733333333334,70.50200000000001,1799.111111111111,55.08766666666667,74.3,16076.8,24.0,461.0,90
redis,2026-06-29-12-20-57,4,wsl,small,1000000,1,update,1000000,4750.797,0.210491,0.172291,0.38771805,0.5623201,0.129346,80.55226,84.42611111111111,63.035740740740735,1842.4509629629629,62.50453703703703,75.2,19968.0,24.3,768.0,108
redis,2026-06-29-12-20-57,4,wsl,small,1000000,2,delete,2000000,8734.066,0.22528265,0.196482,0.40095705,0.532882,0.083947,79.532074,87.15137931034482,116.55620689655173,1780.0651034482757,101.91724137931034,81.3,42803.2,26.0,1136.64,116
redis,2026-06-29-12-20-57,4,wsl,small,1000000,2,insert,2000000,8105.835,0.24602199,0.21554,0.42992106,0.5654051,0.100871004,33.590458,74.8515748031496,120.43228346456692,352.48818897637796,83.44086614173229,71.1,4085.76,21.0,195.0,127
redis,2026-06-29-12-20-57,4,wsl,small,1000000,2,read,2000000,9823.907,0.2033016,0.1772125,0.354504,0.4638321,0.083807,4.464247,62.50233009708737,124.19349514563108,1797.9551067961163,89.36067961165048,74.3,16076.8,24.0,502.0,103
redis,2026-06-29-12-20-57,4,wsl,small,1000000,2,update,2000000,7850.8267,0.2537785,0.222145,0.444511,0.5871042,0.106499,84.22708,105.75320610687022,119.29015267175572,1838.2128854961832,96.65656488549618,76.3,24576.0,24.3,808.0,131
redis,2026-06-29-12-20-57,4,wsl,small,1000000,4,delete,4000000,14124.655,0.27983633,0.260569,0.48561606,0.63083404,0.084398,78.69573,118.5142361111111,223.3775,1733.9164444444443,170.28159722222222,82.5,45977.6,26.0,1218.56,144
redis,2026-06-29-12-20-57,4,wsl,small,1000000,4,insert,4000000,13192.419,0.30203888,0.282368,0.51753104,0.666513,0.097081,55.858055,111.71865384615386,226.4746153846154,701.625641025641,151.91141025641025,72.3,7659.52,22.0,271.0,156
redis,2026-06-29-12-20-57,4,wsl,small,1000000,4,read,4000000,15865.268,0.24935421,0.233483,0.434661,0.557607,0.08077,4.816336,84.801640625,231.6703125,1798.064,156.60296875,74.3,16076.8,24.0,585.0,128
redis,2026-06-29-12-20-57,4,wsl,small,1000000,4,update,4000000,12811.346,0.31075042,0.29166,0.53000605,0.680338,0.107477,80.98272,122.84863354037267,231.99658385093167,1841.5654161490684,164.2503105590062,77.6,29593.6,24.6,887.0,161
redis,2026-06-29-12-20-57,4,wsl,small,1000000,8,delete,8000000,18759.418,0.4252902,0.416072,0.618762,0.792642,0.093596995,71.35819,112.35712962962963,355.82921296296297,940.9357037037037,306.0556018518518,84.3,47820.8,26.0,1382.4,216
redis,2026-06-29-12-20-57,4,wsl,small,1000000,8,insert,8000000,17523.002,0.45302093,0.442551,0.665182,0.851483,0.121012,89.723404,140.0381623931624,375.61380341880346,1412.0216581196582,285.20435897435897,74.3,14848.0,24.0,432.0,234
redis,2026-06-29-12-20-57,4,wsl,small,1000000,8,read,8000000,20865.865,0.38075924,0.37746,0.550907,0.680887,0.091922,7.0121,99.1501030927835,378.719793814433,1798.1176082474226,291.8057216494845,74.3,16076.8,24.3,742.0,194
redis,2026-06-29-12-20-57,4,wsl,small,1000000,8,update,8000000,17467.66,0.4553273,0.44528002,0.673117,0.858732,0.115693,87.812,146.91897435897437,388.37175213675215,1847.6723418803417,298.6629487179487,79.5,37580.8,25.2,1075.2,234
