system,run_id,max_cpus,host_system,payload_size,iterations,workers,category,total_ops,throughput_ops_sec,latency_mean_ms,latency_p50_ms,latency_p95_ms,latency_p99_ms,latency_min_ms,latency_max_ms,cpu_db_mean_perc,cpu_client_mean_perc,mem_db_mean_mib,mem_client_mean_mib,io_db_read_mib,io_db_write_mib,io_client_read_mib,io_client_write_mib,resource_samples
berkeleydb,2026-07-11-10-40-42,1,ubuntu,medium,0,1,mix_10W_90R,10000,123394.16,0.008104111,0.005727,0.020604,0.024654,0.003702,8.530737,0.0,96.525,0.0,831.35,0.0,0.0,0.0,0.0,2
berkeleydb,2026-07-11-10-40-42,1,ubuntu,medium,0,1,mix_50W_50R,20000,95432.2,0.010478643,0.01348,0.017251,0.025283,0.002793,9.763871,0.0,96.525,0.0,831.35,0.0,0.0,0.0,0.0,2
berkeleydb,2026-07-11-10-40-42,1,ubuntu,medium,0,1,mix_90W_10R,10000,34130.832,0.02929902,0.02647,0.038064,0.0493797,0.00426,8.554414,0.0,96.525,0.0,831.35,0.0,0.0,0.0,0.0,2
berkeleydb,2026-07-11-10-40-42,1,ubuntu,medium,0,2,mix_10W_90R,20000,140972.31,0.013561105,0.006286,0.049658,0.063417,0.003702,29.436605,0.0,100.77666666666666,0.0,840.5333333333333,0.0,0.0,0.0,1024.0,3
berkeleydb,2026-07-11-10-40-42,1,ubuntu,medium,0,2,mix_50W_50R,40000,40521.297,0.049227253,0.038902,0.060554,0.1081867,0.0028640002,45.37229,0.0,100.77666666666666,0.0,840.5333333333333,0.0,0.0,0.0,1024.0,3
berkeleydb,2026-07-11-10-40-42,1,ubuntu,medium,0,2,mix_90W_10R,20000,22556.996,0.08771071,0.056293,0.084928,0.12522909,0.0056569995,32.97914,0.0,100.77666666666666,0.0,840.5333333333333,0.0,0.0,0.0,1024.0,3
berkeleydb,2026-07-11-10-40-42,1,ubuntu,medium,0,4,mix_10W_90R,40000,76336.57,0.036319993,0.007683,0.08590505,0.1297709,0.003841,54.67541,0.0,101.03571428571429,0.0,923.6857142857143,0.0,0.0,0.0,1024.0,7
berkeleydb,2026-07-11-10-40-42,1,ubuntu,medium,0,4,mix_50W_50R,80000,31781.854,0.12309871,0.078642,0.16378,0.2635878,0.0032819998,76.99726,0.0,101.03571428571429,0.0,923.6857142857143,0.0,0.0,0.0,1024.0,7
berkeleydb,2026-07-11-10-40-42,1,ubuntu,medium,0,4,mix_90W_10R,40000,17255.463,0.2306652,0.144434,0.2190285,0.35284367,0.005587,45.53097,0.0,101.03571428571429,0.0,923.6857142857143,0.0,0.0,0.0,1024.0,7
berkeleydb,2026-07-11-10-40-42,1,ubuntu,medium,0,8,mix_10W_90R,80000,65195.266,0.10021691,0.019136,0.253108,0.3884634,0.00426,84.84354,0.0,96.288,0.0,1067.3574,0.0,0.0,0.0,3072.0,20
berkeleydb,2026-07-11-10-40-42,1,ubuntu,medium,0,8,mix_50W_50R,160000,21939.867,0.35653317,0.203241,0.457746,0.7859347,0.0037709996,88.19792,0.0,96.288,0.0,1067.3574,0.0,0.0,0.0,3072.0,20
berkeleydb,2026-07-11-10-40-42,1,ubuntu,medium,0,8,mix_90W_10R,80000,11734.512,0.6723121,0.45593,0.725598,1.5510188,0.006146,57.558983,0.0,96.288,0.0,1067.3574,0.0,0.0,0.0,3072.0,20
berkeleydb,2026-07-11-10-40-42,1,ubuntu,medium,10000,1,delete,10000,31322.258,0.031926177,0.026191,0.03897645,0.058809802,0.018298,8.882748,0.0,86.52,0.0,707.3,0.0,0.0,0.0,0.0,1
berkeleydb,2026-07-11-10-40-42,1,ubuntu,medium,10000,1,insert,10000,29555.414,0.033834748,0.027658,0.043791,0.059157,0.017042,10.075454,0.0,95.73,0.0,704.4,0.0,0.0,0.0,0.0,1
berkeleydb,2026-07-11-10-40-42,1,ubuntu,medium,10000,1,read,10000,70818.32,0.014120639,0.012782,0.02228,0.0350617,0.007124,0.415076,0.0,91.51,0.0,726.6,0.0,0.0,0.0,0.0,1
berkeleydb,2026-07-11-10-40-42,1,ubuntu,medium,10000,1,update,10000,22703.203,0.044046648,0.03555,0.05029045,0.06292969,0.023887001,9.532705,0.0,102.02,0.0,702.9,0.0,0.0,0.0,0.0,1
berkeleydb,2026-07-11-10-40-42,1,ubuntu,medium,10000,2,delete,20000,19563.7,0.09829454,0.05762,0.094776,0.13619651,0.020045,49.79777,0.0,98.945,0.0,759.25,0.0,0.0,0.0,1024.0,2
berkeleydb,2026-07-11-10-40-42,1,ubuntu,medium,10000,2,insert,20000,19287.156,0.10354822,0.06209,0.097221,0.147578,0.018648,40.7479,0.0,102.82,0.0,739.65,0.0,0.0,0.0,0.0,2
berkeleydb,2026-07-11-10-40-42,1,ubuntu,medium,10000,2,read,20000,43121.258,0.04286088,0.024235,0.0535,0.07668869,0.007124,45.51355,0.0,96.625,0.0,765.55,0.0,0.0,0.0,0.0,2
berkeleydb,2026-07-11-10-40-42,1,ubuntu,medium,10000,2,update,20000,15310.685,0.13025548,0.072077,0.105672054,0.17377038,0.023398,47.901684,0.0,102.01499999999999,0.0,758.7,0.0,0.0,0.0,0.0,2
berkeleydb,2026-07-11-10-40-42,1,ubuntu,medium,10000,4,delete,40000,15669.508,0.24732627,0.133889,0.206525,0.3525688,0.022349,76.8239,0.0,102.91,0.0,792.55,0.0,0.0,0.0,1024.0,4
berkeleydb,2026-07-11-10-40-42,1,ubuntu,medium,10000,4,insert,40000,15484.77,0.25683138,0.154981,0.24486804,0.3956635,0.028355999,72.784355,0.0,101.075,0.0,793.85,0.0,0.0,0.0,0.0,4
berkeleydb,2026-07-11-10-40-42,1,ubuntu,medium,10000,4,read,40000,34492.4,0.10982269,0.037226,0.112587,0.17251408,0.0067749997,76.551315,0.0,100.70500000000001,0.0,735.65,0.0,0.0,0.0,0.0,2
berkeleydb,2026-07-11-10-40-42,1,ubuntu,medium,10000,4,update,40000,12650.468,0.31314194,0.16909,0.292362,0.5026608,0.027658,73.02446,0.0,101.24600000000001,0.0,811.8599999999999,0.0,0.0,0.0,1024.0,5
berkeleydb,2026-07-11-10-40-42,1,ubuntu,medium,10000,8,delete,80000,10738.051,0.7389301,0.39904648,0.631098,11.082817,0.033874,88.72158,0.0,100.1509090909091,0.0,936.0138181818182,0.0,0.0,0.0,2048.0,11
berkeleydb,2026-07-11-10-40-42,1,ubuntu,medium,10000,8,insert,80000,9385.354,0.83088964,0.554621,0.89161205,11.697205,0.036038,89.36883,0.0,101.272,0.0,932.8100000000001,0.0,0.0,0.0,2048.0,10
berkeleydb,2026-07-11-10-40-42,1,ubuntu,medium,10000,8,read,80000,11922.437,0.65375304,0.173559,0.44064146,0.7286056,0.0053080004,89.27919,0.0,102.09571428571428,0.0,882.3571428571429,0.0,0.0,0.0,0.0,7
berkeleydb,2026-07-11-10-40-42,1,ubuntu,medium,10000,8,update,80000,8042.1045,0.98114246,0.55071,0.7902035,16.40851,0.059785,87.9618,0.0,102.9076923076923,0.0,983.7701538461539,0.0,0.0,0.0,3072.0,13
berkeleydb,2026-07-11-10-40-42,1,ubuntu,medium,100000,1,delete,100000,27787.992,0.035986766,0.029474,0.047144,0.059576,0.015715001,41.54408,0.0,91.72,0.0,744.725,0.0,0.0,0.0,3072.0,4
berkeleydb,2026-07-11-10-40-42,1,ubuntu,medium,100000,1,insert,100000,29120.5,0.03434007,0.028635,0.041975,0.05364069,0.015436,43.086777,0.0,91.45,0.0,734.725,0.0,0.0,0.0,1024.0,4
berkeleydb,2026-07-11-10-40-42,1,ubuntu,medium,100000,1,read,100000,53194.96,0.018798774,0.012432,0.04889,0.074801,0.005588,13.83115,0.0,95.475,0.0,728.2,0.0,0.0,0.0,0.0,2
berkeleydb,2026-07-11-10-40-42,1,ubuntu,medium,100000,1,update,100000,20791.592,0.048096366,0.036667,0.062929,0.08548869,0.022838,30.657011,0.0,88.1475,0.0,733.475,0.0,0.0,0.0,2048.0,4
berkeleydb,2026-07-11-10-40-42,1,ubuntu,medium,100000,2,delete,200000,17785.14,0.11153127,0.060065,0.106021,0.152536,0.016832,50.620785,0.0,100.66625,0.0,775.6,0.0,0.0,0.0,3072.0,8
berkeleydb,2026-07-11-10-40-42,1,ubuntu,medium,100000,2,insert,200000,9068.764,0.22013733,0.077874,0.151349,0.21721168,0.016693,844.2113,0.0,62.28071428571428,0.0,777.6071428571429,0.0,0.0,0.0,5120.0,14
berkeleydb,2026-07-11-10-40-42,1,ubuntu,medium,100000,2,read,200000,41519.465,0.047455776,0.0176,0.07068,0.126345,0.00901,52.77314,0.0,101.2125,0.0,756.725,0.0,0.0,0.0,0.0,4
berkeleydb,2026-07-11-10-40-42,1,ubuntu,medium,100000,2,update,200000,15891.917,0.12584879,0.064744,0.104834,0.169089,0.023397,44.895313,0.0,95.79299999999999,0.0,791.99,0.0,0.0,0.0,4096.0,10
berkeleydb,2026-07-11-10-40-42,1,ubuntu,medium,100000,4,delete,400000,11170.805,0.35708877,0.197025,0.31296405,0.49469468,0.020953,76.80338,0.0,101.32818181818183,0.0,888.7454545454547,0.0,0.0,0.0,8192.0,22
berkeleydb,2026-07-11-10-40-42,1,ubuntu,medium,100000,4,insert,400000,10574.635,0.378218,0.231318,0.352006,0.512854,0.027937,393.68787,0.0,87.36280000000001,0.0,875.092,0.0,0.0,0.0,9216.0,25
berkeleydb,2026-07-11-10-40-42,1,ubuntu,medium,100000,4,read,400000,28419.635,0.13754848,0.028704999,0.144504,0.267497,0.0095689995,76.873344,0.0,101.36111111111111,0.0,842.9333333333333,0.0,0.0,0.0,0.0,9
berkeleydb,2026-07-11-10-40-42,1,ubuntu,medium,100000,4,update,400000,8614.923,0.4629706,0.255205,0.41975746,0.7577917,0.030033,83.93307,0.0,101.57285714285715,0.0,917.3357142857143,0.0,0.0,0.0,18432.0,28
berkeleydb,2026-07-11-10-40-42,1,ubuntu,medium,100000,8,delete,800000,6140.697,1.2838225,0.647368,1.192696,30.64985,0.034782,454.75403,0.0,82.9643661971831,0.0,1100.5568450704225,0.0,0.0,1323.2,18432.0,71
berkeleydb,2026-07-11-10-40-42,1,ubuntu,medium,100000,8,insert,800000,6682.1846,1.1948142,0.778463,1.059229,13.526088,0.031429,540.94073,0.0,89.11188405797103,0.0,1091.1834202898551,0.0,0.0,0.0,35840.0,69
berkeleydb,2026-07-11-10-40-42,1,ubuntu,medium,100000,8,read,800000,11482.244,0.6856834,0.171673,0.542186,0.9153537,0.009986999,89.09125,0.0,102.48394736842106,0.0,1080.8267368421052,0.0,0.0,0.0,6144.0,38
berkeleydb,2026-07-11-10-40-42,1,ubuntu,medium,100000,8,update,800000,6387.8037,1.2468889,0.725103,1.197237,28.457539,0.038972,127.27138,0.0,100.88828571428571,0.0,1178.0211428571429,0.0,0.0,493.7,21504.0,70
berkeleydb,2026-07-11-10-40-42,1,ubuntu,small,0,1,mix_10W_90R,10000,191174.69,0.005230818,0.003352,0.0071940003,0.0118030105,0.002374,10.927263,0.0,101.39,0.0,717.2,0.0,0.0,0.0,0.0,1
berkeleydb,2026-07-11-10-40-42,1,ubuntu,small,0,1,mix_50W_50R,20000,204601.06,0.0048875604,0.0060759997,0.007543,0.010966,0.001467,0.0755,0.0,101.39,0.0,717.2,0.0,0.0,0.0,0.0,1
berkeleydb,2026-07-11-10-40-42,1,ubuntu,small,0,1,mix_90W_10R,10000,114008.234,0.008771297,0.006705,0.033385,0.044699702,0.0028630001,0.261492,0.0,101.39,0.0,717.2,0.0,0.0,0.0,0.0,1
berkeleydb,2026-07-11-10-40-42,1,ubuntu,small,0,2,mix_10W_90R,20000,194701.27,0.008028851,0.00419,0.018229,0.032896,0.0018849996,42.760025,0.0,100.12,0.0,731.4,0.0,0.0,0.0,0.0,2
berkeleydb,2026-07-11-10-40-42,1,ubuntu,small,0,2,mix_50W_50R,40000,71348.65,0.02549141,0.020045,0.028635,0.04120939,0.001885,46.53706,0.0,100.12,0.0,731.4,0.0,0.0,0.0,0.0,2
berkeleydb,2026-07-11-10-40-42,1,ubuntu,small,0,2,mix_90W_10R,20000,66326.1,0.03005838,0.015086,0.045119,0.0728474,0.0028629997,42.961662,0.0,100.12,0.0,731.4,0.0,0.0,0.0,0.0,2
berkeleydb,2026-07-11-10-40-42,1,ubuntu,small,0,4,mix_10W_90R,40000,121087.836,0.020916777,0.00433,0.02849945,0.06683901,0.0018849996,68.584755,0.0,102.4325,0.0,771.125,0.0,0.0,0.10000000000000142,0.0,4
berkeleydb,2026-07-11-10-40-42,1,ubuntu,small,0,4,mix_50W_50R,80000,50346.223,0.07649745,0.050078,0.090097055,0.132143,0.002374,76.977844,0.0,102.4325,0.0,771.125,0.0,0.0,0.10000000000000142,0.0,4
berkeleydb,2026-07-11-10-40-42,1,ubuntu,small,0,4,mix_90W_10R,40000,36149.3,0.09673905,0.026331,0.094078,0.1556107,0.0027939996,64.28195,0.0,102.4325,0.0,771.125,0.0,0.0,0.10000000000000142,0.0,4
berkeleydb,2026-07-11-10-40-42,1,ubuntu,small,0,8,mix_10W_90R,80000,109550.13,0.056241345,0.005657,0.053011,0.1206187,0.001885,83.02697,0.0,94.238,0.0,817.3100000000001,0.0,0.0,0.0,0.0,10
berkeleydb,2026-07-11-10-40-42,1,ubuntu,small,0,8,mix_50W_50R,160000,34502.703,0.20283993,0.125647,0.2376785,0.336433,0.001886,89.00428,0.0,94.238,0.0,817.3100000000001,0.0,0.0,0.0,0.0,10
berkeleydb,2026-07-11-10-40-42,1,ubuntu,small,0,8,mix_90W_10R,80000,29064.242,0.21319458,0.038134,0.154003,0.29334068,0.002794,82.36159,0.0,94.238,0.0,817.3100000000001,0.0,0.0,0.0,0.0,10
berkeleydb,2026-07-11-10-40-42,1,ubuntu,small,10000,1,delete,10000,104711.42,0.009550056,0.007543,0.01327,0.01934769,0.006076,6.523575,0.0,97.33,0.0,101.0,0.0,0.0,0.0,0.0,1
berkeleydb,2026-07-11-10-40-42,1,ubuntu,small,10000,1,insert,10000,117308.72,0.008524516,0.006705,0.02235,0.026611,0.005587,0.093032,0.0,94.23,0.0,69.35,0.0,0.0,0.0,0.0,1
berkeleydb,2026-07-11-10-40-42,1,ubuntu,small,10000,1,read,10000,261576.36,0.0038229756,0.003353,0.006286,0.011105,0.002305,0.043233,0.0,88.68,0.0,76.67,0.0,0.0,0.0,0.0,1
berkeleydb,2026-07-11-10-40-42,1,ubuntu,small,10000,1,update,10000,133617.81,0.007484032,0.006705,0.011594,0.01906869,0.004889,0.106791,0.0,97.79,0.0,77.49,0.0,0.0,0.0,0.0,1
berkeleydb,2026-07-11-10-40-42,1,ubuntu,small,10000,2,delete,20000,52495.754,0.03589433,0.019556,0.039112,0.05413038,0.006147,45.20187,0.0,101.15,0.0,97.66,0.0,0.0,0.0,0.0,1
berkeleydb,2026-07-11-10-40-42,1,ubuntu,small,10000,2,insert,20000,59170.594,0.032963518,0.01774,0.045956,0.073826805,0.005727,50.659805,0.0,98.58500000000001,0.0,100.85,0.0,0.0,0.0,9.500000000000004,2
berkeleydb,2026-07-11-10-40-42,1,ubuntu,small,10000,2,read,20000,207442.92,0.007157291,0.003771,0.008591,0.015295,0.001816,50.757538,0.0,99.84,0.0,100.7,0.0,0.0,0.0,0.0,1
berkeleydb,2026-07-11-10-40-42,1,ubuntu,small,10000,2,update,20000,86759.57,0.020655673,0.010128,0.029823,0.03995,0.005238,45.430676,0.0,100.41,0.0,92.12,0.0,0.0,0.0,0.0,1
berkeleydb,2026-07-11-10-40-42,1,ubuntu,small,10000,4,delete,40000,40899.992,0.09226532,0.027937,0.073545,0.10630201,0.005657,77.21163,0.0,69.74666666666667,0.0,135.1966666666667,0.0,0.0,0.0,29.0,3
berkeleydb,2026-07-11-10-40-42,1,ubuntu,small,10000,4,insert,40000,41549.56,0.09124543,0.025562,0.083043,0.1368227,0.005168,75.45675,0.0,81.27666666666666,0.0,120.5,0.0,0.0,0.0,38.0,3
berkeleydb,2026-07-11-10-40-42,1,ubuntu,small,10000,4,read,40000,110218.52,0.024883695,0.00475,0.01641645,0.0349917,0.001815,76.792564,0.0,97.245,0.0,141.8,0.0,0.0,0.0,0.0,2
berkeleydb,2026-07-11-10-40-42,1,ubuntu,small,10000,4,update,40000,50710.46,0.075713255,0.020394,0.056293,0.081088394,0.005099,75.604614,0.0,72.86,0.0,123.68666666666667,0.0,0.0,0.0,18.0,3
berkeleydb,2026-07-11-10-40-42,1,ubuntu,small,10000,8,delete,80000,26628.424,0.28371075,0.060343,0.161755,0.25855768,0.006146,97.38772,0.0,94.18199999999999,0.0,177.42000000000002,0.0,0.0,0.0,97.0,5
berkeleydb,2026-07-11-10-40-42,1,ubuntu,small,10000,8,insert,80000,28941.75,0.24238765,0.044002,0.1702805,0.3429359,0.005168,87.904015,0.0,87.42750000000001,0.0,181.14000000000001,0.0,0.0,0.0,76.0,4
berkeleydb,2026-07-11-10-40-42,1,ubuntu,small,10000,8,read,80000,80967.89,0.08232228,0.008101,0.03122,0.0579,0.001885,88.840256,0.0,100.445,0.0,193.575,0.0,0.0,0.0,57.0,4
berkeleydb,2026-07-11-10-40-42,1,ubuntu,small,10000,8,update,80000,34991.164,0.21836682,0.039181,0.108257,0.16853,0.005099,88.55264,0.0,86.6625,0.0,198.475,0.0,0.0,0.0,36.0,4
berkeleydb,2026-07-11-10-40-42,1,ubuntu,small,100000,1,delete,100000,112547.48,0.00888514,0.007333,0.012432,0.01767,0.005657,11.721621,0.0,99.715,0.0,118.4,0.0,0.0,0.0,64.0,2
berkeleydb,2026-07-11-10-40-42,1,ubuntu,small,100000,1,insert,100000,105234.44,0.0095025925,0.006774,0.02242,0.031709,0.005168,15.90841,0.0,99.55,0.0,99.875,0.0,0.0,0.0,57.0,2
berkeleydb,2026-07-11-10-40-42,1,ubuntu,small,100000,1,read,100000,252827.56,0.003955265,0.003422,0.006216,0.011664,0.001816,0.406134,0.0,102.86,0.0,98.25,0.0,0.0,0.0,0.0,1
berkeleydb,2026-07-11-10-40-42,1,ubuntu,small,100000,1,update,100000,133266.67,0.007503751,0.006705,0.011314,0.017042,0.004679,8.91809,0.0,95.18,0.0,107.30000000000001,0.0,0.0,0.0,62.0,2
berkeleydb,2026-07-11-10-40-42,1,ubuntu,small,100000,2,delete,200000,58736.28,0.032939196,0.019067,0.038273,0.053499,0.005797,49.55283,0.0,101.2,0.0,161.53333333333333,0.0,0.0,0.0,151.92000000000007,3
berkeleydb,2026-07-11-10-40-42,1,ubuntu,small,100000,2,insert,200000,59261.51,0.03326692,0.016203,0.04428,0.070681,0.00426,45.09037,0.0,101.75,0.0,140.53333333333333,0.0,0.0,0.0,171.0,3
berkeleydb,2026-07-11-10-40-42,1,ubuntu,small,100000,2,read,200000,158187.17,0.010729756,0.003842,0.009498,0.023327,0.001885,51.74803,0.0,99.705,0.0,160.4,0.0,0.0,0.0,0.0,2
berkeleydb,2026-07-11-10-40-42,1,ubuntu,small,100000,2,update,200000,74492.41,0.026558254,0.010965,0.030102,0.04092701,0.005098,46.138054,0.0,100.95666666666666,0.0,157.96666666666667,0.0,0.0,0.0,166.0,3
berkeleydb,2026-07-11-10-40-42,1,ubuntu,small,100000,4,delete,400000,40563.016,0.095757365,0.030311,0.077384,0.111607,0.006495,75.415276,0.0,100.88285714285715,0.0,268.45714285714286,0.0,0.0,0.0,286.7199999999998,7
berkeleydb,2026-07-11-10-40-42,1,ubuntu,small,100000,4,insert,400000,42013.332,0.09082248,0.026261,0.082483,0.13528469,0.000908,76.210175,0.0,101.21142857142857,0.0,224.07142857142858,0.0,0.0,0.0,399.3599999999999,7
berkeleydb,2026-07-11-10-40-42,1,ubuntu,small,100000,4,read,400000,131933.27,0.027573027,0.005727,0.019486,0.04525869,0.001816,77.76469,0.0,98.48333333333333,0.0,239.66666666666666,0.0,0.0,0.0,0.0,3
berkeleydb,2026-07-11-10-40-42,1,ubuntu,small,100000,4,update,400000,51517.38,0.0766788,0.02186,0.058317,0.083531,0.005099,76.78479,0.0,102.08833333333332,0.0,261.65000000000003,0.0,0.0,0.0,337.9200000000001,6
berkeleydb,2026-07-11-10-40-42,1,ubuntu,small,100000,8,delete,800000,24701.295,0.31524342,0.063693,0.163143,0.26168668,0.006286,89.5852,0.0,101.82761904761905,0.0,476.9190476190476,0.0,0.0,0.0,942.0799999999999,21
berkeleydb,2026-07-11-10-40-42,1,ubuntu,small,100000,8,insert,800000,26915.846,0.28935972,0.055803,0.201773,0.39292926,0.001816,88.734085,0.0,101.954,0.0,394.83000000000004,0.0,0.0,0.0,983.04,20
berkeleydb,2026-07-11-10-40-42,1,ubuntu,small,100000,8,read,800000,63955.676,0.11439711,0.012431,0.055798,0.107266,0.001885,89.59795,0.0,100.89099999999999,0.0,462.36,0.0,0.0,0.0,358.4000000000001,10
berkeleydb,2026-07-11-10-40-42,1,ubuntu,small,100000,8,update,800000,31089.035,0.25032622,0.045812,0.1197,0.184092,0.005168,89.78362,0.0,102.085,0.0,475.47222222222223,0.0,0.0,0.0,665.5999999999999,18
berkeleydb,2026-07-11-10-40-42,1,ubuntu,small,1000000,1,delete,1000000,105316.24,0.009495211,0.007682,0.014876,0.020114,0.005866,12.432975,0.0,96.81428571428572,0.0,407.0571428571429,0.0,0.0,0.0,706.5600000000004,7
berkeleydb,2026-07-11-10-40-42,1,ubuntu,small,1000000,1,insert,1000000,106673.016,0.0093744425,0.007054,0.022488,0.030101,0.005169,22.056673,0.0,96.815,0.0,360.075,0.0,0.0,0.0,1228.8000000000002,8
berkeleydb,2026-07-11-10-40-42,1,ubuntu,small,1000000,1,read,1000000,242800.56,0.0041186064,0.0037719999,0.006565,0.00866,0.0018849999,0.636587,0.0,99.84200000000001,0.0,400.6,0.0,0.0,0.0,10.239999999999782,5
berkeleydb,2026-07-11-10-40-42,1,ubuntu,small,1000000,1,update,1000000,129635.92,0.007713911,0.007054,0.011384,0.016552,0.005168,24.069778,0.0,98.82142857142857,0.0,402.90000000000003,0.0,0.0,0.0,440.3200000000006,7
berkeleydb,2026-07-11-10-40-42,1,ubuntu,small,1000000,2,delete,2000000,52941.508,0.036917396,0.019698,0.04617,0.069499,0.005797,49.068768,0.0,100.98956521739132,0.0,659.4782608695652,0.0,0.0,0.0,4096.0,23
berkeleydb,2026-07-11-10-40-42,1,ubuntu,small,1000000,2,insert,2000000,58901.09,0.033843774,0.016971,0.045675,0.072006,0.005308,52.664333,0.0,100.39260869565219,0.0,528.3304347826087,0.0,0.0,0.0,2324.4799999999996,23
berkeleydb,2026-07-11-10-40-42,1,ubuntu,small,1000000,2,read,2000000,145170.47,0.013532884,0.003911,0.021999,0.037155,0.001885,214.15666,0.0,99.10454545454546,0.0,645.3363636363637,0.0,0.0,0.0,1638.3999999999996,11
berkeleydb,2026-07-11-10-40-42,1,ubuntu,small,1000000,2,update,2000000,71994.65,0.027280768,0.010825,0.03052,0.042882,0.004819,439.111,0.0,100.02473684210527,0.0,650.8052631578947,0.0,0.0,0.0,1638.3999999999996,19
berkeleydb,2026-07-11-10-40-42,1,ubuntu,small,1000000,4,delete,4000000,37407.453,0.10619586,0.031848,0.08835,0.133608,0.0061459998,76.61969,0.0,101.72803278688524,0.0,738.8803278688524,0.0,0.0,0.0,6451.199999999997,61
berkeleydb,2026-07-11-10-40-42,1,ubuntu,small,1000000,4,insert,4000000,39538.758,0.09949249,0.028218,0.095409,0.169934,0.003353,76.19859,0.0,101.4703448275862,0.0,731.803448275862,0.0,0.0,0.0,6144.0,58
berkeleydb,2026-07-11-10-40-42,1,ubuntu,small,1000000,4,read,4000000,77987.85,0.050767917,0.006775,0.06293,0.115941,0.00090800005,87.52279,0.0,101.13612903225805,0.0,712.1387096774193,0.0,0.0,0.0,8089.600000000002,31
berkeleydb,2026-07-11-10-40-42,1,ubuntu,small,1000000,4,update,4000000,45256.6,0.08773915,0.024235,0.069983,0.105532,0.003282,82.89012,0.0,101.43735849056604,0.0,722.3490566037735,0.0,0.0,0.0,6553.5999999999985,53
berkeleydb,2026-07-11-10-40-42,1,ubuntu,small,1000000,8,delete,8000000,20859.984,0.3810972,0.071449,0.219583,0.381128,0.005308,91.2951,0.0,102.15351485148514,0.0,898.0965346534654,0.0,0.0,0.0,23347.199999999997,202
berkeleydb,2026-07-11-10-40-42,1,ubuntu,small,1000000,8,insert,8000000,25073.842,0.3162077,0.054337,0.27909,0.577947,0.0051680002,415.65378,0.0,100.35576470588235,0.0,887.0364705882354,0.0,0.0,0.0,18636.800000000003,170
berkeleydb,2026-07-11-10-40-42,1,ubuntu,small,1000000,8,read,8000000,41461.875,0.19194955,0.023397,0.149532,0.307795,0.0009780001,329.80508,0.0,100.94849056603773,0.0,845.8141509433963,0.0,0.0,0.0,13414.399999999994,106
berkeleydb,2026-07-11-10-40-42,1,ubuntu,small,1000000,8,update,8000000,24796.438,0.3201284,0.053988,0.182148,0.349559,0.00433,928.95483,0.0,100.09714285714286,0.0,866.8022857142856,0.0,0.0,0.0,20582.40000000001,175
berkeleydb,2026-07-11-11-32-40,2,ubuntu,medium,0,1,mix_10W_90R,10000,143469.69,0.006970114,0.0053080004,0.020114,0.024235701,0.0032830003,0.050845,0.0,143.87,0.0,785.7,0.0,0.0,10.239999999999782,0.0,2
berkeleydb,2026-07-11-11-32-40,2,ubuntu,medium,0,1,mix_50W_50R,20000,93969.41,0.010641762,0.01334,0.01781,0.02584339,0.0027939996,3.389448,0.0,143.87,0.0,785.7,0.0,0.0,10.239999999999782,0.0,2
berkeleydb,2026-07-11-11-32-40,2,ubuntu,medium,0,1,mix_90W_10R,10000,33023.805,0.03028119,0.026191,0.038064,0.050146013,0.00433,19.531828,0.0,143.87,0.0,785.7,0.0,0.0,10.239999999999782,0.0,2
berkeleydb,2026-07-11-11-32-40,2,ubuntu,medium,0,2,mix_10W_90R,20000,171419.86,0.0114937425,0.0066349995,0.04924245,0.0618807,0.0037710005,0.301999,0.0,152.58666666666667,0.0,828.3666666666667,0.0,0.0,0.0,0.0,3
berkeleydb,2026-07-11-11-32-40,2,ubuntu,medium,0,2,mix_50W_50R,40000,50595.438,0.03892398,0.039042,0.056782,0.1044847,0.0029330004,9.16492,0.0,152.58666666666667,0.0,828.3666666666667,0.0,0.0,0.0,0.0,3
berkeleydb,2026-07-11-11-32-40,2,ubuntu,medium,0,2,mix_90W_10R,20000,31877.307,0.06270668,0.056642,0.080248,0.1014138,0.0052380003,25.35961,0.0,152.58666666666667,0.0,828.3666666666667,0.0,0.0,0.0,0.0,3
berkeleydb,2026-07-11-11-32-40,2,ubuntu,medium,0,4,mix_10W_90R,40000,179423.45,0.019180167,0.007124,0.081576,0.1208977,0.003352,27.036663,0.0,167.924,0.0,870.14,0.0,0.0,0.0,1024.0,5
berkeleydb,2026-07-11-11-32-40,2,ubuntu,medium,0,4,mix_50W_50R,80000,40360.49,0.09694351,0.083252,0.1617585,0.261699,0.0033529995,22.689676,0.0,167.924,0.0,870.14,0.0,0.0,0.0,1024.0,5
berkeleydb,2026-07-11-11-32-40,2,ubuntu,medium,0,4,mix_90W_10R,40000,27856.219,0.14186974,0.1332945,0.18885304,0.2771347,0.005727,20.105232,0.0,167.924,0.0,870.14,0.0,0.0,0.0,1024.0,5
berkeleydb,2026-07-11-11-32-40,2,ubuntu,medium,0,8,mix_10W_90R,80000,113320.266,0.063400425,0.020743,0.2478,0.35871,0.003702,41.01756,0.0,157.11545454545455,0.0,1001.7178181818181,0.0,0.0,61.4399999999996,3072.0,11
berkeleydb,2026-07-11-11-32-40,2,ubuntu,medium,0,8,mix_50W_50R,160000,32057.27,0.24065745,0.189621,0.479538,0.706315,0.0032819998,77.00068,0.0,157.11545454545455,0.0,1001.7178181818181,0.0,0.0,61.4399999999996,3072.0,11
berkeleydb,2026-07-11-11-32-40,2,ubuntu,medium,0,8,mix_90W_10R,80000,15900.454,0.47778818,0.426038,0.954403,1.4574708,0.005727,14.023151,0.0,157.11545454545455,0.0,1001.7178181818181,0.0,0.0,61.4399999999996,3072.0,11
berkeleydb,2026-07-11-11-32-40,2,ubuntu,medium,10000,1,delete,10000,31038.871,0.032217667,0.02661,0.039531,0.0581804,0.018578,8.943484,0.0,150.71,0.0,716.5,0.0,0.0,0.0,0.0,1
berkeleydb,2026-07-11-11-32-40,2,ubuntu,medium,10000,1,insert,10000,28200.277,0.035460643,0.027902499,0.043231998,0.057694193,0.016274,24.072786,0.0,120.58,0.0,649.4,0.0,0.0,0.0,0.0,1
berkeleydb,2026-07-11-11-32-40,2,ubuntu,medium,10000,1,read,10000,70870.35,0.014110272,0.012782,0.02235,0.03429369,0.007543,0.078014,0.0,127.67,0.0,680.7,0.0,0.0,0.0,0.0,1
berkeleydb,2026-07-11-11-32-40,2,ubuntu,medium,10000,1,update,10000,22204.496,0.045035925,0.036318,0.051404048,0.06341701,0.023746,9.274467,0.0,139.19,0.0,698.6,0.0,0.0,0.0,307.1999999999971,2
berkeleydb,2026-07-11-11-32-40,2,ubuntu,medium,10000,2,delete,20000,29450.334,0.06784209,0.058249,0.089678,0.118801996,0.020255,8.68737,0.0,166.11,0.0,756.05,0.0,0.0,0.0,204.8000000000029,2
berkeleydb,2026-07-11-11-32-40,2,ubuntu,medium,10000,2,insert,20000,27936.041,0.07147972,0.061112,0.09100845,0.1181054,0.019485999,8.871406,0.0,155.465,0.0,720.1,0.0,0.0,0.0,204.8000000000029,2
berkeleydb,2026-07-11-11-32-40,2,ubuntu,medium,10000,2,read,20000,77248.86,0.025767468,0.023607,0.049169,0.063417,0.007753,0.304234,0.0,168.91,0.0,719.5,0.0,0.0,0.0,0.0,1
berkeleydb,2026-07-11-11-32-40,2,ubuntu,medium,10000,2,update,20000,22938.191,0.08718893,0.072147,0.09750445,0.1272537,0.027658,9.552301,0.0,168.36,0.0,719.3,0.0,0.0,0.0,307.1999999999971,2
berkeleydb,2026-07-11-11-32-40,2,ubuntu,medium,10000,4,delete,40000,26682.36,0.14977579,0.131933,0.17754,0.2416557,0.022,9.284803,0.0,186.33333333333334,0.0,795.7333333333332,0.0,0.0,0.0,1331.199999999997,3
berkeleydb,2026-07-11-11-32-40,2,ubuntu,medium,10000,4,insert,40000,21197.64,0.18829127,0.157984,0.234112,0.31890407,0.024794001,39.315228,0.0,174.82333333333335,0.0,798.1,0.0,0.0,0.0,1331.199999999997,3
berkeleydb,2026-07-11-11-32-40,2,ubuntu,medium,10000,4,read,40000,66298.484,0.06004539,0.043931,0.112446,0.1565877,0.006495,39.48732,0.0,205.44,0.0,682.6,0.0,0.0,0.0,0.0,1
berkeleydb,2026-07-11-11-32-40,2,ubuntu,medium,10000,4,update,40000,18141.906,0.21993296,0.178517,0.22901745,0.32539842,0.033873,30.579876,0.0,176.31333333333336,0.0,769.7666666666668,0.0,0.0,0.0,1433.5999999999913,3
berkeleydb,2026-07-11-11-32-40,2,ubuntu,medium,10000,8,delete,80000,18019.371,0.43789518,0.36374,0.596944,0.82526207,0.040509,76.75236,0.0,171.91,0.0,887.8000000000001,0.0,0.0,0.0,1740.800000000003,6
berkeleydb,2026-07-11-11-32-40,2,ubuntu,medium,10000,8,insert,80000,12375.528,0.64152825,0.578925,0.90055007,1.1617674,0.06244,77.083015,0.0,171.46142857142857,0.0,908.657142857143,0.0,0.0,13.0,2662.399999999994,7
berkeleydb,2026-07-11-11-32-40,2,ubuntu,medium,10000,8,read,80000,22958.541,0.3385913,0.1909495,0.437214,0.6280299,0.005727,73.97124,0.0,207.96666666666667,0.0,831.3000000000001,0.0,0.0,0.0,0.0,3
berkeleydb,2026-07-11-11-32-40,2,ubuntu,medium,10000,8,update,80000,13148.689,0.60117376,0.526124,0.66092,1.0583988,0.048261,76.38283,0.0,181.54142857142855,0.0,909.657142857143,0.0,0.0,0.0,1433.6000000000058,7
berkeleydb,2026-07-11-11-32-40,2,ubuntu,medium,100000,1,delete,100000,31513.297,0.031732637,0.027727999,0.037086,0.048261,0.015994,20.282202,0.0,111.51666666666665,0.0,698.8333333333334,0.0,0.0,0.0,2048.0,3
berkeleydb,2026-07-11-11-32-40,2,ubuntu,medium,100000,1,insert,100000,31412.941,0.031834014,0.027658,0.037506,0.049589,0.015645001,40.19969,0.0,91.2525,0.0,687.8000000000001,0.0,0.0,0.0,1228.800000000003,4
berkeleydb,2026-07-11-11-32-40,2,ubuntu,medium,100000,1,read,100000,62065.0,0.016112141,0.012432,0.037575,0.059576,0.0056569995,0.249966,0.0,111.935,0.0,680.95,0.0,0.0,0.0,0.0,2
berkeleydb,2026-07-11-11-32-40,2,ubuntu,medium,100000,1,update,100000,22670.14,0.044110883,0.036179,0.048331,0.061462,0.022699,28.229097,0.0,97.75999999999999,0.0,693.525,0.0,0.0,0.0,1433.6000000000058,4
berkeleydb,2026-07-11-11-32-40,2,ubuntu,medium,100000,2,delete,200000,28995.184,0.068918236,0.05762,0.09414706,0.121037,0.016413,27.386856,0.0,141.73166666666665,0.0,744.0166666666668,0.0,0.0,0.0,3072.0,6
berkeleydb,2026-07-11-11-32-40,2,ubuntu,medium,100000,2,insert,200000,25925.916,0.07714258,0.064116,0.105602,0.14206,0.016133,29.0855,0.0,138.165,0.0,732.8833333333333,0.0,0.0,0.0,3072.0,6
berkeleydb,2026-07-11-11-32-40,2,ubuntu,medium,100000,2,read,200000,82524.4,0.024220327,0.017181,0.067398,0.115939,0.00901,1.18411,0.0,181.34,0.0,697.1500000000001,0.0,0.0,0.0,0.0,2
berkeleydb,2026-07-11-11-32-40,2,ubuntu,medium,100000,2,update,200000,21733.195,0.09189849,0.069703,0.110002,0.151907,0.023328,47.851833,0.0,145.52857142857144,0.0,745.1142857142858,0.0,0.0,1.0,5120.0,7
berkeleydb,2026-07-11-11-32-40,2,ubuntu,medium,100000,4,delete,400000,8402.934,0.47577763,0.188574,0.285726,0.506637,0.029054001,1736.2104,0.0,89.54740740740742,0.0,852.5518518518519,0.0,0.0,67.0,8192.0,27
berkeleydb,2026-07-11-11-32-40,2,ubuntu,medium,100000,4,insert,400000,15775.537,0.25303262,0.227407,0.329028,0.4113037,0.038134,40.718044,0.0,138.480625,0.0,830.3375,0.0,0.0,0.0,8192.0,16
berkeleydb,2026-07-11-11-32-40,2,ubuntu,medium,100000,4,read,400000,55882.73,0.07072891,0.033384,0.138917,0.249896,0.009917,48.674625,0.0,204.028,0.0,803.32,0.0,0.0,0.0,1024.0,5
berkeleydb,2026-07-11-11-32-40,2,ubuntu,medium,100000,4,update,400000,10178.426,0.39271164,0.223286,0.314291,0.4164717,0.044699002,1274.1912,0.0,115.56217391304347,0.0,864.9260869565217,0.0,0.0,0.0,10240.0,23
berkeleydb,2026-07-11-11-32-40,2,ubuntu,medium,100000,8,delete,800000,7800.1855,1.0230665,0.619362,0.931278,11.375085,0.040857002,463.06516,0.0,110.31642857142857,0.0,1026.2257142857143,0.0,0.0,1607.6800000000003,19456.0,56
berkeleydb,2026-07-11-11-32-40,2,ubuntu,medium,100000,8,insert,800000,10103.073,0.79094243,0.740819,0.982194,1.1661597,0.037785,75.66136,0.0,132.08955555555556,0.0,1008.3734222222222,0.0,0.0,1.0,18432.0,45
berkeleydb,2026-07-11-11-32-40,2,ubuntu,medium,100000,8,read,800000,36436.414,0.21699028,0.085347,0.350888,0.5359017,0.009568,77.03799,0.0,206.0723076923077,0.0,962.1076923076923,0.0,0.0,3231.24,0.0,13
berkeleydb,2026-07-11-11-32-40,2,ubuntu,medium,100000,8,update,800000,8831.302,0.90422773,0.752622,1.222311,3.1250648,0.037156,75.1046,0.0,147.7046,0.0,1014.1455199999999,0.0,0.0,1566.7200000000003,21504.0,50
berkeleydb,2026-07-11-11-32-40,2,ubuntu,small,0,1,mix_10W_90R,10000,243323.25,0.0041097593,0.003352,0.007263,0.012293691,0.002375,0.07536,0.0,120.46,0.0,663.5,0.0,0.0,0.0,0.0,1
berkeleydb,2026-07-11-11-32-40,2,ubuntu,small,0,1,mix_50W_50R,20000,192778.14,0.00518731,0.0060759992,0.007546451,0.011034999,0.0018159999,5.824943,0.0,120.46,0.0,663.5,0.0,0.0,0.0,0.0,1
berkeleydb,2026-07-11-11-32-40,2,ubuntu,small,0,1,mix_90W_10R,10000,101268.1,0.009874777,0.0067049996,0.033873048,0.044979,0.0028630001,10.74752,0.0,120.46,0.0,663.5,0.0,0.0,0.0,0.0,1
berkeleydb,2026-07-11-11-32-40,2,ubuntu,small,0,2,mix_10W_90R,20000,342120.1,0.0057361647,0.0038420004,0.01809,0.03101,0.001886,0.106231,0.0,164.735,0.0,704.4,0.0,0.0,0.0,102.40000000000873,2
berkeleydb,2026-07-11-11-32-40,2,ubuntu,small,0,2,mix_50W_50R,40000,103647.445,0.019129766,0.020185,0.027169,0.034363,0.0014670003,8.812182,0.0,164.735,0.0,704.4,0.0,0.0,0.0,102.40000000000873,2
berkeleydb,2026-07-11-11-32-40,2,ubuntu,small,0,2,mix_90W_10R,20000,105555.586,0.018747816,0.014877001,0.042325,0.069633,0.0027939996,11.19535,0.0,164.735,0.0,704.4,0.0,0.0,0.0,102.40000000000873,2
berkeleydb,2026-07-11-11-32-40,2,ubuntu,small,0,4,mix_10W_90R,40000,267063.03,0.010558046,0.0039120005,0.026121,0.061531,0.001886,32.159863,0.0,193.89333333333335,0.0,743.9333333333334,0.0,0.0,0.0,0.0,3
berkeleydb,2026-07-11-11-32-40,2,ubuntu,small,0,4,mix_50W_50R,80000,84006.71,0.045902766,0.046166,0.06195445,0.09191369,0.0023049996,49.634834,0.0,193.89333333333335,0.0,743.9333333333334,0.0,0.0,0.0,0.0,3
berkeleydb,2026-07-11-11-32-40,2,ubuntu,small,0,4,mix_90W_10R,40000,93014.766,0.037994206,0.021931,0.07466545,0.120059706,0.0023739995,24.872835,0.0,193.89333333333335,0.0,743.9333333333334,0.0,0.0,0.0,0.0,3
berkeleydb,2026-07-11-11-32-40,2,ubuntu,small,0,8,mix_10W_90R,80000,350655.66,0.020505317,0.0051689995,0.052522,0.115449,0.0018850005,58.28714,0.0,160.844,0.0,771.02,0.0,0.0,0.0,204.79999999998836,5
berkeleydb,2026-07-11-11-32-40,2,ubuntu,small,0,8,mix_50W_50R,160000,56966.01,0.13276118,0.125438,0.19905546,0.273503,0.0019549998,76.44286,0.0,160.844,0.0,771.02,0.0,0.0,0.0,204.79999999998836,5
berkeleydb,2026-07-11-11-32-40,2,ubuntu,small,0,8,mix_90W_10R,80000,63257.902,0.10402586,0.039531,0.143666,0.25331968,0.002793,61.02294,0.0,160.844,0.0,771.02,0.0,0.0,0.0,204.79999999998836,5
berkeleydb,2026-07-11-11-32-40,2,ubuntu,small,10000,1,delete,10000,103490.6,0.009662714,0.007264,0.01354905,0.019905,0.0060070003,7.335803,0.0,157.11,0.0,69.29,0.0,0.0,0.0,0.0,1
berkeleydb,2026-07-11-11-32-40,2,ubuntu,small,10000,1,insert,10000,121145.38,0.008254545,0.006635,0.02193,0.0259827,0.005169,0.093588,0.0,163.15,0.0,52.09,0.0,0.0,0.0,0.0,1
berkeleydb,2026-07-11-11-32-40,2,ubuntu,small,10000,1,read,10000,252367.34,0.0039624777,0.0034219997,0.006216,0.01082669,0.002305,0.05748,0.0,116.12,0.0,37.38,0.0,0.0,0.0,0.0,1
berkeleydb,2026-07-11-11-32-40,2,ubuntu,small,10000,1,update,10000,132656.25,0.0075382804,0.006705,0.0117339995,0.0198357,0.0051680002,0.09708,0.0,157.11,0.0,69.29,0.0,0.0,0.0,0.0,1
berkeleydb,2026-07-11-11-32-40,2,ubuntu,small,10000,2,delete,20000,97449.086,0.020442747,0.018998,0.037295,0.0501477,0.006146,8.548402,0.0,192.76,0.0,101.1,0.0,0.0,0.0,0.0,1
berkeleydb,2026-07-11-11-32-40,2,ubuntu,small,10000,2,insert,20000,101371.086,0.019564956,0.015366,0.044213504,0.0660724,0.0055869995,11.596036,0.0,171.21,0.0,55.77,0.0,0.0,0.0,0.0,1
berkeleydb,2026-07-11-11-32-40,2,ubuntu,small,10000,2,read,20000,426433.38,0.004679333,0.0034230002,0.008241,0.01955669,0.0018159999,0.166574,0.0,187.33,0.0,71.69,0.0,0.0,0.0,0.0,1
berkeleydb,2026-07-11-11-32-40,2,ubuntu,small,10000,2,update,20000,137296.08,0.014410709,0.010756,0.029473,0.03680839,0.0056580002,0.098967,0.0,187.33,0.0,71.69,0.0,0.0,0.0,0.0,1
berkeleydb,2026-07-11-11-32-40,2,ubuntu,small,10000,4,delete,40000,85336.55,0.045373768,0.027867,0.07207705,0.0989674,0.005797,44.27302,0.0,195.56,0.0,109.79499999999999,0.0,0.0,0.0,0.0,2
berkeleydb,2026-07-11-11-32-40,2,ubuntu,small,10000,4,insert,40000,90554.74,0.041279297,0.023048,0.07752845,0.1287197,0.005238,35.847473,0.0,176.78500000000003,0.0,77.65,0.0,0.0,0.0,0.0,2
berkeleydb,2026-07-11-11-32-40,2,ubuntu,small,10000,4,read,40000,243134.94,0.012458866,0.004749,0.016902,0.038623,0.0018159999,52.21317,0.0,190.36,0.0,46.8,0.0,0.0,0.0,0.0,1
berkeleydb,2026-07-11-11-32-40,2,ubuntu,small,10000,4,update,40000,109648.78,0.03423158,0.020603,0.05503945,0.07808301,0.005168,37.19326,0.0,196.28,0.0,97.79499999999999,0.0,0.0,0.0,45.0,2
berkeleydb,2026-07-11-11-32-40,2,ubuntu,small,10000,8,delete,80000,53069.617,0.14014405,0.055804,0.149742,0.2180477,0.006216,75.71219,0.0,178.20333333333335,0.0,164.64333333333335,0.0,0.0,0.0,63.0,3
berkeleydb,2026-07-11-11-32-40,2,ubuntu,small,10000,8,insert,80000,52219.695,0.13525389,0.050496,0.182847,0.34893268,0.005308,75.93541,0.0,171.01333333333332,0.0,167.1,0.0,0.0,0.0,76.0,3
berkeleydb,2026-07-11-11-32-40,2,ubuntu,small,10000,8,read,80000,172725.8,0.031517316,0.006285,0.026121,0.049867,0.0018159999,75.46362,0.0,200.27,0.0,160.3,0.0,0.0,0.0,0.0,2
berkeleydb,2026-07-11-11-32-40,2,ubuntu,small,10000,8,update,80000,68752.9,0.10770902,0.03953,0.104624,0.15016,0.005168,76.21324,0.0,193.26,0.0,152.53333333333333,0.0,0.0,0.0,39.0,3
berkeleydb,2026-07-11-11-32-40,2,ubuntu,small,100000,1,delete,100000,112134.11,0.008917893,0.0075430004,0.012083,0.017391,0.005797,11.061183,0.0,100.66,0.0,85.61,0.0,0.0,0.0,0.0,1
berkeleydb,2026-07-11-11-32-40,2,ubuntu,small,100000,1,insert,100000,110010.67,0.009090027,0.006705,0.022071,0.029474,0.0051680002,11.29704,0.0,107.47,0.0,86.58,0.0,0.0,0.0,109.0,2
berkeleydb,2026-07-11-11-32-40,2,ubuntu,small,100000,1,read,100000,251856.48,0.003970515,0.003701,0.006356,0.00873,0.001886,0.053009998,0.0,117.93,0.0,87.25,0.0,0.0,0.0,0.0,1
berkeleydb,2026-07-11-11-32-40,2,ubuntu,small,100000,1,update,100000,135452.17,0.0073826793,0.006704,0.011035,0.016552,0.0050990004,9.139615,0.0,99.985,0.0,86.625,0.0,0.0,0.0,106.0,2
berkeleydb,2026-07-11-11-32-40,2,ubuntu,small,100000,2,delete,200000,98328.086,0.020172939,0.019136,0.036737,0.04868,0.0060070003,10.954394,0.0,180.315,0.0,145.8,0.0,0.0,0.0,145.24,2
berkeleydb,2026-07-11-11-32-40,2,ubuntu,small,100000,2,insert,200000,97679.3,0.020376371,0.01767,0.042045,0.064604,0.0052380003,11.552942,0.0,178.32333333333335,0.0,123.33333333333333,0.0,0.0,0.0,161.0,3
berkeleydb,2026-07-11-11-32-40,2,ubuntu,small,100000,2,read,200000,400894.12,0.0049585793,0.003841,0.008171,0.021232689,0.001885,0.340271,0.0,189.06,0.0,140.45,0.0,0.0,0.0,19.0,2
berkeleydb,2026-07-11-11-32-40,2,ubuntu,small,100000,2,update,200000,142009.12,0.013898902,0.010686,0.028147,0.034572,0.0052380003,10.304862,0.0,175.025,0.0,141.10000000000002,0.0,0.0,0.0,92.0,2
berkeleydb,2026-07-11-11-32-40,2,ubuntu,small,100000,4,delete,400000,83966.65,0.047103927,0.030241,0.07529,0.104553,0.006147,39.699192,0.0,206.3475,0.0,255.4,0.0,0.0,0.0,296.96000000000004,4
berkeleydb,2026-07-11-11-32-40,2,ubuntu,small,100000,4,insert,400000,82597.664,0.047266904,0.028075999,0.085277,0.136053,0.0056569995,47.89126,0.0,202.2975,0.0,208.65,0.0,0.0,0.0,368.6399999999999,4
berkeleydb,2026-07-11-11-32-40,2,ubuntu,small,100000,4,read,400000,263787.8,0.014040066,0.005727,0.018438,0.042814,0.0018159999,51.65275,0.0,200.365,0.0,247.1,0.0,0.0,0.0,0.0,2
berkeleydb,2026-07-11-11-32-40,2,ubuntu,small,100000,4,update,400000,106129.65,0.03709682,0.021372,0.05713,0.07997,0.005238,49.232647,0.0,208.92,0.0,234.30000000000004,0.0,0.0,0.0,174.08000000000015,3
berkeleydb,2026-07-11-11-32-40,2,ubuntu,small,100000,8,delete,800000,52071.324,0.14961961,0.061531,0.151208,0.219933,0.006285,75.09086,0.0,194.329,0.0,447.63,0.0,0.0,0.0,901.1199999999999,10
berkeleydb,2026-07-11-11-32-40,2,ubuntu,small,100000,8,insert,800000,55583.684,0.14127672,0.056293,0.195628,0.356195,0.005308,76.23607,0.0,207.129,0.0,381.63,0.0,0.0,0.0,819.1999999999998,10
berkeleydb,2026-07-11-11-32-40,2,ubuntu,small,100000,8,read,800000,148911.5,0.051988408,0.011524,0.046654,0.086604,0.0018159999,76.42024,0.0,202.78199999999998,0.0,434.71999999999997,0.0,0.0,0.0,317.44000000000005,5
berkeleydb,2026-07-11-11-32-40,2,ubuntu,small,100000,8,update,800000,66260.98,0.11791584,0.04456,0.113074,0.160567,0.004819,76.30549,0.0,198.97444444444443,0.0,452.20000000000005,0.0,0.0,0.0,358.4000000000001,9
berkeleydb,2026-07-11-11-32-40,2,ubuntu,small,1000000,1,delete,1000000,109873.85,0.009101347,0.007613,0.0125710005,0.017321,0.005797,22.11817,0.0,100.76142857142858,0.0,389.40000000000003,0.0,0.0,0.0,706.5600000000004,7
berkeleydb,2026-07-11-11-32-40,2,ubuntu,small,1000000,1,insert,1000000,106767.94,0.009366107,0.007054,0.022559,0.029124,0.004889,24.194578,0.0,102.015,0.0,338.9375,0.0,0.0,0.0,942.0799999999999,8
berkeleydb,2026-07-11-11-32-40,2,ubuntu,small,1000000,1,read,1000000,239728.4,0.0041713873,0.003772,0.006704,0.00901,0.001885,0.095334,0.0,105.55,0.0,380.425,0.0,0.0,0.0,20.479999999999563,4
berkeleydb,2026-07-11-11-32-40,2,ubuntu,small,1000000,1,update,1000000,126849.53,0.007883356,0.0071239998,0.011873,0.017181,0.005098,13.705683,0.0,103.15285714285713,0.0,383.4428571428571,0.0,0.0,0.0,686.0799999999999,7
berkeleydb,2026-07-11-11-32-40,2,ubuntu,small,1000000,2,delete,2000000,88351.875,0.022141567,0.019696,0.043791,0.066070996,0.0060759997,63.11033,0.0,169.64785714285716,0.0,639.8642857142858,0.0,0.0,0.0,4198.4000000000015,14
berkeleydb,2026-07-11-11-32-40,2,ubuntu,small,1000000,2,insert,2000000,97521.9,0.020494852,0.017181,0.043372,0.066769,0.005169,59.128498,0.0,167.04714285714286,0.0,508.9357142857143,0.0,0.0,0.0,2334.720000000001,14
berkeleydb,2026-07-11-11-32-40,2,ubuntu,small,1000000,2,read,2000000,358579.62,0.0055761086,0.003841,0.013409999,0.029055,0.0018849996,2.407878,0.0,192.41,0.0,625.86,0.0,0.0,0.0,51.19999999999891,5
berkeleydb,2026-07-11-11-32-40,2,ubuntu,small,1000000,2,update,2000000,135711.89,0.014603256,0.011035,0.029124,0.037785,0.004819,11.350395,0.0,179.60909090909092,0.0,631.0545454545455,0.0,0.0,0.0,1546.2399999999998,11
berkeleydb,2026-07-11-11-32-40,2,ubuntu,small,1000000,4,delete,4000000,76907.99,0.051729515,0.031499,0.084928,0.122573,0.006146,57.017567,0.0,206.32833333333335,0.0,720.6733333333334,0.0,0.0,0.0,6041.600000000002,30
berkeleydb,2026-07-11-11-32-40,2,ubuntu,small,1000000,4,insert,4000000,80922.34,0.04891064,0.028635,0.094496,0.166504,0.005308,46.305054,0.0,203.6862068965517,0.0,711.248275862069,0.0,0.0,0.1279296875,8703.999999999998,29
berkeleydb,2026-07-11-11-32-40,2,ubuntu,small,1000000,4,read,4000000,242728.14,0.015923228,0.006146,0.027728,0.068305,0.0013960003,67.77145,0.0,201.6783333333333,0.0,689.3916666666668,0.0,0.0,0.0,0.0,12
berkeleydb,2026-07-11-11-32-40,2,ubuntu,small,1000000,4,update,4000000,87594.55,0.045275163,0.023327,0.067677,0.109024,0.005098,525.27795,0.0,168.013125,0.0,705.125,0.0,0.0,0.0,6451.200000000001,32
berkeleydb,2026-07-11-11-32-40,2,ubuntu,small,1000000,8,delete,8000000,43337.223,0.18354815,0.070681,0.198563,0.302768,0.0061459998,77.21135,0.0,208.82393939393938,0.0,858.6373737373738,0.0,0.0,219.0,15052.800000000003,99
berkeleydb,2026-07-11-11-32-40,2,ubuntu,small,1000000,8,insert,8000000,53723.227,0.147558,0.054826,0.243609,0.48645,0.0053080004,75.28791,0.0,208.5885185185185,0.0,853.4975308641975,0.0,0.0,2.1820703125,12697.599999999999,81
berkeleydb,2026-07-11-11-32-40,2,ubuntu,small,1000000,8,read,8000000,88183.57,0.0899244,0.023467,0.129277,0.252899,0.0013969998,123.029305,0.0,207.0480392156863,0.0,798.0392156862745,0.0,0.0,315.69,11980.800000000003,51
berkeleydb,2026-07-11-11-32-40,2,ubuntu,small,1000000,8,update,8000000,53685.043,0.1453323,0.052312,0.148765,0.246196,0.0052380003,76.42702,0.0,208.26123456790123,0.0,824.5679012345679,0.0,0.0,0.0,12697.599999999991,81
berkeleydb,2026-07-11-12-03-09,4,ubuntu,medium,0,1,mix_10W_90R,10000,62910.81,0.01589552,0.0056569995,0.020604,0.02521469,0.0037719992,86.49113,0.0,43.28333333333333,0.0,805.8333333333334,0.0,0.0,0.0,0.0,3
berkeleydb,2026-07-11-12-03-09,4,ubuntu,medium,0,1,mix_50W_50R,20000,20775.139,0.048134454,0.013618999,0.017251,0.025283001,0.0028629992,124.23176,0.0,43.28333333333333,0.0,805.8333333333334,0.0,0.0,0.0,0.0,3
berkeleydb,2026-07-11-12-03-09,4,ubuntu,medium,0,1,mix_90W_10R,10000,14999.041,0.06667093,0.02675,0.04023345,0.054480802,0.0044009993,122.25147,0.0,43.28333333333333,0.0,805.8333333333334,0.0,0.0,0.0,0.0,3
berkeleydb,2026-07-11-12-03-09,4,ubuntu,medium,0,2,mix_10W_90R,20000,28798.258,0.05011244,0.006217,0.050148,0.062859006,0.0041910005,120.76014,0.0,50.504,0.0,849.32,0.0,0.0,0.0,1024.0,5
berkeleydb,2026-07-11-12-03-09,4,ubuntu,medium,0,2,mix_50W_50R,40000,22953.14,0.08682037,0.039042998,0.058529,0.105953,0.0027940006,138.69371,0.0,50.504,0.0,849.32,0.0,0.0,0.0,1024.0,5
berkeleydb,2026-07-11-12-03-09,4,ubuntu,medium,0,2,mix_90W_10R,20000,15314.683,0.13028146,0.053291,0.082066,0.1093064,0.0053080004,136.91591,0.0,50.504,0.0,849.32,0.0,0.0,0.0,1024.0,5
berkeleydb,2026-07-11-12-03-09,4,ubuntu,medium,0,4,mix_10W_90R,40000,76218.95,0.036298014,0.0072640004,0.08493,0.126417,0.003911,125.08138,0.0,103.46375,0.0,923.571,0.0,0.0,0.0,1024.0,8
berkeleydb,2026-07-11-12-03-09,4,ubuntu,medium,0,4,mix_50W_50R,80000,18722.453,0.19962578,0.080949,0.161688,0.22378209,0.0027939996,133.28769,0.0,103.46375,0.0,923.571,0.0,0.0,0.0,1024.0,8
berkeleydb,2026-07-11-12-03-09,4,ubuntu,medium,0,4,mix_90W_10R,40000,14038.538,0.2780192,0.133611,0.184457,0.2530447,0.0056580002,127.94645,0.0,103.46375,0.0,923.571,0.0,0.0,0.0,1024.0,8
berkeleydb,2026-07-11-12-03-09,4,ubuntu,medium,0,8,mix_10W_90R,80000,147604.0,0.050903767,0.023886,0.243685,0.3163927,0.004261001,11.777036,0.0,167.958,0.0,1049.034,0.0,0.0,0.0,2048.0,10
berkeleydb,2026-07-11-12-03-09,4,ubuntu,medium,0,8,mix_50W_50R,160000,32130.656,0.23947167,0.194095,0.42898,0.597233,0.003352,52.87348,0.0,167.958,0.0,1049.034,0.0,0.0,0.0,2048.0,10
berkeleydb,2026-07-11-12-03-09,4,ubuntu,medium,0,8,mix_90W_10R,80000,17093.842,0.45720428,0.443507,0.641514,0.8264656,0.0060759992,22.949928,0.0,167.958,0.0,1049.034,0.0,0.0,0.0,2048.0,10
berkeleydb,2026-07-11-12-03-09,4,ubuntu,medium,10000,1,delete,10000,30984.803,0.032273885,0.026331,0.039601,0.0581797,0.018787999,9.302565,0.0,166.92,0.0,681.8,0.0,0.0,0.0,0.0,1
berkeleydb,2026-07-11-12-03-09,4,ubuntu,medium,10000,1,insert,10000,29728.908,0.033637293,0.027728,0.043023,0.057270013,0.018089,10.397901,0.0,123.84,0.0,664.3,0.0,0.0,0.0,0.0,1
berkeleydb,2026-07-11-12-03-09,4,ubuntu,medium,10000,1,read,10000,70187.336,0.014247583,0.012851,0.022838,0.033873998,0.007613,0.129208,0.0,187.45,0.0,685.6,0.0,0.0,0.0,0.0,1
berkeleydb,2026-07-11-12-03-09,4,ubuntu,medium,10000,1,update,10000,21044.223,0.047518983,0.037365,0.05336,0.069144696,0.024234999,20.047094,0.0,161.22,0.0,664.0,0.0,0.0,0.0,0.0,1
berkeleydb,2026-07-11-12-03-09,4,ubuntu,medium,10000,2,delete,20000,31485.555,0.063370705,0.054477,0.085068,0.113494694,0.020324,8.77805,0.0,136.2,0.0,647.9,0.0,0.0,0.0,0.0,1
berkeleydb,2026-07-11-12-03-09,4,ubuntu,medium,10000,2,insert,20000,27376.98,0.07303956,0.06202,0.091494,0.115728,0.022838,8.546244,0.0,183.265,0.0,725.1,0.0,0.0,0.0,204.8000000000029,2
berkeleydb,2026-07-11-12-03-09,4,ubuntu,medium,10000,2,read,20000,78757.06,0.024990119,0.022489,0.04972705,0.06530369,0.007612,0.189482,0.0,212.36,0.0,724.0,0.0,0.0,0.0,0.0,1
berkeleydb,2026-07-11-12-03-09,4,ubuntu,medium,10000,2,update,20000,22467.568,0.088946514,0.072636,0.098268,0.13682449,0.028146,20.424313,0.0,138.51999999999998,0.0,689.3,0.0,0.0,0.0,512.0,2
berkeleydb,2026-07-11-12-03-09,4,ubuntu,medium,10000,4,delete,40000,27495.805,0.14437151,0.127602,0.173558,0.2332737,0.024794001,9.118601,0.0,183.945,0.0,725.8,0.0,0.0,0.0,1228.7999999999884,2
berkeleydb,2026-07-11-12-03-09,4,ubuntu,medium,10000,4,insert,40000,22757.162,0.17402673,0.1504055,0.21239,0.2908244,0.024234999,19.733501,0.0,210.03500000000003,0.0,754.9,0.0,0.0,0.0,409.59999999999127,2
berkeleydb,2026-07-11-12-03-09,4,ubuntu,medium,10000,4,read,40000,80396.26,0.049385887,0.042883,0.108325,0.14757769,0.008032001,0.458305,0.0,266.88,0.0,686.1,0.0,0.0,0.0,0.0,1
berkeleydb,2026-07-11-12-03-09,4,ubuntu,medium,10000,4,update,40000,15558.411,0.25707144,0.180612,0.23865099,0.36164647,0.031499,96.886604,0.0,226.79,0.0,773.8333333333334,0.0,0.0,0.0,1433.5999999999913,3
berkeleydb,2026-07-11-12-03-09,4,ubuntu,medium,10000,8,delete,80000,18368.871,0.43341073,0.369465,0.5621635,0.662174,0.07515,51.643993,0.0,241.39166666666668,0.0,896.7833333333333,0.0,0.0,0.0,2457.600000000006,6
berkeleydb,2026-07-11-12-03-09,4,ubuntu,medium,10000,8,insert,80000,13159.786,0.59582245,0.529683,0.8163195,1.0383447,0.041556,49.841854,0.0,175.41400000000002,0.0,914.54,0.0,0.0,0.0,1024.0,5
berkeleydb,2026-07-11-12-03-09,4,ubuntu,medium,10000,8,read,80000,38170.633,0.20641302,0.184802,0.409764,0.53429437,0.004679,44.941936,0.0,331.1033333333333,0.0,937.3666666666667,0.0,0.0,0.0,102.40000000000873,3
berkeleydb,2026-07-11-12-03-09,4,ubuntu,medium,10000,8,update,80000,12975.771,0.6133372,0.539881,0.70373,1.0612011,0.048261,48.677868,0.0,247.35500000000002,0.0,949.8833333333333,0.0,0.0,0.0,1331.199999999997,6
berkeleydb,2026-07-11-12-03-09,4,ubuntu,medium,100000,1,delete,100000,11519.535,0.08680906,0.029124,0.043582,0.05545569,0.016692,564.7774,0.0,33.68888888888889,0.0,699.5666666666667,0.0,0.0,0.0,2048.0,9
berkeleydb,2026-07-11-12-03-09,4,ubuntu,medium,100000,1,insert,100000,26870.904,0.037214972,0.027727999,0.062158998,0.086395,0.015574999,21.58418,0.0,96.1375,0.0,694.2,0.0,0.0,0.0,2150.399999999994,4
berkeleydb,2026-07-11-12-03-09,4,ubuntu,medium,100000,1,read,100000,62093.652,0.016104706,0.0123620005,0.037714,0.059575,0.0052380003,0.262817,0.0,103.9,0.0,686.15,0.0,0.0,0.0,0.0,2
berkeleydb,2026-07-11-12-03-09,4,ubuntu,medium,100000,1,update,100000,6658.757,0.15017818,0.037855,0.067747,0.092541,0.022419,653.5357,0.0,22.854285714285712,0.0,704.2214285714286,0.0,0.0,0.10000000000000142,4096.0,14
berkeleydb,2026-07-11-12-03-09,4,ubuntu,medium,100000,2,delete,200000,28773.87,0.06948231,0.056711,0.100783,0.13298,0.016762,25.310472,0.0,142.92,0.0,743.9499999999999,0.0,0.0,0.0,4096.0,6
berkeleydb,2026-07-11-12-03-09,4,ubuntu,medium,100000,2,insert,200000,17229.004,0.11603714,0.069493,0.103367,0.13654199,0.015365,89.21408,0.0,111.78,0.0,738.0375,0.0,0.0,0.0,4096.0,8
berkeleydb,2026-07-11-12-03-09,4,ubuntu,medium,100000,2,read,200000,81932.125,0.024361243,0.017181,0.067817,0.119221695,0.009497999,3.28447,0.0,209.42000000000002,0.0,702.35,0.0,0.0,0.0,0.0,2
berkeleydb,2026-07-11-12-03-09,4,ubuntu,medium,100000,2,update,200000,21995.031,0.09092595,0.068236,0.112097,0.15546969,0.023746,39.327248,0.0,154.96428571428572,0.0,751.1285714285714,0.0,0.0,0.09999999999999787,5120.0,7
berkeleydb,2026-07-11-12-03-09,4,ubuntu,medium,100000,4,delete,400000,9947.363,0.40186965,0.190886,0.27435,0.354044,0.019487,794.0618,0.0,89.12639999999999,0.0,869.6519999999999,0.0,0.0,0.0,8192.0,25
berkeleydb,2026-07-11-12-03-09,4,ubuntu,medium,100000,4,insert,400000,13570.52,0.29450566,0.226149,0.322461,0.40375867,0.031988,880.2091,0.0,98.84227272727274,0.0,850.4272727272728,0.0,0.0,0.10000000000000142,7168.0,22
berkeleydb,2026-07-11-12-03-09,4,ubuntu,medium,100000,4,read,400000,94684.66,0.04207632,0.02675,0.12843904,0.23494902,0.009987,6.507549,0.0,316.83666666666664,0.0,774.3000000000001,0.0,0.0,0.0,0.0,3
berkeleydb,2026-07-11-12-03-09,4,ubuntu,medium,100000,4,update,400000,12315.084,0.32471034,0.224552,0.321497,0.41020152,0.035271,98.85104,0.0,147.25052631578947,0.0,868.5052631578947,0.0,0.0,0.09999999999999787,10240.0,19
berkeleydb,2026-07-11-12-03-09,4,ubuntu,medium,100000,8,delete,800000,8629.866,0.9208464,0.60904,0.911392,1.4972473,0.054827,757.75507,0.0,106.22185185185184,0.0,1108.6708148148148,0.0,0.0,532.48,18432.0,54
berkeleydb,2026-07-11-12-03-09,4,ubuntu,medium,100000,8,insert,800000,10151.36,0.7872654,0.74119246,0.951563,1.126103,0.052803,67.12758,0.0,135.52906976744185,0.0,1042.1385116279068,0.0,0.0,0.10000000000000142,18432.0,43
berkeleydb,2026-07-11-12-03-09,4,ubuntu,medium,100000,8,read,800000,71176.79,0.11062896,0.054688,0.26806206,0.48479,0.009848,50.966736,0.0,400.2885714285714,0.0,984.8788571428571,0.0,0.0,366.0,0.0,7
berkeleydb,2026-07-11-12-03-09,4,ubuntu,medium,100000,8,update,800000,7589.0522,1.0518235,0.709687,1.256494,2.9108908,0.048193,931.0205,0.0,127.50482142857143,0.0,1127.238,0.0,0.0,894.24,22528.0,56
berkeleydb,2026-07-11-12-03-09,4,ubuntu,small,0,1,mix_10W_90R,10000,245485.55,0.00407356,0.0032830003,0.007263,0.01299518,0.0018850005,0.069493,0.0,190.5,0.0,689.3,0.0,0.0,0.0,0.0,1
berkeleydb,2026-07-11-12-03-09,4,ubuntu,small,0,1,mix_50W_50R,20000,189928.14,0.005265149,0.0060064998,0.007473,0.010965,0.0013970003,7.54324,0.0,190.5,0.0,689.3,0.0,0.0,0.0,0.0,1
berkeleydb,2026-07-11-12-03-09,4,ubuntu,small,0,1,mix_90W_10R,10000,101453.34,0.009856747,0.0067049996,0.032972,0.04546939,0.002793,10.903908,0.0,190.5,0.0,689.3,0.0,0.0,0.0,0.0,1
berkeleydb,2026-07-11-12-03-09,4,ubuntu,small,0,2,mix_10W_90R,20000,346888.94,0.005744563,0.003911,0.017531,0.031499,0.0018849996,0.110281,0.0,201.53,0.0,694.5,0.0,0.0,0.0,0.0,1
berkeleydb,2026-07-11-12-03-09,4,ubuntu,small,0,2,mix_50W_50R,40000,103597.29,0.019088835,0.020045,0.027308,0.035061687,0.0018159999,9.261708,0.0,201.53,0.0,694.5,0.0,0.0,0.0,0.0,1
berkeleydb,2026-07-11-12-03-09,4,ubuntu,small,0,2,mix_90W_10R,20000,108666.83,0.018392542,0.014318,0.042813,0.068166,0.0028639997,10.325824,0.0,201.53,0.0,694.5,0.0,0.0,0.0,0.0,1
berkeleydb,2026-07-11-12-03-09,4,ubuntu,small,0,4,mix_10W_90R,40000,387361.06,0.008299732,0.00433,0.02772705,0.063696004,0.0018849996,11.241316,0.0,277.345,0.0,729.0999999999999,0.0,0.0,0.0,102.39999999999418,2
berkeleydb,2026-07-11-12-03-09,4,ubuntu,small,0,4,mix_50W_50R,80000,84913.96,0.045486487,0.047423,0.065790996,0.09729,0.001886,11.447071,0.0,277.345,0.0,729.0999999999999,0.0,0.0,0.0,102.39999999999418,2
berkeleydb,2026-07-11-12-03-09,4,ubuntu,small,0,4,mix_90W_10R,40000,111126.43,0.032642983,0.023326999,0.07997,0.12732369,0.002793,11.296282,0.0,277.345,0.0,729.0999999999999,0.0,0.0,0.0,102.39999999999418,2
berkeleydb,2026-07-11-12-03-09,4,ubuntu,small,0,8,mix_10W_90R,80000,540471.3,0.013010605,0.0056569995,0.053429,0.11628869,0.0018159999,11.517403,0.0,216.762,0.0,761.04,0.0,0.0,4.100000000000001,307.1999999999971,5
berkeleydb,2026-07-11-12-03-09,4,ubuntu,small,0,8,mix_50W_50R,160000,58975.484,0.12947908,0.12844,0.199749,0.277832,0.002375,47.903946,0.0,216.762,0.0,761.04,0.0,0.0,4.100000000000001,307.1999999999971,5
berkeleydb,2026-07-11-12-03-09,4,ubuntu,small,0,8,mix_90W_10R,80000,112486.76,0.06026346,0.042884,0.154281,0.263864,0.002793,12.342588,0.0,216.762,0.0,761.04,0.0,0.0,4.100000000000001,307.1999999999971,5
berkeleydb,2026-07-11-12-03-09,4,ubuntu,small,10000,1,delete,10000,102108.4,0.009793513,0.007543,0.013270001,0.019625999,0.0061459998,7.498617,0.0,189.34,0.0,82.3,0.0,0.0,0.0,0.0,1
berkeleydb,2026-07-11-12-03-09,4,ubuntu,small,10000,1,insert,10000,120216.27,0.008318342,0.006636,0.022001,0.026261,0.0052380003,0.080877,0.0,237.93,0.0,53.48,0.0,0.0,0.0,0.0,1
berkeleydb,2026-07-11-12-03-09,4,ubuntu,small,10000,1,read,10000,257964.3,0.0038765052,0.0033529995,0.006565,0.011035,0.001886,0.042674,0.0,245.27,0.0,53.55,0.0,0.0,0.0,0.0,1
berkeleydb,2026-07-11-12-03-09,4,ubuntu,small,10000,1,update,10000,134141.25,0.007454829,0.0067049996,0.011594,0.018997,0.0052389996,0.091563,0.0,189.34,0.0,82.3,0.0,0.0,0.0,0.0,1
berkeleydb,2026-07-11-12-03-09,4,ubuntu,small,10000,2,delete,20000,98769.06,0.019809306,0.017879,0.036318,0.04889069,0.006077,7.974522,0.0,319.24,0.0,131.4,0.0,0.0,0.0,0.0,1
berkeleydb,2026-07-11-12-03-09,4,ubuntu,small,10000,2,insert,20000,96199.164,0.020576855,0.017949,0.045746,0.070191,0.0056570005,10.80097,0.0,281.23,0.0,74.94,0.0,0.0,0.0,0.0,1
berkeleydb,2026-07-11-12-03-09,4,ubuntu,small,10000,2,read,20000,454949.16,0.0042688353,0.0033529995,0.007682,0.015226,0.0018849996,0.063696,0.0,219.59,0.0,81.21,0.0,0.0,0.0,0.0,1
berkeleydb,2026-07-11-12-03-09,4,ubuntu,small,10000,2,update,20000,140175.3,0.014113446,0.010477001,0.029543,0.036667,0.0050990004,0.357174,0.0,219.59,0.0,81.21,0.0,0.0,0.0,0.0,1
berkeleydb,2026-07-11-12-03-09,4,ubuntu,small,10000,4,delete,40000,110546.93,0.03549793,0.030032,0.073684,0.0991067,0.0066349995,10.835053,0.0,306.04499999999996,0.0,141.135,0.0,0.0,0.0,15.0,2
berkeleydb,2026-07-11-12-03-09,4,ubuntu,small,10000,4,insert,40000,114578.41,0.034817386,0.026261,0.079062,0.123481,0.0053080004,10.842596,0.0,364.43,0.0,90.69,0.0,0.0,0.0,0.0,1
berkeleydb,2026-07-11-12-03-09,4,ubuntu,small,10000,4,read,40000,666052.8,0.0058639077,0.0042600003,0.0144569995,0.031499,0.0018159999,0.104065,0.0,345.36,0.0,95.3,0.0,0.0,0.0,0.0,1
berkeleydb,2026-07-11-12-03-09,4,ubuntu,small,10000,4,update,40000,161209.4,0.023969803,0.019975,0.052801,0.073195696,0.0050989995,7.277985,0.0,345.36,0.0,95.3,0.0,0.0,0.0,0.0,1
berkeleydb,2026-07-11-12-03-09,4,ubuntu,small,10000,8,delete,80000,112037.24,0.06753007,0.052941,0.13298,0.183197,0.005727,52.07762,0.0,209.155,0.0,140.43,0.0,0.0,0.0,57.0,2
berkeleydb,2026-07-11-12-03-09,4,ubuntu,small,10000,8,insert,80000,98155.83,0.07704933,0.051614,0.19039,0.3501207,0.0056569995,46.713593,0.0,395.965,0.0,219.65,0.0,0.0,0.0,61.0,2
berkeleydb,2026-07-11-12-03-09,4,ubuntu,small,10000,8,read,80000,346312.2,0.018949166,0.008172,0.028566001,0.052033,0.0018849996,44.731052,0.0,412.065,0.0,149.515,0.0,0.0,0.0,33.0,2
berkeleydb,2026-07-11-12-03-09,4,ubuntu,small,10000,8,update,80000,137402.89,0.056397792,0.041417,0.104973,0.144853,0.005168,45.030396,0.0,424.54,0.0,73.53,0.0,0.0,0.0,0.0,1
berkeleydb,2026-07-11-12-03-09,4,ubuntu,small,100000,1,delete,100000,109506.305,0.009131894,0.007613,0.012641,0.01767,0.005867,10.88911,0.0,130.555,0.0,101.06,0.0,0.0,0.0,104.0,2
berkeleydb,2026-07-11-12-03-09,4,ubuntu,small,100000,1,insert,100000,110511.01,0.009048872,0.0067050005,0.021861,0.029054001,0.0052380003,10.994642,0.0,151.57,0.0,83.22,0.0,0.0,0.0,67.0,2
berkeleydb,2026-07-11-12-03-09,4,ubuntu,small,100000,1,read,100000,253264.0,0.003948449,0.0034220002,0.006565,0.00894,0.0019549998,0.048681002,0.0,143.4,0.0,83.9,0.0,0.0,0.0,0.0,1
berkeleydb,2026-07-11-12-03-09,4,ubuntu,small,100000,1,update,100000,133829.08,0.007472218,0.0067050005,0.011105,0.016622,0.0048190006,8.61749,0.0,114.65,0.0,88.86,0.0,0.0,0.0,62.0,2
berkeleydb,2026-07-11-12-03-09,4,ubuntu,small,100000,2,delete,200000,96380.96,0.02054333,0.019556,0.037087,0.049029,0.006147,12.976487,0.0,248.925,0.0,163.8,0.0,0.0,0.0,153.68000000000006,2
berkeleydb,2026-07-11-12-03-09,4,ubuntu,small,100000,2,insert,200000,96003.75,0.020628516,0.01788,0.042534,0.065792,0.0053079994,11.549329,0.0,201.72500000000002,0.0,127.05000000000001,0.0,0.0,0.0,130.0,2
berkeleydb,2026-07-11-12-03-09,4,ubuntu,small,100000,2,read,200000,386502.22,0.005150403,0.0038420004,0.008242,0.021372,0.0019560002,0.069633,0.0,233.8,0.0,132.7,0.0,0.0,0.0,0.0,1
berkeleydb,2026-07-11-12-03-09,4,ubuntu,small,100000,2,update,200000,140984.7,0.013949807,0.010826,0.027588,0.034642,0.0051689995,11.895677,0.0,201.25,0.0,142.55,0.0,0.0,0.0,188.0,2
berkeleydb,2026-07-11-12-03-09,4,ubuntu,small,100000,4,delete,400000,107950.73,0.03641676,0.030801,0.074382,0.099386,0.0061459998,11.488286,0.0,302.64666666666665,0.0,260.23333333333335,0.0,0.0,0.0,266.24,3
berkeleydb,2026-07-11-12-03-09,4,ubuntu,small,100000,4,insert,400000,105677.25,0.037749056,0.028564999,0.084369,0.131024,0.0053080004,31.335579,0.0,307.675,0.0,215.075,0.0,0.0,0.0,358.39999999999986,4
berkeleydb,2026-07-11-12-03-09,4,ubuntu,small,100000,4,read,400000,548548.0,0.0072534992,0.0053780004,0.017601,0.041556,0.0018159999,0.143037,0.0,389.58,0.0,219.2,0.0,0.0,0.0,0.0,1
berkeleydb,2026-07-11-12-03-09,4,ubuntu,small,100000,4,update,400000,156269.3,0.025194926,0.021162,0.055106,0.074452,0.005168,11.222467,0.0,303.75333333333333,0.0,249.5666666666667,0.0,0.0,0.0,184.32000000000016,3
berkeleydb,2026-07-11-12-03-09,4,ubuntu,small,100000,8,delete,800000,103929.44,0.07622684,0.063976,0.153304,0.20813,0.006286,45.899086,0.0,378.88166666666666,0.0,445.6666666666667,0.0,0.0,0.0,624.6400000000003,6
berkeleydb,2026-07-11-12-03-09,4,ubuntu,small,100000,8,insert,800000,101904.945,0.07744403,0.055943,0.190111,0.335243,0.005168,26.701471,0.0,332.21999999999997,0.0,379.8833333333334,0.0,0.0,0.0,768.0,6
berkeleydb,2026-07-11-12-03-09,4,ubuntu,small,100000,8,read,800000,289209.03,0.026513614,0.011874,0.040439,0.083881,0.001886,46.716103,0.0,402.5566666666667,0.0,435.73333333333335,0.0,0.0,0.0,0.0,3
berkeleydb,2026-07-11-12-03-09,4,ubuntu,small,100000,8,update,800000,131003.3,0.060134273,0.046375,0.11538,0.158332,0.005168,48.55463,0.0,416.51000000000005,0.0,448.03999999999996,0.0,0.0,0.0,368.6399999999999,5
berkeleydb,2026-07-11-12-03-09,4,ubuntu,small,1000000,1,delete,1000000,105729.484,0.0094580995,0.007683,0.014388001,0.019624999,0.005797,22.93306,0.0,96.39571428571428,0.0,388.07142857142856,0.0,0.0,0.0,1064.96,7
berkeleydb,2026-07-11-12-03-09,4,ubuntu,small,1000000,1,insert,1000000,106015.69,0.009432566,0.0071239993,0.022908,0.030521,0.0052380003,13.640895,0.0,115.5025,0.0,340.3875,0.0,0.0,0.0,1290.2399999999998,8
berkeleydb,2026-07-11-12-03-09,4,ubuntu,small,1000000,1,read,1000000,241170.25,0.0041464483,0.003772,0.006704,0.009148999,0.0018850005,0.078223,0.0,98.92,0.0,379.575,0.0,0.0,0.0,0.0,4
berkeleydb,2026-07-11-12-03-09,4,ubuntu,small,1000000,1,update,1000000,128537.0,0.0077798613,0.0071239993,0.011384001,0.016622,0.005168,12.815358,0.0,124.03571428571429,0.0,384.38571428571424,0.0,0.0,0.0,460.8000000000002,7
berkeleydb,2026-07-11-12-03-09,4,ubuntu,small,1000000,2,delete,2000000,91801.14,0.021754175,0.019905,0.041905,0.060134,0.005797,98.751366,0.0,182.14928571428572,0.0,641.5571428571428,0.0,0.0,0.0,2560.0,14
berkeleydb,2026-07-11-12-03-09,4,ubuntu,small,1000000,2,insert,2000000,76236.62,0.026033357,0.018229,0.043791,0.070121996,0.0053080004,685.58795,0.0,123.32300000000001,0.0,551.88,0.0,0.0,0.24,3297.2799999999997,20
berkeleydb,2026-07-11-12-03-09,4,ubuntu,small,1000000,2,read,2000000,288950.16,0.0069188625,0.0038420004,0.021093,0.038134,0.0018849996,53.290974,0.0,187.78833333333333,0.0,624.85,0.0,0.0,0.009999999999999787,819.2000000000007,6
berkeleydb,2026-07-11-12-03-09,4,ubuntu,small,1000000,2,update,2000000,133706.5,0.014894547,0.011245001,0.029543,0.038553,0.005168,22.366495,0.0,184.29,0.0,629.7363636363636,0.0,0.0,0.0,1536.0,11
berkeleydb,2026-07-11-12-03-09,4,ubuntu,small,1000000,4,delete,4000000,102172.375,0.038761243,0.031917002,0.083462,0.115939,0.0055869995,49.814915,0.0,282.4478260869565,0.0,718.2260869565217,0.0,0.0,0.0,5734.4000000000015,23
berkeleydb,2026-07-11-12-03-09,4,ubuntu,small,1000000,4,insert,4000000,99412.25,0.03982005,0.028984,0.094357,0.165317,0.0053080004,32.340527,0.0,247.2417391304348,0.0,705.8913043478261,0.0,0.0,1.2800000000000002,9420.800000000001,23
berkeleydb,2026-07-11-12-03-09,4,ubuntu,small,1000000,4,read,4000000,301675.9,0.013224352,0.0062850006,0.047074,0.094427,0.0018149995,5.374501,0.0,313.4755555555555,0.0,687.6666666666666,0.0,0.0,11.700000000000001,2662.399999999998,9
berkeleydb,2026-07-11-12-03-09,4,ubuntu,small,1000000,4,update,4000000,137864.53,0.028341094,0.023397,0.063416,0.088211,0.0051690005,22.280445,0.0,285.85999999999996,0.0,694.0722222222222,0.0,0.0,0.0,4505.600000000002,18
berkeleydb,2026-07-11-12-03-09,4,ubuntu,small,1000000,8,delete,8000000,83721.38,0.09475247,0.073334,0.207152,0.306398,0.006216,50.893475,0.0,421.7180769230769,0.0,855.8346153846154,0.0,0.0,0.0,18739.199999999997,52
berkeleydb,2026-07-11-12-03-09,4,ubuntu,small,1000000,8,insert,8000000,94024.6,0.08437925,0.056292,0.238441,0.466057,0.004191,53.76281,0.0,373.1725531914894,0.0,857.8851063829787,0.0,0.0,0.09999999999999787,15974.400000000001,47
berkeleydb,2026-07-11-12-03-09,4,ubuntu,small,1000000,8,read,8000000,214245.16,0.036990944,0.016762,0.073055,0.155888,0.0013969993,46.283264,0.0,413.33608695652174,0.0,806.4478260869565,0.0,0.0,0.0,1945.5999999999985,23
berkeleydb,2026-07-11-12-03-09,4,ubuntu,small,1000000,8,update,8000000,97013.75,0.080743656,0.054965,0.163501,0.273223,0.0013970003,869.8366,0.0,406.55782608695654,0.0,827.8804347826087,0.0,0.0,0.0,16486.40000000001,46
berkeleydb,2026-07-12-04-49-46,1,ubuntu,small,0,1,doc_delete,10000,107204.9,0.009327932,0.007474,0.01327,0.019556,0.006076,7.571179,0.0,101.9,0.0,63.16,0.0,0.0,0.0,0.0,1
berkeleydb,2026-07-12-04-49-46,1,ubuntu,small,0,1,doc_increment,10000,63721.258,0.01569335,0.014667,0.020534,0.0286378,0.01327,0.420171,0.0,101.9,0.0,63.16,0.0,0.0,0.0,0.0,1
berkeleydb,2026-07-12-04-49-46,1,ubuntu,small,0,1,doc_insert,10000,92336.945,0.010829901,0.007124,0.026121,0.036668688,0.005657,12.807743,0.0,97.67,0.0,50.43,0.0,0.0,0.0,0.0,1
berkeleydb,2026-07-12-04-49-46,1,ubuntu,small,0,1,doc_read,10000,152716.6,0.0065480764,0.006146,0.00915,0.014317,0.0052380003,0.060064,0.0,88.79,0.0,60.56,0.0,0.0,0.0,0.0,1
berkeleydb,2026-07-12-04-49-46,1,ubuntu,small,0,1,doc_read_partial,10000,150832.61,0.006629866,0.006215,0.009149,0.014247,0.004889,0.054826,0.0,88.79,0.0,60.56,0.0,0.0,0.0,0.0,1
berkeleydb,2026-07-12-04-49-46,1,ubuntu,small,0,1,doc_update_partial,10000,61313.85,0.01630953,0.015156,0.0235405,0.03101,0.0132,0.375891,0.0,90.51,0.0,44.26,0.0,0.0,0.0,0.0,1
berkeleydb,2026-07-12-04-49-46,1,ubuntu,small,0,1,queue,20000,45.275433,22.087034,18.717133,64.171326,75.924034,0.019766,271.7745,0.0,47.563273542600896,0.0,316.0588340807175,0.0,0.0,2.75,24368.07,223
berkeleydb,2026-07-12-04-49-46,1,ubuntu,small,0,2,doc_delete,20000,46259.93,0.04291692,0.019974,0.040579,0.056434102,0.006216,87.706505,0.0,75.075,0.0,87.705,0.0,0.0,0.0,0.0,2
berkeleydb,2026-07-12-04-49-46,1,ubuntu,small,0,2,doc_increment,20000,49657.734,0.03999498,0.018019,0.034712,0.04896139,0.012851,51.763184,0.0,71.855,0.0,76.025,0.0,0.0,0.0,0.0,2
berkeleydb,2026-07-12-04-49-46,1,ubuntu,small,0,2,doc_insert,20000,44305.477,0.043017067,0.0120129995,0.04533145,0.06970201,0.006006,90.13347,0.0,93.86,0.0,82.62,0.0,0.0,0.0,102.40000000000873,2
berkeleydb,2026-07-12-04-49-46,1,ubuntu,small,0,2,doc_read,20000,86402.086,0.017993344,0.006775,0.012921,0.0207444,0.004679,52.440308,0.0,99.97,0.0,80.17,0.0,0.0,0.0,0.0,1
berkeleydb,2026-07-12-04-49-46,1,ubuntu,small,0,2,doc_read_partial,20000,109889.89,0.017864384,0.007054,0.0132,0.02228069,0.004609,51.39756,0.0,99.99,0.0,77.76,0.0,0.0,0.0,0.0,1
berkeleydb,2026-07-12-04-49-46,1,ubuntu,small,0,2,doc_update_partial,20000,44194.664,0.043308556,0.018509,0.037226,0.052382,0.010127,51.079147,0.0,100.2,0.0,65.24,0.0,0.0,0.0,0.0,1
berkeleydb,2026-07-12-04-49-46,1,ubuntu,small,0,2,queue,40000,56.41254,35.440857,21.346397,104.34012,153.7354,0.014387,960.16876,0.0,58.20783707865169,0.0,454.7670786516854,0.0,0.0,0.1900000000000004,48435.2,356
berkeleydb,2026-07-12-04-49-46,1,ubuntu,small,0,4,doc_delete,40000,31748.283,0.11140159,0.032895,0.085487,0.1228534,0.0063559995,143.58107,0.0,68.76,0.0,133.08,0.0,0.0,0.0,0.0,3
berkeleydb,2026-07-12-04-49-46,1,ubuntu,small,0,4,doc_increment,40000,36128.5,0.108959034,0.028426,0.063417,0.0989667,0.013758,77.537476,0.0,100.44,0.0,87.82,0.0,0.0,0.0,1024.0,2
berkeleydb,2026-07-12-04-49-46,1,ubuntu,small,0,4,doc_insert,40000,34635.184,0.1140687,0.025283,0.089678,0.1431077,0.005658,141.26126,0.0,97.24000000000001,0.0,93.83,0.0,0.0,0.040000000000000036,0.0,2
berkeleydb,2026-07-12-04-49-46,1,ubuntu,small,0,4,doc_read,40000,105055.29,0.03062909,0.0066350005,0.018648,0.035759702,0.00426,74.40057,0.0,101.595,0.0,103.91,0.0,0.0,0.0,0.0,2
berkeleydb,2026-07-12-04-49-46,1,ubuntu,small,0,4,doc_read_partial,40000,85455.94,0.035440452,0.007054,0.020394,0.03876439,0.00433,76.53168,0.0,99.60499999999999,0.0,130.45,0.0,0.0,0.0,0.0,2
berkeleydb,2026-07-12-04-49-46,1,ubuntu,small,0,4,doc_update_partial,40000,36079.418,0.10510487,0.028216,0.062439,0.09156301,0.01334,76.99913,0.0,99.505,0.0,103.405,0.0,0.0,0.0,0.0,2
berkeleydb,2026-07-12-04-49-46,1,ubuntu,small,0,4,queue,80000,60.889996,65.44526,63.54284,169.72157,305.6758,0.014876,1068.436,0.0,75.26546282245828,0.0,624.2804248861912,0.0,0.0,0.6899999999999995,96870.4,659
berkeleydb,2026-07-12-04-49-46,1,ubuntu,small,0,8,doc_delete,80000,24317.037,0.3012917,0.060064,0.1620375,0.2693866,0.006076,88.640526,0.0,84.10600000000001,0.0,181.212,0.0,0.0,0.0,0.0,5
berkeleydb,2026-07-12-04-49-46,1,ubuntu,small,0,8,doc_increment,80000,21707.586,0.33601543,0.052102998,0.1285835,0.218606,0.01327,88.46159,0.0,101.34200000000001,0.0,200.56,0.0,0.0,0.0,0.0,5
berkeleydb,2026-07-12-04-49-46,1,ubuntu,small,0,8,doc_insert,80000,24500.758,0.31087723,0.050217,0.232366,0.4304404,0.0056569995,88.50001,0.0,98.782,0.0,180.568,0.0,0.0,0.07000000000000028,0.0,5
berkeleydb,2026-07-12-04-49-46,1,ubuntu,small,0,8,doc_read,80000,63234.965,0.10208912,0.010476001,0.040578,0.083042696,0.0037719992,88.76066,0.0,101.56333333333333,0.0,167.02666666666667,0.0,0.0,0.0,0.0,3
berkeleydb,2026-07-12-04-49-46,1,ubuntu,small,0,8,doc_read_partial,80000,62384.906,0.115334935,0.010965,0.040578,0.0820657,0.0027940006,88.47361,0.0,100.715,0.0,190.9,0.0,0.0,0.0,0.0,4
berkeleydb,2026-07-12-04-49-46,1,ubuntu,small,0,8,doc_update_partial,80000,19688.783,0.37235796,0.055873998,0.135075,0.22810918,0.01341,88.43582,0.0,88.926,0.0,191.76,0.0,0.0,0.0,0.0,5
berkeleydb,2026-07-12-04-49-46,1,ubuntu,small,0,8,queue,160000,55.116505,144.79285,116.84208,355.86694,583.233,0.015225,4725.45,0.0,84.49651964162646,0.0,861.220355616816,0.0,0.0,1.4000000000000004,194560.0,1451
berkeleydb,2026-07-12-06-22-20,2,ubuntu,small,0,1,doc_delete,10000,73088.36,0.013682069,0.007543001,0.013693449,0.019905,0.0061459998,49.641804,0.0,148.18,0.0,71.92,0.0,0.0,0.0,0.0,1
berkeleydb,2026-07-12-06-22-20,2,ubuntu,small,0,1,doc_increment,10000,63728.38,0.015691597,0.0147359995,0.020534,0.028636688,0.012781,0.406486,0.0,148.18,0.0,71.92,0.0,0.0,0.0,0.0,1
berkeleydb,2026-07-12-06-22-20,2,ubuntu,small,0,1,doc_insert,10000,59241.684,0.016880006,0.007124,0.025772,0.036319688,0.0055869995,74.451294,0.0,139.38,0.0,55.85,0.0,0.0,0.0,0.0,1
berkeleydb,2026-07-12-06-22-20,2,ubuntu,small,0,1,doc_read,10000,153088.38,0.0065321745,0.0061459998,0.00866,0.014318,0.0052380003,0.050217,0.0,123.42,0.0,60.64,0.0,0.0,0.0,0.0,1
berkeleydb,2026-07-12-06-22-20,2,ubuntu,small,0,1,doc_read_partial,10000,150725.61,0.0066345725,0.006216,0.008664451,0.014388,0.0052379994,0.072357,0.0,123.42,0.0,60.64,0.0,0.0,0.0,0.0,1
berkeleydb,2026-07-12-06-22-20,2,ubuntu,small,0,1,doc_update_partial,10000,60991.4,0.016395755,0.015086,0.023816999,0.031429,0.01327,0.382879,0.0,115.26,0.0,44.38,0.0,0.0,0.0,0.0,1
berkeleydb,2026-07-12-06-22-20,2,ubuntu,small,0,1,queue,20000,45.39864,22.02709,20.275326,62.40643,74.85483,0.018508,216.4547,0.0,47.74135135135135,0.0,294.95828828828826,0.0,0.0,4.27,24365.97,222
berkeleydb,2026-07-12-06-22-20,2,ubuntu,small,0,2,doc_delete,20000,61095.176,0.028597271,0.019137,0.038274,0.050427,0.006147,83.3909,0.0,97.225,0.0,95.935,0.0,0.0,0.0,0.0,2
berkeleydb,2026-07-12-06-22-20,2,ubuntu,small,0,2,doc_increment,20000,97634.234,0.020459931,0.018578,0.031988,0.046166,0.014317,0.314362,0.0,163.08,0.0,76.57,0.0,0.0,0.0,0.0,1
berkeleydb,2026-07-12-06-22-20,2,ubuntu,small,0,2,doc_insert,20000,68102.055,0.029295566,0.011524,0.043302,0.063417,0.0060759992,81.6132,0.0,141.8,0.0,76.69,0.0,0.0,0.0,0.0,1
berkeleydb,2026-07-12-06-22-20,2,ubuntu,small,0,2,doc_read,20000,260724.52,0.007570844,0.007054,0.010965,0.017251,0.0046099992,0.066211,0.0,179.01,0.0,55.82,0.0,0.0,0.0,0.0,1
berkeleydb,2026-07-12-06-22-20,2,ubuntu,small,0,2,doc_read_partial,20000,263158.4,0.007489503,0.006704,0.01096945,0.019346,0.004679,0.347048,0.0,194.77,0.0,72.55,0.0,0.0,0.0,0.0,1
berkeleydb,2026-07-12-06-22-20,2,ubuntu,small,0,2,doc_update_partial,20000,93575.02,0.021366209,0.018858,0.034362,0.044002403,0.014248,0.303536,0.0,194.77,0.0,72.55,0.0,0.0,0.0,0.0,1
berkeleydb,2026-07-12-06-22-20,2,ubuntu,small,0,2,queue,40000,66.83516,29.352106,15.752009,91.07222,134.17613,0.014458,1260.6267,0.0,70.53983333333333,0.0,422.8186,0.0,0.0,2.21,48640.00000000001,300
berkeleydb,2026-07-12-06-22-20,2,ubuntu,small,0,4,doc_delete,40000,82124.42,0.047435876,0.030032,0.074732,0.10385669,0.0062160008,39.730335,0.0,152.345,0.0,128.285,0.0,0.0,0.0,0.0,2
berkeleydb,2026-07-12-06-22-20,2,ubuntu,small,0,4,doc_increment,40000,70814.36,0.055056874,0.028146,0.061111998,0.088211,0.013898999,49.502476,0.0,153.47500000000002,0.0,105.535,0.0,0.0,0.0,0.0,2
berkeleydb,2026-07-12-06-22-20,2,ubuntu,small,0,4,doc_insert,40000,78249.55,0.04775001,0.024724001,0.08884345,0.1382887,0.006076,34.839832,0.0,153.54,0.0,121.4,0.0,0.0,0.0,0.0,2
berkeleydb,2026-07-12-06-22-20,2,ubuntu,small,0,4,doc_read,40000,216451.53,0.014654149,0.0067749997,0.018229,0.03101,0.003841,48.878784,0.0,197.91,0.0,95.14,0.0,0.0,0.0,0.0,1
berkeleydb,2026-07-12-06-22-20,2,ubuntu,small,0,4,doc_read_partial,40000,222265.08,0.014464087,0.0066350005,0.018926999,0.03436201,0.00433,49.75223,0.0,194.45,0.0,67.78,0.0,0.0,0.0,0.0,1
berkeleydb,2026-07-12-06-22-20,2,ubuntu,small,0,4,doc_update_partial,40000,68439.7,0.056395385,0.029544,0.061601,0.08583601,0.013969,45.616375,0.0,201.87,0.0,136.64999999999998,0.0,0.0,0.0,0.0,2
berkeleydb,2026-07-12-06-22-20,2,ubuntu,small,0,4,queue,80000,72.13069,55.204674,38.843536,153.27205,235.52356,0.014806,1914.4083,0.0,87.37203603603604,0.0,591.4154954954954,0.0,0.0,1.3599999999999994,96870.4,555
berkeleydb,2026-07-12-06-22-20,2,ubuntu,small,0,8,doc_delete,80000,42389.27,0.16001081,0.058877,0.153514,0.2282457,0.0061459998,245.70316,0.0,144.11333333333334,0.0,171.17333333333332,0.0,0.0,0.0,0.0,3
berkeleydb,2026-07-12-06-22-20,2,ubuntu,small,0,8,doc_increment,80000,47209.406,0.15889464,0.049797,0.118452996,0.168949,0.013339999,82.14215,0.0,206.11,0.0,196.36666666666667,0.0,0.0,0.0,0.0,3
berkeleydb,2026-07-12-06-22-20,2,ubuntu,small,0,8,doc_insert,80000,50095.832,0.1515663,0.045747,0.20582946,0.3719852,0.005588001,120.70183,0.0,174.66666666666666,0.0,180.33333333333334,0.0,0.0,0.0,1024.0,3
berkeleydb,2026-07-12-06-22-20,2,ubuntu,small,0,8,doc_read,80000,139826.33,0.047322832,0.008661,0.030102002,0.052522,0.004260999,77.26687,0.0,199.865,0.0,175.75,0.0,0.0,0.0,0.0,2
berkeleydb,2026-07-12-06-22-20,2,ubuntu,small,0,8,doc_read_partial,80000,141189.3,0.042593684,0.00894,0.030521002,0.05475769,0.0041910005,75.61677,0.0,200.72,0.0,178.75,0.0,0.0,0.0,0.0,2
berkeleydb,2026-07-12-06-22-20,2,ubuntu,small,0,8,doc_update_partial,80000,46009.473,0.16231406,0.050635,0.115798,0.16762339,0.013340001,76.32874,0.0,205.17333333333332,0.0,207.4333333333333,0.0,0.0,0.0,0.0,3
berkeleydb,2026-07-12-06-22-20,2,ubuntu,small,0,8,queue,160000,70.87015,112.83893,99.24406,316.80875,572.0177,0.013969,1571.7272,0.0,102.44333923826395,0.0,840.5123117803366,0.0,0.0,2.3499999999999996,194560.0,1129
berkeleydb,2026-07-12-07-37-09,4,ubuntu,small,0,1,doc_delete,10000,34117.766,0.029310241,0.007682,0.013479001,0.01948669,0.0067050005,205.34824,0.0,147.87,0.0,80.62,0.0,0.0,0.0,0.0,1
berkeleydb,2026-07-12-07-37-09,4,ubuntu,small,0,1,doc_increment,10000,63165.188,0.015831504,0.014807,0.02060745,0.028636701,0.013270001,0.411512,0.0,171.67,0.0,56.46,0.0,0.0,0.0,0.0,1
berkeleydb,2026-07-12-07-37-09,4,ubuntu,small,0,1,doc_insert,10000,52953.996,0.018884316,0.0071239993,0.02570205,0.036807,0.0056569986,93.8894,0.0,135.37,0.0,49.42,0.0,0.0,0.0,0.0,1
berkeleydb,2026-07-12-07-37-09,4,ubuntu,small,0,1,doc_read,10000,151608.78,0.0065959245,0.006146001,0.00901,0.014457,0.0043300004,0.065093,0.0,274.17,0.0,39.64,0.0,0.0,0.0,0.0,1
berkeleydb,2026-07-12-07-37-09,4,ubuntu,small,0,1,doc_read_partial,10000,149283.38,0.0066986694,0.006216,0.009568,0.014388001,0.00475,0.049029,0.0,176.59,0.0,55.62,0.0,0.0,0.0,0.0,1
berkeleydb,2026-07-12-07-37-09,4,ubuntu,small,0,1,doc_update_partial,10000,62513.75,0.015996482,0.014807001,0.02284245,0.030033,0.013479001,0.378826,0.0,171.67,0.0,56.46,0.0,0.0,0.0,0.0,1
berkeleydb,2026-07-12-07-37-09,4,ubuntu,small,0,1,queue,20000,46.155594,21.665846,17.654404,64.418625,78.67206,0.01774,260.2524,0.0,48.486788990825694,0.0,322.8447247706422,0.0,0.0,1.42599609375,24366.48,218
berkeleydb,2026-07-12-07-37-09,4,ubuntu,small,0,2,doc_delete,20000,88887.82,0.022039182,0.020394,0.03994905,0.05384969,0.0067050005,8.3621,0.0,135.135,0.0,100.09,0.0,0.0,0.0,307.1999999999971,2
berkeleydb,2026-07-12-07-37-09,4,ubuntu,small,0,2,doc_increment,20000,99917.375,0.019989572,0.018089,0.031918,0.04400239,0.013759001,0.427156,0.0,238.59,0.0,85.14,0.0,0.0,0.0,0.0,1
berkeleydb,2026-07-12-07-37-09,4,ubuntu,small,0,2,doc_insert,20000,102408.71,0.019439867,0.011524,0.04323645,0.063347,0.0053080004,15.956072,0.0,250.43,0.0,85.05,0.0,0.0,0.0,0.0,1
berkeleydb,2026-07-12-07-37-09,4,ubuntu,small,0,2,doc_read,20000,258204.4,0.0077297455,0.0067749987,0.012012999,0.021511,0.004678999,0.145412,0.0,250.43,0.0,85.05,0.0,0.0,0.0,0.0,1
berkeleydb,2026-07-12-07-37-09,4,ubuntu,small,0,2,doc_read_partial,20000,259065.16,0.0077056536,0.0069840006,0.011313999,0.020883001,0.004678999,0.089678,0.0,271.05,0.0,75.88,0.0,0.0,0.0,0.0,1
berkeleydb,2026-07-12-07-37-09,4,ubuntu,small,0,2,doc_update_partial,20000,95346.414,0.020975778,0.018648,0.033944,0.0433727,0.013967999,0.36353,0.0,238.59,0.0,85.14,0.0,0.0,0.0,0.0,1
berkeleydb,2026-07-12-07-37-09,4,ubuntu,small,0,2,queue,40000,59.45388,33.636417,17.728046,112.90672,178.95529,0.014736,756.0911,0.0,64.88789940828403,0.0,428.80227810650894,0.0,0.0,1.5499999999999998,48537.6,338
berkeleydb,2026-07-12-07-37-09,4,ubuntu,small,0,4,doc_delete,40000,81447.91,0.04726954,0.030521002,0.074451,0.098967694,0.006216,88.76037,0.0,174.48,0.0,146.99,0.0,0.0,0.0,0.0,2
berkeleydb,2026-07-12-07-37-09,4,ubuntu,small,0,4,doc_increment,40000,110736.195,0.03577423,0.027656998,0.057833448,0.0777347,0.013829001,47.503872,0.0,299.1,0.0,136.1,0.0,0.0,0.0,0.0,1
berkeleydb,2026-07-12-07-37-09,4,ubuntu,small,0,4,doc_insert,40000,62977.336,0.061292224,0.024794001,0.087792,0.138497,0.0042599984,86.37721,0.0,254.58,0.0,119.6,0.0,0.0,0.0,0.0,1
berkeleydb,2026-07-12-07-37-09,4,ubuntu,small,0,4,doc_read,40000,466613.22,0.008307096,0.006286,0.018437998,0.032476,0.003841,0.111956,0.0,351.07,0.0,63.39,0.0,0.0,0.0,0.0,1
berkeleydb,2026-07-12-07-37-09,4,ubuntu,small,0,4,doc_read_partial,40000,454943.03,0.008427111,0.0066350005,0.018019,0.031499002,0.0041900002,0.088700004,0.0,326.21,0.0,135.9,0.0,0.0,0.0,0.0,1
berkeleydb,2026-07-12-07-37-09,4,ubuntu,small,0,4,doc_update_partial,40000,125846.07,0.03150073,0.028635,0.05762345,0.07480001,0.013758999,0.321064,0.0,312.655,0.0,136.0,0.0,0.0,0.0,0.0,2
berkeleydb,2026-07-12-07-37-09,4,ubuntu,small,0,4,queue,80000,76.06592,52.261433,18.991531,154.40916,335.43054,0.014597001,1893.3701,0.0,93.20994296577946,0.0,619.3456273764258,0.0,0.0,1.6499999999999995,96563.2,526
berkeleydb,2026-07-12-07-37-09,4,ubuntu,small,0,8,doc_delete,80000,83549.62,0.09308432,0.058109,0.143039,0.197096,0.006565,99.592285,0.0,199.74,0.0,153.795,0.0,0.0,0.0,1024.0,2
berkeleydb,2026-07-12-07-37-09,4,ubuntu,small,0,8,doc_increment,80000,94811.86,0.080805615,0.047423,0.108745,0.14960468,0.013269999,91.15583,0.0,351.525,0.0,198.75,0.0,0.0,0.0,0.0,2
berkeleydb,2026-07-12-07-37-09,4,ubuntu,small,0,8,doc_insert,80000,57159.293,0.12492751,0.047702,0.208551,0.3606718,0.0056570005,242.65808,0.0,270.14,0.0,175.86333333333334,0.0,0.0,0.0,0.0,3
berkeleydb,2026-07-12-07-37-09,4,ubuntu,small,0,8,doc_read,80000,296735.94,0.022607053,0.009569001,0.032896,0.062719,0.004260999,49.521107,0.0,394.88,0.0,70.79,0.0,0.0,0.0,0.0,1
berkeleydb,2026-07-12-07-37-09,4,ubuntu,small,0,8,doc_read_partial,80000,289483.0,0.02380733,0.00908,0.031499,0.05433869,0.004260999,47.006065,0.0,387.83,0.0,181.0,0.0,0.0,0.0,0.0,1
berkeleydb,2026-07-12-07-37-09,4,ubuntu,small,0,8,doc_update_partial,80000,95142.555,0.07777126,0.046584997,0.105044,0.145063,0.013758999,81.09245,0.0,402.79999999999995,0.0,224.55,0.0,0.0,0.0,0.0,2
berkeleydb,2026-07-12-07-37-09,4,ubuntu,small,0,8,queue,160000,70.88915,112.5458,104.92897,277.40018,391.47614,0.014807001,2287.2478,0.0,100.23102040816326,0.0,819.9689440993789,0.0,0.0,2.17,194560.0,1127
couchbase,2026-07-10-22-23-39,1,ubuntu,medium,0,1,doc_delete,10000,5198.096,0.19237812,0.178938,0.25380906,0.2895018,0.152606,1.157716,45.8,287.65,646.0999999999999,99.005,0.0,0.0,0.0,0.0,2
couchbase,2026-07-10-22-23-39,1,ubuntu,medium,0,1,doc_increment,10000,4006.056,0.24962208,0.254578,0.30388606,0.35620388,0.185991,0.880161,52.754999999999995,74.435,647.95,63.605000000000004,0.0,102.39999999999418,0.0,0.0,2
couchbase,2026-07-10-22-23-39,1,ubuntu,medium,0,1,doc_insert,10000,3012.3918,0.33196214,0.240329,0.38533,0.537099,0.207504,70.74744,73.89999999999999,177.48666666666668,643.1333333333333,79.84333333333333,0.0,102.39999999999418,0.0,0.0,3
couchbase,2026-07-10-22-23-39,1,ubuntu,medium,0,1,doc_read,10000,4750.532,0.21050273,0.2120085,0.26561648,0.3082912,0.161686,0.761287,36.8,190.21999999999997,653.25,63.94,0.0,0.0,0.0,0.0,2
couchbase,2026-07-10-22-23-39,1,ubuntu,medium,0,1,doc_read_partial,10000,3935.5803,0.25409213,0.247104,0.297538,0.31988308,0.178029,0.778538,31.155,186.08,652.2,58.05500000000001,0.0,0.0,0.0,0.0,2
couchbase,2026-07-10-22-23-39,1,ubuntu,medium,0,1,doc_update_partial,10000,2907.1274,0.3439822,0.345862,0.41863805,0.4518861,0.223777,0.936035,41.72666666666667,228.52666666666667,650.4666666666667,80.14666666666666,0.0,0.0,0.0,0.0,3
couchbase,2026-07-10-22-23-39,1,ubuntu,medium,0,1,mix_10W_90R,10000,2229.7288,0.44848505,0.2202495,0.35012645,0.5354342,0.15561001,61.375362,101.43133333333334,64.502,638.6666666666666,79.99600000000001,0.0,614.4000000000087,0.0,10.240000000000009,15
couchbase,2026-07-10-22-23-39,1,ubuntu,medium,0,1,mix_50W_50R,20000,2210.9875,0.45228657,0.243961,0.38106647,0.5581454,0.156867,64.185844,101.43133333333334,64.502,638.6666666666666,79.99600000000001,0.0,614.4000000000087,0.0,10.240000000000009,15
couchbase,2026-07-10-22-23-39,1,ubuntu,medium,0,1,mix_90W_10R,10000,1902.6514,0.5255824,0.2748315,0.40928948,0.6920194,0.179286,55.808044,101.43133333333334,64.502,638.6666666666666,79.99600000000001,0.0,614.4000000000087,0.0,10.240000000000009,15
couchbase,2026-07-10-22-23-39,1,ubuntu,medium,0,2,doc_delete,20000,6151.168,0.32044807,0.19996,0.29299796,0.4083048,0.153515,58.190025,103.28666666666668,183.85333333333332,649.9666666666667,169.4,0.0,0.0,0.0,0.0,3
couchbase,2026-07-10-22-23-39,1,ubuntu,medium,0,2,doc_increment,20000,4466.971,0.4473916,0.28234,0.418708,0.62887746,0.186271,65.89719,97.77000000000001,159.9325,652.625,133.325,0.0,204.79999999998836,0.0,0.0,4
couchbase,2026-07-10-22-23-39,1,ubuntu,medium,0,2,doc_insert,20000,7095.9604,0.27315873,0.2571615,0.364789,0.4232494,0.20771301,8.690901,69.04666666666667,325.0966666666667,647.1,133.4,0.0,102.39999999999418,0.0,0.0,3
couchbase,2026-07-10-22-23-39,1,ubuntu,medium,0,2,doc_read,20000,9413.038,0.20879477,0.205687,0.254787,0.30543068,0.157775,22.856089,64.10499999999999,284.86,653.5,97.835,0.0,102.40000000000873,0.0,0.0,2
couchbase,2026-07-10-22-23-39,1,ubuntu,medium,0,2,doc_read_partial,20000,8850.631,0.22136699,0.212322,0.286705,0.3413234,0.17335,1.136064,55.075,268.17,645.5,96.415,0.0,0.0,0.0,0.0,2
couchbase,2026-07-10-22-23-39,1,ubuntu,medium,0,2,doc_update_partial,20000,6557.5044,0.29724795,0.287683,0.36472,0.423457,0.22238,2.409161,75.68,301.05,647.3000000000001,133.53333333333333,0.0,0.0,0.0,0.0,3
couchbase,2026-07-10-22-23-39,1,ubuntu,medium,0,2,mix_10W_90R,20000,8513.983,0.22818525,0.206037,0.30570647,0.3869342,0.15114,36.26313,95.2525,144.72750000000002,640.4375,121.97375,0.0,102.40000000000873,0.0,0.0,8
couchbase,2026-07-10-22-23-39,1,ubuntu,medium,0,2,mix_50W_50R,40000,7934.657,0.23988403,0.23132001,0.316179,0.3740139,0.153515,27.623705,95.2525,144.72750000000002,640.4375,121.97375,0.0,102.40000000000873,0.0,0.0,8
couchbase,2026-07-10-22-23-39,1,ubuntu,medium,0,2,mix_90W_10R,20000,6604.3604,0.2858345,0.264705,0.34034407,0.4164054,0.171464,32.821552,95.2525,144.72750000000002,640.4375,121.97375,0.0,102.40000000000873,0.0,0.0,8
couchbase,2026-07-10-22-23-39,1,ubuntu,medium,0,4,doc_delete,40000,5061.826,0.7850299,0.26725352,0.40118048,0.76457137,0.160708,72.4066,101.088,240.414,727.3,228.08,0.0,102.39999999999418,0.0,0.0,5
couchbase,2026-07-10-22-23-39,1,ubuntu,medium,0,4,doc_increment,40000,4305.849,0.8795435,0.382111,0.565099,1.0078509,0.190392,72.37985,100.63,246.905,757.8000000000001,232.33333333333334,0.0,307.20000000001164,0.0,0.0,6
couchbase,2026-07-10-22-23-39,1,ubuntu,medium,0,4,doc_insert,40000,6594.289,0.5966647,0.382041,0.53912747,0.8537855,0.206456,56.419292,89.6925,275.5175,675.7,208.0,0.0,204.8000000000029,0.0,0.0,4
couchbase,2026-07-10-22-23-39,1,ubuntu,medium,0,4,doc_read,40000,9396.269,0.40978047,0.292013,0.397266,0.52026486,0.163153,54.433098,81.87666666666667,327.5933333333333,743.2666666666668,191.09333333333333,0.0,0.0,0.0,0.0,3
couchbase,2026-07-10-22-23-39,1,ubuntu,medium,0,4,doc_read_partial,40000,9775.574,0.38999608,0.314781,0.425552,0.58053535,0.172163,44.423706,69.73666666666666,356.2966666666667,740.2666666666668,184.98,0.0,0.0,0.0,10.240000000000009,3
couchbase,2026-07-10-22-23-39,1,ubuntu,medium,0,4,doc_update_partial,40000,6177.262,0.6199471,0.41381902,0.561816,0.8279201,0.220494,57.518757,89.976,326.884,743.4399999999999,230.28000000000003,0.0,204.79999999998836,0.0,0.0,5
couchbase,2026-07-10-22-23-39,1,ubuntu,medium,0,4,mix_10W_90R,40000,6256.5396,0.56066406,0.280908,0.44510806,0.6700051,0.15065199,69.999756,101.1972,152.7284,598.764,234.5504,0.0,614.4000000000087,0.0,0.0,25
couchbase,2026-07-10-22-23-39,1,ubuntu,medium,0,4,mix_50W_50R,80000,4272.6206,0.8936688,0.340764,0.5355585,0.9097096,0.159591,75.311104,101.1972,152.7284,598.764,234.5504,0.0,614.4000000000087,0.0,0.0,25
couchbase,2026-07-10-22-23-39,1,ubuntu,medium,0,4,mix_90W_10R,40000,3775.239,0.990217,0.379666,0.566775,40.05186,0.183826,75.14271,101.1972,152.7284,598.764,234.5504,0.0,614.4000000000087,0.0,0.0,25
couchbase,2026-07-10-22-23-39,1,ubuntu,medium,0,8,doc_delete,80000,5223.9683,1.4868205,0.390142,0.72448343,71.3164,0.155959,84.453,101.54333333333334,230.63555555555553,853.0444444444444,396.06444444444446,0.0,204.8000000000029,0.0,10.240000000000009,9
couchbase,2026-07-10-22-23-39,1,ubuntu,medium,0,8,doc_increment,80000,4053.939,1.956595,0.537231,1.007832,70.830376,0.200938,82.4175,101.17818181818183,271.1736363636364,976.5636363636364,431.1454545454546,0.0,512.0,0.0,0.0,11
couchbase,2026-07-10-22-23-39,1,ubuntu,medium,0,8,doc_insert,80000,4950.475,1.5740205,0.558742,0.98199004,56.294193,0.22238,78.58705,97.115,383.851,825.46,433.71999999999997,0.0,409.6000000000058,0.0,0.0,10
couchbase,2026-07-10-22-23-39,1,ubuntu,medium,0,8,doc_read,80000,5391.1724,1.4551076,0.43316498,0.7879775,67.1846,0.167344,78.09501,101.7011111111111,382.81888888888886,973.3333333333334,449.0111111111111,0.0,204.8000000000029,0.0,0.0,9
couchbase,2026-07-10-22-23-39,1,ubuntu,medium,0,8,doc_read_partial,80000,5254.5635,1.5006511,0.494767,0.8803725,64.81349,0.182639,74.81868,101.22777777777777,360.72555555555556,967.2777777777778,428.77777777777777,0.0,204.79999999998836,0.0,0.0,9
couchbase,2026-07-10-22-23-39,1,ubuntu,medium,0,8,doc_update_partial,80000,3513.4587,2.2288983,0.609868,1.11993,70.98228,0.2221,79.27556,101.79615384615384,283.64,965.0461538461539,447.34615384615387,0.0,512.0,0.0,0.0,13
couchbase,2026-07-10-22-23-39,1,ubuntu,medium,0,8,mix_10W_90R,80000,8129.4805,0.9280146,0.381621,0.66232353,1.2152026,0.158404,71.74518,100.43261904761906,252.81428571428575,639.6571428571428,448.89285714285717,0.0,819.1999999999971,0.0,10.240000000000009,42
couchbase,2026-07-10-22-23-39,1,ubuntu,medium,0,8,mix_50W_50R,160000,4833.146,1.5664442,0.47877198,0.8644451,67.79022,0.165597,80.05537,100.43261904761906,252.81428571428575,639.6571428571428,448.89285714285717,0.0,819.1999999999971,0.0,10.240000000000009,42
couchbase,2026-07-10-22-23-39,1,ubuntu,medium,0,8,mix_90W_10R,80000,4267.8643,1.8331037,0.534927,0.9711685,69.74021,0.20030901,80.21684,100.43261904761906,252.81428571428575,639.6571428571428,448.89285714285717,0.0,819.1999999999971,0.0,10.240000000000009,42
couchbase,2026-07-10-22-23-39,1,ubuntu,medium,10000,1,delete,10000,2717.2139,0.36802402,0.19689149,0.29572794,0.40232816,0.154636,55.498657,101.99666666666667,150.04,620.5333333333333,122.76666666666667,0.0,102.40000000000873,0.0,0.0,3
couchbase,2026-07-10-22-23-39,1,ubuntu,medium,10000,1,insert,10000,1823.5541,0.54837966,0.273441,0.40111947,0.6784025,0.204155,63.160477,100.59,95.885,631.9,105.225,0.0,102.40000000000146,0.0,0.0,4
couchbase,2026-07-10-22-23-39,1,ubuntu,medium,10000,1,read,10000,2740.0159,0.3649614,0.190465,0.306617,0.4461681,0.147023,60.726254,100.27,201.78,644.2333333333333,104.66666666666667,0.0,102.39999999999418,0.0,0.0,3
couchbase,2026-07-10-22-23-39,1,ubuntu,medium,10000,1,update,10000,1990.5886,0.502364,0.266526,0.40964746,0.6993583,0.208416,64.568306,100.9525,40.0475,630.35,104.375,0.0,204.8000000000029,0.0,0.0,4
couchbase,2026-07-10-22-23-39,1,ubuntu,medium,10000,2,delete,20000,8956.247,0.21791846,0.189767,0.270786,0.36312,0.148139,35.94711,74.945,325.22499999999997,667.4,188.0,0.0,0.0,0.0,0.0,2
couchbase,2026-07-10-22-23-39,1,ubuntu,medium,10000,2,insert,20000,4255.446,0.45489278,0.29121548,0.4180215,0.6229529,0.203946,60.213837,100.4375,182.5775,641.7,144.825,0.0,102.39999999999418,0.0,0.0,4
couchbase,2026-07-10-22-23-39,1,ubuntu,medium,10000,2,read,20000,9121.599,0.21562439,0.200592,0.25668848,0.3158437,0.15261,29.179693,59.225,230.0,670.95,157.9,0.0,0.0,0.0,0.0,2
couchbase,2026-07-10-22-23-39,1,ubuntu,medium,10000,2,update,20000,6980.308,0.28256541,0.2671545,0.36004698,0.43395627,0.207088,23.760538,98.44,157.88333333333333,671.9666666666667,158.43333333333334,0.0,102.39999999999418,0.0,0.0,3
couchbase,2026-07-10-22-23-39,1,ubuntu,medium,10000,4,delete,40000,4331.1787,0.8754055,0.308292,0.47885105,0.79269135,0.157429,75.85262,101.585,279.5,717.2166666666667,258.3,0.0,204.8000000000029,0.0,0.0,6
couchbase,2026-07-10-22-23-39,1,ubuntu,medium,10000,4,insert,40000,5883.8696,0.6661184,0.378696,0.5309,0.78282547,0.219102,51.902737,100.978,196.324,719.9399999999999,243.78000000000003,0.0,204.8000000000029,0.0,0.0,5
couchbase,2026-07-10-22-23-39,1,ubuntu,medium,10000,4,read,40000,9006.063,0.43201026,0.257446,0.36480045,0.5133592,0.147861,60.48464,81.79666666666667,206.98666666666668,764.9666666666667,220.86666666666667,0.0,102.40000000000873,0.0,0.0,3
couchbase,2026-07-10-22-23-39,1,ubuntu,medium,10000,4,update,40000,4325.686,0.87263674,0.383095,0.5707005,0.9204777,0.206739,72.30539,95.74,260.00166666666667,748.2166666666667,256.7,0.0,204.79999999998836,0.0,0.0,6
couchbase,2026-07-10-22-23-39,1,ubuntu,medium,10000,8,delete,80000,5282.617,1.4779085,0.380719,0.71185,71.73996,0.15659,80.73515,101.94777777777777,206.77222222222224,835.4333333333333,414.4222222222222,0.0,204.8000000000029,0.0,0.0,9
couchbase,2026-07-10-22-23-39,1,ubuntu,medium,10000,8,insert,80000,3602.6462,2.177125,0.56245553,1.026919,72.21979,0.219241,80.817924,101.25583333333333,237.74666666666667,769.6083333333332,455.85833333333335,0.0,409.6000000000058,0.0,10.240000000000009,12
couchbase,2026-07-10-22-23-39,1,ubuntu,medium,10000,8,read,80000,5459.4443,1.4462426,0.385469,0.6936255,71.02817,0.15561299,80.39392,101.99222222222222,351.29222222222216,956.0777777777779,473.72222222222223,0.0,307.1999999999971,0.0,0.0,9
couchbase,2026-07-10-22-23-39,1,ubuntu,medium,10000,8,update,80000,3769.4683,2.0704,0.550721,1.00192,71.369484,0.211557,81.7346,101.20583333333333,302.2658333333333,951.2666666666668,461.7583333333334,0.0,409.6000000000058,0.0,0.0,12
couchbase,2026-07-10-22-23-39,1,ubuntu,medium,100000,1,delete,100000,2948.9583,0.3391028,0.196331,0.288175,0.393919,0.151212,67.31647,95.32222222222222,57.515,872.8048888888889,104.31444444444443,0.0,819.1999999999971,0.0,0.0,18
couchbase,2026-07-10-22-23-39,1,ubuntu,medium,100000,1,insert,100000,2543.692,0.39312938,0.258282,0.36424047,0.4816454,0.202896,66.03426,90.83571428571429,59.99761904761905,769.0466666666666,103.37285714285714,0.0,1024.0,0.0,0.0,21
couchbase,2026-07-10-22-23-39,1,ubuntu,medium,100000,1,read,100000,5340.966,0.18723205,0.18305999,0.254301,0.28629,0.149256,0.696204,43.31363636363636,111.65636363636364,1045.3178181818182,105.0090909090909,0.0,0.0,0.0,0.0,11
couchbase,2026-07-10-22-23-39,1,ubuntu,medium,100000,1,update,100000,3959.9248,0.25253007,0.238028,0.30025807,0.352083,0.200382,53.022343,71.32214285714285,84.41499999999999,1053.4765714285713,102.54142857142857,0.0,716.8000000000029,0.0,10.240000000000009,14
couchbase,2026-07-10-22-23-39,1,ubuntu,medium,100000,2,delete,200000,4083.349,0.4868305,0.214699,0.32114,0.5204068,0.151212,71.90455,101.3096153846154,95.84576923076922,1135.6,163.1846153846154,0.0,1228.800000000003,0.0,10.240000000000009,26
couchbase,2026-07-10-22-23-39,1,ubuntu,medium,100000,2,insert,200000,5893.3486,0.3366929,0.275254,0.374432,0.47898868,0.201569,46.542442,98.40052631578946,148.44,1097.1555789473684,158.38947368421054,0.0,1126.3999999999942,0.0,0.0,19
couchbase,2026-07-10-22-23-39,1,ubuntu,medium,100000,2,read,200000,10284.476,0.19007613,0.18836899,0.25045902,0.2973257,0.14318,25.154266,74.58181818181818,185.81272727272727,1560.0174545454545,158.8272727272727,0.0,0.0,0.0,0.0,11
couchbase,2026-07-10-22-23-39,1,ubuntu,medium,100000,2,update,200000,5066.089,0.3776042,0.274905,0.380647,0.5221517,0.199194,68.225235,101.45380952380954,104.33285714285714,1574.912,152.75666666666666,0.0,1433.6000000000058,0.0,10.240000000000009,21
couchbase,2026-07-10-22-23-39,1,ubuntu,medium,100000,4,delete,400000,5962.526,0.6525052,0.27050298,0.398036,0.673918,0.150931,77.37693,101.69971428571428,160.27599999999998,1657.9424,259.71142857142854,3.0,921.5999999999913,0.0,10.240000000000009,35
couchbase,2026-07-10-22-23-39,1,ubuntu,medium,100000,4,insert,400000,4784.3457,0.8139977,0.391822,0.573974,0.9034975,0.20317501,77.335175,100.78886363636364,163.97727272727272,1487.0071818181818,260.2113636363636,0.0,2355.199999999997,0.0,0.0,44
couchbase,2026-07-10-22-23-39,1,ubuntu,medium,100000,4,read,400000,12803.791,0.31123862,0.234883,0.327845,0.44127,0.140665,47.47932,95.08588235294118,260.2852941176471,2580.2390588235294,260.63529411764705,0.0,0.0,0.0,10.240000000000009,17
couchbase,2026-07-10-22-23-39,1,ubuntu,medium,100000,4,update,400000,4248.8994,0.93183154,0.381205,0.581306,0.979622,0.20701599,74.286,101.34653061224489,143.2669387755102,2586.2060408163265,260.46938775510205,262.0,3788.800000000003,0.3000000000000007,10.240000000000009,49
couchbase,2026-07-10-22-23-39,1,ubuntu,medium,100000,8,delete,800000,5684.041,1.3715111,0.377641,0.717706,68.683464,0.15239699,83.64586,101.46366197183099,178.3749295774648,2847.603605633803,440.43788732394364,1136.6400000000003,2048.0,0.0,10.240000000000009,71
couchbase,2026-07-10-22-23-39,1,ubuntu,medium,100000,8,insert,800000,5013.5938,1.5858203,0.522636,0.943442,59.691338,0.206527,82.85836,101.19,229.37719512195122,2396.726731707317,470.5719512195122,136.0,4300.800000000003,0.0,10.240000000000009,82
couchbase,2026-07-10-22-23-39,1,ubuntu,medium,100000,8,read,800000,3886.1216,2.02146,0.592757,1.097234,70.507416,0.159312,2395.5293,100.45278846153846,154.42365384615385,3706.683076923077,455.74711538461537,2252.16,102.39999999999418,0.0,20.480000000000018,104
couchbase,2026-07-10-22-23-39,1,ubuntu,medium,100000,8,update,800000,4677.535,1.692405,0.524242,0.942112,66.907455,0.206945,83.91352,101.37875,215.01545454545456,3854.464,450.71727272727276,1290.2399999999998,5836.800000000003,0.0,20.480000000000018,88
couchbase,2026-07-10-22-23-39,1,ubuntu,small,0,1,doc_delete,10000,5373.5024,0.18609837,0.175514,0.24137504,0.2777651,0.154561,0.849704,44.754999999999995,365.79999999999995,613.8,102.44,0.0,0.0,0.0,0.0,2
couchbase,2026-07-10-22-23-39,1,ubuntu,small,0,1,doc_increment,10000,4066.837,0.24589136,0.232855,0.31507045,0.3796689,0.185362,0.870238,53.225,76.95,614.6,79.795,0.0,0.0,0.0,0.0,2
couchbase,2026-07-10-22-23-39,1,ubuntu,small,0,1,doc_insert,10000,4569.2295,0.21885528,0.213718,0.277624,0.3094037,0.172721,0.805703,47.065,188.06,621.4,84.87,0.0,0.0,0.0,0.0,2
couchbase,2026-07-10-22-23-39,1,ubuntu,small,0,1,doc_read,10000,4865.3516,0.20553498,0.203661,0.2628905,0.2955744,0.154492,1.283775,33.685,194.915,619.4,84.6,0.0,0.0,0.3000000000000007,0.0,2
couchbase,2026-07-10-22-23-39,1,ubuntu,small,0,1,doc_read_partial,10000,4713.7803,0.21214394,0.214207,0.27043,0.3000489,0.165736,5.000095,28.005,187.39,618.6,84.805,0.0,0.0,0.0,0.0,2
couchbase,2026-07-10-22-23-39,1,ubuntu,small,0,1,doc_update_partial,10000,4211.007,0.2374729,0.227617,0.309479,0.38260427,0.181242,0.815411,41.980000000000004,189.16000000000003,617.25,84.82,0.0,0.0,0.0,0.0,2
couchbase,2026-07-10-22-23-39,1,ubuntu,small,0,1,mix_10W_90R,10000,5226.9688,0.19131547,0.182289,0.2635265,0.31360626,0.14646,0.53674,67.255,89.94875,633.3375,84.97375,0.0,102.40000000000146,0.0,10.240000000000009,8
couchbase,2026-07-10-22-23-39,1,ubuntu,small,0,1,mix_50W_50R,20000,3362.77,0.2973739,0.20848,0.297808,0.39755207,0.147437,56.316532,67.255,89.94875,633.3375,84.97375,0.0,102.40000000000146,0.0,10.240000000000009,8
couchbase,2026-07-10-22-23-39,1,ubuntu,small,0,1,mix_90W_10R,10000,4487.2803,0.22285213,0.223706,0.2712715,0.30472788,0.153514,0.600156,67.255,89.94875,633.3375,84.97375,0.0,102.40000000000146,0.0,10.240000000000009,8
couchbase,2026-07-10-22-23-39,1,ubuntu,small,0,2,doc_delete,20000,8974.252,0.21172534,0.202404,0.26414844,0.30723768,0.152466,17.850908,69.5,238.76999999999998,591.25,145.7,0.0,0.0,0.0,0.0,2
couchbase,2026-07-10-22-23-39,1,ubuntu,small,0,2,doc_increment,20000,7644.424,0.24927166,0.238861,0.317225,0.4060668,0.187457,9.179331,86.21333333333332,234.39,591.3666666666667,108.12,0.0,102.39999999999418,0.0,0.0,3
couchbase,2026-07-10-22-23-39,1,ubuntu,small,0,2,doc_insert,20000,8237.176,0.24241745,0.231877,0.3052845,0.36534908,0.175235,24.11606,79.19333333333334,236.81333333333336,595.9,119.83333333333333,0.0,0.0,0.0,0.0,3
couchbase,2026-07-10-22-23-39,1,ubuntu,small,0,2,doc_read,20000,9698.054,0.20149253,0.195071,0.2587705,0.30382058,0.151418,1.323795,53.510000000000005,266.65999999999997,593.45,119.6,0.0,0.0,0.0,0.0,2
couchbase,2026-07-10-22-23-39,1,ubuntu,small,0,2,doc_read_partial,20000,8893.307,0.21913984,0.212251,0.27790305,0.30618998,0.165527,2.743694,43.96,264.645,593.15,119.5,0.0,0.0,0.0,0.0,2
couchbase,2026-07-10-22-23-39,1,ubuntu,small,0,2,doc_update_partial,20000,7374.5527,0.26239884,0.252341,0.324139,0.3725428,0.18990201,22.056194,83.43,140.905,592.65,102.15,0.0,0.0,0.0,0.0,2
couchbase,2026-07-10-22-23-39,1,ubuntu,small,0,2,mix_10W_90R,20000,9739.948,0.20405859,0.1912635,0.2669415,0.3196718,0.14632,20.288551,94.77857142857144,138.34,608.657142857143,112.94857142857143,0.0,102.40000000000146,0.0,0.0,7
couchbase,2026-07-10-22-23-39,1,ubuntu,small,0,2,mix_50W_50R,40000,8963.523,0.22216699,0.216232,0.28202745,0.332799,0.148904,20.327732,94.77857142857144,138.34,608.657142857143,112.94857142857143,0.0,102.40000000000146,0.0,0.0,7
couchbase,2026-07-10-22-23-39,1,ubuntu,small,0,2,mix_90W_10R,20000,8815.759,0.216157,0.206035,0.2687575,0.32086188,0.158193,12.718181,94.77857142857144,138.34,608.657142857143,112.94857142857143,0.0,102.40000000000146,0.0,0.0,7
couchbase,2026-07-10-22-23-39,1,ubuntu,small,0,4,doc_delete,40000,9401.916,0.41615802,0.245287,0.3680735,0.5226373,0.150161,51.22648,87.77,325.99,594.8666666666667,188.96666666666667,0.0,0.0,0.0,0.0,3
couchbase,2026-07-10-22-23-39,1,ubuntu,small,0,4,doc_increment,40000,5478.752,0.70818067,0.369677,0.552454,0.865209,0.195559,70.46628,98.682,218.058,596.1,181.88000000000002,0.0,102.40000000000146,0.0,0.0,5
couchbase,2026-07-10-22-23-39,1,ubuntu,small,0,4,doc_insert,40000,5252.924,0.7498443,0.321066,0.466478,0.78280896,0.177889,72.05938,93.67999999999999,235.09199999999996,596.6800000000001,181.16,0.0,102.40000000000146,0.0,0.0,5
couchbase,2026-07-10-22-23-39,1,ubuntu,small,0,4,doc_read,40000,5375.443,0.72381544,0.289148,0.44370905,0.74467635,0.15519,71.90971,100.686,275.252,599.62,189.0,0.0,102.40000000000146,0.0,0.0,5
couchbase,2026-07-10-22-23-39,1,ubuntu,small,0,4,doc_read_partial,40000,5736.6294,0.66951394,0.30172,0.441474,0.7139405,0.170206,65.39627,101.966,291.32800000000003,599.14,189.52,0.0,102.40000000000146,0.0,0.0,5
couchbase,2026-07-10-22-23-39,1,ubuntu,small,0,4,doc_update_partial,40000,3885.5579,1.0102658,0.369118,0.5746089,54.567066,0.193394,73.87857,101.16142857142857,171.89714285714285,596.6428571428571,179.25714285714284,0.0,102.39999999999418,0.0,0.0,7
couchbase,2026-07-10-22-23-39,1,ubuntu,small,0,4,mix_10W_90R,40000,9741.119,0.39907733,0.249477,0.376102,0.5583238,0.145133,53.498665,99.27428571428571,237.80142857142854,591.6785714285714,189.77857142857144,0.0,102.40000000000146,0.0,0.0,14
couchbase,2026-07-10-22-23-39,1,ubuntu,small,0,4,mix_50W_50R,80000,8780.112,0.4388281,0.288659,0.41682,0.61992335,0.15309401,54.18026,99.27428571428571,237.80142857142854,591.6785714285714,189.77857142857144,0.0,102.40000000000146,0.0,0.0,14
couchbase,2026-07-10-22-23-39,1,ubuntu,small,0,4,mix_90W_10R,40000,8152.546,0.47235283,0.320786,0.43490902,0.65051717,0.170975,46.957146,99.27428571428571,237.80142857142854,591.6785714285714,189.77857142857144,0.0,102.40000000000146,0.0,0.0,14
couchbase,2026-07-10-22-23-39,1,ubuntu,small,0,8,doc_delete,80000,5309.1963,1.4870144,0.391618,0.71206754,71.1818,0.156451,82.336,101.62,278.8388888888889,612.1333333333333,303.5333333333333,0.0,102.40000000000146,0.1999999999999993,10.240000000000009,9
couchbase,2026-07-10-22-23-39,1,ubuntu,small,0,8,doc_increment,80000,6594.432,1.172915,0.50288,0.806634,52.797215,0.192771,72.8252,97.69285714285715,379.9614285714286,613.8714285714286,298.7857142857143,0.0,0.0,0.0,0.0,7
couchbase,2026-07-10-22-23-39,1,ubuntu,small,0,8,doc_insert,80000,7392.43,1.0689477,0.470194,0.7564205,50.89544,0.182784,70.277084,86.91714285714285,448.7857142857143,607.0285714285714,318.85714285714283,0.0,0.0,0.0,0.0,7
couchbase,2026-07-10-22-23-39,1,ubuntu,small,0,8,doc_read,80000,10290.542,0.7694228,0.398184,0.571259,0.905339,0.163227,63.90793,82.602,475.54799999999994,612.96,317.62,0.0,0.0,0.0,0.0,5
couchbase,2026-07-10-22-23-39,1,ubuntu,small,0,8,doc_read_partial,80000,10706.763,0.74026006,0.423328,0.6059745,0.9269126,0.174192,58.369637,82.828,559.488,613.14,327.43999999999994,0.0,0.0,0.0,0.0,5
couchbase,2026-07-10-22-23-39,1,ubuntu,small,0,8,doc_update_partial,80000,6914.542,1.1410072,0.497014,0.8116664,52.187786,0.194378,68.33202,86.52142857142857,412.65999999999997,613.4285714285714,307.57142857142856,0.0,102.40000000000146,0.0,0.0,7
couchbase,2026-07-10-22-23-39,1,ubuntu,small,0,8,mix_10W_90R,80000,8347.805,0.90610284,0.359839,0.595426,1.0212766,0.15526,70.60899,99.3003448275862,320.8558620689655,593.696551724138,328.48275862068965,0.0,204.8000000000029,0.0,10.240000000000009,29
couchbase,2026-07-10-22-23-39,1,ubuntu,small,0,8,mix_50W_50R,160000,7973.9116,0.97110564,0.405715,0.65191,1.6247066,0.160568,71.441345,99.3003448275862,320.8558620689655,593.696551724138,328.48275862068965,0.0,204.8000000000029,0.0,10.240000000000009,29
couchbase,2026-07-10-22-23-39,1,ubuntu,small,0,8,mix_90W_10R,80000,7933.9854,0.9838881,0.412979,0.66057444,1.6965531,0.176283,74.69419,99.3003448275862,320.8558620689655,593.696551724138,328.48275862068965,0.0,204.8000000000029,0.0,10.240000000000009,29
couchbase,2026-07-10-22-23-39,1,ubuntu,small,10000,1,delete,10000,5439.6333,0.18383591,0.166226,0.25981846,0.31150007,0.153026,2.149688,55.83,245.33,371.4,69.015,0.0,8.899999999999991,0.0,0.0,2
couchbase,2026-07-10-22-23-39,1,ubuntu,small,10000,1,insert,10000,4562.711,0.21916796,0.211064,0.27476105,0.3205815,0.168949,4.046265,26.02,177.145,373.55,46.225,0.0,10.799999999999997,0.1999999999999993,0.0,2
couchbase,2026-07-10-22-23-39,1,ubuntu,small,10000,1,read,10000,5766.8228,0.1734057,0.157076,0.2410305,0.2769281,0.145273,20.165325,35.795,301.265,373.75,51.68,0.0,6.699999999999996,0.0,0.0,2
couchbase,2026-07-10-22-23-39,1,ubuntu,small,10000,1,update,10000,4210.3877,0.2375078,0.233484,0.30961645,0.3445344,0.169718,0.765965,44.735,189.685,372.3,51.37,0.0,9.399999999999999,0.20000000000000284,0.0,2
couchbase,2026-07-10-22-23-39,1,ubuntu,small,10000,2,delete,20000,9518.673,0.20725454,0.19521,0.258557,0.31059068,0.151838,22.59138,74.495,373.025,370.75,120.89,0.0,9.0,0.0,0.0,2
couchbase,2026-07-10-22-23-39,1,ubuntu,small,10000,2,insert,20000,8527.977,0.22733343,0.218049,0.28468245,0.32854,0.165108,23.15082,81.83,231.59333333333333,373.3666666666666,74.83666666666666,0.0,21.80000000000001,0.0,0.0,3
couchbase,2026-07-10-22-23-39,1,ubuntu,small,10000,2,read,20000,9938.387,0.18983027,0.18641,0.24130605,0.2900574,0.14178,3.969299,65.05,268.99,373.45000000000005,86.49000000000001,0.0,10.599999999999994,0.0,0.0,2
couchbase,2026-07-10-22-23-39,1,ubuntu,small,10000,2,update,20000,8833.671,0.22534055,0.218608,0.276926,0.335314,0.16846,15.930066,76.05666666666666,224.65666666666667,372.3666666666666,86.27,0.0,20.0,0.0,0.0,3
couchbase,2026-07-10-22-23-39,1,ubuntu,small,10000,4,delete,40000,9052.254,0.43781367,0.245287,0.330636,0.49994028,0.156448,55.077652,87.5775,399.5625,375.95,190.325,0.02001953125,15.0,0.0,0.2041015625,4
couchbase,2026-07-10-22-23-39,1,ubuntu,small,10000,4,insert,40000,7793.6836,0.5060665,0.307796,0.41598648,0.6246744,0.172931,53.83613,103.065,201.225,374.375,146.95,0.0,25.0,0.0,0.0,4
couchbase,2026-07-10-22-23-39,1,ubuntu,small,10000,4,read,40000,11211.545,0.34755188,0.23851301,0.332311,0.4501388,0.147229,45.305965,85.68666666666667,320.84,377.40000000000003,155.6,0.0,8.0,0.0,0.2041015625,3
couchbase,2026-07-10-22-23-39,1,ubuntu,small,10000,4,update,40000,7838.171,0.49096903,0.303676,0.4145195,0.591707,0.170347,54.91499,77.66,352.08500000000004,375.97499999999997,155.6,0.0,24.0,0.0,0.408203125,4
couchbase,2026-07-10-22-23-39,1,ubuntu,small,10000,8,delete,80000,8784.54,0.8933171,0.361925,0.582488,1.0023974,0.156448,71.51401,86.22500000000001,377.5883333333333,401.8,253.62833333333333,0.0,25.0,0.0,2.4699999999999998,6
couchbase,2026-07-10-22-23-39,1,ubuntu,small,10000,8,insert,80000,8463.446,0.9235043,0.4127,0.623563,1.1504539,0.179844,69.97865,89.06333333333333,466.945,386.6666666666667,288.8333333333333,0.004003906250000001,27.0,0.0,1.6935937499999998,6
couchbase,2026-07-10-22-23-39,1,ubuntu,small,10000,8,read,80000,11108.8,0.7086173,0.331892,0.50154,0.83896047,0.150301,67.67427,90.13,501.822,400.6,287.44,0.0,12.0,0.0,0.8300000000000001,5
couchbase,2026-07-10-22-23-39,1,ubuntu,small,10000,8,update,80000,9182.511,0.8549803,0.398802,0.58458304,1.0070801,0.175445,66.79593,85.60666666666667,516.15,401.25,294.0833333333333,0.0,33.0,0.0,0.8200000000000003,6
couchbase,2026-07-10-22-23-39,1,ubuntu,small,100000,1,delete,100000,5252.7905,0.190375,0.191369,0.251853,0.2890797,0.147647,6.646438,58.96000000000001,117.13727272727273,434.02727272727276,55.48454545454546,0.0,75.0,0.0,2.1000000000000014,11
couchbase,2026-07-10-22-23-39,1,ubuntu,small,100000,1,insert,100000,4583.222,0.2181871,0.221471,0.263726,0.306818,0.16427,14.473148,56.585,89.22916666666667,412.23333333333335,51.69166666666666,0.0,121.0,0.0,3.249999999999999,12
couchbase,2026-07-10-22-23-39,1,ubuntu,small,100000,1,read,100000,5213.809,0.19179836,0.167692,0.243402,0.292221,0.140314,43.571774,61.71909090909091,77.20363636363636,435.74545454545455,52.127272727272725,0.0,45.0,0.0,3.700000000000001,11
couchbase,2026-07-10-22-23-39,1,ubuntu,small,100000,1,update,100000,4792.7534,0.20864834,0.201077,0.258278,0.29313,0.163641,0.753952,55.740833333333335,96.22416666666668,435.35833333333335,51.62416666666667,0.0,105.0,0.0,2.0999999999999996,12
couchbase,2026-07-10-22-23-39,1,ubuntu,small,100000,2,delete,200000,7221.98,0.2742601,0.200378,0.304724,0.4077417,0.148415,68.46776,98.25733333333332,143.58333333333334,484.75333333333333,92.16000000000001,0.0,153.5999999999999,0.0,4.100000000000001,15
couchbase,2026-07-10-22-23-39,1,ubuntu,small,100000,2,insert,200000,8206.7705,0.2402859,0.222519,0.290755,0.36164668,0.163921,54.651405,97.44857142857143,156.725,460.89285714285717,84.74428571428572,0.0,174.0,0.0,2.0,14
couchbase,2026-07-10-22-23-39,1,ubuntu,small,100000,2,read,200000,8749.829,0.22549699,0.18187,0.24878,0.299486,0.143108,61.571487,84.42923076923077,123.8153846153846,495.6615384615385,84.34307692307692,0.0,63.0,0.0,4.199999999999999,13
couchbase,2026-07-10-22-23-39,1,ubuntu,small,100000,2,update,200000,8424.974,0.23321855,0.223287,0.278672,0.345721,0.164549,43.00563,96.32538461538462,153.7323076923077,496.3384615384615,87.51307692307692,0.0,172.20000000000005,0.0,4.099999999999998,13
couchbase,2026-07-10-22-23-39,1,ubuntu,small,100000,4,delete,400000,8108.448,0.48665828,0.254018,0.390142,0.6207627,0.152816,74.84307,98.9226923076923,196.72846153846152,521.2230769230769,160.74615384615385,0.0,256.0000000000002,0.0,8.200000000000003,26
couchbase,2026-07-10-22-23-39,1,ubuntu,small,100000,4,insert,400000,6629.781,0.5961648,0.299904,0.436796,0.710719,0.166086,74.162315,101.20935483870967,156.64000000000001,506.01612903225805,152.61548387096775,0.0,327.68000000000006,0.0,9.600000000000001,31
couchbase,2026-07-10-22-23-39,1,ubuntu,small,100000,4,read,400000,13340.539,0.29331243,0.22189,0.304165,0.401456,0.137939,55.168385,97.63235294117646,242.86352941176472,542.564705882353,153.1129411764706,0.0,20.480000000000018,0.0,2.799999999999997,17
couchbase,2026-07-10-22-23-39,1,ubuntu,small,100000,4,update,400000,6570.9795,0.5966548,0.308216,0.457191,0.717913,0.166924,76.18468,100.8390625,169.934375,545.890625,154.0328125,0.004003906249999998,358.39999999999986,0.0,13.100000000000001,32
couchbase,2026-07-10-22-23-39,1,ubuntu,small,100000,8,delete,800000,6943.425,1.1381087,0.372121,0.668045,58.51658,0.152188,81.119705,101.40542372881356,216.15101694915253,607.4627118644069,290.1428813559322,0.0,491.52,0.0,17.0,59
couchbase,2026-07-10-22-23-39,1,ubuntu,small,100000,8,insert,800000,6469.489,1.2278432,0.428206,0.767851,56.494164,0.171184,83.07913,101.39174603174604,237.79031746031748,569.0857142857143,293.7857142857143,0.0,583.6800000000003,0.0,16.89999999999999,63
couchbase,2026-07-10-22-23-39,1,ubuntu,small,100000,8,read,800000,12158.598,0.6538702,0.330286,0.460822,0.738517,0.147089,69.495224,100.5385294117647,350.04588235294113,648.8000000000001,291.4852941176471,0.0,10.239999999999782,0.0,11.600000000000009,34
couchbase,2026-07-10-22-23-39,1,ubuntu,small,100000,8,update,800000,6438.9707,1.2285593,0.423526,0.768409,56.281635,0.164899,81.760155,99.81875,253.91765625,655.7859375,294.7953125,0.0,788.48,0.0,20.799999999999997,64
couchbase,2026-07-10-22-23-39,1,ubuntu,small,1000000,1,delete,1000000,4326.6396,0.23112625,0.193045,0.261979,0.324349,0.148136,70.285446,75.95686440677966,61.02542372881356,631.4008474576272,57.74110169491525,0.0,2099.2000000000007,0.0,22.0,118
couchbase,2026-07-10-22-23-39,1,ubuntu,small,1000000,1,insert,1000000,4104.9834,0.24360634,0.218468,0.27532,0.342858,0.163362,65.92145,72.30048,63.48176,592.3216,55.603199999999994,0.0,2375.6800000000003,0.0,21.0,125
couchbase,2026-07-10-22-23-39,1,ubuntu,small,1000000,1,read,1000000,5573.7876,0.17941122,0.174257,0.236766,0.275668,0.1422,61.9731,38.5675,72.42771739130436,692.0315217391304,56.59271739130435,0.0,51.20000000000073,0.0,20.0,92
couchbase,2026-07-10-22-23-39,1,ubuntu,small,1000000,1,update,1000000,4158.368,0.24047893,0.216721,0.272805,0.337549,0.16559699,66.07925,70.11790322580646,66.67379032258064,707.2935483870967,56.898790322580645,0.0,2508.7999999999993,0.0,21.0,124
couchbase,2026-07-10-22-23-39,1,ubuntu,small,1000000,2,delete,2000000,6969.999,0.28603867,0.202404,0.285516,0.395169,0.148346,71.539604,101.24075342465753,107.54595890410958,799.9219178082192,96.34383561643835,0.0,3072.0,0.0,38.0,146
couchbase,2026-07-10-22-23-39,1,ubuntu,small,1000000,2,insert,2000000,7095.096,0.28041795,0.222798,0.305282,0.411303,0.160778,72.768585,100.73510344827586,117.28806896551724,733.5455172413793,92.70551724137931,0.0,2764.7999999999993,0.0,39.0,145
couchbase,2026-07-10-22-23-39,1,ubuntu,small,1000000,2,read,2000000,11120.424,0.17908187,0.175863,0.236697,0.278602,0.139266,12.403,73.29826086956521,141.6488043478261,963.758695652174,93.99195652173913,0.0,0.0,0.0,39.0,92
couchbase,2026-07-10-22-23-39,1,ubuntu,small,1000000,2,update,2000000,7075.219,0.28053862,0.223217,0.305073,0.407601,0.163082,70.93112,100.44737931034483,118.88448275862069,974.9682758620689,94.52331034482758,0.0,3276.800000000001,0.0,47.0,145
couchbase,2026-07-10-22-23-39,1,ubuntu,small,1000000,4,delete,4000000,7055.271,0.5489275,0.260234,0.387557,0.632425,0.147926,79.79651,101.85702797202798,143.56944055944055,1082.3126293706293,168.90416083916082,0.0,5017.5999999999985,0.0,85.0,286
couchbase,2026-07-10-22-23-39,1,ubuntu,small,1000000,4,insert,4000000,7265.305,0.54807526,0.29697,0.453838,0.731253,0.164409,75.54809,101.57114285714285,167.7597857142857,981.0123428571429,166.38339285714287,0.0,4812.799999999999,0.0,84.0,280
couchbase,2026-07-10-22-23-39,1,ubuntu,small,1000000,4,read,4000000,14674.322,0.2716445,0.220703,0.295923,0.385951,0.140803,73.603134,101.58043165467626,244.3997122302158,1469.1600575539567,169.03309352517985,0.0,0.0,0.0,79.0,139
couchbase,2026-07-10-22-23-39,1,ubuntu,small,1000000,4,update,4000000,6494.2695,0.61146265,0.30151,0.433165,0.7033867,0.163012,79.08524,101.7100641025641,154.26448717948716,1482.942358974359,170.05993589743588,0.0,6246.4000000000015,0.0,84.0,312
couchbase,2026-07-10-22-23-39,1,ubuntu,small,1000000,8,delete,8000000,6852.5054,1.1586732,0.371352,0.670069,57.974735,0.14632,85.62294,101.8257337883959,209.8412627986348,1589.0381092150171,323.5338566552901,77.0,8601.599999999999,0.0,163.84000000000015,586
couchbase,2026-07-10-22-23-39,1,ubuntu,small,1000000,8,insert,8000000,6687.9966,1.1884482,0.425621,0.750865,56.844532,0.165107,83.6587,101.8042880794702,240.33264900662255,1481.7940728476822,312.4302649006623,47.87197265625,7680.0,1.5,161.0,604
couchbase,2026-07-10-22-23-39,1,ubuntu,small,1000000,8,read,8000000,12209.057,0.648705,0.331542,0.463264,0.741657,0.140592,82.47766,102.29666666666667,333.44993939393936,2439.4410666666668,317.054696969697,0.0,0.0,0.0,181.72000000000003,330
couchbase,2026-07-10-22-23-39,1,ubuntu,small,1000000,8,update,8000000,6293.644,1.2675574,0.426318,0.764286,57.98601,0.165876,85.011734,101.77566302652106,228.0265054602184,2450.689198127925,322.60436817472697,130.1,11264.0,1.5999999999999979,174.07999999999993,641
couchbase,2026-07-11-03-48-21,2,ubuntu,medium,0,1,doc_delete,10000,4827.525,0.20714551,0.20051849,0.27273506,0.3478198,0.15135,2.998416,176.79000000000002,211.19,919.05,124.95,0.0,0.0,0.0,0.0,2
couchbase,2026-07-11-03-48-21,2,ubuntu,medium,0,1,doc_increment,10000,3912.6428,0.25558174,0.244939,0.33267495,0.47598708,0.19514,2.144938,176.53,216.52666666666667,926.3000000000001,124.89999999999999,0.0,1024.0,0.0,0.0,3
couchbase,2026-07-11-03-48-21,2,ubuntu,medium,0,1,doc_insert,10000,3880.022,0.25773048,0.249688,0.31729507,0.39510068,0.208829,1.24781,111.94333333333333,152.70000000000002,942.9666666666667,124.33333333333333,0.0,0.0,0.0,0.0,3
couchbase,2026-07-11-03-48-21,2,ubuntu,medium,0,1,doc_read,10000,4820.886,0.20743074,0.201357,0.27329844,0.3443257,0.158473,1.019773,95.60499999999999,199.765,942.8499999999999,124.6,0.0,0.0,0.0,0.0,2
couchbase,2026-07-11-03-48-21,2,ubuntu,medium,0,1,doc_read_partial,10000,4670.8623,0.21409324,0.201147,0.2705735,0.3603187,0.170625,0.801724,89.9,187.755,933.8,124.65,0.0,0.0,0.0,0.0,2
couchbase,2026-07-11-03-48-21,2,ubuntu,medium,0,1,doc_update_partial,10000,3483.9714,0.28702876,0.2773805,0.359836,0.427576,0.224265,2.674696,183.495,71.19,929.0,97.82,0.0,0.0,0.0,0.0,2
couchbase,2026-07-11-03-48-21,2,ubuntu,medium,0,1,mix_10W_90R,10000,4824.7905,0.20726289,0.191858,0.29446048,0.3608847,0.154003,0.538487,119.02375,125.8125,989.1475,124.525,0.0,0.0,0.0,0.0,8
couchbase,2026-07-11-03-48-21,2,ubuntu,medium,0,1,mix_50W_50R,20000,4358.7563,0.22942322,0.226709,0.305422,0.36988768,0.156378,0.831337,119.02375,125.8125,989.1475,124.525,0.0,0.0,0.0,0.0,8
couchbase,2026-07-11-03-48-21,2,ubuntu,medium,0,1,mix_90W_10R,10000,3812.1892,0.26231647,0.251155,0.349214,0.4268111,0.169509,0.693258,119.02375,125.8125,989.1475,124.525,0.0,0.0,0.0,0.0,8
couchbase,2026-07-11-03-48-21,2,ubuntu,medium,0,2,doc_delete,20000,10036.624,0.19600816,0.19074,0.25283447,0.2924324,0.149673,2.368016,73.44,328.65,915.6,170.8,0.0,0.0,0.0,10.240000000000009,2
couchbase,2026-07-11-03-48-21,2,ubuntu,medium,0,2,doc_increment,20000,7650.372,0.2572991,0.250037,0.33378246,0.385462,0.188784,0.814156,90.51499999999999,146.92000000000002,916.05,144.5,0.0,0.0,0.0,0.0,2
couchbase,2026-07-11-03-48-21,2,ubuntu,medium,0,2,doc_insert,20000,5667.327,0.3502944,0.309194,0.43638048,0.57829934,0.215674,19.992048,194.03666666666666,224.79666666666665,900.9,178.13333333333333,0.0,0.0,0.0,0.0,3
couchbase,2026-07-11-03-48-21,2,ubuntu,medium,0,2,doc_read,20000,8691.482,0.2266241,0.214906,0.295365,0.3770156,0.161476,10.790275,171.17000000000002,270.95,918.45,135.405,0.0,0.0,0.0,0.0,2
couchbase,2026-07-11-03-48-21,2,ubuntu,medium,0,2,doc_read_partial,20000,7417.2695,0.26322627,0.255485,0.35396555,0.4229684,0.181382,1.140321,164.81,301.4733333333333,916.1,178.4,0.0,1024.0,0.0,0.0,3
couchbase,2026-07-11-03-48-21,2,ubuntu,medium,0,2,doc_update_partial,20000,5391.6953,0.3674093,0.316527,0.479051,0.6199958,0.216093,18.95635,144.32333333333335,293.99333333333334,915.1999999999999,177.86666666666667,0.0,0.0,0.0,0.0,3
couchbase,2026-07-11-03-48-21,2,ubuntu,medium,0,2,mix_10W_90R,20000,8987.327,0.22036597,0.21302,0.307028,0.3451627,0.153584,0.572081,130.88222222222223,166.45888888888888,903.8333333333334,172.41111111111113,0.0,0.0,0.0,0.0,9
couchbase,2026-07-11-03-48-21,2,ubuntu,medium,0,2,mix_50W_50R,40000,7655.997,0.25002626,0.245637,0.33021605,0.3719827,0.154981,0.950279,130.88222222222223,166.45888888888888,903.8333333333334,172.41111111111113,0.0,0.0,0.0,0.0,9
couchbase,2026-07-11-03-48-21,2,ubuntu,medium,0,2,mix_90W_10R,20000,6938.134,0.27526265,0.27291048,0.34195,0.3863704,0.172092,0.632146,130.88222222222223,166.45888888888888,903.8333333333334,172.41111111111113,0.0,0.0,0.0,0.0,9
couchbase,2026-07-11-03-48-21,2,ubuntu,medium,0,4,doc_delete,40000,14239.219,0.27698755,0.248291,0.35508007,0.4518925,0.154003,18.241234,137.92999999999998,601.7833333333333,1030.264,328.3666666666666,0.0,0.0,0.0,0.0,3
couchbase,2026-07-11-03-48-21,2,ubuntu,medium,0,4,doc_increment,40000,10418.999,0.35180408,0.3456865,0.494416,0.5743867,0.183407,8.219576,157.16666666666666,406.17,1039.7013333333332,285.23333333333335,0.0,0.0,0.0,0.0,3
couchbase,2026-07-11-03-48-21,2,ubuntu,medium,0,4,doc_insert,40000,9735.488,0.39944834,0.3730295,0.53730345,0.6491187,0.227618,17.153503,174.5,368.5225,985.8399999999999,258.475,0.0,0.0,0.0,0.0,4
couchbase,2026-07-11-03-48-21,2,ubuntu,medium,0,4,doc_read,40000,13291.601,0.28887457,0.278603,0.390141,0.4595657,0.160778,14.377885,182.57666666666668,345.0233333333333,1033.2160000000001,249.76666666666665,0.0,1024.0,0.0,0.0,3
couchbase,2026-07-11-03-48-21,2,ubuntu,medium,0,4,doc_read_partial,40000,11487.846,0.3293244,0.321975,0.4461585,0.523478,0.175724,13.658017,155.77,421.4766666666667,1031.5093333333332,285.43333333333334,0.0,0.0,0.0,0.0,3
couchbase,2026-07-11-03-48-21,2,ubuntu,medium,0,4,doc_update_partial,40000,9384.935,0.41822803,0.399221,0.575853,0.6551947,0.227129,15.811686,166.89,373.97249999999997,1031.936,268.25,0.0,0.0,0.0,0.0,4
couchbase,2026-07-11-03-48-21,2,ubuntu,medium,0,4,mix_10W_90R,40000,12404.346,0.3151541,0.282025,0.408719,0.494137,0.158892,27.790894,188.0390909090909,315.09727272727275,900.8545454545455,268.94545454545454,0.0,0.0,0.0,0.0,11
couchbase,2026-07-11-03-48-21,2,ubuntu,medium,0,4,mix_50W_50R,80000,11521.951,0.3430252,0.325747,0.447692,0.517185,0.164201,23.2683,188.0390909090909,315.09727272727275,900.8545454545455,268.94545454545454,0.0,0.0,0.0,0.0,11
couchbase,2026-07-11-03-48-21,2,ubuntu,medium,0,4,mix_90W_10R,40000,9001.684,0.4117067,0.373309,0.492461,0.6164355,0.187179,30.623713,188.0390909090909,315.09727272727275,900.8545454545455,268.94545454545454,0.0,0.0,0.0,0.0,11
couchbase,2026-07-11-03-48-21,2,ubuntu,medium,0,8,doc_delete,80000,10573.324,0.74249893,0.388115,0.620413,0.98310953,0.169019,56.287067,179.68800000000002,443.338,1155.568,414.22200000000004,0.0,0.0,0.0,0.0,5
couchbase,2026-07-11-03-48-21,2,ubuntu,medium,0,8,doc_increment,80000,12424.817,0.6314106,0.5226325,0.709392,1.0507977,0.197027,26.86157,159.632,723.788,1262.1824000000001,487.66,0.0,1024.0,0.0,0.0,5
couchbase,2026-07-11-03-48-21,2,ubuntu,medium,0,8,doc_insert,80000,7291.929,1.0796285,0.579345,0.89441997,40.086586,0.236697,54.806816,186.14857142857142,518.0414285714286,1097.3308571428572,499.38571428571424,0.0,1024.0,0.0,0.0,7
couchbase,2026-07-11-03-48-21,2,ubuntu,medium,0,8,doc_read,80000,18943.451,0.4139561,0.406135,0.507896,0.636896,0.16874,10.18963,143.3425,883.8025,1250.816,499.25,0.0,0.0,0.0,0.0,4
couchbase,2026-07-11-03-48-21,2,ubuntu,medium,0,8,doc_read_partial,80000,16756.754,0.46700957,0.459844,0.579415,0.70520335,0.182638,8.688221,135.63,829.285,1248.0,499.775,0.0,0.0,0.0,0.0,4
couchbase,2026-07-11-03-48-21,2,ubuntu,medium,0,8,doc_update_partial,80000,10234.433,0.77360266,0.59073,0.7971185,1.2378927,0.243891,33.707554,172.378,582.654,1252.1472,429.96000000000004,0.0,0.0,0.0,10.240000000000009,5
couchbase,2026-07-11-03-48-21,2,ubuntu,medium,0,8,mix_10W_90R,80000,10019.104,0.76684123,0.413539,0.660851,1.0498931,0.168949,56.773518,200.89208333333332,445.23583333333335,966.9095000000001,485.31666666666666,0.0,1024.0,0.0,10.240000000000009,24
couchbase,2026-07-11-03-48-21,2,ubuntu,medium,0,8,mix_50W_50R,160000,11164.491,0.6981156,0.47514,0.71630603,1.0817237,0.192417,54.431828,200.89208333333332,445.23583333333335,966.9095000000001,485.31666666666666,0.0,1024.0,0.0,10.240000000000009,24
couchbase,2026-07-11-03-48-21,2,ubuntu,medium,0,8,mix_90W_10R,80000,7906.852,0.98457384,0.544773,0.8356015,18.135382,0.219027,56.894066,200.89208333333332,445.23583333333335,966.9095000000001,485.31666666666666,0.0,1024.0,0.0,10.240000000000009,24
couchbase,2026-07-11-03-48-21,2,ubuntu,medium,10000,1,delete,10000,5058.768,0.19767657,0.185152,0.2706425,0.3455835,0.154911,3.264433,115.07,196.67,866.3,116.95,0.0,0.0,0.0,0.0,2
couchbase,2026-07-11-03-48-21,2,ubuntu,medium,10000,1,insert,10000,3609.6355,0.27703628,0.274481,0.331612,0.39329347,0.207222,0.755555,94.955,69.47999999999999,854.7,109.75999999999999,0.0,1024.0,0.0,0.0,2
couchbase,2026-07-11-03-48-21,2,ubuntu,medium,10000,1,read,10000,5386.9307,0.18563448,0.1700315,0.25374144,0.3118477,0.145132,0.963964,38.239999999999995,191.82,867.05,116.10499999999999,0.0,0.0,0.0,0.0,2
couchbase,2026-07-11-03-48-21,2,ubuntu,medium,10000,1,update,10000,4019.0205,0.24881685,0.240607,0.29906848,0.36960667,0.206105,0.800044,69.86500000000001,187.195,866.3499999999999,106.265,0.0,0.0,0.0,0.0,2
couchbase,2026-07-11-03-48-21,2,ubuntu,medium,10000,2,delete,20000,7540.1704,0.25832382,0.220632,0.3232345,0.42911687,0.151139,19.703102,197.615,176.865,909.25,153.3,0.0,0.0,0.0,0.0,2
couchbase,2026-07-11-03-48-21,2,ubuntu,medium,10000,2,insert,20000,5409.4624,0.36340806,0.304513,0.44755,0.574461,0.205756,28.45086,185.21333333333334,225.23666666666668,884.9666666666667,164.46666666666667,0.0,0.0,0.0,0.0,3
couchbase,2026-07-11-03-48-21,2,ubuntu,medium,10000,2,read,20000,8999.936,0.21044734,0.193323,0.29243,0.355707,0.148206,14.668092,163.72500000000002,296.21999999999997,914.6500000000001,150.55,0.0,0.0,0.0,0.0,2
couchbase,2026-07-11-03-48-21,2,ubuntu,medium,10000,2,update,20000,5665.9497,0.35104623,0.303256,0.420102,0.54624677,0.209876,17.796822,175.90666666666667,298.19666666666666,915.2333333333332,180.53333333333333,0.0,0.0,0.0,0.0,3
couchbase,2026-07-11-03-48-21,2,ubuntu,medium,10000,4,delete,40000,13893.802,0.27806872,0.272735,0.343624,0.4122814,0.160987,13.386627,120.55,683.6533333333333,974.7666666666668,349.06666666666666,0.0,0.0,0.0,0.0,3
couchbase,2026-07-11-03-48-21,2,ubuntu,medium,10000,4,insert,40000,7568.0083,0.5212773,0.380571,0.515227,0.742634,0.207642,45.378708,170.435,337.98249999999996,936.025,267.25,0.0,1024.0,0.0,0.0,4
couchbase,2026-07-11-03-48-21,2,ubuntu,medium,10000,4,read,40000,15657.425,0.24774246,0.237115,0.35787207,0.39356267,0.157146,1.612103,113.1,401.07,987.85,207.0,0.0,0.0,0.0,0.0,2
couchbase,2026-07-11-03-48-21,2,ubuntu,medium,10000,4,update,40000,10369.858,0.3721961,0.371072,0.45656,0.51124835,0.207012,3.797472,130.88333333333333,388.87999999999994,984.8666666666667,233.23333333333332,0.0,0.0,0.0,0.0,3
couchbase,2026-07-11-03-48-21,2,ubuntu,medium,10000,8,delete,80000,10542.474,0.742275,0.380641,0.61943203,1.0254407,0.163711,59.734352,197.18800000000002,428.842,1115.5656,428.32,0.0,0.0,0.0,0.0,5
couchbase,2026-07-11-03-48-21,2,ubuntu,medium,10000,8,insert,80000,10538.66,0.7497675,0.536181,0.7572346,1.1679764,0.241026,37.24564,174.794,583.264,1044.2448,412.66999999999996,0.0,0.0,0.0,0.0,5
couchbase,2026-07-11-03-48-21,2,ubuntu,medium,10000,8,read,80000,19427.926,0.39716434,0.370724,0.480377,0.67593634,0.163571,26.100464,153.20499999999998,766.2375,1196.288,467.95,0.0,0.0,0.0,0.0,4
couchbase,2026-07-11-03-48-21,2,ubuntu,medium,10000,8,update,80000,10669.688,0.7378361,0.530313,0.74173045,1.1310318,0.236766,49.988605,183.934,585.8059999999999,1199.104,453.53999999999996,0.0,1024.0,0.0,0.0,5
couchbase,2026-07-11-03-48-21,2,ubuntu,medium,100000,1,delete,100000,4895.0884,0.20428641,0.19954,0.264773,0.3193914,0.150999,18.827929,160.90333333333334,111.09416666666668,1107.605,137.75,0.0,1024.0,0.0,10.240000000000009,12
couchbase,2026-07-11-03-48-21,2,ubuntu,medium,100000,1,insert,100000,3754.4905,0.26634774,0.26142,0.321974,0.39691567,0.202124,12.40737,144.03133333333332,96.83666666666666,1063.8157333333334,133.14666666666668,0.0,1024.0,0.0,10.240000000000009,15
couchbase,2026-07-11-03-48-21,2,ubuntu,medium,100000,1,read,100000,5610.1226,0.17824923,0.161197,0.248989,0.28321168,0.149113,0.730692,41.42,95.049,1279.5904,132.94,0.0,0.0,0.0,0.0,10
couchbase,2026-07-11-03-48-21,2,ubuntu,medium,100000,1,update,100000,3984.84,0.25095108,0.245217,0.299484,0.32826,0.199889,0.940988,80.58357142857143,88.03142857142858,1287.8994285714286,130.03357142857143,0.0,1024.0,0.0,0.0,14
couchbase,2026-07-11-03-48-21,2,ubuntu,medium,100000,2,delete,200000,8235.507,0.2426502,0.210785,0.29068846,0.3754768,0.15072,32.9244,188.9776923076923,149.30923076923077,1427.6301538461537,179.40076923076924,0.0,1024.0,0.0,0.0,13
couchbase,2026-07-11-03-48-21,2,ubuntu,medium,100000,2,insert,200000,6912.896,0.28448495,0.273224,0.348724,0.422966,0.198562,23.38222,147.629375,154.43625,1310.407,183.675,0.0,1024.0,0.0,0.0,16
couchbase,2026-07-11-03-48-21,2,ubuntu,medium,100000,2,read,200000,10670.148,0.18595098,0.187108,0.24389,0.291243,0.145412,1.329173,87.33090909090909,167.50636363636363,1793.6756363636364,182.29999999999998,0.0,0.0,0.0,0.0,11
couchbase,2026-07-11-03-48-21,2,ubuntu,medium,100000,2,update,200000,6870.132,0.28771794,0.272456,0.36283547,0.453627,0.197095,34.8348,156.55875,140.385,1809.408,183.35,0.0,2048.0,0.0,10.240000000000009,16
couchbase,2026-07-11-03-48-21,2,ubuntu,medium,100000,4,delete,400000,9517.326,0.41387352,0.273434,0.386928,0.5591607,0.156238,47.172596,204.78454545454545,216.61818181818182,1989.692727272727,290.2,0.0,2048.0,0.0,10.240000000000009,22
couchbase,2026-07-11-03-48-21,2,ubuntu,medium,100000,4,insert,400000,8093.4,0.4829858,0.382597,0.52025706,0.6686737,0.205198,46.584488,198.72777777777776,245.05814814814815,1777.018074074074,286.6333333333333,0.0,3072.0,0.0,10.240000000000009,27
couchbase,2026-07-11-03-48-21,2,ubuntu,medium,100000,4,read,400000,16449.254,0.23868386,0.235789,0.300812,0.34139,0.148066,3.907901,134.32538461538462,294.3892307692308,2804.893538461539,283.25384615384615,0.0,0.0,0.0,0.0,13
couchbase,2026-07-11-03-48-21,2,ubuntu,medium,100000,4,update,400000,10901.012,0.36495343,0.358921,0.462148,0.5218647,0.206175,12.709393,182.6695,306.7105,2832.8448,284.23249999999996,0.0,2048.0,0.0,20.480000000000018,20
couchbase,2026-07-11-03-48-21,2,ubuntu,medium,100000,8,delete,800000,10616.13,0.7422006,0.382249,0.628444,1.004547,0.15093,64.09106,202.65076923076924,340.055641025641,3262.5427692307694,485.5707692307692,249.0,3072.0,0.0,20.480000000000018,39
couchbase,2026-07-11-03-48-21,2,ubuntu,medium,100000,8,insert,800000,9576.054,0.8245975,0.53674,0.805425,1.3217062,0.214277,102.665405,202.1188636363636,441.16909090909087,2686.1934545454546,498.72272727272724,0.0,4096.0,0.0,10.240000000000009,44
couchbase,2026-07-11-03-48-21,2,ubuntu,medium,100000,8,read,800000,8389.836,0.94174063,0.567471,0.773018,1.3566979,0.158543,1745.163,200.6934693877551,312.3904081632653,4132.362448979592,501.01224489795914,0.0,0.0,0.0,20.480000000000018,49
couchbase,2026-07-11-03-48-21,2,ubuntu,medium,100000,8,update,800000,9088.194,0.86921155,0.537229,0.80745,1.3723422,0.210785,68.879105,204.04347826086956,416.7047826086956,4232.013913043478,495.6217391304348,133.0,6144.0,0.0,10.240000000000009,46
couchbase,2026-07-11-03-48-21,2,ubuntu,small,0,1,doc_delete,10000,5379.8516,0.18587875,0.170275,0.25234,0.30836585,0.148484,2.329728,54.795,240.59000000000003,833.1500000000001,124.5,0.0,0.0,0.0,0.0,2
couchbase,2026-07-11-03-48-21,2,ubuntu,small,0,1,doc_increment,10000,3853.508,0.2595038,0.259045,0.3134555,0.36493298,0.182987,0.833009,65.72999999999999,133.91,833.95,104.43,0.0,0.0,0.0,0.0,2
couchbase,2026-07-11-03-48-21,2,ubuntu,small,0,1,doc_insert,10000,4293.5083,0.23290974,0.230479,0.290962,0.3350358,0.174465,0.78796,60.824999999999996,182.52,852.55,112.25,0.0,0.0,0.0,0.0,2
couchbase,2026-07-11-03-48-21,2,ubuntu,small,0,1,doc_read,10000,5070.1025,0.19723468,0.19374199,0.254505,0.281953,0.153653,1.205128,28.71,197.86499999999998,849.25,112.55000000000001,0.0,0.0,0.29999999999999716,0.0,2
couchbase,2026-07-11-03-48-21,2,ubuntu,small,0,1,doc_read_partial,10000,4244.492,0.23559946,0.234879,0.274061,0.334551,0.166993,5.261914,26.740000000000002,192.13500000000002,840.95,112.75,0.0,0.0,0.0,0.0,2
couchbase,2026-07-11-03-48-21,2,ubuntu,small,0,1,doc_update_partial,10000,4187.58,0.23880139,0.228244,0.30200148,0.39649782,0.187386,1.485894,62.910000000000004,128.16,836.55,112.4,0.0,0.0,0.0,0.0,2
couchbase,2026-07-11-03-48-21,2,ubuntu,small,0,1,mix_10W_90R,10000,5140.9185,0.19451778,0.183894,0.25675744,0.301928,0.151417,7.183902,164.54125,98.75874999999999,866.9125,112.4375,0.0,409.6000000000058,0.0,0.0,8
couchbase,2026-07-11-03-48-21,2,ubuntu,small,0,1,mix_50W_50R,20000,4423.8525,0.2260473,0.216999,0.31038246,0.3985928,0.152885,2.183338,164.54125,98.75874999999999,866.9125,112.4375,0.0,409.6000000000058,0.0,0.0,8
couchbase,2026-07-11-03-48-21,2,ubuntu,small,0,1,mix_90W_10R,10000,4498.6113,0.22229081,0.215324,0.280067,0.3371301,0.16343,0.679704,164.54125,98.75874999999999,866.9125,112.4375,0.0,409.6000000000058,0.0,0.0,8
couchbase,2026-07-11-03-48-21,2,ubuntu,small,0,2,doc_delete,20000,9528.888,0.20244074,0.198492,0.25282902,0.291521,0.149742,2.522214,92.66,358.5,795.2,182.64999999999998,0.0,0.0,0.0,0.0,2
couchbase,2026-07-11-03-48-21,2,ubuntu,small,0,2,doc_increment,20000,7378.87,0.2693616,0.260163,0.3436975,0.397961,0.188365,3.54701,110.12,224.35666666666665,795.6,148.0,0.0,0.0,0.0,0.0,3
couchbase,2026-07-11-03-48-21,2,ubuntu,small,0,2,doc_insert,20000,7524.2363,0.25073546,0.2439245,0.331471,0.391186,0.174187,0.97388,92.75999999999999,239.89,796.0333333333333,136.43333333333334,0.0,0.0,0.0,10.240000000000009,3
couchbase,2026-07-11-03-48-21,2,ubuntu,small,0,2,doc_read,20000,10537.433,0.18701755,0.174676,0.248498,0.297458,0.150859,0.773084,46.97,270.01,792.75,147.75,0.0,0.0,0.0,0.0,2
couchbase,2026-07-11-03-48-21,2,ubuntu,small,0,2,doc_read_partial,20000,8915.154,0.21982676,0.218187,0.26945546,0.3283318,0.163011,2.500214,70.50333333333333,227.33333333333334,793.3000000000001,135.9,0.0,0.0,0.0,0.0,3
couchbase,2026-07-11-03-48-21,2,ubuntu,small,0,2,doc_update_partial,20000,7282.8574,0.25537303,0.2489875,0.32672548,0.3818984,0.181171,3.754371,100.305,135.41,793.45,131.1,0.0,0.0,0.0,0.0,2
couchbase,2026-07-11-03-48-21,2,ubuntu,small,0,2,mix_10W_90R,20000,9866.622,0.20035253,0.194231,0.262956,0.307096,0.145202,0.587792,112.3275,204.41875,824.425,143.7875,0.0,0.0,0.0,0.0,8
couchbase,2026-07-11-03-48-21,2,ubuntu,small,0,2,mix_50W_50R,40000,8423.782,0.22209305,0.218885,0.288099,0.32714167,0.148066,6.953913,112.3275,204.41875,824.425,143.7875,0.0,0.0,0.0,0.0,8
couchbase,2026-07-11-03-48-21,2,ubuntu,small,0,2,mix_90W_10R,20000,8752.965,0.21869783,0.215254,0.27825105,0.3198794,0.152954,0.566561,112.3275,204.41875,824.425,143.7875,0.0,0.0,0.0,0.0,8
couchbase,2026-07-11-03-48-21,2,ubuntu,small,0,4,doc_delete,40000,14771.58,0.2565931,0.251362,0.327002,0.3725425,0.15959,0.988828,162.54000000000002,302.03499999999997,800.75,176.2,0.0,0.0,0.0,0.0,2
couchbase,2026-07-11-03-48-21,2,ubuntu,small,0,4,doc_increment,40000,10501.797,0.36972192,0.369116,0.45572105,0.5282877,0.19514,4.149402,132.76666666666668,469.9266666666667,801.1666666666666,214.03333333333333,0.0,0.0,0.0,0.0,3
couchbase,2026-07-11-03-48-21,2,ubuntu,small,0,4,doc_insert,40000,8381.59,0.45853925,0.333916,0.464242,0.6679069,0.179285,33.260372,195.5975,380.695,801.7,200.0,0.0,0.0,0.0,0.0,4
couchbase,2026-07-11-03-48-21,2,ubuntu,small,0,4,doc_read,40000,12803.717,0.30277753,0.264563,0.378545,0.5013462,0.163501,25.766363,191.89666666666668,429.9566666666667,803.3666666666667,217.4333333333333,0.0,0.0,0.0,0.0,3
couchbase,2026-07-11-03-48-21,2,ubuntu,small,0,4,doc_read_partial,40000,11219.927,0.34735477,0.3101,0.4316985,0.5679734,0.169717,18.308464,166.82666666666668,467.09999999999997,802.0666666666666,217.29999999999998,0.0,0.0,0.0,0.0,3
couchbase,2026-07-11-03-48-21,2,ubuntu,small,0,4,doc_update_partial,40000,7693.871,0.50900316,0.36793,0.50929,0.7047118,0.190181,34.74027,191.29,323.59749999999997,801.525,217.8,0.0,0.0,0.0,0.0,4
couchbase,2026-07-11-03-48-21,2,ubuntu,small,0,4,mix_10W_90R,40000,14989.453,0.25767216,0.244658,0.32567406,0.38105968,0.152606,25.696169,190.65699999999998,293.241,795.37,208.54000000000002,0.0,1024.0,0.0,0.0,10
couchbase,2026-07-11-03-48-21,2,ubuntu,small,0,4,mix_50W_50R,80000,12585.744,0.2873532,0.282791,0.371212,0.410742,0.153164,4.599324,190.65699999999998,293.241,795.37,208.54000000000002,0.0,1024.0,0.0,0.0,10
couchbase,2026-07-11-03-48-21,2,ubuntu,small,0,4,mix_90W_10R,40000,11025.449,0.30645463,0.298087,0.40299,0.439378,0.179705,5.718547,190.65699999999998,293.241,795.37,208.54000000000002,0.0,1024.0,0.0,0.0,10
couchbase,2026-07-11-03-48-21,2,ubuntu,small,0,8,doc_delete,80000,14577.394,0.5346882,0.384552,0.580949,0.94147736,0.163711,37.44851,152.245,588.835,827.45,300.925,0.0,0.0,4.100000000000001,0.0,4
couchbase,2026-07-11-03-48-21,2,ubuntu,small,0,8,doc_increment,80000,12270.132,0.6242391,0.50957,0.69360846,1.1416454,0.200169,31.10654,172.942,752.492,827.18,342.32,0.0,0.0,0.0,0.0,5
couchbase,2026-07-11-03-48-21,2,ubuntu,small,0,8,doc_insert,80000,9443.996,0.82400244,0.471925,0.7640095,1.4160631,0.188225,50.957405,192.82833333333335,570.4383333333334,818.8833333333333,345.56666666666666,0.0,0.0,0.0,0.0,6
couchbase,2026-07-11-03-48-21,2,ubuntu,small,0,8,doc_read,80000,13356.829,0.58006644,0.394889,0.56460947,0.9882046,0.175235,41.317066,190.428,678.208,828.8399999999999,343.76,0.0,0.0,0.0,10.240000000000009,5
couchbase,2026-07-11-03-48-21,2,ubuntu,small,0,8,doc_read_partial,80000,12343.917,0.63691735,0.446782,0.66022354,1.1062372,0.187597,38.2447,193.984,633.4739999999999,827.68,307.38,0.0,0.0,0.0,0.0,5
couchbase,2026-07-11-03-48-21,2,ubuntu,small,0,8,doc_update_partial,80000,11351.614,0.68440586,0.506358,0.730342,1.1746236,0.1906,49.079006,185.942,652.99,826.4399999999999,349.18,0.0,0.0,0.0,0.0,5
couchbase,2026-07-11-03-48-21,2,ubuntu,small,0,8,mix_10W_90R,80000,12821.767,0.6033282,0.381409,0.57934207,0.8674455,0.152606,54.169727,199.76666666666668,502.1355555555556,802.8166666666666,342.2138888888889,0.0,1024.0,0.0,10.239999999999782,18
couchbase,2026-07-11-03-48-21,2,ubuntu,small,0,8,mix_50W_50R,160000,14271.593,0.53976023,0.420171,0.593869,0.87240237,0.173139,30.998892,199.76666666666668,502.1355555555556,802.8166666666666,342.2138888888889,0.0,1024.0,0.0,10.239999999999782,18
couchbase,2026-07-11-03-48-21,2,ubuntu,small,0,8,mix_90W_10R,80000,14098.49,0.5550709,0.435467,0.5957585,0.8881216,0.196257,27.15526,199.76666666666668,502.1355555555556,802.8166666666666,342.2138888888889,0.0,1024.0,0.0,10.239999999999782,18
couchbase,2026-07-11-03-48-21,2,ubuntu,small,10000,1,delete,10000,4746.083,0.21070008,0.199891,0.270929,0.39979836,0.148068,2.796535,58.495000000000005,271.915,589.5,90.905,0.0,19.200000000000003,0.0,0.0,2
couchbase,2026-07-11-03-48-21,2,ubuntu,small,10000,1,insert,10000,4772.3296,0.20954126,0.197033,0.2762361,0.3283438,0.165742,4.452219,28.39,185.75,589.3,73.915,0.0,29.1,0.5,0.0,2
couchbase,2026-07-11-03-48-21,2,ubuntu,small,10000,1,read,10000,4910.5356,0.20364377,0.1952155,0.27902704,0.3596294,0.145905,2.218404,30.55,185.07,587.4000000000001,72.78999999999999,0.0,1.7999999999999972,0.0,0.0,2
couchbase,2026-07-11-03-48-21,2,ubuntu,small,10000,1,update,10000,4145.2627,0.24123923,0.2190655,0.3866664,0.6474561,0.165181,3.488918,60.239999999999995,137.51999999999998,589.75,73.25999999999999,0.0,19.30000000000001,0.0,0.0,2
couchbase,2026-07-11-03-48-21,2,ubuntu,small,10000,2,delete,20000,9304.342,0.2114778,0.208684,0.2724734,0.34261516,0.149509,3.757919,88.0,300.06,585.5999999999999,96.035,0.0,19.0,0.0,0.0,2
couchbase,2026-07-11-03-48-21,2,ubuntu,small,10000,2,insert,20000,8170.2783,0.2419432,0.2289105,0.337692,0.41739064,0.166645,4.336281,99.735,159.215,591.3499999999999,92.735,0.0,21.0,0.0,0.0,2
couchbase,2026-07-11-03-48-21,2,ubuntu,small,10000,2,read,20000,9918.724,0.1916114,0.18854299,0.24060975,0.27253786,0.141971,0.742708,53.735,281.97,591.9,97.85499999999999,0.0,0.0,0.0,0.0,2
couchbase,2026-07-11-03-48-21,2,ubuntu,small,10000,2,update,20000,8227.847,0.234473,0.226506,0.2856127,0.33857447,0.165859,3.97542,93.015,252.695,588.6,90.325,0.0,24.0,0.0,0.0,2
couchbase,2026-07-11-03-48-21,2,ubuntu,small,10000,4,delete,40000,14005.238,0.27963412,0.27684,0.3379693,0.3727551,0.157735,9.71832,150.35333333333332,610.9833333333333,590.9,223.86666666666665,0.0,35.0,0.0,0.2041015625,3
couchbase,2026-07-11-03-48-21,2,ubuntu,small,10000,4,insert,40000,13602.785,0.28866473,0.2813995,0.3755864,0.48177207,0.172281,3.309935,110.08999999999999,522.2633333333333,589.5666666666667,177.6,0.0,46.0,0.0,0.0,3
couchbase,2026-07-11-03-48-21,2,ubuntu,small,10000,4,read,40000,16872.781,0.23185773,0.229419,0.2910351,0.3310684,0.151595,0.852782,125.77,410.2733333333333,591.4,177.73333333333335,0.0,10.0,0.0,0.2041015625,3
couchbase,2026-07-11-03-48-21,2,ubuntu,small,10000,4,update,40000,12327.91,0.31195927,0.3097155,0.39155316,0.44261965,0.175062,4.822213,163.53333333333333,417.35666666666674,591.4,178.0,0.0,45.0,0.0,0.0,3
couchbase,2026-07-11-03-48-21,2,ubuntu,small,10000,8,delete,80000,15463.127,0.5053425,0.381098,0.53148925,0.78894866,0.171479,32.974182,140.3975,574.805,615.575,254.805,0.0,48.0,0.0,1.6500000000000004,4
couchbase,2026-07-11-03-48-21,2,ubuntu,small,10000,8,insert,80000,14762.997,0.52607715,0.452102,0.63379854,0.9337614,0.180434,24.746134,153.1975,695.485,600.575,296.475,0.0,61.0,0.0,0.408203125,4
couchbase,2026-07-11-03-48-21,2,ubuntu,small,10000,8,read,80000,22433.56,0.3503847,0.343114,0.451388,0.60332245,0.154934,1.430797,132.16,755.0133333333333,612.3666666666667,297.5333333333333,0.0,2.0,0.0,0.0,3
couchbase,2026-07-11-03-48-21,2,ubuntu,small,10000,8,update,80000,9645.416,0.8162962,0.4663985,0.7636103,1.2571867,0.175607,56.022945,192.30599999999998,468.544,613.52,276.68,0.0,79.0,0.0,1.2400000000000002,5
couchbase,2026-07-11-03-48-21,2,ubuntu,small,100000,1,delete,100000,4990.7466,0.20037082,0.192547,0.25402308,0.32295904,0.150026,21.356874,102.96833333333332,95.67583333333334,650.85,77.09166666666667,0.0,286.72,0.0,2.1000000000000014,12
couchbase,2026-07-11-03-48-21,2,ubuntu,small,100000,1,insert,100000,4752.9517,0.21039559,0.2036725,0.255991,0.287699,0.167911,2.613533,75.84416666666667,101.68666666666667,628.0583333333333,74.43916666666667,0.0,229.0,0.0,4.1,12
couchbase,2026-07-11-03-48-21,2,ubuntu,small,100000,1,read,100000,5405.249,0.18500535,0.184742,0.231818,0.266253,0.143184,0.788286,43.43090909090909,90.17545454545454,652.3000000000001,73.68,0.0,11.0,0.0,5.32,11
couchbase,2026-07-11-03-48-21,2,ubuntu,small,100000,1,update,100000,4648.8423,0.21510732,0.208487,0.27393305,0.32946,0.165881,12.538756,97.26916666666666,90.41083333333334,652.75,74.47833333333334,0.0,294.1600000000001,0.0,2.0999999999999996,12
couchbase,2026-07-11-03-48-21,2,ubuntu,small,100000,2,delete,200000,9024.954,0.21878484,0.2038,0.27510905,0.3534737,0.148764,26.895384,140.91833333333332,143.9675,707.875,110.925,0.0,276.48,0.0,4.100000000000001,12
couchbase,2026-07-11-03-48-21,2,ubuntu,small,100000,2,insert,200000,8221.282,0.24281086,0.225654,0.31309506,0.40102106,0.163288,31.047672,141.31615384615387,139.58076923076922,677.4846153846154,106.98153846153846,0.0,348.15999999999985,0.0,2.0,13
couchbase,2026-07-11-03-48-21,2,ubuntu,small,100000,2,read,200000,11178.117,0.17790699,0.17167,0.235226,0.27706268,0.141848,3.880511,68.974,166.669,714.05,106.15,0.0,0.0,0.0,4.199999999999999,10
couchbase,2026-07-11-03-48-21,2,ubuntu,small,100000,2,update,200000,8317.539,0.2247609,0.219863,0.29382607,0.329723,0.165107,1.481972,115.86357142857142,150.10714285714286,715.3642857142858,104.44571428571429,0.0,307.20000000000005,0.0,4.099999999999998,14
couchbase,2026-07-11-03-48-21,2,ubuntu,small,100000,4,delete,400000,12676.188,0.3105574,0.274625,0.36612,0.444205,0.153446,50.118008,186.30941176470589,298.98470588235296,741.535294117647,180.19411764705885,0.0,430.0799999999999,0.0,9.100000000000001,17
couchbase,2026-07-11-03-48-21,2,ubuntu,small,100000,4,insert,400000,11580.716,0.34166825,0.308288,0.410746,0.499727,0.170697,48.93204,187.7242105263158,316.15000000000003,728.3526315789474,177.5578947368421,0.0,573.44,0.0,12.100000000000001,19
couchbase,2026-07-11-03-48-21,2,ubuntu,small,100000,4,read,400000,15683.663,0.24965748,0.229365,0.32141805,0.392728,0.144435,35.11096,133.75571428571428,300.4614285714286,761.7214285714286,175.22142857142856,0.0,92.16000000000031,0.0,0.0,14
couchbase,2026-07-11-03-48-21,2,ubuntu,small,100000,4,update,400000,11276.208,0.34548718,0.314924,0.416546,0.4973557,0.176145,44.069492,181.1721052631579,290.23842105263157,765.6631578947369,175.9578947368421,0.0,542.7200000000003,0.0,15.799999999999997,19
couchbase,2026-07-11-03-48-21,2,ubuntu,small,100000,8,delete,800000,12234.812,0.6486158,0.397965,0.624885,0.953077,0.154493,67.76018,204.45176470588234,405.46117647058827,827.714705882353,313.1144117647059,0.0,757.7599999999993,0.0,14.0,34
couchbase,2026-07-11-03-48-21,2,ubuntu,small,100000,8,insert,800000,11310.763,0.69613373,0.455018,0.7099381,1.0865302,0.170344,61.53238,204.44162162162164,440.2535135135135,787.581081081081,311.5837837837838,0.0,983.0399999999995,0.0,8.400000000000006,37
couchbase,2026-07-11-03-48-21,2,ubuntu,small,100000,8,read,800000,22100.473,0.35862938,0.352773,0.445104,0.56139,0.148345,14.173483,185.6375,683.5045,866.305,317.58000000000004,0.0,10.239999999999782,0.0,18.5,20
couchbase,2026-07-11-03-48-21,2,ubuntu,small,100000,8,update,800000,11373.938,0.6947616,0.458306,0.677053,1.045612,0.174257,58.897717,203.3491891891892,455.44594594594594,877.9648648648649,315.04594594594596,0.0,1126.3999999999996,0.0,12.0,37
couchbase,2026-07-11-03-48-21,2,ubuntu,small,1000000,1,delete,1000000,5135.629,0.19471812,0.189554,0.255765,0.305564,0.145203,20.259094,108.725,74.47319999999999,859.2869999999999,80.1484,0.0,3481.6000000000004,0.0,20.0,100
couchbase,2026-07-11-03-48-21,2,ubuntu,small,1000000,1,insert,1000000,4605.209,0.21714541,0.212533,0.275671,0.343419,0.163712,30.775604,103.46187499999999,73.74696428571428,816.7053571428571,78.18607142857142,0.0,3809.2799999999997,0.0,28.0,112
couchbase,2026-07-11-03-48-21,2,ubuntu,small,1000000,1,read,1000000,5680.854,0.17602988,0.179285,0.226639,0.26554,0.140802,2.742887,39.16011111111111,70.84666666666666,917.4322222222222,78.57844444444444,0.0,0.0,0.0,19.0,90
couchbase,2026-07-11-03-48-21,2,ubuntu,small,1000000,1,update,1000000,4554.376,0.21956903,0.216162,0.278603,0.34202,0.1649,50.322014,112.88350877192983,74.47157894736843,932.2736842105263,79.42894736842105,0.0,5017.6,0.0,23.0,114
couchbase,2026-07-11-03-48-21,2,ubuntu,small,1000000,2,delete,2000000,8759.9,0.22798449,0.206105,0.282721,0.36199299,0.14611,34.155506,161.68982905982907,139.77760683760684,1014.035658119658,119.50435897435898,0.0,5324.800000000003,0.0,42.0,117
couchbase,2026-07-11-03-48-21,2,ubuntu,small,1000000,2,insert,2000000,8143.998,0.24457987,0.227549,0.304935,0.392658,0.163154,34.093773,151.1648031496063,142.51645669291338,952.055748031496,115.38692913385826,0.0,5120.0,0.0,40.0,127
couchbase,2026-07-11-03-48-21,2,ubuntu,small,1000000,2,read,2000000,11300.475,0.17530462,0.171185,0.229504,0.270852,0.139337,28.062151,75.20043956043956,146.36197802197802,1190.9345054945054,116.02274725274725,1.0,0.0,0.0,40.0,91
couchbase,2026-07-11-03-48-21,2,ubuntu,small,1000000,2,update,2000000,8362.243,0.23849297,0.226498,0.297881,0.373516,0.163081,31.662354,145.41170731707317,140.77813008130082,1198.5711869918698,117.89479674796748,0.0,5120.0,0.0,41.0,123
couchbase,2026-07-11-03-48-21,2,ubuntu,small,1000000,4,delete,4000000,12354.945,0.32049087,0.271899,0.36053,0.44462,0.153096,51.314713,202.61266666666666,263.45466666666664,1297.1996606060604,196.35533333333333,0.0,6860.800000000003,0.0,80.0,165
couchbase,2026-07-11-03-48-21,2,ubuntu,small,1000000,4,insert,4000000,11253.339,0.35265425,0.313803,0.404109,0.47528,0.16895,57.183895,200.85661202185793,280.6418032786885,1223.647650273224,188.86797814207648,0.0,7782.4000000000015,0.0,82.0,183
couchbase,2026-07-11-03-48-21,2,ubuntu,small,1000000,4,read,4000000,17391.959,0.22730334,0.222031,0.281258,0.326166,0.139616,28.866102,135.76050847457626,295.93864406779664,1691.6306440677965,190.62144067796612,0.0,921.5999999999985,0.0,83.0,118
couchbase,2026-07-11-03-48-21,2,ubuntu,small,1000000,4,update,4000000,11135.562,0.35737693,0.312198,0.413471,0.493091,0.164899,57.185062,198.46313513513513,275.5275675675676,1717.1981837837836,194.1658918918919,0.0,10444.799999999996,0.0,83.0,185
couchbase,2026-07-11-03-48-21,2,ubuntu,small,1000000,8,delete,8000000,12755.8545,0.6187499,0.38197,0.589333,0.895174,0.153025,67.14169,206.45993670886074,390.3264240506329,1854.409582278481,348.79484177215187,0.0,12185.599999999991,0.0,163.84000000000015,316
couchbase,2026-07-11-03-48-21,2,ubuntu,small,1000000,8,insert,8000000,11820.126,0.6718327,0.4421,0.646247,0.99064,0.17286,64.03703,206.24898550724637,434.5708985507246,1725.0089391304348,337.0739130434783,0.0,13209.600000000006,0.0,163.0,345
couchbase,2026-07-11-03-48-21,2,ubuntu,small,1000000,8,read,8000000,22248.041,0.35689762,0.351307,0.441823,0.550707,0.139825,19.308226,194.88786885245904,645.4071584699453,2700.500633879781,341.4327868852459,0.0,0.0,0.0,183.72000000000003,183
couchbase,2026-07-11-03-48-21,2,ubuntu,small,1000000,8,update,8000000,11653.586,0.6827255,0.441197,0.647162,1.001614,0.169648,73.25848,205.84785714285715,428.4677142857143,2713.6877714285715,346.69714285714286,0.0,15667.199999999997,0.0,174.07999999999993,350
couchbase,2026-07-11-05-50-22,4,ubuntu,medium,0,1,doc_delete,10000,4696.747,0.2129133,0.20334649,0.28118607,0.3828794,0.156517,2.158279,304.6333333333333,170.45666666666668,668.5,79.2,0.0,1024.0,0.0,0.0,3
couchbase,2026-07-11-05-50-22,4,ubuntu,medium,0,1,doc_increment,10000,3859.0942,0.25912818,0.245427,0.355932,0.42619705,0.191089,0.912355,116.93,185.79,673.75,34.3205,0.0,0.0,0.0,0.0,2
couchbase,2026-07-11-05-50-22,4,ubuntu,medium,0,1,doc_insert,10000,3331.9495,0.30012462,0.293549,0.391126,0.4785648,0.207433,0.856062,65.95666666666666,226.34,669.3333333333334,61.696666666666665,0.0,0.0,0.0,0.0,3
couchbase,2026-07-11-05-50-22,4,ubuntu,medium,0,1,doc_read,10000,4987.335,0.20050788,0.202264,0.24577604,0.28886968,0.158892,0.70143,26.33,193.745,675.75,44.865,0.0,0.0,0.0,0.0,2
couchbase,2026-07-11-05-50-22,4,ubuntu,medium,0,1,doc_read_partial,10000,4659.6704,0.21460745,0.2009725,0.27630845,0.314432,0.174677,0.800746,25.14,190.505,673.75,45.375,0.0,0.0,0.0,0.0,2
couchbase,2026-07-11-05-50-22,4,ubuntu,medium,0,1,doc_update_partial,10000,3281.802,0.30471066,0.302209,0.36458945,0.4537029,0.22475299,1.065939,89.22333333333334,225.1,674.8000000000001,61.27666666666667,0.0,0.0,0.0,0.0,3
couchbase,2026-07-11-05-50-22,4,ubuntu,medium,0,1,mix_10W_90R,10000,4864.39,0.20557563,0.193674,0.28405446,0.32882068,0.155819,0.566285,216.26624999999999,72.61625000000001,688.6875,56.3875,0.0,1024.0,0.0,10.240000000000009,8
couchbase,2026-07-11-05-50-22,4,ubuntu,medium,0,1,mix_50W_50R,20000,3753.6375,0.26640826,0.25765,0.377779,0.4830348,0.158333,0.955518,216.26624999999999,72.61625000000001,688.6875,56.3875,0.0,1024.0,0.0,10.240000000000009,8
couchbase,2026-07-11-05-50-22,4,ubuntu,medium,0,1,mix_90W_10R,10000,3402.1487,0.29393187,0.27958,0.40998393,0.5048335,0.185503,1.628731,216.26624999999999,72.61625000000001,688.6875,56.3875,0.0,1024.0,0.0,10.240000000000009,8
couchbase,2026-07-11-05-50-22,4,ubuntu,medium,0,2,doc_delete,20000,9250.888,0.21474668,0.2017405,0.310032,0.4017364,0.15030201,0.849357,173.16,238.685,661.0,118.05000000000001,0.0,0.0,0.0,0.0,2
couchbase,2026-07-11-05-50-22,4,ubuntu,medium,0,2,doc_increment,20000,7456.385,0.26768315,0.250665,0.39126155,0.51481,0.188156,1.361932,189.54333333333332,231.17666666666665,663.6666666666666,115.66666666666667,0.0,1024.0,0.0,0.0,3
couchbase,2026-07-11-05-50-22,4,ubuntu,medium,0,2,doc_insert,20000,6575.2065,0.29304966,0.281536,0.39154848,0.4578887,0.211623,1.080745,110.86666666666667,296.13666666666666,651.1,115.43333333333334,0.0,0.0,0.0,0.0,3
couchbase,2026-07-11-05-50-22,4,ubuntu,medium,0,2,doc_read,20000,9788.145,0.20306645,0.201357,0.26526645,0.3344784,0.158263,0.7902,55.075,295.94,665.5,93.925,0.0,0.0,0.0,0.0,2
couchbase,2026-07-11-05-50-22,4,ubuntu,medium,0,2,doc_read_partial,20000,8881.037,0.22115347,0.22189,0.274203,0.31939,0.171882,0.738167,60.7,239.195,660.85,85.81,0.0,0.0,0.0,0.0,2
couchbase,2026-07-11-05-50-22,4,ubuntu,medium,0,2,doc_update_partial,20000,6286.747,0.3114298,0.2888695,0.471229,0.594012,0.216722,2.618751,178.5533333333333,306.9433333333333,662.8333333333334,115.26666666666667,0.0,0.0,0.0,0.0,3
couchbase,2026-07-11-05-50-22,4,ubuntu,medium,0,2,mix_10W_90R,20000,8694.529,0.21991009,0.209807,0.31408206,0.3663964,0.152955,0.801724,168.3011111111111,166.42999999999998,649.0555555555555,109.30333333333334,0.0,0.0,0.0,0.0,9
couchbase,2026-07-11-05-50-22,4,ubuntu,medium,0,2,mix_50W_50R,40000,7126.1553,0.2709873,0.263795,0.37827146,0.46913368,0.157216,1.062727,168.3011111111111,166.42999999999998,649.0555555555555,109.30333333333334,0.0,0.0,0.0,0.0,9
couchbase,2026-07-11-05-50-22,4,ubuntu,medium,0,2,mix_90W_10R,20000,7276.743,0.2724916,0.265263,0.345651,0.41410008,0.176353,0.68802,168.3011111111111,166.42999999999998,649.0555555555555,109.30333333333334,0.0,0.0,0.0,0.0,9
couchbase,2026-07-11-05-50-22,4,ubuntu,medium,0,4,doc_delete,40000,11049.099,0.35304224,0.327213,0.471019,0.6380137,0.174817,16.54671,343.49666666666667,422.85999999999996,767.9666666666667,178.20666666666668,0.0,0.0,0.0,0.0,3
couchbase,2026-07-11-05-50-22,4,ubuntu,medium,0,4,doc_increment,40000,9712.928,0.3975114,0.399221,0.516417,0.575573,0.201007,1.241244,195.66333333333333,382.09,773.5333333333333,153.15333333333334,0.0,1024.0,0.0,0.0,3
couchbase,2026-07-11-05-50-22,4,ubuntu,medium,0,4,doc_insert,40000,7577.9478,0.5169825,0.500982,0.7198025,0.904184,0.250036,5.597682,338.265,379.96500000000003,704.4,186.175,0.0,0.0,0.0,10.240000000000009,4
couchbase,2026-07-11-05-50-22,4,ubuntu,medium,0,4,doc_read,40000,11244.107,0.3503251,0.338457,0.483591,0.6447884,0.169159,14.190217,201.12666666666667,430.55333333333334,768.7666666666668,178.59666666666666,0.0,0.0,0.0,0.0,3
couchbase,2026-07-11-05-50-22,4,ubuntu,medium,0,4,doc_read_partial,40000,11690.485,0.32166025,0.313175,0.423176,0.497699,0.175655,1.02103,84.99333333333333,475.81666666666666,766.7333333333332,222.29999999999998,0.0,0.0,0.0,0.0,3
couchbase,2026-07-11-05-50-22,4,ubuntu,medium,0,4,doc_update_partial,40000,8601.219,0.44863692,0.44727248,0.555668,0.613918,0.242494,1.181459,147.605,441.72749999999996,767.15,222.325,0.0,0.0,0.0,0.0,4
couchbase,2026-07-11-05-50-22,4,ubuntu,medium,0,4,mix_10W_90R,40000,12458.964,0.31711665,0.303397,0.45132306,0.5464525,0.164061,5.716693,285.65500000000003,352.4025,638.85,218.025,0.0,1024.0,0.0,0.0,12
couchbase,2026-07-11-05-50-22,4,ubuntu,medium,0,4,mix_50W_50R,80000,10428.715,0.3710935,0.360807,0.533319,0.6362684,0.160359,10.105049,285.65500000000003,352.4025,638.85,218.025,0.0,1024.0,0.0,0.0,12
couchbase,2026-07-11-05-50-22,4,ubuntu,medium,0,4,mix_90W_10R,40000,9397.166,0.40047953,0.397964,0.499864,0.5472894,0.196746,1.097438,285.65500000000003,352.4025,638.85,218.025,0.0,1024.0,0.0,0.0,12
couchbase,2026-07-11-05-50-22,4,ubuntu,medium,0,8,doc_delete,80000,16598.773,0.44972226,0.412351,0.6619,0.933448,0.160918,31.562677,209.43249999999998,597.9,943.525,329.86199999999997,0.0,0.0,0.0,10.240000000000009,4
couchbase,2026-07-11-05-50-22,4,ubuntu,medium,0,8,doc_increment,80000,10266.058,0.74169505,0.628305,1.130753,1.8626763,0.23083,26.239477,368.602,649.854,1001.8399999999999,381.42,0.0,1024.0,0.0,0.0,5
couchbase,2026-07-11-05-50-22,4,ubuntu,medium,0,8,doc_insert,80000,12855.326,0.60266894,0.583885,0.8166735,1.0788615,0.245637,5.738764,204.022,777.152,871.3799999999999,390.98,0.0,0.0,0.0,10.240000000000009,5
couchbase,2026-07-11-05-50-22,4,ubuntu,medium,0,8,doc_read,80000,18464.611,0.42150697,0.415284,0.5278745,0.6667215,0.194652,7.342212,140.20666666666668,776.3000000000001,1002.1666666666666,312.1766666666667,0.0,0.0,0.0,0.0,3
couchbase,2026-07-11-05-50-22,4,ubuntu,medium,0,8,doc_read_partial,80000,16618.443,0.47377002,0.468574,0.587656,0.7024777,0.18634,2.586763,97.7275,791.83,998.7,370.45,0.0,0.0,0.0,0.0,4
couchbase,2026-07-11-05-50-22,4,ubuntu,medium,0,8,doc_update_partial,80000,9583.359,0.81347394,0.688858,1.127959,1.6337701,0.249967,26.982952,355.94166666666666,654.2866666666666,1002.5,371.8766666666666,0.0,0.0,0.0,0.0,6
couchbase,2026-07-11-05-50-22,4,ubuntu,medium,0,8,mix_10W_90R,80000,18038.133,0.43325308,0.41430652,0.65072846,0.8393035,0.159311,2.005742,295.8794117647059,631.744705882353,695.7411764705882,408.3764705882353,0.0,1024.0,0.0,0.0,17
couchbase,2026-07-11-05-50-22,4,ubuntu,medium,0,8,mix_50W_50R,160000,13773.595,0.5520895,0.51620746,0.862557,1.1668627,0.194931,19.278048,295.8794117647059,631.744705882353,695.7411764705882,408.3764705882353,0.0,1024.0,0.0,0.0,17
couchbase,2026-07-11-05-50-22,4,ubuntu,medium,0,8,mix_90W_10R,80000,13492.01,0.5798071,0.558252,0.81234,1.0664977,0.251224,2.666175,295.8794117647059,631.744705882353,695.7411764705882,408.3764705882353,0.0,1024.0,0.0,0.0,17
couchbase,2026-07-11-05-50-22,4,ubuntu,medium,10000,1,delete,10000,4995.037,0.20019872,0.19961,0.25618207,0.2962734,0.152607,0.806893,87.63,276.27,648.5999999999999,103.61500000000001,0.0,0.0,0.0,0.0,2
couchbase,2026-07-11-05-50-22,4,ubuntu,medium,10000,1,insert,10000,3630.392,0.27545235,0.267148,0.3480295,0.3909104,0.206525,0.836645,84.73333333333333,145.10666666666665,648.8666666666667,77.65333333333334,0.0,0.0,0.0,0.0,3
couchbase,2026-07-11-05-50-22,4,ubuntu,medium,10000,1,read,10000,5465.871,0.18295345,0.181381,0.24794546,0.2816071,0.147368,0.669512,48.260000000000005,187.83,655.6500000000001,77.52000000000001,0.0,0.0,0.0,0.0,2
couchbase,2026-07-11-05-50-22,4,ubuntu,medium,10000,1,update,10000,4033.1802,0.24794328,0.2393855,0.308285,0.3775077,0.200099,0.821769,86.33333333333333,149.07666666666668,653.6333333333333,76.95333333333333,0.0,0.0,0.0,0.0,3
couchbase,2026-07-11-05-50-22,4,ubuntu,medium,10000,2,delete,20000,8782.93,0.22748123,0.218398,0.31681395,0.39077067,0.153514,0.868564,277.59000000000003,234.25,701.95,129.8,0.0,0.0,0.0,0.0,2
couchbase,2026-07-11-05-50-22,4,ubuntu,medium,10000,2,insert,20000,6791.9595,0.28537765,0.278254,0.35305846,0.4044632,0.205686,2.597798,149.215,141.38,676.65,83.16499999999999,0.0,0.0,0.0,0.0,2
couchbase,2026-07-11-05-50-22,4,ubuntu,medium,10000,2,read,20000,9927.299,0.20083845,0.19563,0.25933295,0.29194862,0.147926,3.146621,64.66,305.78,706.45,89.295,0.0,0.0,0.0,0.0,2
couchbase,2026-07-11-05-50-22,4,ubuntu,medium,10000,2,update,20000,6033.2217,0.29007798,0.270221,0.410675,0.4663442,0.202963,1.3891,97.51333333333334,310.34999999999997,708.5333333333333,130.93333333333334,0.0,0.0,0.0,0.0,3
couchbase,2026-07-11-05-50-22,4,ubuntu,medium,10000,4,delete,40000,14276.723,0.27708477,0.271339,0.35403645,0.4168224,0.16469,2.952041,180.8166666666667,639.8633333333333,757.1666666666666,309.56666666666666,0.0,0.0,0.0,0.0,3
couchbase,2026-07-11-05-50-22,4,ubuntu,medium,10000,4,insert,40000,8595.508,0.45452794,0.44000852,0.607073,0.74277836,0.22154,7.954312,371.5425,426.0425,745.075,224.5,0.0,1024.0,0.0,0.0,4
couchbase,2026-07-11-05-50-22,4,ubuntu,medium,10000,4,read,40000,13972.429,0.27891755,0.268266,0.3818335,0.449926,0.155469,7.661601,283.3833333333333,457.56666666666666,772.6333333333333,238.03333333333333,0.0,0.0,0.0,0.0,3
couchbase,2026-07-11-05-50-22,4,ubuntu,medium,10000,4,update,40000,9905.879,0.3798525,0.374287,0.48834345,0.561395,0.215395,1.234889,181.11333333333334,366.0933333333333,771.1333333333332,198.1,0.0,0.0,0.0,10.240000000000009,3
couchbase,2026-07-11-05-50-22,4,ubuntu,medium,10000,8,delete,80000,13599.803,0.5536959,0.437844,0.839998,1.3717204,0.157635,27.180325,305.55,559.39,919.525,350.33,0.0,0.0,0.0,0.0,4
couchbase,2026-07-11-05-50-22,4,ubuntu,medium,10000,8,insert,80000,12878.558,0.6039891,0.579904,0.8420965,1.0947148,0.282024,5.823762,240.446,762.572,861.3399999999999,398.38,0.0,1024.0,0.0,0.0,5
couchbase,2026-07-11-05-50-22,4,ubuntu,medium,10000,8,read,80000,18509.115,0.4254413,0.401735,0.63053906,0.8378358,0.192277,4.676875,307.1666666666667,720.2833333333333,977.7333333333332,328.07,0.0,0.0,0.0,0.0,3
couchbase,2026-07-11-05-50-22,4,ubuntu,medium,10000,8,update,80000,9568.443,0.79716444,0.632984,1.084098,1.8600233,0.229084,33.33584,356.7683333333334,634.7066666666666,980.4,383.81666666666666,0.0,1024.0,0.0,0.0,6
couchbase,2026-07-11-05-50-22,4,ubuntu,medium,100000,1,delete,100000,4952.1245,0.20193353,0.19542,0.275878,0.3706557,0.145971,1.195287,164.76333333333335,95.77749999999999,867.5010000000001,80.67999999999999,0.0,0.0,0.0,0.0,12
couchbase,2026-07-11-05-50-22,4,ubuntu,medium,100000,1,insert,100000,3534.8516,0.2828973,0.274412,0.36206406,0.43386438,0.201985,3.75572,177.51875,100.96625,862.6575,77.394375,0.0,2048.0,0.0,10.240000000000009,16
couchbase,2026-07-11-05-50-22,4,ubuntu,medium,100000,1,read,100000,5232.5537,0.1911113,0.191578,0.245777,0.282443,0.14646,0.682084,39.416363636363634,113.62272727272729,1071.1970909090908,77.33090909090909,0.0,0.0,0.0,0.0,11
couchbase,2026-07-11-05-50-22,4,ubuntu,medium,100000,1,update,100000,3626.5876,0.2757413,0.262818,0.403272,0.5242404,0.197446,1.885193,185.42333333333332,72.24666666666667,1078.1354666666666,74.98466666666667,0.0,2048.0,0.0,0.0,15
couchbase,2026-07-11-05-50-22,4,ubuntu,medium,100000,2,delete,200000,8508.319,0.2328114,0.224405,0.32854,0.405507,0.152536,2.483257,228.07538461538462,173.89,1217.855076923077,131.58461538461538,0.0,1024.0,0.0,10.240000000000009,13
couchbase,2026-07-11-05-50-22,4,ubuntu,medium,100000,2,insert,200000,6258.7773,0.3077029,0.29564402,0.413329,0.5091537,0.203871,1.123279,190.1511111111111,149.29888888888888,1129.3935555555554,125.41555555555556,0.0,2048.0,0.0,10.240000000000009,18
couchbase,2026-07-11-05-50-22,4,ubuntu,medium,100000,2,read,200000,10496.365,0.18748969,0.187597,0.244938,0.290266,0.145343,0.809197,83.79181818181819,179.48454545454544,1584.5934545454545,126.51090909090908,0.0,0.0,0.0,0.0,11
couchbase,2026-07-11-05-50-22,4,ubuntu,medium,100000,2,update,200000,6679.871,0.28715056,0.27874202,0.373518,0.428973,0.201426,2.355374,163.26823529411763,169.46764705882353,1600.8734117647057,125.27470588235295,0.0,2048.0,0.0,0.0,17
couchbase,2026-07-11-05-50-22,4,ubuntu,medium,100000,4,delete,400000,12387.4795,0.31834012,0.305073,0.428904,0.52102774,0.162594,24.754341,315.63388888888886,362.72555555555556,1731.2222222222222,239.5888888888889,204.79999999999927,2048.0,0.0,10.240000000000009,18
couchbase,2026-07-11-05-50-22,4,ubuntu,medium,100000,4,insert,400000,9075.458,0.42918515,0.419475,0.546239,0.6436717,0.207713,15.522116,284.95208333333335,322.59791666666666,1624.5275,230.58333333333334,0.0,4096.0,0.0,10.240000000000009,24
couchbase,2026-07-11-05-50-22,4,ubuntu,medium,100000,4,read,400000,16988.928,0.23312402,0.230481,0.285517,0.327143,0.153934,1.400486,133.78538461538463,325.84461538461534,2604.740923076923,239.09230769230768,0.0,0.0,0.0,0.0,13
couchbase,2026-07-11-05-50-22,4,ubuntu,medium,100000,4,update,400000,9533.271,0.41275492,0.403132,0.562024,0.6631567,0.212182,2.690759,271.85478260869564,319.18695652173915,2585.288347826087,229.43478260869566,1382.4000000000005,4096.0,0.0,10.240000000000009,23
couchbase,2026-07-11-05-50-22,4,ubuntu,medium,100000,8,delete,800000,15147.083,0.51769,0.434072,0.771273,1.0795602,0.156448,33.04362,378.17785714285714,545.0146428571428,2978.721571428571,417.65749999999997,3174.3999999999996,3072.0,0.0,20.480000000000018,28
couchbase,2026-07-11-05-50-22,4,ubuntu,medium,100000,8,insert,800000,11691.727,0.66941154,0.601975,0.947835,1.271277,0.212741,31.198027,333.09567567567564,604.9354054054054,2464.695783783784,435.23243243243246,256.0,6144.0,0.0,20.480000000000018,37
couchbase,2026-07-11-05-50-22,4,ubuntu,medium,100000,8,read,800000,12238.075,0.64692295,0.635289,1.035977,1.2674367,0.156727,57.12901,315.32735294117646,474.4894117647059,3852.8903529411764,426.47941176470584,5734.4,0.0,0.0,10.240000000000009,34
couchbase,2026-07-11-05-50-22,4,ubuntu,medium,100000,8,update,800000,12846.233,0.6077789,0.582837,0.877713,1.144652,0.21316001,28.63082,313.8058823529412,639.8482352941177,3920.8056470588235,425.0029411764706,3276.800000000001,6144.0,0.0,10.240000000000009,34
couchbase,2026-07-11-05-50-22,4,ubuntu,small,0,1,doc_delete,10000,4790.792,0.20873377,0.2021245,0.273993,0.3205801,0.153794,0.748294,88.94,236.55,630.8499999999999,75.41,0.0,0.0,0.0,0.0,2
couchbase,2026-07-11-05-50-22,4,ubuntu,small,0,1,doc_increment,10000,4054.632,0.24663149,0.23984,0.31045353,0.3767415,0.187318,0.869192,90.91666666666667,149.35666666666665,632.9333333333333,57.86333333333334,0.0,0.0,0.0,0.0,3
couchbase,2026-07-11-05-50-22,4,ubuntu,small,0,1,doc_insert,10000,4197.1855,0.2382549,0.227967,0.31394994,0.3551514,0.174676,0.934634,94.63,188.51500000000001,652.1,48.620000000000005,0.0,0.0,0.0,0.0,2
couchbase,2026-07-11-05-50-22,4,ubuntu,small,0,1,doc_read,10000,4992.753,0.20029029,0.197026,0.250386,0.3114304,0.151209,0.668603,22.515,191.565,643.45,50.66,0.0,0.0,0.0,0.0,2
couchbase,2026-07-11-05-50-22,4,ubuntu,small,0,1,doc_read_partial,10000,4579.643,0.21835762,0.216163,0.27008545,0.33023137,0.166505,7.032179,22.705,191.73000000000002,638.25,51.584999999999994,0.0,0.0,0.0,0.0,2
couchbase,2026-07-11-05-50-22,4,ubuntu,small,0,1,doc_update_partial,10000,4077.3015,0.24526025,0.234671,0.32066548,0.3729635,0.186899,0.995957,87.5,186.89,634.7,46.55,0.0,0.0,0.0,0.0,2
couchbase,2026-07-11-05-50-22,4,ubuntu,small,0,1,mix_10W_90R,10000,4435.0703,0.22547556,0.2133345,0.32617646,0.40796357,0.148346,0.655963,227.4025,101.8725,673.0875,56.24625,0.0,1024.0,0.0,0.0,8
couchbase,2026-07-11-05-50-22,4,ubuntu,small,0,1,mix_50W_50R,20000,4231.3237,0.23633267,0.222798,0.3654205,0.45621902,0.14639,0.766104,227.4025,101.8725,673.0875,56.24625,0.0,1024.0,0.0,0.0,8
couchbase,2026-07-11-05-50-22,4,ubuntu,small,0,1,mix_90W_10R,10000,3724.8264,0.2684689,0.24916351,0.41312248,0.50546175,0.174118,1.025081,227.4025,101.8725,673.0875,56.24625,0.0,1024.0,0.0,0.0,8
couchbase,2026-07-11-05-50-22,4,ubuntu,small,0,2,doc_delete,20000,7460.687,0.26693016,0.251713,0.386439,0.458936,0.162245,3.945901,317.87,252.23499999999999,583.8,57.94,0.0,0.0,0.0,0.0,2
couchbase,2026-07-11-05-50-22,4,ubuntu,small,0,2,doc_increment,20000,6296.139,0.31602713,0.298508,0.448327,0.53464645,0.193185,5.293446,325.1766666666667,264.02,585.0333333333333,92.57666666666667,0.0,1024.0,0.0,0.0,3
couchbase,2026-07-11-05-50-22,4,ubuntu,small,0,2,doc_insert,20000,7526.93,0.25390756,0.250386,0.323371,0.3659778,0.176632,0.79886,123.435,253.85000000000002,590.0999999999999,58.155,0.0,0.0,0.0,0.0,2
couchbase,2026-07-11-05-50-22,4,ubuntu,small,0,2,doc_read,20000,10452.413,0.18963069,0.185956,0.2459195,0.283352,0.15169801,4.467696,48.365,279.91,586.05,76.225,0.0,0.0,0.0,0.0,2
couchbase,2026-07-11-05-50-22,4,ubuntu,small,0,2,doc_read_partial,20000,9041.066,0.22028847,0.216512,0.256672,0.293339,0.164968,0.7594,49.715,264.615,587.0,74.065,0.0,0.0,0.0,0.0,2
couchbase,2026-07-11-05-50-22,4,ubuntu,small,0,2,doc_update_partial,20000,7515.3403,0.2584997,0.251014,0.3386705,0.4284871,0.184734,4.501919,181.74333333333334,270.73333333333335,584.8000000000001,92.78333333333335,0.0,0.0,0.0,0.0,3
couchbase,2026-07-11-05-50-22,4,ubuntu,small,0,2,mix_10W_90R,20000,9232.155,0.20987874,0.203521,0.27378747,0.3186948,0.14834599,0.531573,141.30625,169.9325,620.9,88.34,0.0,0.0,0.0,0.0,8
couchbase,2026-07-11-05-50-22,4,ubuntu,small,0,2,mix_50W_50R,40000,8171.5796,0.22805567,0.222798,0.304235,0.351588,0.148276,2.9255,141.30625,169.9325,620.9,88.34,0.0,0.0,0.0,0.0,8
couchbase,2026-07-11-05-50-22,4,ubuntu,small,0,2,mix_90W_10R,20000,8675.507,0.22536221,0.223287,0.281396,0.318203,0.15274599,0.561395,141.30625,169.9325,620.9,88.34,0.0,0.0,0.0,0.0,8
couchbase,2026-07-11-05-50-22,4,ubuntu,small,0,4,doc_delete,40000,13044.08,0.27692267,0.269732,0.375474,0.4240164,0.156028,1.033252,124.99333333333334,611.0466666666666,592.1999999999999,197.20000000000002,0.0,0.0,0.0,0.0,3
couchbase,2026-07-11-05-50-22,4,ubuntu,small,0,4,doc_increment,40000,10911.573,0.35828996,0.35089,0.46571448,0.535414,0.195769,3.784075,164.33,432.4866666666667,592.6,161.86666666666667,0.0,0.0,0.0,0.0,3
couchbase,2026-07-11-05-50-22,4,ubuntu,small,0,4,doc_insert,40000,11096.455,0.34859535,0.33748,0.47954348,0.5736187,0.192068,1.752213,221.72666666666666,460.3966666666667,590.1666666666666,161.86666666666667,0.0,0.0,0.0,0.0,3
couchbase,2026-07-11-05-50-22,4,ubuntu,small,0,4,doc_read,40000,12805.315,0.30737528,0.299171,0.413608,0.4863847,0.180962,1.998618,266.3833333333333,459.9533333333334,595.0,155.53333333333333,0.0,1024.0,0.0,0.0,3
couchbase,2026-07-11-05-50-22,4,ubuntu,small,0,4,doc_read_partial,40000,10763.995,0.3672416,0.3608075,0.504823,0.5821404,0.179775,1.001404,217.94000000000003,453.3233333333333,592.3666666666667,161.73333333333335,0.0,0.0,0.0,0.0,3
couchbase,2026-07-11-05-50-22,4,ubuntu,small,0,4,doc_update_partial,40000,9798.773,0.37575713,0.3687,0.503775,0.5869577,0.199471,1.003569,166.32333333333332,386.21000000000004,591.1333333333333,159.03333333333333,0.0,0.0,0.0,0.0,3
couchbase,2026-07-11-05-50-22,4,ubuntu,small,0,4,mix_10W_90R,40000,13420.247,0.28350347,0.276298,0.373379,0.4258324,0.158264,1.954617,195.839,318.246,581.74,160.67000000000002,0.0,0.0,0.0,10.240000000000009,10
couchbase,2026-07-11-05-50-22,4,ubuntu,small,0,4,mix_50W_50R,80000,12672.916,0.30915654,0.304653,0.403272,0.45090637,0.156797,0.963409,195.839,318.246,581.74,160.67000000000002,0.0,0.0,0.0,10.240000000000009,10
couchbase,2026-07-11-05-50-22,4,ubuntu,small,0,4,mix_90W_10R,40000,12403.255,0.31114975,0.306609,0.39265946,0.4402901,0.187597,0.749202,195.839,318.246,581.74,160.67000000000002,0.0,0.0,0.0,10.240000000000009,10
couchbase,2026-07-11-05-50-22,4,ubuntu,small,0,8,doc_delete,80000,17918.936,0.4373378,0.420663,0.61433953,0.8201644,0.191788,2.012377,201.965,632.1825,622.15,245.24249999999998,0.0,1024.0,4.1,10.240000000000009,4
couchbase,2026-07-11-05-50-22,4,ubuntu,small,0,8,doc_increment,80000,13383.55,0.5757792,0.55196655,0.800048,1.0961866,0.20443,12.993809,217.5875,721.51,618.575,263.7,0.0,0.0,0.0,0.0,4
couchbase,2026-07-11-05-50-22,4,ubuntu,small,0,8,doc_insert,80000,15087.352,0.5166399,0.492251,0.70387405,0.9748647,0.201077,13.108981,238.0875,685.005,612.0,242.77499999999998,0.0,0.0,0.0,0.0,4
couchbase,2026-07-11-05-50-22,4,ubuntu,small,0,8,doc_read,80000,16798.674,0.46162814,0.437005,0.683061,0.926393,0.183128,13.039627,310.8,735.9275,622.15,271.9,0.0,0.0,0.0,0.0,4
couchbase,2026-07-11-05-50-22,4,ubuntu,small,0,8,doc_read_partial,80000,14946.057,0.5217683,0.493438,0.760167,1.036396,0.183686,14.954922,294.4075,778.3,617.875,285.425,0.0,0.0,0.0,0.0,4
couchbase,2026-07-11-05-50-22,4,ubuntu,small,0,8,doc_update_partial,80000,14226.725,0.55423903,0.531503,0.7685525,1.0646855,0.23215699,11.052672,207.24,758.5675,616.95,275.325,0.0,0.0,0.0,0.0,4
couchbase,2026-07-11-05-50-22,4,ubuntu,small,0,8,mix_10W_90R,80000,18106.34,0.43744868,0.418637,0.61399055,0.805006,0.160848,1.524456,293.704,634.454,593.7466666666667,283.25266666666664,0.0,1024.0,0.0,10.239999999999782,15
couchbase,2026-07-11-05-50-22,4,ubuntu,small,0,8,mix_50W_50R,160000,15682.476,0.501633,0.459146,0.71086246,0.97863674,0.199331,33.86301,293.704,634.454,593.7466666666667,283.25266666666664,0.0,1024.0,0.0,10.239999999999782,15
couchbase,2026-07-11-05-50-22,4,ubuntu,small,0,8,mix_90W_10R,80000,15941.645,0.49485353,0.478073,0.676217,0.8948947,0.202474,1.878838,293.704,634.454,593.7466666666667,283.25266666666664,0.0,1024.0,0.0,10.239999999999782,15
couchbase,2026-07-11-05-50-22,4,ubuntu,small,10000,1,delete,10000,5099.714,0.19608943,0.191508,0.25891045,0.30829757,0.149254,0.68809,68.78999999999999,218.175,403.95,44.3,0.0,33.0,0.0,0.0,2
couchbase,2026-07-11-05-50-22,4,ubuntu,small,10000,1,insert,10000,4452.507,0.22459258,0.219934,0.276088,0.3177182,0.174747,0.68823,71.99,307.405,413.95000000000005,38.11,0.0,23.599999999999994,0.0,0.0,2
couchbase,2026-07-11-05-50-22,4,ubuntu,small,10000,1,read,10000,5392.094,0.18545671,0.184105,0.23543905,0.262888,0.144854,0.748086,47.15,186.18,408.9,37.175,0.0,9.400000000000006,0.0,0.0,2
couchbase,2026-07-11-05-50-22,4,ubuntu,small,10000,1,update,10000,4654.042,0.214867,0.216442,0.267288,0.31108248,0.165108,0.939734,67.25999999999999,191.245,406.9,28.895,0.0,34.8,0.0,0.0,2
couchbase,2026-07-11-05-50-22,4,ubuntu,small,10000,2,delete,20000,9175.9795,0.21617994,0.211484,0.27001545,0.316038,0.154911,3.516511,112.155,274.28000000000003,402.85,37.3985,0.0,29.0,0.0,0.0,2
couchbase,2026-07-11-05-50-22,4,ubuntu,small,10000,2,insert,20000,8415.513,0.23455329,0.231459,0.2885935,0.3340584,0.169019,2.439886,112.235,292.76,402.85,54.465,0.0,34.0,0.0,0.0,2
couchbase,2026-07-11-05-50-22,4,ubuntu,small,10000,2,read,20000,10692.664,0.17606176,0.167134,0.23523,0.2819557,0.14178,3.599763,40.945,296.375,403.9,63.72,0.0,7.0,0.0,0.0,2
couchbase,2026-07-11-05-50-22,4,ubuntu,small,10000,2,update,20000,7712.6904,0.24886787,0.240748,0.32253307,0.37568468,0.168321,4.104446,114.37,250.01,405.0,45.765,0.0,33.0,0.0,0.0,2
couchbase,2026-07-11-05-50-22,4,ubuntu,small,10000,4,delete,40000,15634.384,0.24970132,0.2441,0.320578,0.38420612,0.158612,3.463779,129.64333333333335,713.7266666666666,410.5,187.5666666666667,0.0,56.0,0.0,0.408203125,3
couchbase,2026-07-11-05-50-22,4,ubuntu,small,10000,4,insert,40000,12380.028,0.29993623,0.293619,0.394821,0.44629568,0.173419,2.85084,120.88999999999999,539.8433333333334,408.8,139.70000000000002,0.0,71.0,0.0,0.0,3
couchbase,2026-07-11-05-50-22,4,ubuntu,small,10000,4,read,40000,17265.54,0.21798553,0.215535,0.27818307,0.3193238,0.142828,1.075159,83.57499999999999,301.225,412.54999999999995,121.44999999999999,0.0,0.0,0.0,0.0,2
couchbase,2026-07-11-05-50-22,4,ubuntu,small,10000,4,update,40000,11754.953,0.31021133,0.30619,0.40278646,0.45733,0.175864,0.875338,151.34666666666666,511.82666666666665,411.43333333333334,141.86666666666667,0.0,71.0,0.0,0.2041015625,3
couchbase,2026-07-11-05-50-22,4,ubuntu,small,10000,8,delete,80000,18265.37,0.4308861,0.415774,0.595968,0.7927171,0.182219,5.222838,184.745,635.3725,434.5,211.69,0.0,94.0,0.0,0.8300000000000001,4
couchbase,2026-07-11-05-50-22,4,ubuntu,small,10000,8,insert,80000,16598.236,0.47068524,0.448181,0.650934,0.9687971,0.182219,8.213852,180.39749999999998,874.74,421.175,279.175,0.0,102.0,0.0,0.2041015625,4
couchbase,2026-07-11-05-50-22,4,ubuntu,small,10000,8,read,80000,22176.371,0.3514207,0.342579,0.43952447,0.59401274,0.16902,11.677841,114.66333333333334,780.2066666666666,430.09999999999997,235.5666666666667,0.0,0.0,0.0,0.8535937499999999,3
couchbase,2026-07-11-05-50-22,4,ubuntu,small,10000,8,update,80000,13370.28,0.5815594,0.501889,0.90390754,1.2455784,0.192486,20.55946,278.7725,634.5625,431.625,213.54,0.0,131.0,0.0,0.8399999999999999,4
couchbase,2026-07-11-05-50-22,4,ubuntu,small,100000,1,delete,100000,4918.8853,0.20329809,0.195141,0.270501,0.39077,0.151908,1.402093,125.69818181818182,90.82272727272726,475.1454545454546,36.28909090909091,0.0,399.3600000000001,0.0,2.1000000000000014,11
couchbase,2026-07-11-05-50-22,4,ubuntu,small,100000,1,insert,100000,4474.86,0.22347069,0.217769,0.289568,0.4323991,0.165458,1.055533,110.61615384615385,106.89846153846155,446.5846153846154,37.855384615384615,0.0,409.0,0.0,4.93,13
couchbase,2026-07-11-05-50-22,4,ubuntu,small,100000,1,read,100000,5697.0503,0.17552944,0.162035,0.237535,0.278672,0.143107,1.542267,39.126,116.29,468.68,38.067,0.0,10.240000000000009,0.0,5.3100000000000005,10
couchbase,2026-07-11-05-50-22,4,ubuntu,small,100000,1,update,100000,4703.077,0.21262674,0.206594,0.270501,0.338388,0.166575,2.38003,104.85166666666667,89.28166666666665,472.75,37.9975,0.0,419.8399999999999,0.0,2.0999999999999996,12
couchbase,2026-07-11-05-50-22,4,ubuntu,small,100000,2,delete,200000,9017.736,0.21894184,0.211624,0.288171,0.3951707,0.15072,3.049263,174.01916666666668,162.6675,534.7166666666667,68.88333333333334,0.0,471.03999999999996,0.0,4.100000000000001,12
couchbase,2026-07-11-05-50-22,4,ubuntu,small,100000,2,insert,200000,7988.301,0.24482149,0.23376401,0.33916044,0.433025,0.166436,1.735242,167.23785714285714,165.89857142857142,499.4642857142857,72.78571428571429,0.0,593.9200000000001,0.0,2.0,14
couchbase,2026-07-11-05-50-22,4,ubuntu,small,100000,2,read,200000,11367.052,0.17441866,0.163432,0.235789,0.279581,0.141012,3.69475,70.014,186.778,536.33,73.151,0.0,10.240000000000236,0.0,4.199999999999999,10
couchbase,2026-07-11-05-50-22,4,ubuntu,small,100000,2,update,200000,8615.506,0.22999682,0.225173,0.287892,0.340483,0.163921,3.243705,145.39461538461538,167.0953846153846,539.2923076923078,73.3923076923077,0.0,460.7999999999997,0.0,4.099999999999998,13
couchbase,2026-07-11-05-50-22,4,ubuntu,small,100000,4,delete,400000,13725.003,0.2871169,0.276647,0.383507,0.478562,0.154282,11.406644,229.67125,347.991875,563.94375,147.89375,0.0,757.7600000000002,0.0,0.0,16
couchbase,2026-07-11-05-50-22,4,ubuntu,small,100000,4,insert,400000,11639.144,0.341514,0.334896,0.434282,0.527173,0.178728,12.981877,228.00526315789475,340.53421052631575,551.7315789473683,143.2421052631579,0.0,860.1599999999999,0.0,11.799999999999997,19
couchbase,2026-07-11-05-50-22,4,ubuntu,small,100000,4,read,400000,16822.023,0.23469298,0.229573,0.308635,0.387068,0.144365,2.331001,146.6676923076923,317.03999999999996,588.5615384615385,143.33076923076922,0.0,102.39999999999964,0.0,0.0,13
couchbase,2026-07-11-05-50-22,4,ubuntu,small,100000,4,update,400000,11901.192,0.33324444,0.325746,0.436866,0.522493,0.177121,7.485114,243.53166666666664,310.53166666666664,593.2722222222222,140.34944444444443,0.0,839.6800000000003,0.0,17.0,18
couchbase,2026-07-11-05-50-22,4,ubuntu,small,100000,8,delete,800000,17040.818,0.4616385,0.421571,0.66616,0.917594,0.16434,25.608328,315.47720000000004,603.2656,642.648,270.1868,0.0,1167.3600000000006,0.0,18.0,25
couchbase,2026-07-11-05-50-22,4,ubuntu,small,100000,8,insert,800000,15142.109,0.5164992,0.479959,0.749273,1.028783,0.175166,24.720903,309.11785714285713,617.5485714285714,612.3964285714285,276.12142857142857,0.10000000000000142,1423.3599999999997,0.0,18.0,28
couchbase,2026-07-11-05-50-22,4,ubuntu,small,100000,8,read,800000,21785.164,0.36296165,0.352077,0.474302,0.658337,0.147787,9.003216,191.374,681.275,684.3100000000001,277.88,0.0,184.32000000000062,0.0,21.200000000000003,20
couchbase,2026-07-11-05-50-22,4,ubuntu,small,100000,8,update,800000,15319.532,0.5185985,0.480658,0.733489,1.004129,0.183337,23.575205,307.2310714285714,631.9889285714286,693.5642857142857,279.96785714285716,0.0,1546.2399999999998,0.0,12.0,28
couchbase,2026-07-11-05-50-22,4,ubuntu,small,1000000,1,delete,1000000,4928.9277,0.20288387,0.196257,0.26163,0.33727,0.149603,3.337499,139.7589423076923,74.03211538461538,680.7798076923077,43.910384615384615,0.0,5120.0,0.0,20.0,104
couchbase,2026-07-11-05-50-22,4,ubuntu,small,1000000,1,insert,1000000,4405.7993,0.22697358,0.222239,0.29257,0.422128,0.165177,3.184829,130.79779661016948,73.40703389830509,631.35,41.99483050847458,0.0,5836.800000000001,0.0,23.0,118
couchbase,2026-07-11-05-50-22,4,ubuntu,small,1000000,1,read,1000000,5723.2085,0.17472717,0.161406,0.236417,0.278043,0.141501,3.328623,42.46988888888889,72.66988888888889,722.4177777777778,42.721444444444444,0.0,0.0,0.0,20.0,90
couchbase,2026-07-11-05-50-22,4,ubuntu,small,1000000,1,update,1000000,4468.028,0.2238124,0.218328,0.286424,0.387067,0.163711,2.51992,133.98991379310345,73.56810344827586,747.2715517241379,43.23077586206896,0.0,6451.199999999997,0.0,22.0,116
couchbase,2026-07-11-05-50-22,4,ubuntu,small,1000000,2,delete,2000000,9195.599,0.2173651,0.210156,0.287682,0.364439,0.148835,4.511279,201.97972972972974,145.4290990990991,846.8310630630631,82.71783783783783,0.0,7270.4000000000015,0.0,38.0,111
couchbase,2026-07-11-05-50-22,4,ubuntu,small,1000000,2,insert,2000000,8049.7026,0.2468542,0.237465,0.333568,0.429322,0.163223,2.4102,190.929765625,147.409609375,772.59609375,78.842265625,0.0,8396.800000000003,0.0,42.0,128
couchbase,2026-07-11-05-50-22,4,ubuntu,small,1000000,2,read,2000000,11171.227,0.17895994,0.17705101,0.233205,0.273295,0.140174,2.799016,77.19315217391303,144.8170652173913,1014.6630434782609,80.14315217391304,0.0,0.0,0.0,37.0,92
couchbase,2026-07-11-05-50-22,4,ubuntu,small,1000000,2,update,2000000,8017.478,0.2463769,0.238652,0.326096,0.416542,0.1642,3.500935,193.4860465116279,148.77178294573645,1025.302480620155,81.00596899224807,0.0,9625.599999999999,0.0,45.0,129
couchbase,2026-07-11-05-50-22,4,ubuntu,small,1000000,4,delete,4000000,12858.859,0.3070889,0.293689,0.412281,0.511947,0.158613,21.217585,288.4472327044025,304.14320754716977,1129.682641509434,158.57,0.0,13209.599999999991,0.0,84.0,159
couchbase,2026-07-11-05-50-22,4,ubuntu,small,1000000,4,insert,4000000,11941.026,0.33333772,0.32204401,0.455095,0.552107,0.169438,29.369413,255.52959537572255,306.64358381502893,1048.4893641618498,153.3408092485549,0.10000000000000142,12595.199999999997,0.0,82.0,173
couchbase,2026-07-11-05-50-22,4,ubuntu,small,1000000,4,read,4000000,18006.496,0.22010057,0.215535,0.280907,0.33769,0.139616,2.746913,129.17219298245612,292.3122807017544,1504.076350877193,154.36412280701754,0.0,921.6000000000058,0.0,78.0,114
couchbase,2026-07-11-05-50-22,4,ubuntu,small,1000000,4,update,4000000,11639.438,0.3401943,0.33287,0.442593,0.522284,0.174117,14.959259,265.1570056497175,310.5749152542373,1543.0870056497176,156.44435028248589,33.7,13516.799999999988,0.0,86.0,177
couchbase,2026-07-11-05-50-22,4,ubuntu,small,1000000,8,delete,8000000,16048.874,0.49289334,0.428833,0.715677,0.984641,0.154073,35.875656,361.99438735177864,559.3489723320158,1635.6479683794466,294.67727272727274,0.0,21504.0,0.0,163.84000000000015,253
couchbase,2026-07-11-05-50-22,4,ubuntu,small,1000000,8,insert,8000000,14830.083,0.53173226,0.48401,0.761286,1.045685,0.171045,35.54882,335.0617689530686,596.9212274368231,1564.75640433213,297.34747292418774,445.8,21913.600000000006,10.9,160.0,277
couchbase,2026-07-11-05-50-22,4,ubuntu,small,1000000,8,read,8000000,22155.059,0.35832945,0.354032,0.44434,0.557345,0.143526,3.312779,196.06739130434784,648.1534239130434,2511.799652173913,304.04619565217394,0.0,0.0,0.0,186.72000000000003,184
couchbase,2026-07-11-05-50-22,4,ubuntu,small,1000000,8,update,8000000,14707.153,0.539946,0.487781,0.764288,1.053088,0.170905,45.6547,350.5532974910394,597.7824014336918,2504.355326164875,296.91817204301077,2353.2,26624.0,0.09999999999999964,163.83999999999992,279
couchbase,2026-07-12-13-45-15,1,ubuntu,small,0,1,queue,20000,1582.5448,0.63189363,0.618524,0.9729031,1.1352892,0.206035,26.368414,72.6542857142857,66.54571428571428,402.18571428571425,52.07,0.0,1579.78,0.10000000000000142,0.0,7
couchbase,2026-07-12-13-45-15,1,ubuntu,small,0,2,queue,40000,1864.924,1.065915,0.715465,1.3580885,10.1393385,0.220003,79.035255,91.24333333333334,146.56,426.8333333333333,92.82249999999999,0.0,1812.48,0.0,0.48046875,12
couchbase,2026-07-12-13-45-15,1,ubuntu,small,0,4,queue,80000,1644.254,2.3848543,1.034085,2.222047,56.743027,0.194441,84.34914,99.1944,122.3124,442.204,155.17600000000002,0.0,2508.7999999999997,0.0,2.11953125,25
couchbase,2026-07-12-13-45-15,1,ubuntu,small,0,8,queue,160000,1276.4813,6.168737,1.694794,67.58433,80.11796,0.212321,93.37856,98.51953125,143.76171875,512.8296875,287.218125,0.0,2816.000000000001,0.0,3.11,64
couchbase,2026-07-12-13-49-54,2,ubuntu,small,0,1,queue,20000,1636.5641,0.61103624,0.5835675,1.0269784,1.2225963,0.231597,1.64325,56.25,104.92,436.42857142857144,42.980000000000004,0.0,665.0,0.0,0.0,7
couchbase,2026-07-12-13-49-54,2,ubuntu,small,0,2,queue,40000,2761.1091,0.7085125,0.65533,1.1874704,1.5587466,0.195559,59.399708,117.53125,124.78125,481.1375,73.80125,0.0,935.8800000000001,0.0,0.0,8
couchbase,2026-07-12-13-49-54,2,ubuntu,small,0,4,queue,80000,3787.0742,1.037748,0.955373,1.9188585,2.4894636,0.21700099,27.848438,163.79,321.9525,515.6666666666666,151.275,0.0,1382.4,0.0,1.47,12
couchbase,2026-07-12-13-49-54,2,ubuntu,small,0,8,queue,160000,3107.2788,2.4350243,1.533877,3.966415,33.83581,0.222308,77.47609,185.18777777777777,303.37925925925924,568.5296296296297,261.0311111111111,0.0,2867.2000000000003,0.0,4.45,27
couchbase,2026-07-12-13-52-11,4,ubuntu,small,0,1,queue,20000,1558.7102,0.6415561,0.628092,1.071242,1.2259427,0.204638,1.728248,55.902857142857144,65.23428571428572,454.07142857142856,38.462857142857146,0.0,707.6,0.0,0.0,7
couchbase,2026-07-12-13-52-11,4,ubuntu,small,0,2,queue,40000,2897.7078,0.6827432,0.637796,1.213851,1.5354947,0.196605,8.240992,121.17375,162.59125,498.425,75.88125,0.0,932.3599999999999,0.0,0.0,8
couchbase,2026-07-12-13-52-11,4,ubuntu,small,0,4,queue,80000,3660.6755,1.0839691,1.023533,1.9363005,2.368271,0.204566,3.802681,214.26250000000002,285.295,549.1333333333333,144.54166666666666,0.0,1781.76,0.0,1.47,12
couchbase,2026-07-12-13-52-11,4,ubuntu,small,0,8,queue,160000,4428.274,1.7334468,1.570046,3.354577,4.4854646,0.305558,43.409332,308.75,474.88789473684216,611.2263157894737,261.4007368421053,0.0,2836.4799999999996,0.0,1.95,19
foundationdb,2026-07-12-18-47-14,1,ubuntu,medium,0,1,mix_10W_90R,10000,1229.5952,0.81327575,0.63759303,1.924723,2.3919704,0.45739898,30.69708,48.901250000000005,32.15270833333333,2365.994666666667,108.2625,20.479999999999563,1024.0,0.0,0.0,48
foundationdb,2026-07-12-18-47-14,1,ubuntu,medium,0,1,mix_50W_50R,20000,712.1696,1.4041599,1.760767,2.2298687,2.8470547,0.484848,38.45191,48.901250000000005,32.15270833333333,2365.994666666667,108.2625,20.479999999999563,1024.0,0.0,0.0,48
foundationdb,2026-07-12-18-47-14,1,ubuntu,medium,0,1,mix_90W_10R,10000,519.5076,1.9248995,1.977454,2.319201,3.4625049,0.549452,26.108212,48.901250000000005,32.15270833333333,2365.994666666667,108.2625,20.479999999999563,1024.0,0.0,0.0,48
foundationdb,2026-07-12-18-47-14,1,ubuntu,medium,0,2,mix_10W_90R,20000,2107.83,0.9462755,0.72182345,2.0705786,3.0084476,0.48065698,43.827003,57.7575,70.03708333333334,2074.9013333333332,162.38750000000002,0.0,1024.0,0.0,0.0,48
foundationdb,2026-07-12-18-47-14,1,ubuntu,medium,0,2,mix_50W_50R,40000,1429.2443,1.3945371,1.7550745,2.221134,2.6592145,0.468295,25.39051,57.7575,70.03708333333334,2074.9013333333332,162.38750000000002,0.0,1024.0,0.0,0.0,48
foundationdb,2026-07-12-18-47-14,1,ubuntu,medium,0,2,mix_90W_10R,20000,1004.6722,1.9894631,1.9938315,2.5286615,4.408713,0.510689,49.81566,57.7575,70.03708333333334,2074.9013333333332,162.38750000000002,0.0,1024.0,0.0,0.0,48
foundationdb,2026-07-12-18-47-14,1,ubuntu,medium,0,4,mix_10W_90R,40000,3551.342,1.1170671,0.842511,2.3729835,3.459025,0.44510698,49.84241,78.84471698113208,128.15396226415095,1890.9802264150944,271.98490566037736,10.239999999999782,2048.0,0.0,10.240000000000009,53
foundationdb,2026-07-12-18-47-14,1,ubuntu,medium,0,4,mix_50W_50R,80000,2707.8892,1.472058,1.6167165,2.37395,2.9042723,0.484987,15.553111,78.84471698113208,128.15396226415095,1890.9802264150944,271.98490566037736,10.239999999999782,2048.0,0.0,10.240000000000009,53
foundationdb,2026-07-12-18-47-14,1,ubuntu,medium,0,4,mix_90W_10R,40000,1818.3549,2.197549,2.030604,3.3504233,6.43057,0.583884,54.931072,78.84471698113208,128.15396226415095,1890.9802264150944,271.98490566037736,10.239999999999782,2048.0,0.0,10.240000000000009,53
foundationdb,2026-07-12-18-47-14,1,ubuntu,medium,0,8,mix_10W_90R,80000,4565.693,1.7202519,1.293485,3.1372085,7.4636736,0.427157,60.74806,99.43701492537313,196.7216417910448,1813.7638208955225,476.7671641791045,0.0,3072.0,0.0,0.0,67
foundationdb,2026-07-12-18-47-14,1,ubuntu,medium,0,8,mix_50W_50R,160000,4553.82,1.7224243,1.74418,3.0140579,3.9249501,0.51145697,26.367125,99.43701492537313,196.7216417910448,1813.7638208955225,476.7671641791045,0.0,3072.0,0.0,0.0,67
foundationdb,2026-07-12-18-47-14,1,ubuntu,medium,0,8,mix_90W_10R,80000,2723.4268,2.892654,2.191801,4.706443,19.06006,0.564957,66.364174,99.43701492537313,196.7216417910448,1813.7638208955225,476.7671641791045,0.0,3072.0,0.0,0.0,67
foundationdb,2026-07-12-18-47-14,1,ubuntu,medium,10000,1,delete,10000,507.01172,1.9723411,1.9355145,2.2192605,3.0807862,1.258914,13.974257,43.775454545454544,56.904545454545456,490.8454545454546,116.91818181818181,0.0,0.0,0.0,0.0,11
foundationdb,2026-07-12-18-47-14,1,ubuntu,medium,10000,1,insert,10000,492.4938,2.0304825,1.990935,2.2981756,3.023244,1.606591,16.079872,42.6109090909091,52.657272727272726,511.19090909090914,112.03636363636365,0.0,0.0,0.0,0.0,11
foundationdb,2026-07-12-18-47-14,1,ubuntu,medium,10000,1,read,10000,2495.8647,0.40066272,0.382249,0.48421898,0.5897671,0.31834298,5.137905,38.44,108.11,532.4,112.06666666666666,0.0,0.0,0.0,0.0,3
foundationdb,2026-07-12-18-47-14,1,ubuntu,medium,10000,1,update,10000,499.62216,2.0015125,1.9699465,2.2467096,2.7717562,1.576558,13.787428,40.53636363636363,63.02363636363636,520.1363636363636,110.54818181818182,0.0,0.0,0.0,0.0,11
foundationdb,2026-07-12-18-47-14,1,ubuntu,medium,10000,2,delete,20000,962.19666,2.0776815,2.0049036,2.4092288,3.790233,1.324147,21.626778,57.165,73.00833333333334,520.5500000000001,174.125,0.0,0.0,0.0,0.0,12
foundationdb,2026-07-12-18-47-14,1,ubuntu,medium,10000,2,insert,20000,953.9757,2.0956473,2.0424786,2.3801715,3.642504,1.321772,14.717662,52.30833333333334,88.71333333333332,558.1833333333333,165.53333333333333,0.0,1024.0,0.0,0.0,12
foundationdb,2026-07-12-18-47-14,1,ubuntu,medium,10000,2,read,20000,4169.4756,0.47582135,0.453069,0.591016,0.8274463,0.334825,15.987332,56.5875,135.4675,579.725,158.175,0.0,0.0,0.0,0.0,4
foundationdb,2026-07-12-18-47-14,1,ubuntu,medium,10000,2,update,20000,958.7493,2.0857468,2.035145,2.378631,3.4336817,1.421786,14.051433,51.56454545454546,58.14272727272728,583.9545454545455,158.62272727272727,0.0,0.0,0.0,0.0,11
foundationdb,2026-07-12-18-47-14,1,ubuntu,medium,10000,4,delete,40000,1774.2367,2.251251,2.068251,3.0684006,5.2510095,1.450423,48.367016,70.01333333333334,119.27416666666666,624.75,253.8925,0.0,1024.0,0.0,0.0,12
foundationdb,2026-07-12-18-47-14,1,ubuntu,medium,10000,4,insert,40000,1780.108,2.246134,2.1030319,3.1023583,4.8061137,1.395107,25.810352,64.84666666666666,126.72916666666667,622.0583333333333,259.0,0.0,1024.0,0.0,0.0,12
foundationdb,2026-07-12-18-47-14,1,ubuntu,medium,10000,4,read,40000,6157.6514,0.6460785,0.586399,0.7797265,1.9058574,0.325467,40.482826,82.4125,305.9725,673.95,225.2775,0.0,0.0,0.0,0.0,4
foundationdb,2026-07-12-18-47-14,1,ubuntu,medium,10000,4,update,40000,1823.3679,2.1921406,2.1010413,2.5730798,4.5965066,1.383723,24.975313,61.615,145.36,706.8583333333332,258.55833333333334,0.0,0.0,0.0,0.0,12
foundationdb,2026-07-12-18-47-14,1,ubuntu,medium,10000,8,delete,80000,3034.35,2.6282725,2.2574897,3.9981465,7.7763124,1.382256,56.428604,85.30642857142857,208.09714285714287,885.844,454.60714285714283,0.0,1024.0,0.0,0.0,14
foundationdb,2026-07-12-18-47-14,1,ubuntu,medium,10000,8,insert,80000,2824.5154,2.824641,2.321919,4.497601,9.200909,1.374922,59.963478,83.67266666666666,203.70133333333334,810.7733333333333,464.94,0.0040039062499999944,1024.0,0.0,10.240000000000009,15
foundationdb,2026-07-12-18-47-14,1,ubuntu,medium,10000,8,read,80000,7682.435,1.0297636,0.920805,1.2433425,2.912089,0.46026298,56.055084,93.57166666666666,495.0466666666666,931.35,427.6666666666667,0.004003906250000008,0.0,0.0,0.0,6
foundationdb,2026-07-12-18-47-14,1,ubuntu,medium,10000,8,update,80000,3028.8337,2.6212127,2.300897,3.9378924,6.8142705,1.390428,41.491146,85.404,254.382,1040.3256,473.26,0.0,1024.0,0.0,0.0,15
foundationdb,2026-07-12-18-47-14,1,ubuntu,medium,100000,1,delete,100000,496.78464,2.0129447,1.964256,2.2718465,3.4666517,1.53144,29.7907,45.460392156862746,25.488333333333333,672.914705882353,114.62941176470589,0.0,1024.0,0.0,0.0,102
foundationdb,2026-07-12-18-47-14,1,ubuntu,medium,100000,1,insert,100000,490.86514,2.0372193,1.987094,2.307671,3.1293755,1.563358,25.523369,45.13317307692308,28.353942307692307,665.9846153846154,113.5076923076923,0.0,2048.0,0.0,0.0,104
foundationdb,2026-07-12-18-47-14,1,ubuntu,medium,100000,1,read,100000,2530.6106,0.39516157,0.380922,0.49644202,0.568868,0.33119398,4.003873,40.66904761904762,80.78428571428572,838.0428571428572,113.58095238095237,0.0,0.0,0.0,10.240000000000009,21
foundationdb,2026-07-12-18-47-14,1,ubuntu,medium,100000,1,update,100000,491.09946,2.0362475,1.993031,2.3129144,2.9819376,1.561963,17.474363,43.722307692307695,29.87076923076923,882.3557692307693,113.60288461538462,0.0,2048.0,0.0,0.0,104
foundationdb,2026-07-12-18-47-14,1,ubuntu,medium,100000,2,delete,200000,960.3484,2.0825315,1.996592,2.431223,3.9763536,1.324217,48.664696,57.29866666666666,52.48714285714286,950.6503619047619,168.15714285714284,0.0,3072.0,0.0,10.239999999999782,105
foundationdb,2026-07-12-18-47-14,1,ubuntu,medium,100000,2,insert,200000,954.9622,2.094054,2.0252628,2.399445,3.9030201,1.299842,25.546844,54.65205607476636,54.550000000000004,952.1431028037383,167.65046728971961,0.02001953125,4096.0,0.0,0.0,107
foundationdb,2026-07-12-18-47-14,1,ubuntu,medium,100000,2,read,200000,4479.931,0.44584328,0.431977,0.556506,0.6672777,0.330216,32.784573,63.095652173913045,158.0417391304348,1315.528347826087,167.27826086956523,0.0,0.0,0.0,10.240000000000009,23
foundationdb,2026-07-12-18-47-14,1,ubuntu,medium,100000,2,update,200000,952.04376,2.1000743,2.027183,2.420817,3.855039,1.259543,42.628407,53.64018691588785,53.447196261682244,1429.1211962616821,167.55140186915887,0.0,3072.0,0.0,0.0,107
foundationdb,2026-07-12-18-47-14,1,ubuntu,medium,100000,4,delete,400000,1750.8455,2.2837088,2.064758,3.375426,5.705591,1.33602,59.20905,73.19791304347827,95.11765217391304,1545.7260173913044,274.52521739130435,0.0,5120.0,0.0,10.240000000000009,115
foundationdb,2026-07-12-18-47-14,1,ubuntu,medium,100000,4,insert,400000,1791.5057,2.232182,2.093534,2.728543,5.6340747,1.368567,62.05591,70.19219298245613,102.82859649122807,1446.153754385965,273.3035087719298,0.028124999999999997,6144.0,0.0,0.0,114
foundationdb,2026-07-12-18-47-14,1,ubuntu,medium,100000,4,read,400000,7192.7236,0.5534042,0.53723,0.668255,0.773647,0.35333398,59.689568,88.40137931034482,299.33758620689656,2262.2984827586206,269.1137931034483,0.00390625,0.0,0.0,10.240000000000009,29
foundationdb,2026-07-12-18-47-14,1,ubuntu,medium,100000,4,update,400000,1790.2045,2.2342021,2.097305,2.696555,5.581062,1.337347,54.843815,68.87885964912282,102.88754385964913,2435.3594385964916,273.81929824561405,0.0,7168.0,0.0,10.240000000000009,114
foundationdb,2026-07-12-18-47-14,1,ubuntu,medium,100000,8,delete,800000,2825.716,2.8268807,2.413899,3.909515,8.506291,1.347543,295.3705,90.12580419580419,160.21244755244757,2751.258853146853,479.0447552447552,3256.3200000000006,3072.0,0.1999999999999993,20.480000000000018,143
foundationdb,2026-07-12-18-47-14,1,ubuntu,medium,100000,8,insert,800000,2809.3857,2.8409126,2.345867,4.432277,8.646802,1.352853,62.608093,89.37386206896551,175.14137931034483,2230.807172413793,485.2268965517241,23.5759765625,12288.0,0.0,10.240000000000009,145
foundationdb,2026-07-12-18-47-14,1,ubuntu,medium,100000,8,read,800000,5846.5444,1.3662448,1.117061,1.642416,15.600998,0.393353,44.90675,101.7537142857143,329.3235714285714,2603.0957714285714,490.4,3212.1400000000003,0.0,0.0,20.480000000000018,70
foundationdb,2026-07-12-18-47-14,1,ubuntu,medium,100000,8,update,800000,2678.8948,2.9765155,2.348945,4.471879,18.926184,1.348798,82.52911,96.84598684210526,166.7303289473684,2922.2265263157897,486.58750000000003,2457.5999999999995,13312.0,0.0,10.240000000000009,152
foundationdb,2026-07-12-18-47-14,1,ubuntu,small,0,1,mix_10W_90R,10000,1320.2341,0.7574414,0.628863,1.8582364,2.0719078,0.43065,2.993735,43.652,32.12822222222222,463.35777777777776,95.8071111111111,0.0,0.0,0.0,10.240000000000009,45
foundationdb,2026-07-12-18-47-14,1,ubuntu,small,0,1,mix_50W_50R,20000,760.4792,1.3149604,1.6527214,2.117769,2.3109639,0.448949,14.990118,43.652,32.12822222222222,463.35777777777776,95.8071111111111,0.0,0.0,0.0,10.240000000000009,45
foundationdb,2026-07-12-18-47-14,1,ubuntu,small,0,1,mix_90W_10R,10000,544.3577,1.8370273,1.922768,2.204206,2.433963,0.492111,13.659685,43.652,32.12822222222222,463.35777777777776,95.8071111111111,0.0,0.0,0.0,10.240000000000009,45
foundationdb,2026-07-12-18-47-14,1,ubuntu,small,0,2,mix_10W_90R,20000,2508.0112,0.7891644,0.6565205,1.8983965,2.1697404,0.409488,3.836876,50.949555555555555,70.21466666666666,462.46000000000004,134.248,0.0,0.0,0.0,0.0,45
foundationdb,2026-07-12-18-47-14,1,ubuntu,small,0,2,mix_50W_50R,40000,1504.529,1.3292037,1.662499,2.140188,2.3493705,0.458936,7.314411,50.949555555555555,70.21466666666666,462.46000000000004,134.248,0.0,0.0,0.0,0.0,45
foundationdb,2026-07-12-18-47-14,1,ubuntu,small,0,2,mix_90W_10R,20000,1060.8994,1.8826243,1.9701915,2.358866,2.6698093,0.50880396,13.99067,50.949555555555555,70.21466666666666,462.46000000000004,134.248,0.0,0.0,0.0,0.0,45
foundationdb,2026-07-12-18-47-14,1,ubuntu,small,0,4,mix_10W_90R,40000,4350.7837,0.9107443,0.773507,2.074257,2.5190194,0.396986,11.799706,71.03375,136.61916666666667,465.1166666666666,210.38750000000002,0.0,0.0,0.0,0.0,48
foundationdb,2026-07-12-18-47-14,1,ubuntu,small,0,4,mix_50W_50R,80000,2876.6716,1.3875735,1.5164235,2.2222567,2.5493276,0.450275,5.142794,71.03375,136.61916666666667,465.1166666666666,210.38750000000002,0.0,0.0,0.0,0.0,48
foundationdb,2026-07-12-18-47-14,1,ubuntu,small,0,4,mix_90W_10R,40000,2045.7938,1.9488617,2.013773,2.5634408,3.0462606,0.513553,15.66829,71.03375,136.61916666666667,465.1166666666666,210.38750000000002,0.0,0.0,0.0,0.0,48
foundationdb,2026-07-12-18-47-14,1,ubuntu,small,0,8,mix_10W_90R,80000,6140.9507,1.2501668,1.104212,2.2953858,3.4337685,0.36960799,18.010883,94.36872727272727,233.13236363636364,472.89818181818185,358.3436363636364,0.0,1024.0,0.0,10.240000000000009,55
foundationdb,2026-07-12-18-47-14,1,ubuntu,small,0,8,mix_50W_50R,160000,5098.772,1.5554856,1.6172415,2.537802,3.2747889,0.489457,47.97771,94.36872727272727,233.13236363636364,472.89818181818185,358.3436363636364,0.0,1024.0,0.0,10.240000000000009,55
foundationdb,2026-07-12-18-47-14,1,ubuntu,small,0,8,mix_90W_10R,80000,3995.4902,1.9958166,2.025647,2.5963311,3.464125,0.561604,14.315509,94.36872727272727,233.13236363636364,472.89818181818185,358.3436363636364,0.0,1024.0,0.0,10.240000000000009,55
foundationdb,2026-07-12-18-47-14,1,ubuntu,small,10000,1,delete,10000,360.22525,2.7760408,2.6930509,3.3228967,3.7507548,2.146326,16.501303,30.114666666666665,57.51133333333333,54.73733333333333,61.77266666666666,0.008007812500000001,57.0,0.0,0.3916015625,15
foundationdb,2026-07-12-18-47-14,1,ubuntu,small,10000,1,insert,10000,359.9129,2.77845,2.691794,3.3556101,3.7968662,2.154008,16.50249,29.770666666666667,23.442666666666664,37.76933333333333,58.87533333333333,0.0,48.2240234375,0.09999999999999787,0.00400390625,15
foundationdb,2026-07-12-18-47-14,1,ubuntu,small,10000,1,read,10000,2588.138,0.3863782,0.3621325,0.4823345,0.5595777,0.315059,1.888746,33.54333333333333,149.15,44.98333333333333,58.93666666666667,0.0,1.7999999999999972,0.0,0.0,3
foundationdb,2026-07-12-18-47-14,1,ubuntu,small,10000,1,update,10000,365.4748,2.7361667,2.648422,3.2465625,3.6473942,2.161481,14.991101,28.269333333333332,55.230000000000004,48.13533333333333,59.28933333333334,0.0,47.1,0.0,0.19228515625,15
foundationdb,2026-07-12-18-47-14,1,ubuntu,small,10000,2,delete,20000,1000.0798,1.9996891,1.968193,2.280702,2.6237056,1.3643711,14.053958,47.57181818181818,94.07,74.57545454545455,103.73545454545454,0.0,72.0,0.0,0.41000000000000014,11
foundationdb,2026-07-12-18-47-14,1,ubuntu,small,10000,2,insert,20000,701.37946,2.8506422,2.8386374,3.6289635,4.2273536,1.437146,17.546913,40.424,62.46933333333333,65.88066666666667,97.24666666666667,0.004003906249999998,68.0,0.0,0.1923828125,15
foundationdb,2026-07-12-18-47-14,1,ubuntu,small,10000,2,read,20000,4846.748,0.41204113,0.392724,0.5245895,0.64220977,0.303325,2.35278,51.27666666666667,219.61,76.43333333333334,96.77333333333333,0.0,4.0,0.0,0.0,3
foundationdb,2026-07-12-18-47-14,1,ubuntu,small,10000,2,update,20000,1009.38666,1.9811496,1.9572976,2.2663498,2.5532992,1.267359,13.923842,47.35,51.842727272727274,74.05636363636364,96.67636363636365,0.0,54.0,0.0,0.40972656249999995,11
foundationdb,2026-07-12-18-47-14,1,ubuntu,small,10000,4,delete,40000,1955.852,2.0437288,1.999447,2.4572709,3.3124964,1.290967,14.258527,61.73909090909091,158.32090909090908,97.66818181818181,172.29999999999998,0.0,107.0,0.0,0.8199999999999998,11
foundationdb,2026-07-12-18-47-14,1,ubuntu,small,10000,4,insert,40000,1960.8422,2.038095,2.003568,2.415009,2.8683121,1.167485,14.154531,57.441818181818185,142.64636363636362,87.27272727272727,172.22727272727272,0.0,71.0,0.0,0.3999999999999999,11
foundationdb,2026-07-12-18-47-14,1,ubuntu,small,10000,4,read,40000,7936.1587,0.49531582,0.47835,0.62935597,0.7591184,0.3277,3.090036,85.45333333333333,275.9766666666667,96.82,122.24666666666667,0.0,3.0,0.0,0.3999999999999999,3
foundationdb,2026-07-12-18-47-14,1,ubuntu,small,10000,4,update,40000,1949.153,2.0488286,2.016279,2.3536248,2.7446086,1.261493,13.981601,53.01181818181818,138.00272727272727,100.17818181818183,172.84545454545454,0.0,61.0,0.0,0.79,11
foundationdb,2026-07-12-18-47-14,1,ubuntu,small,10000,8,delete,80000,2761.5027,2.8941505,2.095341,2.9971554,37.162113,1.471997,51.35327,60.838125000000005,177.84625,133.20625,306.084375,0.0,177.0,0.0,1.540000000000001,16
foundationdb,2026-07-12-18-47-14,1,ubuntu,small,10000,8,insert,80000,3631.15,2.1894233,2.086401,2.6298485,3.4779422,1.405089,39.91945,70.08749999999999,255.89166666666665,119.34333333333332,308.85833333333335,0.0,102.0,0.0,0.7800000000000002,12
foundationdb,2026-07-12-18-47-14,1,ubuntu,small,10000,8,read,80000,9045.837,0.8753245,0.84621,1.0322045,1.651779,0.493576,13.050255,93.515,506.98,138.13333333333333,321.26666666666665,0.0,10.0,0.0,0.79,6
foundationdb,2026-07-12-18-47-14,1,ubuntu,small,10000,8,update,80000,2919.711,2.7361417,2.097296,2.620772,33.53566,1.453699,50.661133,58.04933333333334,213.75733333333335,133.07333333333332,323.7933333333333,0.0,88.0,0.0,3.1799999999999997,15
foundationdb,2026-07-12-18-47-14,1,ubuntu,small,100000,1,delete,100000,506.3207,1.9750328,1.949029,2.219738,2.454968,1.518588,38.712723,41.3542,25.173099999999998,138.065,61.6354,0.0,573.44,0.0,2.0,100
foundationdb,2026-07-12-18-47-14,1,ubuntu,small,100000,1,insert,100000,408.83856,2.4459531,1.936938,2.2450864,32.370068,1.290477,113.70371,32.34201612903226,21.30733870967742,125.54112903225807,61.45556451612903,0.0,545.0,0.0,3.1999999999999993,124
foundationdb,2026-07-12-18-47-14,1,ubuntu,small,100000,1,read,100000,2663.2173,0.3754857,0.359059,0.44894698,0.4925997,0.311078,1.878201,39.265,84.18100000000001,135.66500000000002,61.114999999999995,0.0,0.0,0.0,2.0999999999999996,20
foundationdb,2026-07-12-18-47-14,1,ubuntu,small,100000,1,update,100000,508.3064,1.9673173,1.9470655,2.2167306,2.4384089,1.491135,14.577779,39.3721,31.1348,139.634,60.9271,0.0,522.2399999999998,0.0,2.200000000000001,100
foundationdb,2026-07-12-18-47-14,1,ubuntu,small,100000,2,delete,200000,867.7675,2.3047304,1.972491,2.282732,3.8114507,1.287406,84.23986,44.08698275862069,46.42663793103448,165.3112068965517,99.77982758620689,0.0,727.0399999999995,0.0,3.900000000000002,116
foundationdb,2026-07-12-18-47-14,1,ubuntu,small,100000,2,insert,200000,874.14746,2.2878714,1.9575474,2.288531,3.2754192,1.247807,84.03986,41.8403448275862,47.103017241379305,147.0896551724138,99.50267241379309,0.0,614.4000000000001,0.0,3.8000000000000007,116
foundationdb,2026-07-12-18-47-14,1,ubuntu,small,100000,2,read,200000,4828.3,0.4141848,0.403062,0.511876,0.59959936,0.309193,3.242439,61.436818181818175,171.4859090909091,158.36818181818182,98.87318181818182,0.0,10.240000000000236,0.0,3.5,22
foundationdb,2026-07-12-18-47-14,1,ubuntu,small,100000,2,update,200000,1002.7247,1.9942482,1.965368,2.276726,2.6181889,1.260867,44.512573,47.21267326732673,53.01138613861386,166.62772277227725,99.83772277227723,0.0,634.8799999999997,0.0,4.599999999999998,101
foundationdb,2026-07-12-18-47-14,1,ubuntu,small,100000,4,delete,400000,1932.5175,2.0695453,2.022916,2.422973,3.4050996,1.267081,37.531227,64.27047619047619,102.02428571428571,216.00666666666666,176.7247619047619,0.0,1075.2000000000007,0.0,7.899999999999999,105
foundationdb,2026-07-12-18-47-14,1,ubuntu,small,100000,4,insert,400000,1952.5555,2.048577,2.014256,2.3967874,2.8815646,1.277838,16.662384,59.89134615384615,103.76875000000001,185.21442307692308,175.73846153846154,0.004003906250000001,808.96,0.0,7.799999999999997,104
foundationdb,2026-07-12-18-47-14,1,ubuntu,small,100000,4,read,400000,7751.7256,0.5151571,0.504332,0.630328,0.711136,0.339224,4.17155,88.41518518518518,277.5262962962963,202.42592592592592,175.2185185185185,0.0,10.240000000000691,0.0,5.800000000000004,27
foundationdb,2026-07-12-18-47-14,1,ubuntu,small,100000,4,update,400000,1958.5415,2.0419335,2.001055,2.344052,3.0831985,1.298092,43.984818,59.534615384615385,101.7164423076923,217.5451923076923,176.30769230769232,0.0,839.6799999999994,0.0,10.199999999999996,104
foundationdb,2026-07-12-18-47-14,1,ubuntu,small,100000,8,delete,800000,3628.6184,2.2029111,2.107164,2.8021784,3.8768532,1.052673,46.658092,80.30437500000001,193.5988392857143,298.3892857142857,323.4075892857143,0.0,1556.4799999999996,0.0,17.0,112
foundationdb,2026-07-12-18-47-14,1,ubuntu,small,100000,8,insert,800000,3685.0706,2.1682315,2.09653,2.66833,3.455454,1.315552,20.210375,77.179,201.51536363636362,256.3818181818182,326.7845454545455,0.0080078125,1167.3599999999997,0.0,15.400000000000006,110
foundationdb,2026-07-12-18-47-14,1,ubuntu,small,100000,8,read,800000,9252.166,0.8614857,0.854802,0.996861,1.110355,0.342577,14.651754,103.51666666666667,476.5764444444444,292.3666666666667,324.99777777777774,0.0,20.479999999999563,0.0,13.899999999999991,45
foundationdb,2026-07-12-18-47-14,1,ubuntu,small,100000,8,update,800000,3456.8262,2.3115845,2.083819,2.612278,3.8453145,1.3195469,85.483665,72.98991452991453,187.14367521367524,318.3965811965812,327.85213675213674,0.0,1249.2800000000007,0.0,16.400000000000006,117
foundationdb,2026-07-12-18-47-14,1,ubuntu,small,1000000,1,delete,1000000,498.6414,2.0054493,1.966906,2.241667,2.507978,1.22441,83.28202,41.75307462686567,25.432059701492538,308.4350248756219,68.56468656716417,0.0,5734.4000000000015,0.0,20.0,1005
foundationdb,2026-07-12-18-47-14,1,ubuntu,small,1000000,1,insert,1000000,493.24173,2.0274036,1.943657,2.222741,2.493169,1.028922,85.26454,38.905529411764704,24.829274509803923,285.016568627451,67.04797058823529,0.0,5222.4,0.0,21.0,1020
foundationdb,2026-07-12-18-47-14,1,ubuntu,small,1000000,1,read,1000000,2713.9211,0.36847055,0.358154,0.438403,0.4878527,0.305772,3.378571,39.821827956989246,73.91924731182796,326.9139784946237,67.32924731182796,0.0,0.0,0.0,20.0,186
foundationdb,2026-07-12-18-47-14,1,ubuntu,small,1000000,1,update,1000000,492.688,2.0296822,1.945255,2.223508,2.4939418,1.022146,83.76326,38.88892367906067,25.04421722113503,341.83405088062625,68.2796771037182,0.0,5324.799999999999,0.0,20.0,1022
foundationdb,2026-07-12-18-47-14,1,ubuntu,small,1000000,2,delete,2000000,964.1466,2.0743537,1.981505,2.296699,3.06211,1.139762,142.59319,50.40310875842156,48.44797882579403,429.6808469682387,111.58854667949952,0.0,7372.799999999996,0.0,40.0,1039
foundationdb,2026-07-12-18-47-14,1,ubuntu,small,1000000,2,insert,2000000,988.2431,2.0236626,1.965511,2.28469,2.7075949,1.055531,159.05595,48.299833005893916,49.66497053045187,363.29076620825145,108.58428290766209,0.004003906249999998,6246.4000000000015,0.0,40.0,1018
foundationdb,2026-07-12-18-47-14,1,ubuntu,small,1000000,2,read,2000000,4879.497,0.40973145,0.393144,0.513343,0.601345,0.304723,2.798734,63.94067632850241,150.25280193236716,516.3623188405797,110.30212560386474,0.0,102.40000000000146,0.0,39.0,207
foundationdb,2026-07-12-18-47-14,1,ubuntu,small,1000000,2,update,2000000,989.8675,2.0204508,1.961878,2.276661,2.748378,1.105817,112.58327,47.90033464566929,49.05782480314961,535.3726377952755,110.82391732283465,0.0,6553.5999999999985,0.0,41.0,1016
foundationdb,2026-07-12-18-47-14,1,ubuntu,small,1000000,4,delete,4000000,1917.6656,2.0857153,2.02851,2.388199,3.43535,1.235028,625.00476,65.68658373205741,98.03761722488038,676.2681339712918,197.4685167464115,0.0,10444.799999999996,0.0,79.0,1045
foundationdb,2026-07-12-18-47-14,1,ubuntu,small,1000000,4,insert,4000000,1917.2454,2.0859334,2.0178201,2.388614,3.101363,1.134039,83.53534,59.56149666348904,97.90845567206864,558.5719733079123,191.43832221163012,0.012011718750000004,8192.0,0.0,79.0,1049
foundationdb,2026-07-12-18-47-14,1,ubuntu,small,1000000,4,read,4000000,7623.789,0.52418894,0.514041,0.644368,0.724407,0.319181,4.85972,88.77690566037737,281.6118867924528,898.0569811320755,195.97018867924527,0.0,102.40000000000146,0.0,79.0,265
foundationdb,2026-07-12-18-47-14,1,ubuntu,small,1000000,4,update,4000000,1886.7122,2.1198535,2.021874,2.398051,3.2951767,1.168749,89.019066,58.34975609756097,97.1282363977486,928.2285178236398,196.1454971857411,0.0,8908.800000000003,0.0,81.0,1066
foundationdb,2026-07-12-18-47-14,1,ubuntu,small,1000000,8,delete,8000000,3570.9004,2.2398112,2.131878,2.89232,4.0133,1.350059,60.87999,86.58505347593582,188.71148841354724,1191.3399500891267,367.5495632798574,0.008007812500000003,16998.399999999994,0.0,163.84000000000015,1122
foundationdb,2026-07-12-18-47-14,1,ubuntu,small,1000000,8,insert,8000000,3718.3127,2.151117,2.077743,2.57635,3.540667,1.299352,46.452785,81.39459833795014,196.9909325946445,971.122489381348,357.24228993536474,0.011914062499999996,12185.600000000006,0.0,157.0,1083
foundationdb,2026-07-12-18-47-14,1,ubuntu,small,1000000,8,read,8000000,9356.331,0.8540235,0.848597,0.98793,1.083194,0.333011,20.041105,104.7243488372093,472.9753255813954,1687.6162976744188,369.9072093023256,0.0,0.0,0.0,188.24,430
foundationdb,2026-07-12-18-47-14,1,ubuntu,small,1000000,8,update,8000000,3695.1956,2.1642437,2.082011,2.612117,3.592854,1.297119,45.278667,81.588044077135,195.56651056014692,1737.0697814508724,365.95876951331496,0.0,14028.800000000003,0.0,153.5999999999999,1089
foundationdb,2026-07-13-04-27-54,2,ubuntu,medium,0,1,mix_10W_90R,10000,1203.0499,0.8312207,0.682223,1.9728968,2.329956,0.444968,6.423926,41.21254237288136,27.09728813559322,2393.487186440678,73.51135593220339,0.0,1024.0,0.0,0.0,59
foundationdb,2026-07-13-04-27-54,2,ubuntu,medium,0,1,mix_50W_50R,20000,540.6923,1.8494806,1.7633195,2.3896804,14.745892,0.461661,437.0121,41.21254237288136,27.09728813559322,2393.487186440678,73.51135593220339,0.0,1024.0,0.0,0.0,59
foundationdb,2026-07-13-04-27-54,2,ubuntu,medium,0,1,mix_90W_10R,10000,517.80176,1.931241,1.9788189,2.3368084,3.330833,0.542958,24.268396,41.21254237288136,27.09728813559322,2393.487186440678,73.51135593220339,0.0,1024.0,0.0,0.0,59
foundationdb,2026-07-13-04-27-54,2,ubuntu,medium,0,2,mix_10W_90R,20000,2241.2927,0.8907801,0.71931,2.0052583,2.6904564,0.467946,12.677432,56.73276595744681,62.78957446808511,2146.064340425532,123.76659574468084,0.0,1024.0,0.0,0.0,47
foundationdb,2026-07-13-04-27-54,2,ubuntu,medium,0,2,mix_50W_50R,40000,1438.8334,1.389321,1.725081,2.231755,2.5824697,0.483032,8.891958,56.73276595744681,62.78957446808511,2146.064340425532,123.76659574468084,0.0,1024.0,0.0,0.0,47
foundationdb,2026-07-13-04-27-54,2,ubuntu,medium,0,2,mix_90W_10R,20000,1010.43225,1.9784113,2.017023,2.435912,3.9701726,0.533808,16.278942,56.73276595744681,62.78957446808511,2146.064340425532,123.76659574468084,0.0,1024.0,0.0,0.0,47
foundationdb,2026-07-13-04-27-54,2,ubuntu,medium,0,4,mix_10W_90R,40000,3722.355,1.0618135,0.8415695,2.326699,3.3596034,0.442664,25.08352,81.25117647058825,140.14686274509805,1995.776,237.2686274509804,0.0,2048.0,0.0,10.240000000000009,51
foundationdb,2026-07-13-04-27-54,2,ubuntu,medium,0,4,mix_50W_50R,80000,2728.1882,1.4600956,1.6178014,2.285044,2.8342304,0.46655,26.565725,81.25117647058825,140.14686274509805,1995.776,237.2686274509804,0.0,2048.0,0.0,10.240000000000009,51
foundationdb,2026-07-13-04-27-54,2,ubuntu,medium,0,4,mix_90W_10R,40000,1897.2113,2.1072783,2.028931,3.3514135,5.4365454,0.58018297,25.098679,81.25117647058825,140.14686274509805,1995.776,237.2686274509804,0.0,2048.0,0.0,10.240000000000009,51
foundationdb,2026-07-13-04-27-54,2,ubuntu,medium,0,8,mix_10W_90R,80000,5213.521,1.4663746,1.214704,2.987731,4.030832,0.450555,23.952765,104.91873015873016,216.29460317460317,1913.0107936507936,435.1277777777778,0.0,3072.0,0.0,0.0,63
foundationdb,2026-07-13-04-27-54,2,ubuntu,medium,0,8,mix_50W_50R,160000,4651.5693,1.6969138,1.7344384,2.9910173,3.6859486,0.507756,25.009207,104.91873015873016,216.29460317460317,1913.0107936507936,435.1277777777778,0.0,3072.0,0.0,0.0,63
foundationdb,2026-07-13-04-27-54,2,ubuntu,medium,0,8,mix_90W_10R,80000,2970.576,2.575463,2.4013314,4.0633197,6.821338,0.537579,27.070541,104.91873015873016,216.29460317460317,1913.0107936507936,435.1277777777778,0.0,3072.0,0.0,0.0,63
foundationdb,2026-07-13-04-27-54,2,ubuntu,medium,10000,1,delete,10000,500.66556,1.9973414,1.960346,2.2466357,3.212447,1.552255,15.191215,45.35454545454546,30.44909090909091,489.72727272727275,87.61181818181818,0.0,0.0,0.0,0.0,11
foundationdb,2026-07-13-04-27-54,2,ubuntu,medium,10000,1,insert,10000,495.46402,2.01831,1.979064,2.299105,2.8940816,1.597932,11.080551,42.34909090909091,51.77272727272727,509.77272727272725,82.55454545454546,0.0,0.0,0.0,0.0,11
foundationdb,2026-07-13-04-27-54,2,ubuntu,medium,10000,1,read,10000,2550.1755,0.39212987,0.377849,0.4572635,0.59485173,0.32050902,4.824946,36.589999999999996,152.5533333333333,528.0333333333333,82.93333333333334,0.0,0.0,0.0,0.0,3
foundationdb,2026-07-13-04-27-54,2,ubuntu,medium,10000,1,update,10000,494.57416,2.0219414,1.984582,2.2712965,2.8638487,1.638022,10.953647,41.559999999999995,50.806363636363635,516.8000000000001,78.58545454545455,0.0,0.0,0.0,0.0,11
foundationdb,2026-07-13-04-27-54,2,ubuntu,medium,10000,2,delete,20000,964.9768,2.0713937,1.999528,2.392875,3.7847326,1.317444,18.591228,58.08545454545454,56.4,515.9090909090909,130.31,0.0,0.0,0.0,0.0,11
foundationdb,2026-07-13-04-27-54,2,ubuntu,medium,10000,2,insert,20000,936.9879,2.133532,2.033401,2.4074519,3.8098164,1.37709,66.763794,53.719166666666666,64.91416666666667,557.5083333333333,136.20833333333334,0.0,0.0,0.0,0.0,12
foundationdb,2026-07-13-04-27-54,2,ubuntu,medium,10000,2,read,20000,4332.8906,0.4612956,0.428765,0.5861236,0.80123955,0.332661,6.22634,58.56,163.14333333333335,584.4333333333334,107.40333333333332,0.0,0.0,0.0,0.0,3
foundationdb,2026-07-13-04-27-54,2,ubuntu,medium,10000,2,update,20000,919.7144,2.1733122,2.054354,3.25956,3.9700732,1.381071,14.755326,49.703333333333326,100.35000000000001,586.4416666666667,134.95833333333334,0.0,1024.0,0.0,0.0,12
foundationdb,2026-07-13-04-27-54,2,ubuntu,medium,10000,4,delete,40000,1857.2197,2.1519403,2.021807,2.846099,4.5059776,1.28315,14.846819,74.37166666666667,127.2025,619.9499999999999,259.125,0.0,1024.0,0.0,0.0,12
foundationdb,2026-07-13-04-27-54,2,ubuntu,medium,10000,4,insert,40000,1770.8931,2.25636,2.093117,3.1299365,4.6455374,1.32352,16.980865,65.97692307692309,151.47384615384615,619.4076923076923,241.75384615384613,0.0,1024.0,0.0,0.0,13
foundationdb,2026-07-13-04-27-54,2,ubuntu,medium,10000,4,read,40000,6678.1978,0.59250194,0.5554595,0.74012744,1.7123711,0.35158902,6.946488,75.61,364.835,660.95,241.075,0.0,0.0,0.0,0.0,4
foundationdb,2026-07-13-04-27-54,2,ubuntu,medium,10000,4,update,40000,1808.481,2.208705,2.0833385,3.041316,4.6499286,1.332739,14.903322,65.97916666666667,137.46583333333334,713.2583333333333,242.08333333333334,0.0,0.0,0.0,0.0,12
foundationdb,2026-07-13-04-27-54,2,ubuntu,medium,10000,8,delete,80000,3153.0388,2.5278804,2.2549777,4.000522,7.221783,1.4081,58.369102,85.005,248.43428571428572,890.1528571428571,426.90999999999997,0.0,1024.0,0.0,0.0,14
foundationdb,2026-07-13-04-27-54,2,ubuntu,medium,10000,8,insert,80000,3067.0288,2.5937002,2.334633,4.066111,6.028419,1.431986,14.942223,89.22571428571429,233.38285714285715,819.1714285714286,432.3071428571429,0.0087890625,1024.0,0.0,0.0,14
foundationdb,2026-07-13-04-27-54,2,ubuntu,medium,10000,8,read,80000,8230.204,0.9668048,0.908445,1.220082,2.8680248,0.563491,7.14547,85.70833333333333,611.835,945.6333333333333,433.1333333333334,0.0078125,0.0,0.0,0.0,6
foundationdb,2026-07-13-04-27-54,2,ubuntu,medium,10000,8,update,80000,3148.5322,2.5285048,2.319058,3.9143395,5.8521266,1.4099851,16.433365,88.39357142857143,269.3307142857143,1047.1194285714287,454.12142857142857,0.0,1024.0,0.0,0.0,14
foundationdb,2026-07-13-04-27-54,2,ubuntu,medium,100000,1,delete,100000,495.63904,2.0175974,1.970053,2.2785513,3.4672027,1.498755,19.201857,45.566372549019604,26.419411764705885,672.4735294117647,84.87725490196078,0.0,1024.0,0.0,0.0,102
foundationdb,2026-07-13-04-27-54,2,ubuntu,medium,100000,1,insert,100000,493.94525,2.0245159,1.9764789,2.29559,3.1313334,1.554908,26.999035,44.99213592233009,27.994271844660194,666.4242718446602,83.50194174757283,0.0078125,2048.0,0.0,0.0,103
foundationdb,2026-07-13-04-27-54,2,ubuntu,medium,100000,1,read,100000,2549.7466,0.39219585,0.378966,0.47946998,0.5565077,0.332102,5.822089,40.16952380952381,75.36428571428571,839.0714285714286,84.07000000000001,0.0,0.0,0.0,10.240000000000009,21
foundationdb,2026-07-13-04-27-54,2,ubuntu,medium,100000,1,update,100000,493.8094,2.0250728,1.980949,2.2995753,3.0386574,1.537378,26.863672,43.934999999999995,26.010576923076922,882.3788461538461,83.88336538461539,0.0,2048.0,0.0,0.0,104
foundationdb,2026-07-13-04-27-54,2,ubuntu,medium,100000,2,delete,200000,960.8174,2.08139,1.995608,2.405514,4.071821,1.326937,22.394562,57.21504761904762,52.11114285714286,949.0586285714286,137.93733333333333,0.0,3072.0,0.0,10.239999999999782,105
foundationdb,2026-07-13-04-27-54,2,ubuntu,medium,100000,2,insert,200000,952.5681,2.099015,2.025006,2.394759,4.0562315,1.203451,36.367874,54.45457943925234,54.31588785046729,948.2929719626168,137.2426168224299,0.0205078125,4096.0,0.0,0.0,107
foundationdb,2026-07-13-04-27-54,2,ubuntu,medium,100000,2,read,200000,4468.455,0.4471964,0.432324,0.56621546,0.66971934,0.326931,7.252075,64.01083333333334,145.08083333333335,1315.1573333333333,138.025,0.0,0.0,0.0,10.240000000000009,24
foundationdb,2026-07-13-04-27-54,2,ubuntu,medium,100000,2,update,200000,954.753,2.0947316,2.02564,2.408164,3.8179388,1.359062,25.454893,53.73093457943925,51.29934579439252,1425.9343551401869,138.22990654205609,0.0,3072.0,0.0,0.0,107
foundationdb,2026-07-13-04-27-54,2,ubuntu,medium,100000,4,delete,400000,1811.3142,2.2082415,2.0528836,3.2886117,4.637414,1.271554,48.656124,75.03812500000001,97.31535714285714,1567.777142857143,242.34642857142856,0.744140625,5120.0,0.0,10.240000000000009,112
foundationdb,2026-07-13-04-27-54,2,ubuntu,medium,100000,4,insert,400000,1792.4104,2.2306457,2.113015,2.688378,5.506325,1.324074,22.612768,69.74929824561404,103.86675438596491,1446.5908421052632,243.97105263157894,0.0478515625,6144.0,0.0,0.0,114
foundationdb,2026-07-13-04-27-54,2,ubuntu,medium,100000,4,read,400000,7037.0176,0.56664634,0.550988,0.706248,0.806891,0.366883,7.771799,88.58500000000001,295.691,2281.0624000000003,241.13666666666668,0.0,0.0,0.0,10.240000000000009,30
foundationdb,2026-07-13-04-27-54,2,ubuntu,medium,100000,4,update,400000,1819.9596,2.1968606,2.070134,2.661002,5.5211267,1.267712,46.672016,69.15357142857142,102.76205357142858,2460.4525714285714,240.37053571428572,0.0,6144.0,0.0,10.240000000000009,112
foundationdb,2026-07-13-04-27-54,2,ubuntu,medium,100000,8,delete,800000,2715.565,2.9417968,2.437932,3.828291,31.447847,1.378697,106.15491,83.15758389261745,155.2853020134228,2722.9053422818793,438.9386577181208,501.75999999999976,3072.0,0.0,20.480000000000018,149
foundationdb,2026-07-13-04-27-54,2,ubuntu,medium,100000,8,insert,800000,3133.9653,2.5504367,2.296006,4.1293783,6.8065825,1.358858,64.956345,96.41569230769231,193.8183076923077,2280.2921538461537,450.9453846153846,6.5295703125,13312.0,0.0,10.240000000000009,130
foundationdb,2026-07-13-04-27-54,2,ubuntu,medium,100000,8,read,800000,7165.261,1.1142308,1.102326,1.338464,1.5891317,0.357664,10.487428,118.47385964912282,390.5122807017544,2664.268350877193,447.86842105263156,2543.9399999999996,0.0,0.0,20.480000000000018,57
foundationdb,2026-07-13-04-27-54,2,ubuntu,medium,100000,8,update,800000,2993.8975,2.6684835,2.275961,4.006661,8.404942,1.361303,137.17139,100.7860294117647,182.4054411764706,2984.101647058824,443.8992647058824,624.6400000000003,13312.0,0.009999999999999787,10.240000000000009,136
foundationdb,2026-07-13-04-27-54,2,ubuntu,small,0,1,mix_10W_90R,10000,1334.7499,0.7492041,0.62125146,1.880245,2.070646,0.427159,3.095781,43.8995652173913,38.49021739130435,463.3478260869565,68.81869565217391,0.0,1024.0,0.0,10.240000000000009,46
foundationdb,2026-07-13-04-27-54,2,ubuntu,small,0,1,mix_50W_50R,20000,745.99963,1.3404832,1.673782,2.1788301,2.356775,0.43875298,8.250879,43.8995652173913,38.49021739130435,463.3478260869565,68.81869565217391,0.0,1024.0,0.0,10.240000000000009,46
foundationdb,2026-07-13-04-27-54,2,ubuntu,small,0,1,mix_90W_10R,10000,557.6559,1.7932208,1.876187,2.1596963,2.4213848,0.465991,16.368633,43.8995652173913,38.49021739130435,463.3478260869565,68.81869565217391,0.0,1024.0,0.0,10.240000000000009,46
foundationdb,2026-07-13-04-27-54,2,ubuntu,small,0,2,mix_10W_90R,20000,2512.2332,0.7954411,0.664554,1.906645,2.1619158,0.443641,8.517884,53.208666666666666,73.6211111111111,461.72,107.83333333333333,0.0,0.0,0.0,0.0,45
foundationdb,2026-07-13-04-27-54,2,ubuntu,small,0,2,mix_50W_50R,40000,1508.2626,1.3249665,1.5581224,2.145849,2.3699079,0.465152,12.067435,53.208666666666666,73.6211111111111,461.72,107.83333333333333,0.0,0.0,0.0,0.0,45
foundationdb,2026-07-13-04-27-54,2,ubuntu,small,0,2,mix_90W_10R,20000,1073.5361,1.8599408,1.9533975,2.2484524,2.601928,0.489877,11.969654,53.208666666666666,73.6211111111111,461.72,107.83333333333333,0.0,0.0,0.0,0.0,45
foundationdb,2026-07-13-04-27-54,2,ubuntu,small,0,4,mix_10W_90R,40000,4380.8545,0.90890354,0.775464,2.05624,2.4750934,0.44399002,13.715511,72.2975,143.12104166666666,464.7833333333333,182.81041666666667,0.0,0.0,0.0,0.0,48
foundationdb,2026-07-13-04-27-54,2,ubuntu,small,0,4,mix_50W_50R,80000,2875.9543,1.3872877,1.53689,2.1545835,2.418236,0.458029,13.491247,72.2975,143.12104166666666,464.7833333333333,182.81041666666667,0.0,0.0,0.0,0.0,48
foundationdb,2026-07-13-04-27-54,2,ubuntu,small,0,4,mix_90W_10R,40000,2083.7253,1.9186127,2.007281,2.341625,2.825843,0.526614,13.427899,72.2975,143.12104166666666,464.7833333333333,182.81041666666667,0.0,0.0,0.0,0.0,48
foundationdb,2026-07-13-04-27-54,2,ubuntu,small,0,8,mix_10W_90R,80000,6678.5234,1.1523545,1.0296215,2.356913,2.9137707,0.380503,11.745036,96.21927272727274,222.48563636363636,472.7472727272727,328.86636363636364,0.0,1024.0,0.0,10.240000000000009,55
foundationdb,2026-07-13-04-27-54,2,ubuntu,small,0,8,mix_50W_50R,160000,5092.1455,1.5529053,1.595069,2.587115,3.2255478,0.498957,15.400257,96.21927272727274,222.48563636363636,472.7472727272727,328.86636363636364,0.0,1024.0,0.0,10.240000000000009,55
foundationdb,2026-07-13-04-27-54,2,ubuntu,small,0,8,mix_90W_10R,80000,3773.896,2.0990427,2.0708027,2.966641,3.485784,0.5197,15.323429,96.21927272727274,222.48563636363636,472.7472727272727,328.86636363636364,0.0,1024.0,0.0,10.240000000000009,55
foundationdb,2026-07-13-04-27-54,2,ubuntu,small,10000,1,delete,10000,385.06766,2.596946,2.5265226,3.123795,3.8660588,2.007137,22.918089,32.63285714285714,24.975714285714286,54.485,43.083571428571425,0.0,56.900000000000006,0.015625,0.19140625,14
foundationdb,2026-07-13-04-27-54,2,ubuntu,small,10000,1,insert,10000,362.86285,2.755862,2.6538796,3.367071,3.8399506,2.093393,16.674786,29.353333333333335,22.628666666666668,38.13933333333333,40.254666666666665,0.007998046875,47.98,0.0,0.00400390625,15
foundationdb,2026-07-13-04-27-54,2,ubuntu,small,10000,1,read,10000,2778.3489,0.35992602,0.354591,0.393291,0.4865958,0.304932,1.713659,35.64666666666667,57.25666666666667,45.48666666666667,39.873333333333335,0.0,2.8999999999999986,0.0,0.0,3
foundationdb,2026-07-13-04-27-54,2,ubuntu,small,10000,1,update,10000,367.05194,2.72441,2.6395626,3.267252,3.6818295,2.13006,18.196238,30.038,18.926,48.21,40.376,0.0,47.199999999999996,0.0,0.39248046875,15
foundationdb,2026-07-13-04-27-54,2,ubuntu,small,10000,2,delete,20000,997.66766,2.004104,1.9708545,2.2869303,2.6753972,1.340071,14.45903,47.77454545454545,109.86727272727272,74.1190909090909,80.24363636363637,0.0,73.0,0.0,0.41000000000000014,11
foundationdb,2026-07-13-04-27-54,2,ubuntu,small,10000,2,insert,20000,780.69226,2.5609796,2.5028806,3.148932,3.7355952,1.789996,15.808319,38.81714285714286,72.15142857142857,66.78785714285713,78.20071428571428,0.0,59.0,0.0,0.1923828125,14
foundationdb,2026-07-13-04-27-54,2,ubuntu,small,10000,2,read,20000,4903.49,0.40772483,0.38602,0.51501906,0.6280957,0.310101,2.415717,46.1,316.56666666666666,77.20666666666666,67.41000000000001,0.0,1.0,0.0,0.0,3
foundationdb,2026-07-13-04-27-54,2,ubuntu,small,10000,2,update,20000,970.77814,2.0601952,1.97019,2.7256403,3.4661148,1.064961,15.796027,46.60909090909092,54.68181818181818,74.3509090909091,73.0281818181818,0.0,59.0,0.0,0.40972656249999995,11
foundationdb,2026-07-13-04-27-54,2,ubuntu,small,10000,4,delete,40000,1931.8939,2.0692585,2.025716,2.44086,3.3334525,1.292578,12.389942,65.08416666666666,132.09916666666666,97.815,164.85,0.0,110.0,0.0,0.7999999999999998,12
foundationdb,2026-07-13-04-27-54,2,ubuntu,small,10000,4,insert,40000,1976.3903,2.0231547,1.991842,2.3729765,2.8136835,1.210512,15.318164,57.55,138.2490909090909,86.5409090909091,147.9409090909091,0.0,72.0,0.0,0.3899999999999999,11
foundationdb,2026-07-13-04-27-54,2,ubuntu,small,10000,4,read,40000,7244.7524,0.53990996,0.529198,0.6564545,0.8049367,0.32868,3.161985,74.72749999999999,316.31,97.0375,152.95,0.0,6.0,0.0,0.40000000000000013,4
foundationdb,2026-07-13-04-27-54,2,ubuntu,small,10000,4,update,40000,1802.4106,2.2177303,2.032002,3.369977,4.110903,1.369614,14.09927,56.185,135.3575,98.925,146.67333333333332,0.0,74.0,0.0,0.79,12
foundationdb,2026-07-13-04-27-54,2,ubuntu,small,10000,8,delete,80000,3636.5142,2.1930394,2.1038694,2.784486,3.7472737,1.378624,16.654324,73.49916666666667,271.3641666666667,141.475,280.49333333333334,0.0,159.0,0.0,1.6000000000000005,12
foundationdb,2026-07-13-04-27-54,2,ubuntu,small,10000,8,insert,80000,3697.3745,2.1560493,2.088155,2.6160364,3.4176142,1.354807,12.916067,72.67583333333333,286.9016666666667,120.88833333333334,304.44166666666666,0.0,95.0,0.0,0.7899999999999996,12
foundationdb,2026-07-13-04-27-54,2,ubuntu,small,10000,8,read,80000,9414.402,0.8452624,0.822746,0.992603,1.4608297,0.430929,4.066098,90.29166666666667,558.8366666666667,137.71666666666667,302.90000000000003,0.0,11.0,0.0,0.7800000000000002,6
foundationdb,2026-07-13-04-27-54,2,ubuntu,small,10000,8,update,80000,3701.7834,2.1523654,2.085291,2.6286707,3.4101377,1.37569,12.948613,71.97083333333333,272.2033333333333,135.70833333333334,304.98333333333335,0.0,89.0,0.0,1.58,12
foundationdb,2026-07-13-04-27-54,2,ubuntu,small,100000,1,delete,100000,503.23898,1.9871275,1.961876,2.2349644,2.4645352,1.533322,35.05906,41.5893,27.5056,144.189,42.2975,0.0,573.4399999999998,0.0,2.0,100
foundationdb,2026-07-13-04-27-54,2,ubuntu,small,100000,1,insert,100000,506.22482,1.9754069,1.950425,2.2251205,2.4546232,1.440364,41.717632,39.0513,25.8554,128.422,41.6404,0.0,534.52,0.0,4.969999999999999,100
foundationdb,2026-07-13-04-27-54,2,ubuntu,small,100000,1,read,100000,2585.365,0.38679257,0.367862,0.467177,0.517464,0.304723,2.223091,38.92523809523809,82.57142857142857,136.4904761904762,41.373333333333335,0.0,10.240000000000009,0.0,2.0,21
foundationdb,2026-07-13-04-27-54,2,ubuntu,small,100000,1,update,100000,507.23135,1.9714869,1.950211,2.2218373,2.4391148,1.475914,13.868093,39.4985,28.237800000000004,143.59799999999998,42.038900000000005,0.0,512.0,0.0,2.1000000000000014,100
foundationdb,2026-07-13-04-27-54,2,ubuntu,small,100000,2,delete,200000,995.3613,2.0091307,1.973612,2.28071,2.7242107,1.299841,25.295307,50.08196078431372,50.615196078431374,169.39313725490194,81.09058823529412,0.0,737.2799999999997,0.0,4.0000000000000036,102
foundationdb,2026-07-13-04-27-54,2,ubuntu,small,100000,2,insert,200000,1011.3405,1.976969,1.9481885,2.241107,2.5679007,1.232581,27.494501,47.6755,50.805200000000006,151.87,79.8584,0.004013671875000001,604.1600000000003,0.0,3.8000000000000007,100
foundationdb,2026-07-13-04-27-54,2,ubuntu,small,100000,2,read,200000,4854.7188,0.41128886,0.395589,0.51781297,0.60756,0.311288,2.757663,62.09590909090909,171.0609090909091,161.54999999999998,79.97636363636364,0.0,0.0,0.0,3.599999999999998,22
foundationdb,2026-07-13-04-27-54,2,ubuntu,small,100000,2,update,200000,1004.4656,1.9903756,1.962786,2.291815,2.614138,1.235864,15.392954,48.304455445544555,50.044158415841586,170.02673267326733,80.81059405940594,0.0,655.3600000000001,0.0,4.5,101
foundationdb,2026-07-13-04-27-54,2,ubuntu,small,100000,4,delete,400000,1954.7762,2.0460532,1.998127,2.3360295,3.412929,1.294673,26.65641,63.08728155339806,100.14922330097089,219.3233009708738,156.29611650485438,0.0,1044.4800000000005,0.0,7.899999999999999,103
foundationdb,2026-07-13-04-27-54,2,ubuntu,small,100000,4,insert,400000,1967.118,2.0329993,1.998336,2.310882,2.8361032,1.209185,27.43117,58.476601941747575,104.32883495145632,189.15728155339806,156.42330097087378,0.0,788.4800000000005,0.0,7.699999999999996,103
foundationdb,2026-07-13-04-27-54,2,ubuntu,small,100000,4,read,400000,7539.1543,0.52840394,0.518441,0.650165,0.735164,0.321555,4.001562,87.64571428571428,279.38142857142856,206.57857142857142,154.93928571428572,0.0,10.239999999999782,0.0,5.399999999999999,28
foundationdb,2026-07-13-04-27-54,2,ubuntu,small,100000,4,update,400000,1949.7181,2.050877,2.015099,2.408173,2.941421,1.236564,15.862164,59.674807692307695,103.97836538461539,221.18269230769232,157.22692307692307,0.0,849.9200000000001,0.0,10.600000000000001,104
foundationdb,2026-07-13-04-27-54,2,ubuntu,small,100000,8,delete,800000,3641.226,2.1944575,2.105269,2.795455,3.830666,1.29251,17.007624,80.65819819819819,191.28306306306305,300.2522522522523,306.23675675675673,0.004003906250000001,1576.9599999999991,0.0,15.0,111
foundationdb,2026-07-13-04-27-54,2,ubuntu,small,100000,8,insert,800000,3686.0015,2.1671016,2.096885,2.652762,3.4514828,1.046521,15.729045,76.65936363636364,202.6130909090909,255.74181818181816,307.68,0.004003906249999998,1157.119999999999,0.0,15.400000000000006,110
foundationdb,2026-07-13-04-27-54,2,ubuntu,small,100000,8,read,800000,9437.729,0.8444944,0.837622,0.978495,1.083678,0.33070502,4.955263,102.3659090909091,499.115,291.78636363636366,308.1181818181818,0.0,10.2400000000016,0.0,14.0,44
foundationdb,2026-07-13-04-27-54,2,ubuntu,small,100000,8,update,800000,3731.9963,2.1424696,2.069506,2.543039,3.5354338,1.229439,50.534973,78.66238532110093,208.9411009174312,318.4036697247706,309.71651376146787,0.0,1269.7599999999984,0.0,18.299999999999997,109
foundationdb,2026-07-13-04-27-54,2,ubuntu,small,1000000,1,delete,1000000,504.06473,1.9838723,1.959845,2.234049,2.477942,0.988691,50.603016,42.19369215291751,25.50317907444668,309.0448692152917,48.2312676056338,0.0,5836.799999999999,0.0,20.0,994
foundationdb,2026-07-13-04-27-54,2,ubuntu,small,1000000,1,insert,1000000,509.95206,1.9609685,1.937084,2.213803,2.436742,1.032065,94.2411,40.00503546099291,25.914123606889564,285.87943262411346,47.20743667679838,0.004003906250000001,5222.4,0.0,21.0,987
foundationdb,2026-07-13-04-27-54,2,ubuntu,small,1000000,1,read,1000000,2726.975,0.3667067,0.356337,0.43658602,0.493508,0.31052,2.421651,39.95410810810811,74.82691891891892,326.8762162162162,47.653999999999996,0.0,0.0,0.0,20.0,185
foundationdb,2026-07-13-04-27-54,2,ubuntu,small,1000000,1,update,1000000,509.35483,1.963268,1.93939,2.215408,2.43917,1.007895,24.719812,39.96341093117409,25.623653846153843,342.3403846153846,48.1098987854251,0.0,5222.4000000000015,0.0,20.0,988
foundationdb,2026-07-13-04-27-54,2,ubuntu,small,1000000,2,delete,2000000,994.75385,2.0104892,1.977933,2.276444,2.7437582,1.103375,39.177906,51.49213505461768,49.576623634558096,429.57388282025823,89.19099304865938,0.0,7372.800000000003,0.0,40.0,1007
foundationdb,2026-07-13-04-27-54,2,ubuntu,small,1000000,2,insert,2000000,1004.66846,1.9906818,1.963204,2.256121,2.597651,1.090869,32.757088,49.014291417165666,50.13188622754491,364.9307385229541,87.79766467065868,0.008007812499999996,6246.4000000000015,0.0,40.0,1002
foundationdb,2026-07-13-04-27-54,2,ubuntu,small,1000000,2,read,2000000,4882.326,0.4095815,0.39447,0.509781,0.595267,0.304024,2.659743,63.91294685990338,150.8753623188406,516.4193236714976,89.28570048309179,0.0,0.0,0.0,38.0,207
foundationdb,2026-07-13-04-27-54,2,ubuntu,small,1000000,2,update,2000000,1004.1002,1.9914805,1.962784,2.259475,2.632015,0.991973,25.075352,48.784700598802395,50.353732534930145,535.5402195608783,89.44679640718563,0.0,6553.5999999999985,0.0,42.0,1002
foundationdb,2026-07-13-04-27-54,2,ubuntu,small,1000000,4,delete,4000000,1931.6388,2.0706124,2.023759,2.374365,3.420471,1.124604,69.96807,66.98119575699133,97.71507232401157,676.4839922854388,172.25737704918032,0.0,10547.199999999997,0.0,80.0,1037
foundationdb,2026-07-13-04-27-54,2,ubuntu,small,1000000,4,insert,4000000,1950.0522,2.0508606,2.014608,2.344341,2.968173,1.160854,52.573486,59.868603297769155,99.18866149369543,555.7891367604268,167.69964112512122,0.02392578125,7987.199999999997,0.0,79.0,1031
foundationdb,2026-07-13-04-27-54,2,ubuntu,small,1000000,4,read,4000000,7525.067,0.53067565,0.517883,0.664553,0.752484,0.315339,4.962391,88.05234200743494,284.05962825278806,901.9873605947955,172.45163568773233,0.0,102.40000000000146,0.0,79.0,269
foundationdb,2026-07-13-04-27-54,2,ubuntu,small,1000000,4,update,4000000,1948.3522,2.05256,2.013983,2.350693,3.087464,1.105889,25.671724,59.927483059051305,99.19503388189739,930.81403678606,171.67096805421102,0.0,8908.799999999996,0.0,80.0,1033
foundationdb,2026-07-13-04-27-54,2,ubuntu,small,1000000,8,delete,8000000,3530.7485,2.2639525,2.144938,2.901759,4.008069,1.360604,1049.0302,86.94747136563878,187.24337444933923,1188.955950660793,338.1730396475771,0.00390625,16179.199999999997,0.0,163.84000000000015,1135
foundationdb,2026-07-13-04-27-54,2,ubuntu,small,1000000,8,insert,8000000,3719.011,2.150517,2.078937,2.560511,3.541578,1.316533,46.16281,81.12375231053603,196.72964879852125,972.3230868761553,330.31090573012943,0.04365234375,12185.600000000006,2.78828125,156.0,1082
foundationdb,2026-07-13-04-27-54,2,ubuntu,small,1000000,8,read,8000000,9402.2705,0.84973985,0.844047,0.982196,1.074528,0.32595602,5.558218,104.67457943925234,476.7168457943925,1686.1762990654206,343.8004672897196,0.0,0.0,0.0,189.24,428
foundationdb,2026-07-13-04-27-54,2,ubuntu,small,1000000,8,update,8000000,3685.4094,2.1698015,2.076351,2.599681,3.623225,1.112314,82.84233,81.72466117216118,194.5988095238095,1738.5185054945057,338.2630036630037,0.0,14028.800000000003,0.0,153.5999999999999,1092
foundationdb,2026-07-13-13-59-50,4,ubuntu,medium,0,1,mix_10W_90R,10000,1206.6282,0.8287557,0.678868,1.9493884,2.2995145,0.46123898,12.903451,46.79354166666667,38.21541666666666,2463.9573333333333,97.28458333333333,0.0,1024.0,0.0,0.0,48
foundationdb,2026-07-13-13-59-50,4,ubuntu,medium,0,1,mix_50W_50R,20000,718.69727,1.3914064,1.7472115,2.2175684,2.7761059,0.461728,26.409763,46.79354166666667,38.21541666666666,2463.9573333333333,97.28458333333333,0.0,1024.0,0.0,0.0,48
foundationdb,2026-07-13-13-59-50,4,ubuntu,medium,0,1,mix_90W_10R,10000,523.93994,1.9086156,1.9596375,2.2980275,3.381018,0.515088,26.3252,46.79354166666667,38.21541666666666,2463.9573333333333,97.28458333333333,0.0,1024.0,0.0,0.0,48
foundationdb,2026-07-13-13-59-50,4,ubuntu,medium,0,2,mix_10W_90R,20000,2306.6028,0.8561559,0.69290704,1.973188,2.4102774,0.447061,24.355034,56.939574468085105,70.76829787234043,2224.1933617021277,151.51063829787233,0.0,1024.0,0.0,0.0,47
foundationdb,2026-07-13-13-59-50,4,ubuntu,medium,0,2,mix_50W_50R,40000,1411.8093,1.4154947,1.746619,2.2757485,2.736847,0.46605802,26.084885,56.939574468085105,70.76829787234043,2224.1933617021277,151.51063829787233,0.0,1024.0,0.0,0.0,47
foundationdb,2026-07-13-13-59-50,4,ubuntu,medium,0,2,mix_90W_10R,20000,1026.2059,1.9470499,1.984782,2.40735,4.02486,0.520885,19.81632,56.939574468085105,70.76829787234043,2224.1933617021277,151.51063829787233,0.0,1024.0,0.0,0.0,47
foundationdb,2026-07-13-13-59-50,4,ubuntu,medium,0,4,mix_10W_90R,40000,3759.4363,1.0527947,0.839716,2.1938639,3.321718,0.480307,67.58705,70.27896551724137,124.87293103448276,2060.7646896551723,260.78620689655173,0.0,1024.0,0.0,10.240000000000009,58
foundationdb,2026-07-13-13-59-50,4,ubuntu,medium,0,4,mix_50W_50R,80000,2456.2512,1.6268998,1.6701429,2.318559,5.0506854,0.488548,55.311733,70.27896551724137,124.87293103448276,2060.7646896551723,260.78620689655173,0.0,1024.0,0.0,10.240000000000009,58
foundationdb,2026-07-13-13-59-50,4,ubuntu,medium,0,4,mix_90W_10R,40000,1510.5602,2.647089,2.033324,3.5609493,22.797874,0.575782,69.60138,70.27896551724137,124.87293103448276,2060.7646896551723,260.78620689655173,0.0,1024.0,0.0,10.240000000000009,58
foundationdb,2026-07-13-13-59-50,4,ubuntu,medium,0,8,mix_10W_90R,80000,5196.459,1.5128745,1.26869,2.98451,4.1620684,0.418008,51.3508,105.42790322580645,206.3690322580645,2018.7664516129032,462.01161290322585,0.0,3072.0,0.0,0.0,62
foundationdb,2026-07-13-13-59-50,4,ubuntu,medium,0,8,mix_50W_50R,160000,4662.346,1.6951232,1.7394974,2.9632814,3.5488412,0.512644,15.791248,105.42790322580645,206.3690322580645,2018.7664516129032,462.01161290322585,0.0,3072.0,0.0,0.0,62
foundationdb,2026-07-13-13-59-50,4,ubuntu,medium,0,8,mix_90W_10R,80000,3047.7915,2.552224,2.3955636,4.073914,6.80293,0.587026,25.6322,105.42790322580645,206.3690322580645,2018.7664516129032,462.01161290322585,0.0,3072.0,0.0,0.0,62
foundationdb,2026-07-13-13-59-50,4,ubuntu,medium,10000,1,delete,10000,499.09763,2.003616,1.969418,2.244059,3.1524274,1.581513,13.634015,44.32272727272727,54.07545454545455,490.8818181818182,94.3090909090909,0.0,0.0,0.0,0.0,11
foundationdb,2026-07-13-13-59-50,4,ubuntu,medium,10000,1,insert,10000,486.46182,2.0556598,1.9903004,2.316339,3.3604069,1.59611,75.28408,43.558181818181815,35.732727272727274,507.7181818181818,86.49636363636364,0.0,0.0,0.0,0.0,11
foundationdb,2026-07-13-13-59-50,4,ubuntu,medium,10000,1,read,10000,2421.2456,0.41301054,0.386717,0.50789845,0.62621886,0.29257002,4.127199,33.06333333333333,206.43666666666664,526.2333333333333,88.89,0.0,0.0,0.0,0.0,3
foundationdb,2026-07-13-13-59-50,4,ubuntu,medium,10000,1,update,10000,498.66986,2.0053349,1.971722,2.2689893,2.84967,1.620345,16.31359,40.43636363636364,51.28090909090909,516.4545454545455,90.01,0.0,0.0,0.0,0.0,11
foundationdb,2026-07-13-13-59-50,4,ubuntu,medium,10000,2,delete,20000,967.4017,2.066876,1.994002,2.4224439,3.8432167,1.363535,13.586316,54.42454545454545,84.76818181818182,514.6545454545454,147.53636363636363,0.0,0.0,0.0,0.0,11
foundationdb,2026-07-13-13-59-50,4,ubuntu,medium,10000,2,insert,20000,959.1812,2.0843136,2.0327296,2.3776574,3.5799878,1.400201,13.945792,54.355,86.17916666666667,554.65,142.93333333333334,0.0,0.0,0.0,0.0,12
foundationdb,2026-07-13-13-59-50,4,ubuntu,medium,10000,2,read,20000,4308.0547,0.46410117,0.4386455,0.59380454,0.7917424,0.32197398,5.473972,60.276666666666664,190.98666666666668,587.6999999999999,118.37666666666667,0.0,1024.0,0.0,0.0,3
foundationdb,2026-07-13-13-59-50,4,ubuntu,medium,10000,2,update,20000,928.44434,2.1528478,2.0324507,3.147297,3.8559656,1.351312,15.074378,49.66416666666667,92.97333333333334,582.775,143.275,0.0,0.0,0.0,0.0,12
foundationdb,2026-07-13-13-59-50,4,ubuntu,medium,10000,4,delete,40000,1837.3362,2.1739883,2.0377245,2.847988,4.6560764,1.313668,25.683174,71.715,160.5875,616.2333333333333,266.52500000000003,0.0,1024.0,0.0,0.0,12
foundationdb,2026-07-13-13-59-50,4,ubuntu,medium,10000,4,insert,40000,1740.9044,2.297039,2.115318,3.4555364,4.8504467,1.379389,16.096035,71.84,123.01307692307692,626.8,249.45384615384617,0.0,1024.0,0.0,0.0,13
foundationdb,2026-07-13-13-59-50,4,ubuntu,medium,10000,4,read,40000,6864.818,0.5751473,0.541,0.717918,1.6628107,0.338596,6.577136,76.4225,358.54,677.575,248.95,0.0,0.0,0.0,0.0,4
foundationdb,2026-07-13-13-59-50,4,ubuntu,medium,10000,4,update,40000,1793.6272,2.2285485,2.099046,3.2200975,4.7334623,1.399014,17.9213,65.51,131.65384615384616,717.0384615384615,249.24615384615385,0.0,0.0,0.0,0.0,13
foundationdb,2026-07-13-13-59-50,4,ubuntu,medium,10000,8,delete,80000,3187.9985,2.4967833,2.258218,3.9880128,6.025962,1.355363,19.258228,88.425,179.73785714285714,885.0191428571428,419.2578571428571,0.0,1024.0,0.0,0.0,14
foundationdb,2026-07-13-13-59-50,4,ubuntu,medium,10000,8,insert,80000,3113.6465,2.5538125,2.316745,4.004845,5.9499054,1.4159861,13.342568,87.48214285714286,262.0364285714286,815.8214285714286,439.5357142857143,0.0,1024.0,0.0,10.240000000000009,14
foundationdb,2026-07-13-13-59-50,4,ubuntu,medium,10000,8,read,80000,8480.8,0.9377553,0.876593,1.178312,2.8536258,0.37275,6.9026732,90.79833333333333,622.9516666666667,946.5,459.55,0.10000000000000142,0.0,0.0,0.0,6
foundationdb,2026-07-13-13-59-50,4,ubuntu,medium,10000,8,update,80000,3205.4211,2.4852788,2.220572,3.9743207,7.2676983,1.4548889,36.76767,85.91499999999999,308.3342857142857,1044.6074285714287,458.1928571428571,0.0,1024.0,0.0,0.0,14
foundationdb,2026-07-13-13-59-50,4,ubuntu,medium,100000,1,delete,100000,495.03513,2.0200586,1.974728,2.282663,3.4166281,1.513488,22.18108,45.25372549019608,27.976960784313725,673.0872549019607,92.38666666666667,0.0,1024.0,0.0,0.0,102
foundationdb,2026-07-13-13-59-50,4,ubuntu,medium,100000,1,insert,100000,491.3682,2.0351338,1.987299,2.314999,3.0995421,1.586892,16.314857,45.10826923076923,26.416249999999998,667.323076923077,91.36221153846154,0.0,2048.0,0.0,0.0,104
foundationdb,2026-07-13-13-59-50,4,ubuntu,medium,100000,1,read,100000,2504.783,0.3992362,0.383156,0.493298,0.55014896,0.33328798,4.634609,40.04761904761905,87.36,838.9047619047619,91.53428571428572,0.0,0.0,0.0,10.240000000000009,21
foundationdb,2026-07-13-13-59-50,4,ubuntu,medium,100000,1,update,100000,494.24094,2.0233047,1.9764041,2.290974,3.1360831,1.5510631,37.938107,43.755922330097086,28.18902912621359,882.3242718446602,91.2833009708738,0.0,2048.0,0.0,0.0,103
foundationdb,2026-07-13-13-59-50,4,ubuntu,medium,100000,2,delete,200000,960.34326,2.0825565,1.99626,2.399749,4.0748024,1.275967,31.704239,57.535999999999994,52.706476190476195,947.1430857142858,146.7952380952381,0.0,3072.0,0.0,10.239999999999782,105
foundationdb,2026-07-13-13-59-50,4,ubuntu,medium,100000,2,insert,200000,942.9708,2.120326,2.026731,2.405516,4.1252503,1.3455861,52.99666,53.976851851851855,52.73342592592593,950.9216296296296,145.0537037037037,0.0,4096.0,0.0,0.0,108
foundationdb,2026-07-13-13-59-50,4,ubuntu,medium,100000,2,read,200000,4497.8594,0.4444932,0.427235,0.56845903,0.663516,0.328825,6.433043,63.04913043478261,153.98478260869567,1316.3742608695652,142.3191304347826,0.0,0.0,0.0,10.240000000000009,23
foundationdb,2026-07-13-13-59-50,4,ubuntu,medium,100000,2,update,200000,955.50195,2.0929353,2.024769,2.407296,3.8394444,1.383253,25.208473,53.67654205607477,55.43616822429907,1429.3700186915887,145.3485981308411,0.0,3072.0,0.0,0.0,107
foundationdb,2026-07-13-13-59-50,4,ubuntu,medium,100000,4,delete,400000,1825.101,2.1912057,2.030051,3.288221,4.8375945,1.23154,30.967413,74.79117117117117,101.59621621621622,1581.4337657657657,254.66306306306305,0.0,5120.0,0.0,10.240000000000009,111
foundationdb,2026-07-13-13-59-50,4,ubuntu,medium,100000,4,insert,400000,1687.5854,2.3698132,2.105839,2.7840843,7.451353,1.227911,87.25668,66.50256198347108,94.14999999999999,1408.1181487603305,252.0876033057851,0.0,6144.0,0.0,0.0,121
foundationdb,2026-07-13-13-59-50,4,ubuntu,medium,100000,4,read,400000,7235.3154,0.55082935,0.532064,0.6895644,0.785384,0.35158998,6.740479,90.72655172413793,282.63241379310347,2287.863172413793,252.47241379310344,0.0,0.0,0.0,10.240000000000009,29
foundationdb,2026-07-13-13-59-50,4,ubuntu,medium,100000,4,update,400000,1816.7427,2.2009706,2.080202,2.696916,5.3320227,1.327086,38.872765,69.47589285714285,99.926875,2470.253714285714,251.20223214285716,0.0,7168.0,0.0,10.240000000000009,112
foundationdb,2026-07-13-13-59-50,4,ubuntu,medium,100000,8,delete,800000,2985.442,2.6756487,2.409225,3.8266165,6.8108144,1.385051,78.21402,90.36177777777777,165.83118518518518,2719.865362962963,464.54303703703704,0.0,3072.0,0.0,20.480000000000018,135
foundationdb,2026-07-13-13-59-50,4,ubuntu,medium,100000,8,insert,800000,3105.5588,2.5705354,2.31885,4.132109,6.590646,1.3898721,32.632797,96.25473282442749,189.79152671755725,2292.0469923664123,463.4641221374046,0.09999999999999787,12288.0,0.0,10.240000000000009,131
foundationdb,2026-07-13-13-59-50,4,ubuntu,medium,100000,8,read,800000,7458.8105,1.0677593,1.051133,1.2781221,1.4801087,0.35536,8.894547,108.55418181818182,410.88509090909093,2688.3537454545453,465.58181818181816,0.0,0.0,0.0,20.480000000000018,55
foundationdb,2026-07-13-13-59-50,4,ubuntu,medium,100000,8,update,800000,3111.313,2.5625298,2.315357,3.9835553,6.707351,1.3458,52.389046,103.5057251908397,191.18152671755723,3039.3727022900766,465.14580152671755,0.0,13312.0,0.0,10.240000000000009,131
foundationdb,2026-07-13-13-59-50,4,ubuntu,small,0,1,mix_10W_90R,10000,1302.6029,0.76769364,0.636962,1.899509,2.111055,0.446363,3.263244,43.73282608695652,32.67521739130434,462.6304347826087,80.22413043478261,0.0,1024.0,0.0,10.240000000000009,46
foundationdb,2026-07-13-13-59-50,4,ubuntu,small,0,1,mix_50W_50R,20000,757.73816,1.319717,1.6562755,2.147791,2.3858936,0.439378,21.720123,43.73282608695652,32.67521739130434,462.6304347826087,80.22413043478261,0.0,1024.0,0.0,10.240000000000009,46
foundationdb,2026-07-13-13-59-50,4,ubuntu,small,0,1,mix_90W_10R,10000,542.6467,1.8428196,1.9314895,2.2252502,2.451344,0.49532202,16.255316,43.73282608695652,32.67521739130434,462.6304347826087,80.22413043478261,0.0,1024.0,0.0,10.240000000000009,46
foundationdb,2026-07-13-13-59-50,4,ubuntu,small,0,2,mix_10W_90R,20000,2389.7617,0.8263854,0.683722,1.917383,2.173774,0.42219698,22.610352,47.829791666666665,70.11104166666667,461.16249999999997,114.24791666666665,0.0,0.0,0.0,0.0,48
foundationdb,2026-07-13-13-59-50,4,ubuntu,small,0,2,mix_50W_50R,40000,1492.8615,1.3393221,1.617584,2.129493,2.329243,0.455651,25.380018,47.829791666666665,70.11104166666667,461.16249999999997,114.24791666666665,0.0,0.0,0.0,0.0,48
foundationdb,2026-07-13-13-59-50,4,ubuntu,small,0,2,mix_90W_10R,20000,938.09064,2.1316876,1.955586,2.2766767,18.466642,0.494903,28.611277,47.829791666666665,70.11104166666667,461.16249999999997,114.24791666666665,0.0,0.0,0.0,0.0,48
foundationdb,2026-07-13-13-59-50,4,ubuntu,small,0,4,mix_10W_90R,40000,4402.205,0.8986167,0.762051,2.061895,2.4863243,0.470249,6.535085,68.0425,118.32326923076924,463.8807692307692,190.3596153846154,0.0,0.0,0.0,0.0,52
foundationdb,2026-07-13-13-59-50,4,ubuntu,small,0,4,mix_50W_50R,80000,2591.7034,1.5373878,1.5385234,2.1937532,3.423294,0.48638198,38.175922,68.0425,118.32326923076924,463.8807692307692,190.3596153846154,0.0,0.0,0.0,0.0,52
foundationdb,2026-07-13-13-59-50,4,ubuntu,small,0,4,mix_90W_10R,40000,1936.7352,2.0609007,2.012789,2.5479937,3.3951943,0.52752,80.80787,68.0425,118.32326923076924,463.8807692307692,190.3596153846154,0.0,0.0,0.0,0.0,52
foundationdb,2026-07-13-13-59-50,4,ubuntu,small,0,8,mix_10W_90R,80000,6495.7896,1.170086,1.0845835,2.1210449,2.671629,0.443151,13.303587,97.39320754716981,227.24188679245282,472.3037735849056,337.3032075471698,0.0,1024.0,0.0,10.240000000000009,53
foundationdb,2026-07-13-13-59-50,4,ubuntu,small,0,8,mix_50W_50R,160000,5149.1055,1.5461686,1.6103215,2.533045,3.2038128,0.49204,33.707073,97.39320754716981,227.24188679245282,472.3037735849056,337.3032075471698,0.0,1024.0,0.0,10.240000000000009,53
foundationdb,2026-07-13-13-59-50,4,ubuntu,small,0,8,mix_90W_10R,80000,4013.6914,1.9859719,2.026338,2.5371697,3.4470747,0.557482,13.649656,97.39320754716981,227.24188679245282,472.3037735849056,337.3032075471698,0.0,1024.0,0.0,10.240000000000009,53
foundationdb,2026-07-13-13-59-50,4,ubuntu,small,10000,1,delete,10000,367.6239,2.7201715,2.6316376,3.239472,3.6383162,2.115814,16.800938,30.87933333333333,42.32533333333333,54.083999999999996,46.214666666666666,0.0,59.099999999999994,0.019999999999999574,0.3916015625,15
foundationdb,2026-07-13-13-59-50,4,ubuntu,small,10000,1,insert,10000,355.6771,2.811539,2.729592,3.3979762,3.8454385,2.165961,16.64442,29.054,33.84,38.08866666666667,43.52066666666666,0.0,48.191796875,0.0,0.00400390625,15
foundationdb,2026-07-13-13-59-50,4,ubuntu,small,10000,1,read,10000,2699.0962,0.3704944,0.359899,0.432466,0.5435934,0.31575802,1.6322939,29.48,198.31333333333336,45.48666666666667,43.14666666666667,0.0,1.6999999999999957,0.0,0.0,3
foundationdb,2026-07-13-13-59-50,4,ubuntu,small,10000,1,update,10000,366.3371,2.7297263,2.650251,3.2378476,3.6121392,2.158767,16.45801,29.285,20.080000000000002,47.85285714285714,40.94235714285714,0.0,44.400000000000006,0.0,0.19228515625,14
foundationdb,2026-07-13-13-59-50,4,ubuntu,small,10000,2,delete,20000,1007.43115,1.9844949,1.961392,2.2506878,2.606687,1.435616,10.824707,44.096363636363634,115.63545454545455,73.2781818181818,86.66909090909091,0.0,69.0,0.0,0.41000000000000014,11
foundationdb,2026-07-13-13-59-50,4,ubuntu,small,10000,2,insert,20000,658.6761,3.0357373,3.0096254,3.8572195,4.4615674,1.448746,14.598237,40.160625,56.8925,65.268125,79.565,0.0,76.0,0.0,0.1923828125,16
foundationdb,2026-07-13-13-59-50,4,ubuntu,small,10000,2,read,20000,4796.6064,0.41427252,0.399361,0.50517553,0.64367276,0.304724,2.445681,49.44,241.21,75.1,79.74333333333333,0.0,2.0,0.0,0.0,3
foundationdb,2026-07-13-13-59-50,4,ubuntu,small,10000,2,update,20000,1011.9729,1.9762504,1.948121,2.262288,2.5408113,1.365145,12.247333,44.446363636363635,78.69272727272727,73.27454545454545,81.74090909090908,0.0,53.0,0.0,0.40972656249999995,11
foundationdb,2026-07-13-13-59-50,4,ubuntu,small,10000,4,delete,40000,1928.1731,2.072372,2.024739,2.477808,3.3472135,1.3612341,12.294685,64.09416666666667,128.71833333333333,98.13666666666666,168.35,0.0,113.0,0.0,0.8199999999999998,12
foundationdb,2026-07-13-13-59-50,4,ubuntu,small,10000,4,insert,40000,1952.298,2.0469358,2.014891,2.3791971,2.836311,1.294814,10.80131,54.79454545454546,131.76909090909092,85.89090909090909,150.88272727272727,0.0,68.0,0.0,0.3999999999999999,11
foundationdb,2026-07-13-13-59-50,4,ubuntu,small,10000,4,read,40000,7622.0757,0.5200494,0.505382,0.632845,0.78580207,0.345581,3.668347,76.43,287.6275,97.3725,156.45000000000002,0.0,6.0,0.0,0.3999999999999999,4
foundationdb,2026-07-13-13-59-50,4,ubuntu,small,10000,4,update,40000,1962.4066,2.0373497,2.007767,2.3369396,2.72311,1.355786,25.569195,61.56454545454546,131.77272727272728,99.15,148.84363636363636,0.0,72.0,0.0,0.0,11
foundationdb,2026-07-13-13-59-50,4,ubuntu,small,10000,8,delete,80000,3633.3901,2.19569,2.104779,2.781631,3.8433764,1.364167,13.900089,75.14083333333333,266.06583333333333,140.875,278.4458333333333,0.0,161.0,0.0,1.5999999999999996,12
foundationdb,2026-07-13-13-59-50,4,ubuntu,small,10000,8,insert,80000,3688.8765,2.1582894,2.080055,2.6249118,3.4912958,1.330992,38.443714,75.08416666666666,285.6475,120.7725,307.7,0.0,98.0,0.0,0.79,12
foundationdb,2026-07-13-13-59-50,4,ubuntu,small,10000,8,read,80000,9355.379,0.8470251,0.824842,0.999309,1.5160757,0.382179,4.415733,90.39,583.6333333333333,137.21666666666667,303.56666666666666,0.0,12.0,0.0,0.7800000000000002,6
foundationdb,2026-07-13-13-59-50,4,ubuntu,small,10000,8,update,80000,3685.805,2.1593502,2.093883,2.6594033,3.4008543,1.289925,13.84624,72.34416666666667,290.02416666666664,136.05833333333334,303.80833333333334,0.0,92.0,0.0,1.58,12
foundationdb,2026-07-13-13-59-50,4,ubuntu,small,100000,1,delete,100000,506.53632,1.9741921,1.949029,2.2211404,2.4573495,1.499522,35.807636,41.2075,28.9697,144.471,42.477399999999996,0.0,573.44,0.0,2.0,100
foundationdb,2026-07-13-13-59-50,4,ubuntu,small,100000,1,insert,100000,510.51086,1.9588221,1.933385,2.210171,2.4363227,1.059304,28.792572,38.7288,28.6073,128.381,41.806400000000004,0.0,532.76,0.0,5.040000000000001,100
foundationdb,2026-07-13-13-59-50,4,ubuntu,small,100000,1,read,100000,2629.8633,0.3802479,0.363112,0.45837802,0.512157,0.309753,1.906845,38.2305,85.3145,137.03,41.3585,0.0,10.240000000000009,0.0,1.8999999999999986,20
foundationdb,2026-07-13-13-59-50,4,ubuntu,small,100000,1,update,100000,507.65042,1.9698595,1.947982,2.2168095,2.4338791,1.546876,13.967136,39.611999999999995,26.314899999999998,144.379,41.8341,0.0,512.0,0.0,2.1000000000000014,100
foundationdb,2026-07-13-13-59-50,4,ubuntu,small,100000,2,delete,200000,995.9516,2.0079634,1.974306,2.274071,2.724903,1.123137,38.239437,51.094257425742576,49.42970297029703,168.84257425742572,79.88980198019802,0.0,737.2799999999997,0.0,4.0000000000000036,101
foundationdb,2026-07-13-13-59-50,4,ubuntu,small,100000,2,insert,200000,1006.97424,1.9859228,1.958447,2.273436,2.5895565,1.177332,46.863773,48.728019801980196,56.054455445544555,153.07227722772276,80.23267326732673,0.0,624.6399999999999,0.0,3.8999999999999986,101
foundationdb,2026-07-13-13-59-50,4,ubuntu,small,100000,2,read,200000,4849.69,0.4121561,0.397053,0.51704645,0.613495,0.308633,2.653031,62.95727272727272,145.355,160.86818181818182,79.83,0.0,0.0,0.0,3.400000000000002,22
foundationdb,2026-07-13-13-59-50,4,ubuntu,small,100000,2,update,200000,1006.284,1.9869802,1.9574735,2.265128,2.6091723,1.21875,22.6024,47.24435643564357,49.78970297029703,170.41386138613862,80.46455445544555,0.0,634.8800000000001,0.0,4.599999999999998,101
foundationdb,2026-07-13-13-59-50,4,ubuntu,small,100000,4,delete,400000,1931.5234,2.07046,2.025294,2.4043345,3.4069917,1.123278,32.09958,64.45504761904762,104.57933333333334,219.23333333333332,157.6247619047619,0.0,1075.2000000000007,0.0,7.899999999999999,105
foundationdb,2026-07-13-13-59-50,4,ubuntu,small,100000,4,insert,400000,1943.054,2.0581675,2.021522,2.384423,2.9145284,1.251368,71.13587,60.15714285714286,104.8452380952381,188.49714285714288,156.32666666666665,0.0,808.96,0.0,7.699999999999996,105
foundationdb,2026-07-13-13-59-50,4,ubuntu,small,100000,4,read,400000,7510.0283,0.5307263,0.514321,0.671955,0.76149297,0.325955,4.394073,87.48071428571428,287.8532142857143,206.74285714285716,156.07500000000002,0.0,10.239999999999782,0.0,5.399999999999999,28
foundationdb,2026-07-13-13-59-50,4,ubuntu,small,100000,4,update,400000,1957.8574,2.0423923,2.003643,2.399721,2.9678953,1.277141,16.799995,59.623269230769225,102.86105769230768,221.3326923076923,156.88846153846154,0.0,849.9200000000001,0.0,10.600000000000001,104
foundationdb,2026-07-13-13-59-50,4,ubuntu,small,100000,8,delete,800000,3629.3757,2.2018073,2.108339,2.834632,3.8259087,1.324495,33.98241,81.65324324324324,193.8927027027027,299.9468468468468,306.0662162162162,0.0,1566.7199999999993,0.0,15.0,111
foundationdb,2026-07-13-13-59-50,4,ubuntu,small,100000,8,insert,800000,3706.8604,2.1563659,2.087734,2.580474,3.474808,1.364584,32.237938,77.1640909090909,206.37663636363638,256.9218181818182,308.66727272727275,0.0,1157.12,0.0,15.400000000000006,110
foundationdb,2026-07-13-13-59-50,4,ubuntu,small,100000,8,read,800000,9345.366,0.8535506,0.848657,0.982686,1.0863327,0.325746,4.802516,102.49568181818182,480.72818181818184,292.3659090909091,307.14090909090913,0.0,10.239999999999782,0.0,13.799999999999997,44
foundationdb,2026-07-13-13-59-50,4,ubuntu,small,100000,8,update,800000,3699.2856,2.1599288,2.08592,2.592068,3.501628,1.310805,27.020077,77.7549090909091,200.48772727272728,318.86454545454546,309.2772727272727,0.0,1269.7600000000002,0.0,18.5,110
foundationdb,2026-07-13-13-59-50,4,ubuntu,small,1000000,1,delete,1000000,503.17722,1.9873713,1.963344,2.236979,2.493169,1.004683,63.138077,42.03639558232932,25.50995983935743,309.4762048192771,49.168112449799196,0.0,5734.4000000000015,0.0,20.0,996
foundationdb,2026-07-13-13-59-50,4,ubuntu,small,1000000,1,insert,1000000,504.8954,1.9806082,1.943095,2.219461,2.461605,1.055534,80.85705,39.75177532597793,25.901183550651954,286.1806419257773,47.428415245737206,0.0,5222.4,0.0,21.0,997
foundationdb,2026-07-13-13-59-50,4,ubuntu,small,1000000,1,read,1000000,2666.3428,0.37504557,0.361643,0.44797,0.506289,0.30884302,3.178039,39.43936507936508,75.0384126984127,326.86825396825395,47.92198412698412,0.0,0.0,0.0,19.0,189
foundationdb,2026-07-13-13-59-50,4,ubuntu,small,1000000,1,update,1000000,506.96045,1.9725404,1.94812,2.222317,2.4551086,1.183343,31.534262,39.88247734138973,25.64328298086606,342.55911379657607,48.69261832829808,0.0,5324.799999999999,0.0,19.0,993
foundationdb,2026-07-13-13-59-50,4,ubuntu,small,1000000,2,delete,2000000,992.0053,2.0159533,1.982477,2.2872689,2.7603128,1.026004,63.731792,52.033108910891094,49.28880198019802,429.4168316831683,92.0229504950495,0.0,7475.199999999997,0.0,40.0,1010
foundationdb,2026-07-13-13-59-50,4,ubuntu,small,1000000,2,insert,2000000,1001.4641,1.996992,1.9674,2.276938,2.639984,1.136271,74.09358,48.78491542288557,50.798009950248755,364.98039800995025,89.0653631840796,0.0,6246.4000000000015,0.0,40.0,1005
foundationdb,2026-07-13-13-59-50,4,ubuntu,small,1000000,2,read,2000000,4886.464,0.40925825,0.393978,0.508867,0.59163,0.30883998,3.394458,64.07178743961353,149.47536231884058,517.0386473429952,90.78545893719807,0.0,0.0,0.0,38.0,207
foundationdb,2026-07-13-13-59-50,4,ubuntu,small,1000000,2,update,2000000,1001.775,1.9961662,1.966133,2.271274,2.652335,1.071311,25.276142,48.339522388059706,50.077014925373135,535.8125373134328,91.22232835820896,0.0,6656.0,0.0,42.0,1005
foundationdb,2026-07-13-13-59-50,4,ubuntu,small,1000000,4,delete,4000000,1900.4194,2.104685,2.028161,2.395389,3.438555,1.197732,83.28087,65.2256356736243,96.30806451612904,674.1576850094876,178.08823529411765,0.0,10547.199999999997,0.0,79.0,1054
foundationdb,2026-07-13-13-59-50,4,ubuntu,small,1000000,4,insert,4000000,1920.5741,2.0823238,2.015245,2.367743,3.140415,1.12189,82.50068,59.220334288443176,97.98981852913084,557.295606494747,171.91490926456544,0.10000000000000142,7987.200000000004,0.0,80.0,1047
foundationdb,2026-07-13-13-59-50,4,ubuntu,small,1000000,4,read,4000000,7541.1157,0.52677786,0.517184,0.646114,0.72154295,0.31680697,4.344623,88.19667910447761,280.96906716417914,900.3253731343284,175.70682835820895,0.0,102.39999999999418,0.0,78.0,268
foundationdb,2026-07-13-13-59-50,4,ubuntu,small,1000000,4,update,4000000,1944.5383,2.0569499,2.017336,2.374441,3.10723,1.128098,24.852962,59.86552657004831,99.17346859903381,930.3028019323672,176.52937198067633,0.0,8908.800000000003,0.0,80.0,1035
foundationdb,2026-07-13-13-59-50,4,ubuntu,small,1000000,8,delete,8000000,3576.7173,2.2362375,2.138302,2.858868,3.988712,1.003076,45.485573,86.000625,189.09764285714286,1188.9287571428572,348.20475,0.09999999999999787,15872.0,0.0,163.84000000000015,1120
foundationdb,2026-07-13-13-59-50,4,ubuntu,small,1000000,8,insert,8000000,3650.3765,2.1909466,2.084803,2.634534,3.627417,1.232304,638.28284,80.24526315789474,192.97297640653358,973.2802976406534,337.1915970961888,0.0,12185.600000000006,0.0,158.0,1102
foundationdb,2026-07-13-13-59-50,4,ubuntu,small,1000000,8,read,8000000,9401.835,0.85008335,0.844886,0.982058,1.074459,0.346769,5.39688,104.54417249417249,476.9205594405595,1692.8868251748252,349.774358974359,0.0,102.39999999999418,0.0,177.0,429
foundationdb,2026-07-13-13-59-50,4,ubuntu,small,1000000,8,update,8000000,3658.3916,2.1854568,2.088576,2.670295,3.644181,1.005035,82.661224,81.18529090909091,194.3784,1741.269178181818,346.00718181818183,0.5,14028.800000000003,0.0,163.83999999999992,1100
foundationdb,2026-07-14-00-03-11,1,ubuntu,small,0,1,doc_delete,10000,477.74332,2.0931742,1.934885,2.8439496,3.2046742,1.526034,12.787318,37.00666666666667,41.57833333333333,61.416666666666664,42.98916666666667,0.0,57.0,0.0,0.2119140625,12
foundationdb,2026-07-14-00-03-11,1,ubuntu,small,0,1,doc_increment,10000,287.1717,3.4822376,3.4204066,4.141034,4.530196,2.440465,14.108221,30.932777777777776,34.93,56.92444444444445,39.55222222222223,0.0,56.0,0.0,0.1923828125,18
foundationdb,2026-07-14-00-03-11,1,ubuntu,small,0,1,doc_insert,10000,356.56265,2.8045561,2.7258286,3.40224,3.847,2.192522,15.38013,28.296666666666667,41.684,38.76466666666667,40.22266666666667,0.0,49.29,0.0,0.00400390625,15
foundationdb,2026-07-14-00-03-11,1,ubuntu,small,0,1,doc_read,10000,2568.9614,0.38926235,0.372533,0.4948285,0.57982516,0.308698,1.707127,27.540000000000003,242.72666666666666,47.050000000000004,39.57333333333333,0.0,0.9000000000000057,0.0,0.0,3
foundationdb,2026-07-14-00-03-11,1,ubuntu,small,0,1,doc_read_partial,10000,2661.4702,0.37573218,0.369669,0.43546695,0.47701922,0.32126898,1.604601,33.64333333333334,71.98,48.050000000000004,39.61000000000001,0.0,1.1000000000000014,0.0,0.0,3
foundationdb,2026-07-14-00-03-11,1,ubuntu,small,0,1,doc_update_partial,10000,292.21506,3.422137,3.353112,4.060395,4.5195885,2.702505,14.158004,29.75,46.94611111111111,49.443333333333335,40.208333333333336,0.0,47.5,0.0,0.59169921875,18
foundationdb,2026-07-14-00-03-11,1,ubuntu,small,0,2,doc_delete,20000,1004.52496,1.99071,1.964014,2.258815,2.6231809,1.290741,10.9126,46.73818181818182,96.23636363636363,75.35272727272728,84.83636363636364,0.0,67.0,0.0,0.0,11
foundationdb,2026-07-14-00-03-11,1,ubuntu,small,0,2,doc_increment,20000,759.3004,2.6339116,2.4722145,3.7768881,4.2569227,1.644628,25.498354,47.510714285714286,93.29642857142858,76.25,76.33357142857143,0.0,79.0,0.0,0.8000000000000003,14
foundationdb,2026-07-14-00-03-11,1,ubuntu,small,0,2,doc_insert,20000,1012.64703,1.9739308,1.947387,2.2746675,2.614026,1.265037,10.866342,46.55,83.27090909090909,65.22818181818182,78.47363636363637,0.0,59.0,0.0,0.0,11
foundationdb,2026-07-14-00-03-11,1,ubuntu,small,0,2,doc_read,20000,4531.623,0.43714565,0.41653502,0.55377644,0.6949304,0.32029298,2.647339,50.43,238.25333333333333,72.16333333333333,59.18666666666667,0.0,3.0,0.0,0.0,3
foundationdb,2026-07-14-00-03-11,1,ubuntu,small,0,2,doc_read_partial,20000,4552.9424,0.43879208,0.42750004,0.5457445,0.64939296,0.322877,2.371325,50.07333333333333,237.34333333333333,72.42666666666666,58.806666666666665,0.0,1.0,0.0,0.19999999999999996,3
foundationdb,2026-07-14-00-03-11,1,ubuntu,small,0,2,doc_update_partial,20000,794.817,2.515725,2.4934444,2.8327725,3.1256368,1.782075,10.978586,46.207857142857144,98.22785714285715,69.73,78.84,0.0,56.0,0.0,0.8099999999999998,14
foundationdb,2026-07-14-00-03-11,1,ubuntu,small,0,4,doc_delete,40000,1953.9655,2.045513,2.001314,2.3795795,3.3116913,1.307856,14.39926,60.275454545454544,163.3072727272727,103.46454545454544,156.8181818181818,0.0,97.0,0.0,0.0,11
foundationdb,2026-07-14-00-03-11,1,ubuntu,small,0,4,doc_increment,40000,1480.7151,2.6994476,2.649269,3.117117,3.8629496,1.741572,11.00509,64.91933333333333,145.542,103.516,154.34666666666666,0.0,119.0,0.0,0.7800000000000002,15
foundationdb,2026-07-14-00-03-11,1,ubuntu,small,0,4,doc_insert,40000,1954.7997,2.0449479,2.001031,2.316784,2.9663846,1.341726,42.612427,55.04090909090908,131.7509090909091,87.87,148.02727272727273,0.0,70.0,0.0,0.3999999999999999,11
foundationdb,2026-07-14-00-03-11,1,ubuntu,small,0,4,doc_read,40000,6922.7764,0.5703375,0.562504,0.69220346,0.798429,0.348579,2.924966,73.48,398.5275,106.6,152.60000000000002,0.0,6.0,0.0,0.3999999999999999,4
foundationdb,2026-07-14-00-03-11,1,ubuntu,small,0,4,doc_read_partial,40000,7841.8447,0.5058371,0.495316,0.603152,0.7494,0.350605,2.370353,80.51333333333334,302.67,102.60000000000001,117.31,0.0,0.0,0.0,0.0,3
foundationdb,2026-07-14-00-03-11,1,ubuntu,small,0,4,doc_update_partial,40000,1488.1783,2.6860578,2.647556,3.0317664,3.5573184,1.726135,16.394346,59.782666666666664,176.75133333333332,99.444,154.45333333333335,0.0,73.0,0.0,2.4099999999999997,15
foundationdb,2026-07-14-00-03-11,1,ubuntu,small,0,8,doc_delete,80000,3641.8174,2.1907284,2.100703,2.7729344,3.7414417,1.361357,20.10083,73.65666666666667,248.23083333333332,150.31666666666666,278.9058333333333,0.0,153.60000000000014,0.0,1.6000000000000014,12
foundationdb,2026-07-14-00-03-11,1,ubuntu,small,0,8,doc_increment,80000,2411.8843,3.2881782,3.132684,4.1991735,6.314581,1.863799,26.884972,95.58055555555556,314.11555555555555,145.83333333333334,304.4111111111111,0.0,245.76,0.0,1.5,18
foundationdb,2026-07-14-00-03-11,1,ubuntu,small,0,8,doc_insert,80000,3662.307,2.1767883,2.1088011,2.691979,3.4202898,1.367152,11.854582,71.40666666666667,272.62666666666667,125.93333333333334,293.25,0.0,108.0,0.0,0.79,12
foundationdb,2026-07-14-00-03-11,1,ubuntu,small,0,8,doc_read,80000,9076.541,0.8750998,0.84550405,1.020318,1.7492763,0.426034,14.815108,101.335,580.9133333333333,143.18333333333334,296.26666666666665,0.0,11.0,0.0,0.0,6
foundationdb,2026-07-14-00-03-11,1,ubuntu,small,0,8,doc_read_partial,80000,9182.786,0.86276877,0.84906596,0.9983915,1.4554446,0.47785702,3.917144,97.462,544.808,127.92,259.054,0.0,0.0,0.0,0.0,5
foundationdb,2026-07-14-00-03-11,1,ubuntu,small,0,8,doc_update_partial,80000,2446.0984,3.2394938,3.126048,4.1306696,5.744701,1.963671,14.234938,94.32388888888889,327.4527777777778,134.1277777777778,299.6722222222222,0.0,187.3599999999999,0.0,4.8199999999999985,18
foundationdb,2026-07-14-00-11-39,2,ubuntu,small,0,1,doc_delete,10000,422.25204,2.3682537,2.248353,3.159511,3.5857592,1.641497,16.880524,35.26538461538461,27.38692307692308,60.97692307692308,42.66538461538461,0.0,57.0,0.0,0.2119140625,13
foundationdb,2026-07-14-00-11-39,2,ubuntu,small,0,1,doc_increment,10000,312.81805,3.1967466,3.118548,3.8286948,4.4310546,2.548532,23.0996,31.61529411764706,62.22941176470589,56.9435294117647,40.30294117647059,0.0,57.0,0.0,0.1923828125,17
foundationdb,2026-07-14-00-11-39,2,ubuntu,small,0,1,doc_insert,10000,358.29062,2.7910304,2.6990051,3.370234,3.8281994,2.238223,13.278828,29.362000000000002,35.028666666666666,37.76133333333333,40.20399999999999,0.0,49.29,0.0,0.00400390625,15
foundationdb,2026-07-14-00-11-39,2,ubuntu,small,0,1,doc_read,10000,2502.9294,0.39953184,0.387343,0.453763,0.57996774,0.32392702,1.641913,29.376666666666665,212.9466666666667,46.06,39.95666666666667,0.0,1.0,0.0,0.0,3
foundationdb,2026-07-14-00-11-39,2,ubuntu,small,0,1,doc_read_partial,10000,2422.2053,0.41284692,0.414756,0.47317806,0.54575133,0.32225,1.730892,31.849999999999998,149.75,46.949999999999996,39.96666666666667,0.0,0.6000000000000014,0.0,0.0,3
foundationdb,2026-07-14-00-11-39,2,ubuntu,small,0,1,doc_update_partial,10000,299.7309,3.3363261,3.2211447,4.024173,5.0951033,2.5926719,49.35093,30.949411764705882,30.927647058823528,48.80235294117647,38.42423529411764,0.0,46.50000000000001,0.0,0.59169921875,17
foundationdb,2026-07-14-00-11-39,2,ubuntu,small,0,2,doc_delete,20000,984.75745,2.0303378,1.968568,2.5475028,3.197168,1.416397,10.935308,47.71636363636364,93.74363636363637,74.74272727272727,76.7390909090909,0.0,69.0,0.0,0.0,11
foundationdb,2026-07-14-00-11-39,2,ubuntu,small,0,2,doc_increment,20000,742.59094,2.6928484,2.501881,3.7900164,4.2626724,1.776711,13.750919,45.25785714285714,73.08642857142857,77.45857142857143,75.60571428571428,0.0,74.0,0.0,0.8000000000000003,14
foundationdb,2026-07-14-00-11-39,2,ubuntu,small,0,2,doc_insert,20000,1011.315,1.976759,1.9509665,2.265394,2.5657318,1.265117,13.188961,46.14272727272727,86.83636363636364,65.24363636363636,77.83909090909091,0.0,58.0,0.0,0.0,11
foundationdb,2026-07-14-00-11-39,2,ubuntu,small,0,2,doc_read,20000,4435.455,0.44382876,0.43218198,0.5388345,0.6422733,0.323368,2.914647,50.57666666666666,237.23000000000002,72.40333333333332,77.11333333333333,0.0,4.0,0.0,0.19999999999999996,3
foundationdb,2026-07-14-00-11-39,2,ubuntu,small,0,2,doc_read_partial,20000,4665.0376,0.42833534,0.414791,0.531497,0.624806,0.32462502,1.917372,49.826666666666675,233.47,72.09666666666668,77.25333333333333,0.0,0.0,0.0,0.0,3
foundationdb,2026-07-14-00-11-39,2,ubuntu,small,0,2,doc_update_partial,20000,786.05927,2.54341,2.5186775,2.8388023,3.1545553,1.747727,13.919232,47.97785714285714,73.45928571428571,70.58428571428571,78.41571428571429,0.0,55.0,0.0,0.8099999999999998,14
foundationdb,2026-07-14-00-11-39,2,ubuntu,small,0,4,doc_delete,40000,1930.9159,2.070568,2.025875,2.46551,3.337419,1.229221,12.711403,63.87,109.11999999999999,104.6190909090909,139.7829090909091,0.0,102.0,0.0,0.0,11
foundationdb,2026-07-14-00-11-39,2,ubuntu,small,0,4,doc_increment,40000,1491.2609,2.680846,2.631789,3.050849,3.7266684,1.803952,10.744158,60.67142857142857,163.86357142857145,103.60928571428572,148.82857142857142,0.0,109.0,0.0,1.3900000000000006,14
foundationdb,2026-07-14-00-11-39,2,ubuntu,small,0,4,doc_insert,40000,1952.6765,2.0454516,2.011521,2.3473954,2.8503315,1.243468,11.127655,57.74666666666667,135.345,88.84583333333335,153.39166666666668,0.0,70.0,0.0,0.0,12
foundationdb,2026-07-14-00-11-39,2,ubuntu,small,0,4,doc_read,40000,7002.4155,0.5618433,0.547911,0.6974465,0.832098,0.333566,3.480021,83.3025,307.7475,107.625,152.7,0.0,6.0,0.0,0.3900000000000001,4
foundationdb,2026-07-14-00-11-39,2,ubuntu,small,0,4,doc_read_partial,40000,7248.4746,0.53584963,0.529892,0.654281,0.784466,0.338315,2.526327,70.4975,373.445,98.535,152.725,0.0,2.0,0.0,0.0,4
foundationdb,2026-07-14-00-11-39,2,ubuntu,small,0,4,doc_update_partial,40000,1509.7433,2.6483147,2.594563,3.024169,3.57893,1.804091,25.74351,60.86266666666667,169.92733333333334,99.27066666666666,153.34666666666666,0.0,75.0,0.0,1.7899999999999996,15
foundationdb,2026-07-14-00-11-39,2,ubuntu,small,0,8,doc_delete,80000,3665.426,2.177451,2.085766,2.737394,3.7454274,1.392792,31.992249,73.8275,236.8475,152.29999999999998,279.20225,0.0,153.5999999999999,0.0,1.6000000000000014,12
foundationdb,2026-07-14-00-11-39,2,ubuntu,small,0,8,doc_increment,80000,2532.4734,3.1435206,3.050705,3.8223243,5.7797923,1.970945,19.450829,99.73823529411764,302.3535294117647,147.01176470588234,306.5352941176471,0.0,235.5200000000002,0.0,1.5999999999999996,17
foundationdb,2026-07-14-00-11-39,2,ubuntu,small,0,8,doc_insert,80000,3681.5425,2.1668878,2.097568,2.694041,3.4128356,1.3005999,10.991822,70.84166666666667,280.4433333333333,126.9925,304.175,0.0,103.0,0.0,0.79,12
foundationdb,2026-07-14-00-11-39,2,ubuntu,small,0,8,doc_read,80000,8921.43,0.8893211,0.86995304,1.050774,1.4681617,0.344042,4.443984,100.816,481.012,145.2,245.772,0.0,7.0,0.0,0.7899999999999991,5
foundationdb,2026-07-14-00-11-39,2,ubuntu,small,0,8,doc_read_partial,80000,9197.205,0.86612034,0.850607,1.010685,1.4689242,0.426875,4.155257,83.84666666666666,695.5583333333334,126.35000000000001,300.76666666666665,0.0,2.0,0.0,0.0,6
foundationdb,2026-07-14-00-11-39,2,ubuntu,small,0,8,doc_update_partial,80000,2473.6228,3.2063394,3.0754986,4.054127,5.6992636,1.939307,29.819172,95.68166666666667,306.87333333333333,134.67777777777778,293.47333333333336,0.0,191.3599999999999,0.0,4.74,18
foundationdb,2026-07-14-00-20-04,4,ubuntu,small,0,1,doc_delete,10000,465.54187,2.1480346,1.98963,2.990511,3.354782,1.573964,10.851105,38.86333333333334,28.5525,61.4125,43.63333333333333,0.0,57.0,0.0,0.2119140625,12
foundationdb,2026-07-14-00-20-04,4,ubuntu,small,0,1,doc_increment,10000,289.71445,3.4516747,3.3799791,4.0938044,4.579915,2.65107,13.839721,30.236666666666665,46.57833333333334,57.07222222222222,40.23833333333333,0.0,58.0,0.0,0.1923828125,18
foundationdb,2026-07-14-00-20-04,4,ubuntu,small,0,1,doc_insert,10000,362.07098,2.7618895,2.6713235,3.3511715,3.8290312,2.076058,15.834968,29.16866666666667,25.212,38.599333333333334,40.48466666666666,0.0,49.0283203125,0.0,0.00400390625,15
foundationdb,2026-07-14-00-20-04,4,ubuntu,small,0,1,doc_read,10000,2585.834,0.38672242,0.37442398,0.46459007,0.528084,0.312054,1.750105,34.346666666666664,162.95666666666668,47.01,39.873333333333335,0.0,0.8999999999999986,0.0,0.0,3
foundationdb,2026-07-14-00-20-04,4,ubuntu,small,0,1,doc_read_partial,10000,2603.4106,0.3841115,0.37166548,0.45467207,0.5238244,0.320576,1.886368,26.973333333333333,238.76333333333332,48.04,39.96666666666667,0.0,0.6000000000000014,0.0,0.0,3
foundationdb,2026-07-14-00-20-04,4,ubuntu,small,0,1,doc_update_partial,10000,289.00287,3.4601734,3.3965654,4.1659746,4.5920496,2.632143,14.23328,29.28277777777778,46.349999999999994,49.388333333333335,40.43944444444444,0.0,47.10000000000001,0.0,0.59169921875,18
foundationdb,2026-07-14-00-20-04,4,ubuntu,small,0,2,doc_delete,20000,999.32605,2.0003862,1.9731131,2.2826574,2.6196547,1.309402,10.769044,46.66909090909091,92.85090909090908,74.18636363636364,84.5281818181818,0.0,68.0,0.0,0.0,11
foundationdb,2026-07-14-00-20-04,4,ubuntu,small,0,2,doc_increment,20000,801.24445,2.4955173,2.465361,2.794108,3.1587253,1.755764,10.926397,48.30857142857143,83.58642857142857,76.8092857142857,78.39,0.0,77.0,0.0,0.8000000000000003,14
foundationdb,2026-07-14-00-20-04,4,ubuntu,small,0,2,doc_insert,20000,1009.953,1.9798348,1.9522645,2.2814834,2.5856416,1.406622,10.243897,46.91272727272727,86.4509090909091,65.26727272727273,78.04545454545455,0.0,59.0,0.0,0.0,11
foundationdb,2026-07-14-00-20-04,4,ubuntu,small,0,2,doc_read,20000,4497.347,0.44342208,0.431346,0.53017896,0.69787693,0.324486,2.545399,52.53333333333333,237.86666666666665,72.63666666666667,77.91333333333334,0.0,1.0,0.0,0.0,3
foundationdb,2026-07-14-00-20-04,4,ubuntu,small,0,2,doc_read_partial,20000,4623.37,0.4315256,0.4197165,0.5332486,0.65295637,0.32427803,2.195839,48.9,230.57333333333335,72.82333333333332,77.59666666666668,0.0,0.0,0.0,0.19999999999999996,3
foundationdb,2026-07-14-00-20-04,4,ubuntu,small,0,2,doc_update_partial,20000,799.16425,2.5024285,2.4814944,2.814229,3.0850031,1.701357,10.9183655,47.48615384615385,80.84538461538462,69.54846153846154,75.22538461538461,0.0,52.0,0.0,0.8099999999999998,13
foundationdb,2026-07-14-00-20-04,4,ubuntu,small,0,4,doc_delete,40000,1958.8691,2.0400755,2.003216,2.313315,3.308864,1.325466,13.931435,60.33083333333334,142.96083333333334,103.43166666666667,160.06583333333333,0.0,106.0,0.0,0.7800000000000002,12
foundationdb,2026-07-14-00-20-04,4,ubuntu,small,0,4,doc_increment,40000,1513.7627,2.6376886,2.571662,2.9827564,3.8864572,1.7327169,40.041195,62.08571428571429,169.98785714285714,103.00428571428571,145.45928571428573,0.0,111.0,0.0,1.5899999999999999,14
foundationdb,2026-07-14-00-20-04,4,ubuntu,small,0,4,doc_insert,40000,1964.1191,2.034576,2.0003166,2.3674593,2.8053727,1.3823869,10.981226,56.86833333333333,153.91,87.68666666666667,154.0,0.0,75.0,0.0,0.3999999999999999,12
foundationdb,2026-07-14-00-20-04,4,ubuntu,small,0,4,doc_read,40000,7189.1973,0.5438537,0.525982,0.68438405,0.8233094,0.311985,3.251785,86.0475,319.1325,109.275,152.9,0.0,5.0,0.0,0.3900000000000001,4
foundationdb,2026-07-14-00-20-04,4,ubuntu,small,0,4,doc_read_partial,40000,7270.712,0.54339015,0.537646,0.64758056,0.7306197,0.357174,2.3184829,76.00999999999999,318.3325,100.2525,153.025,0.0,2.0,0.0,0.0,4
foundationdb,2026-07-14-00-20-04,4,ubuntu,small,0,4,doc_update_partial,40000,1513.0851,2.64241,2.578226,3.0555325,3.6126635,1.794387,11.953501,61.871428571428574,156.9057142857143,98.06285714285715,146.68214285714288,0.0,71.0,0.0,1.6,14
foundationdb,2026-07-14-00-20-04,4,ubuntu,small,0,8,doc_delete,80000,3650.4272,2.1842122,2.096805,2.738795,3.9106827,1.308565,12.823251,73.61416666666666,269.53833333333336,150.56666666666666,278.36425,0.0,153.60000000000014,0.0,1.6000000000000014,12
foundationdb,2026-07-14-00-20-04,4,ubuntu,small,0,8,doc_increment,80000,2435.5237,3.2514708,3.138712,4.1423483,5.7817574,1.912631,13.862294,98.71882352941176,260.50882352941176,143.74117647058824,292.91705882352943,0.0,225.27999999999997,0.0,1.5999999999999996,17
foundationdb,2026-07-14-00-20-04,4,ubuntu,small,0,8,doc_insert,80000,3444.8384,2.3155599,2.106792,3.4104714,4.409156,1.254297,17.035784,73.71923076923078,242.03153846153845,123.7030769230769,304.34615384615387,0.0,111.0,0.0,0.0,13
foundationdb,2026-07-14-00-20-04,4,ubuntu,small,0,8,doc_read,80000,8655.287,0.9152873,0.896146,1.064187,1.6831653,0.41814598,5.147794,92.95833333333333,607.6616666666667,142.51666666666665,302.7,0.0,11.0,0.0,0.7899999999999991,6
foundationdb,2026-07-14-00-20-04,4,ubuntu,small,0,8,doc_read_partial,80000,9029.483,0.8795035,0.861923,1.027869,1.5194204,0.526192,4.327008,91.935,612.0433333333334,126.03333333333335,302.8666666666667,0.0,2.0,0.0,0.0,6
foundationdb,2026-07-14-00-20-04,4,ubuntu,small,0,8,doc_update_partial,80000,2386.5918,3.324095,3.158896,4.4874454,5.7092643,1.962009,14.2355995,93.19055555555556,316.2372222222222,133.38333333333333,302.84444444444443,0.0,187.3599999999999,0.0,4.74,18
leveldb,2026-07-12-17-32-45,1,ubuntu,small,0,1,doc_delete,10000,259391.84,0.0038551711,0.003772002,0.0042600003,0.0067049987,0.0023739995,0.031918004,0.0,48.88,0.0,3.793,0.0,0.0,0.0,0.0,1
leveldb,2026-07-12-17-32-45,1,ubuntu,small,0,1,doc_increment,10000,79318.19,0.01260745,0.011313997,0.018159,0.02416739,0.009639,3.140474,0.0,48.88,0.0,3.793,0.0,0.0,0.0,0.0,1
leveldb,2026-07-12-17-32-45,1,ubuntu,small,0,1,doc_insert,10000,220646.98,0.0045321262,0.0042610043,0.007194001,0.00901,0.002863002,0.042812992,0.0,86.85,0.0,9.559,0.0,0.0,0.0,0.0,1
leveldb,2026-07-12-17-32-45,1,ubuntu,small,0,1,doc_read,10000,183551.64,0.0054480582,0.0052380054,0.006705006,0.0080320025,0.003701003,0.358432,0.0,93.51,0.0,23.73,0.0,0.0,0.0,0.0,1
leveldb,2026-07-12-17-32-45,1,ubuntu,small,0,1,doc_read_partial,10000,182574.03,0.00547723,0.0052380054,0.0067049987,0.007892706,0.0039110016,0.26637998,0.0,93.51,0.0,23.73,0.0,0.0,0.0,0.0,1
leveldb,2026-07-12-17-32-45,1,ubuntu,small,0,1,doc_update_partial,10000,80332.58,0.012448249,0.011454002,0.017529994,0.0247257,0.009917996,0.370934,0.0,91.9,0.0,12.91,0.0,0.0,0.0,0.0,1
leveldb,2026-07-12-17-32-45,1,ubuntu,small,0,1,queue,20000,117.575356,8.505183,7.3469267,22.65133,36.181694,0.012432,62.77614,0.0,98.94686046511629,0.0,51.61976744186047,0.0,0.0,0.0,7533.12,86
leveldb,2026-07-12-17-36-03,2,ubuntu,small,0,1,doc_delete,10000,251669.75,0.003973461,0.003841,0.0043300022,0.0071230056,0.0023039975,0.48834,0.0,20.69,0.0,3.238,0.0,0.0,0.0,0.0,1
leveldb,2026-07-12-17-36-03,2,ubuntu,small,0,1,doc_increment,10000,82134.805,0.012175106,0.0114549985,0.015644997,0.021581009,0.009987998,0.405925,0.0,160.21,0.0,19.68,0.0,0.0,0.0,0.0,1
leveldb,2026-07-12-17-36-03,2,ubuntu,small,0,1,doc_insert,10000,220400.98,0.0045371847,0.0042610043,0.007194001,0.009149,0.002863002,0.039182,0.0,136.72,0.0,19.08,0.0,0.0,0.0,0.0,1
leveldb,2026-07-12-17-36-03,2,ubuntu,small,0,1,doc_read,10000,187690.73,0.0053279134,0.0052379984,0.006703995,0.007962001,0.0037710052,0.271897,0.0,113.84,0.0,12.48,0.0,0.0,0.0,0.0,1
leveldb,2026-07-12-17-36-03,2,ubuntu,small,0,1,doc_read_partial,10000,183207.69,0.0054582865,0.0052379984,0.0068450025,0.0127133895,0.003841,0.264983,0.0,113.84,0.0,12.48,0.0,0.0,0.0,0.0,1
leveldb,2026-07-12-17-36-03,2,ubuntu,small,0,1,doc_update_partial,10000,83336.19,0.011999588,0.011035001,0.017112004,0.02228,0.009848001,0.36974698,0.0,160.21,0.0,19.68,0.0,0.0,0.0,0.0,1
leveldb,2026-07-12-17-36-03,2,ubuntu,small,0,1,queue,20000,139.89345,7.148298,6.846778,14.674501,15.960444,0.011454002,24.704937,0.0,118.53849315068493,0.0,44.49972602739726,0.0,0.0,0.0,7535.259999999999,73
leveldb,2026-07-12-17-38-53,4,ubuntu,small,0,1,doc_delete,10000,253117.92,0.0039507276,0.003772002,0.0042610043,0.007611998,0.002793,0.384902,0.0,14.94,0.0,3.742,0.0,0.0,0.0,0.0,1
leveldb,2026-07-12-17-38-53,4,ubuntu,small,0,1,doc_increment,10000,83078.14,0.012036861,0.011384,0.015575002,0.021791695,0.010336,0.399639,0.0,14.94,0.0,3.742,0.0,0.0,0.0,0.0,1
leveldb,2026-07-12-17-38-53,4,ubuntu,small,0,1,doc_insert,10000,217489.52,0.004597923,0.0043299953,0.007473005,0.009150694,0.0037009958,0.040577993,0.0,149.69,0.0,12.83,0.0,0.0,0.0,0.0,1
leveldb,2026-07-12-17-38-53,4,ubuntu,small,0,1,doc_read,10000,185922.86,0.0053785746,0.0052379984,0.0066350037,0.0080320025,0.0037709977,0.276507,0.0,262.75,0.0,24.18,0.0,0.0,0.0,0.0,1
leveldb,2026-07-12-17-38-53,4,ubuntu,small,0,1,doc_read_partial,10000,183852.03,0.005439156,0.0052379984,0.0067049987,0.007962691,0.004400004,0.272805,0.0,262.75,0.0,24.18,0.0,0.0,0.0,0.0,1
leveldb,2026-07-12-17-38-53,4,ubuntu,small,0,1,doc_update_partial,10000,82983.586,0.012050576,0.010966003,0.017530998,0.024374997,0.009987001,0.376661,0.0,257.06,0.0,23.46,0.0,0.0,0.0,0.0,1
leveldb,2026-07-12-17-38-53,4,ubuntu,small,0,1,queue,20000,140.54155,7.1153336,6.7755675,14.527215,15.6633215,0.011035001,24.561745,0.0,119.36055555555555,0.0,43.83125,0.0,0.0,0.0,7522.32,72
leveldb,2026-07-12-18-09-56,1,ubuntu,medium,0,1,mix_10W_90R,10000,112226.37,0.008910562,0.0042609973,0.009428004,0.012921692,0.0013969984,37.465614,0.0,96.41,0.0,23.9,0.0,0.0,0.0,0.0,1
leveldb,2026-07-12-18-09-56,1,ubuntu,medium,0,1,mix_50W_50R,20000,90575.18,0.011040552,0.0067750006,0.009847994,0.0180207,0.00090799585,36.393112,0.0,96.41,0.0,23.9,0.0,0.0,0.0,0.0,1
leveldb,2026-07-12-18-09-56,1,ubuntu,medium,0,1,mix_90W_10R,10000,48547.1,0.020598551,0.007683004,0.011734002,0.078509286,0.0019549988,36.34562,0.0,96.41,0.0,23.9,0.0,0.0,0.0,0.0,1
leveldb,2026-07-12-18-09-56,1,ubuntu,medium,10000,1,delete,10000,234220.05,0.004269489,0.0038420039,0.00475,0.0071239993,0.0023739995,0.81764597,0.0,92.25,0.0,52.86,0.0,0.0,0.0,0.0,1
leveldb,2026-07-12-18-09-56,1,ubuntu,medium,10000,1,insert,10000,21553.516,0.046396144,0.0077529983,0.017251004,1.120623,0.006146001,2.370874,0.0,98.10499999999999,0.0,53.655,0.0,0.0,0.0,126.20000000000005,2
leveldb,2026-07-12-18-09-56,1,ubuntu,medium,10000,1,read,10000,105660.42,0.009464282,0.0037710052,0.010894997,0.017181002,0.0018849969,48.32089,0.0,98.1,0.0,53.44,0.0,0.0,0.0,0.0,1
leveldb,2026-07-12-18-09-56,1,ubuntu,medium,10000,1,update,10000,22008.174,0.045437664,0.007683004,0.016901052,1.1197171,0.006145994,25.145258,0.0,95.175,0.0,53.15,0.0,0.0,0.004003906250000001,133.1199999999999,2
leveldb,2026-07-12-18-09-56,1,ubuntu,medium,100000,1,delete,100000,145086.73,0.006892429,0.003841,0.004400004,0.008520001,0.0023049943,38.377827,0.0,98.28,0.0,43.43,0.0,0.0,0.0,215.0399999999995,2
leveldb,2026-07-12-18-09-56,1,ubuntu,medium,100000,1,insert,100000,24660.611,0.040550493,0.0077519943,0.016134,1.1051208,0.0057959985,40.783764,0.0,92.95,0.0,58.045,0.0,0.0,0.0,1054.72,4
leveldb,2026-07-12-18-09-56,1,ubuntu,medium,100000,1,read,100000,152354.34,0.0065636463,0.0033530013,0.0080320025,0.0120830005,0.0014669931,42.839367,0.0,78.165,0.0,59.305,0.0,0.0,0.0,256.0,2
leveldb,2026-07-12-18-09-56,1,ubuntu,medium,100000,1,update,100000,16795.578,0.059539482,0.007682,0.018507998,1.132915,0.005797003,40.81959,0.0,84.764,0.0,68.428,0.0,0.0,0.0080078125,1382.4,5
leveldb,2026-07-12-18-09-56,1,ubuntu,small,0,1,mix_10W_90R,10000,365984.03,0.0027323598,0.0024440014,0.0043300022,0.0053087003,0.0013960015,0.018926999,0.0,98.11,0.0,53.87,0.0,0.0,0.0,0.0,1
leveldb,2026-07-12-18-09-56,1,ubuntu,small,0,1,mix_50W_50R,20000,306121.62,0.0032666756,0.003702,0.004749003,0.008520998,0.00090800313,0.332171,0.0,98.11,0.0,53.87,0.0,0.0,0.0,0.0,1
leveldb,2026-07-12-18-09-56,1,ubuntu,small,0,1,mix_90W_10R,10000,224903.14,0.0044463584,0.0042609973,0.0067049987,0.00873001,0.0018159989,0.040649,0.0,98.11,0.0,53.87,0.0,0.0,0.0,0.0,1
leveldb,2026-07-12-18-09-56,1,ubuntu,small,10000,1,delete,10000,257249.11,0.0038872825,0.003772002,0.0042610043,0.0076129944,0.0023039975,0.036737002,0.0,90.88,0.0,23.0,0.0,0.0,0.0,0.0,1
leveldb,2026-07-12-18-09-56,1,ubuntu,small,10000,1,insert,10000,231450.03,0.004320587,0.0041910023,0.0067040515,0.008591,0.0032120005,0.020463994,0.0,92.97,0.0,17.94,0.0,0.0,0.0,0.0,1
leveldb,2026-07-12-18-09-56,1,ubuntu,small,10000,1,read,10000,370588.34,0.002698412,0.0024449981,0.0032829994,0.0053080004,0.0018850041,0.027237998,0.0,92.67,0.0,13.12,0.0,0.0,0.0,0.0,1
leveldb,2026-07-12-18-09-56,1,ubuntu,small,10000,1,update,10000,242017.81,0.0041319276,0.003841,0.006146001,0.008171999,0.0027939968,0.028216004,0.0,90.88,0.0,23.0,0.0,0.0,0.0,0.0,1
leveldb,2026-07-12-18-09-56,1,ubuntu,small,100000,1,delete,100000,209345.56,0.0047767907,0.003841,0.004330999,0.0077519943,0.0023739995,45.06483,0.0,98.42,0.0,15.15,0.0,0.0,0.0,0.0,1
leveldb,2026-07-12-18-09-56,1,ubuntu,small,100000,1,insert,100000,223282.89,0.004478623,0.0039109946,0.006564995,0.008520998,0.002793,11.227532,0.0,98.26,0.0,13.57,0.0,0.0,0.0,0.0,1
leveldb,2026-07-12-18-09-56,1,ubuntu,small,100000,1,read,100000,303532.38,0.0032945413,0.0024450056,0.003841,0.005167996,0.0013269964,45.13202,0.0,92.87,0.0,3.832,0.0,0.0,0.0,0.0,1
leveldb,2026-07-12-18-09-56,1,ubuntu,small,100000,1,update,100000,222544.2,0.0044934894,0.003841,0.006285998,0.008241004,0.0023739995,14.322393,0.0,98.82,0.0,20.71,0.0,0.0,0.0,31.10000000000001,2
leveldb,2026-07-12-18-09-56,1,ubuntu,small,1000000,1,delete,1000000,245955.98,0.0040657683,0.003772002,0.0043300022,0.007474002,0.0023040047,47.990395,0.0,100.09400000000001,0.0,37.936,0.0,0.0,0.0,99.0,5
leveldb,2026-07-12-18-09-56,1,ubuntu,small,1000000,1,insert,1000000,199240.62,0.0050190566,0.0038420039,0.006565002,0.008590003,0.0023039975,46.366276,0.0,99.75999999999999,0.0,28.810000000000002,0.0,0.0,0.00400390625,408.2,6
leveldb,2026-07-12-18-09-56,1,ubuntu,small,1000000,1,read,1000000,344193.62,0.0029053413,0.0028629948,0.003702,0.004400004,0.0013959943,32.28002,0.0,98.66,0.0,29.6175,0.0,0.0,0.0,0.0,4
leveldb,2026-07-12-18-09-56,1,ubuntu,small,1000000,1,update,1000000,207584.45,0.0048173163,0.003841,0.006285998,0.008381001,0.0023049943,40.476807,0.0,99.95333333333333,0.0,33.12,0.0,0.0,0.012011718749999999,321.0,6
leveldb,2026-07-12-18-11-26,2,ubuntu,medium,0,1,mix_10W_90R,10000,164975.95,0.0060614897,0.0034219993,0.008939998,0.015646387,0.0013969984,1.550503,0.0,111.66,0.0,22.96,0.0,0.0,0.0,0.0,1
leveldb,2026-07-12-18-11-26,2,ubuntu,medium,0,1,mix_50W_50R,20000,122730.98,0.008147902,0.0067045,0.009638003,0.017112693,0.00090699905,3.293912,0.0,111.66,0.0,22.96,0.0,0.0,0.0,0.0,1
leveldb,2026-07-12-18-11-26,2,ubuntu,medium,0,1,mix_90W_10R,10000,92364.98,0.010826615,0.0076829963,0.011384,0.018859096,0.001956003,3.515383,0.0,111.66,0.0,22.96,0.0,0.0,0.0,0.0,1
leveldb,2026-07-12-18-11-26,2,ubuntu,medium,10000,1,delete,10000,231866.39,0.0043128286,0.0038419967,0.004749003,0.0080320025,0.002793,1.156592,0.0,129.47,0.0,53.93,0.0,0.0,0.0,0.0,1
leveldb,2026-07-12-18-11-26,2,ubuntu,medium,10000,1,insert,10000,21192.186,0.047187205,0.0077529983,0.016692,1.1237681,0.006145994,3.10422,0.0,130.15,0.0,29.21,0.0,0.0,0.0,0.0,1
leveldb,2026-07-12-18-11-26,2,ubuntu,medium,10000,1,read,10000,218028.25,0.0045865616,0.0037709977,0.010545999,0.016972,0.0018850041,0.145691,0.0,129.37,0.0,52.78,0.0,0.0,0.0,0.0,1
leveldb,2026-07-12-18-11-26,2,ubuntu,medium,10000,1,update,10000,23214.785,0.043075997,0.0076829963,0.015927501,1.1193688,0.0060759992,3.239994,0.0,133.95,0.0,12.71,0.0,0.0,0.0,0.0,1
leveldb,2026-07-12-18-11-26,2,ubuntu,medium,100000,1,delete,100000,230015.3,0.0043475367,0.003841,0.004401001,0.008102004,0.0023049943,1.563075,0.0,155.17,0.0,60.71,0.0,0.0,0.0,0.0,1
leveldb,2026-07-12-18-11-26,2,ubuntu,medium,100000,1,insert,100000,27559.648,0.036284935,0.007683004,0.013340003,1.1041424,0.0060759992,13.278107,0.0,129.5925,0.0,58.864999999999995,0.0,0.0,0.004003906249999998,1146.88,4
leveldb,2026-07-12-18-11-26,2,ubuntu,medium,100000,1,read,100000,247609.1,0.0040386235,0.003352994,0.007962001,0.0115239965,0.0013969984,1.662042,0.0,148.17,0.0,57.87,0.0,0.0,0.0,0.0,1
leveldb,2026-07-12-18-11-26,2,ubuntu,medium,100000,1,update,100000,19045.09,0.052506972,0.007682,0.017111,1.132287,0.005727001,4.68252,0.0,105.0475,0.0,67.33749999999999,0.0,0.0,0.0240234375,1239.0400000000004,4
leveldb,2026-07-12-18-11-26,2,ubuntu,small,0,1,mix_10W_90R,10000,369258.66,0.0027081287,0.0023750034,0.0043299953,0.00530801,0.0009769937,0.017391002,0.0,140.53,0.0,32.34,0.0,0.0,0.0,0.0,1
leveldb,2026-07-12-18-11-26,2,ubuntu,small,0,1,mix_50W_50R,20000,312451.2,0.0032005,0.0033875003,0.004679998,0.0077520018,0.00090799585,0.144434,0.0,140.53,0.0,32.34,0.0,0.0,0.0,0.0,1
leveldb,2026-07-12-18-11-26,2,ubuntu,small,0,1,mix_90W_10R,10000,223227.53,0.004479734,0.0042609973,0.0069839954,0.009078998,0.0018159989,0.07969,0.0,140.53,0.0,32.34,0.0,0.0,0.0,0.0,1
leveldb,2026-07-12-18-11-26,2,ubuntu,small,10000,1,delete,10000,259964.94,0.0038466724,0.003772002,0.0042600003,0.0067049987,0.0023750034,0.023187,0.0,130.98,0.0,24.19,0.0,0.0,0.0,0.0,1
leveldb,2026-07-12-18-11-26,2,ubuntu,small,10000,1,insert,10000,230424.25,0.0043398207,0.0042600003,0.005591451,0.008520011,0.002793,0.023467,0.0,137.79,0.0,22.23,0.0,0.0,0.0,0.0,1
leveldb,2026-07-12-18-11-26,2,ubuntu,small,10000,1,read,10000,377718.38,0.002647475,0.0024440014,0.0032829994,0.003841,0.0013969984,0.029613001,0.0,149.09,0.0,19.02,0.0,0.0,0.0,0.0,1
leveldb,2026-07-12-18-11-26,2,ubuntu,small,10000,1,update,10000,241380.5,0.0041428367,0.003841,0.006146001,0.008171999,0.0024440014,0.033804003,0.0,130.98,0.0,24.19,0.0,0.0,0.0,0.0,1
leveldb,2026-07-12-18-11-26,2,ubuntu,small,100000,1,delete,100000,252380.2,0.003962276,0.003841,0.0043300022,0.007194001,0.0023739995,2.257799,0.0,119.24,0.0,26.34,0.0,0.0,0.0,0.0,1
leveldb,2026-07-12-18-11-26,2,ubuntu,small,100000,1,insert,100000,235427.81,0.0042475867,0.0039109946,0.005797003,0.008450995,0.0023739995,0.922829,0.0,124.09,0.0,18.61,0.0,0.0,0.0,0.0,1
leveldb,2026-07-12-18-11-26,2,ubuntu,small,100000,1,read,100000,355554.94,0.0028125048,0.0027939968,0.003772002,0.00475,0.0013959943,1.034019,0.0,141.57,0.0,19.24,0.0,0.0,0.0,0.0,1
leveldb,2026-07-12-18-11-26,2,ubuntu,small,100000,1,update,100000,243655.75,0.004104151,0.003841,0.0058669974,0.008171999,0.0023739995,0.32365,0.0,109.755,0.0,26.57,0.0,0.0,0.0,19.500000000000007,2
leveldb,2026-07-12-18-11-26,2,ubuntu,small,1000000,1,delete,1000000,257338.34,0.0038859346,0.003772002,0.0043299953,0.0070550013,0.0023040047,1.109937,0.0,109.15,0.0,32.4525,0.0,0.0,0.0,26.0,4
leveldb,2026-07-12-18-11-26,2,ubuntu,small,1000000,1,insert,1000000,235302.23,0.0042498535,0.0038420039,0.0056569986,0.008171999,0.0023739995,1.946232,0.0,117.75999999999999,0.0,29.127999999999997,0.0,0.0,0.00400390625,371.0,5
leveldb,2026-07-12-18-11-26,2,ubuntu,small,1000000,1,read,1000000,354113.4,0.0028239542,0.0028629948,0.003422996,0.0043300022,0.000977001,0.881343,0.0,107.8575,0.0,29.4775,0.0,0.0,0.0,6.0,4
leveldb,2026-07-12-18-11-26,2,ubuntu,small,1000000,1,update,1000000,243229.89,0.004111337,0.003841,0.0053770547,0.008101997,0.0023049943,2.495403,0.0,126.47999999999999,0.0,32.588,0.0,0.0,0.008007812500000001,343.0,5
leveldb,2026-07-12-18-12-49,4,ubuntu,medium,0,1,mix_10W_90R,10000,57282.55,0.017457323,0.004679998,0.015155994,0.07869592,0.0018849969,1.745364,0.0,30.924,0.0,61.286,0.0,0.0,0.012011718750000011,542.7200000000003,5
leveldb,2026-07-12-18-12-49,4,ubuntu,medium,0,1,mix_50W_50R,20000,7087.072,0.141102,0.007194001,1.1167854,1.4162215,0.00090799585,49.68889,0.0,30.924,0.0,61.286,0.0,0.0,0.012011718750000011,542.7200000000003,5
leveldb,2026-07-12-18-12-49,4,ubuntu,medium,0,1,mix_90W_10R,10000,5967.8335,0.167565,0.0077520018,1.09967,1.4101914,0.001886001,81.5921,0.0,30.924,0.0,61.286,0.0,0.0,0.012011718750000011,542.7200000000003,5
leveldb,2026-07-12-18-12-49,4,ubuntu,medium,10000,1,delete,10000,228660.25,0.0043733004,0.0038420039,0.004749003,0.0071246964,0.0023739995,1.157011,0.0,277.07,0.0,32.75,0.0,0.0,0.0,0.0,1
leveldb,2026-07-12-18-12-49,4,ubuntu,medium,10000,1,insert,10000,21691.275,0.046101484,0.0077529983,0.016343001,1.120343,0.006215996,2.361514,0.0,191.48,0.0,22.1,0.0,0.0,0.0,0.0,1
leveldb,2026-07-12-18-12-49,4,ubuntu,medium,10000,1,read,10000,214434.94,0.0046634194,0.0033530013,0.010545999,0.017041007,0.0018159989,1.856274,0.0,181.26,0.0,11.92,0.0,0.0,0.0,0.0,1
leveldb,2026-07-12-18-12-49,4,ubuntu,medium,10000,1,update,10000,21861.262,0.045743015,0.007682007,0.016132995,1.1195092,0.0060759992,3.452245,0.0,181.26,0.0,11.92,0.0,0.0,0.0,0.0,1
leveldb,2026-07-12-18-12-49,4,ubuntu,medium,100000,1,delete,100000,169328.67,0.0059056743,0.003841,0.004399997,0.0077520018,0.0023739995,39.285007,0.0,95.885,0.0,66.535,0.0,0.0,0.0,92.15999999999985,2
leveldb,2026-07-12-18-12-49,4,ubuntu,medium,100000,1,insert,100000,27527.605,0.036327172,0.0077519943,0.013479999,1.1062374,0.0057969955,13.476669,0.0,126.01666666666667,0.0,50.343333333333334,0.0,0.0,0.020019531249999997,880.6399999999999,3
leveldb,2026-07-12-18-12-49,4,ubuntu,medium,100000,1,read,100000,248610.67,0.0040223533,0.0033530013,0.0077520018,0.011314995,0.0014659963,1.466553,0.0,173.3,0.0,21.56,0.0,0.0,0.0,0.0,1
leveldb,2026-07-12-18-12-49,4,ubuntu,medium,100000,1,update,100000,6140.3174,0.16285802,0.007683004,1.095968,1.4025778,0.0060059973,457.2983,0.0,36.28111111111111,0.0,66.43666666666667,0.0,0.0,0.019921875,1095.6800000000003,9
leveldb,2026-07-12-18-12-49,4,ubuntu,small,0,1,mix_10W_90R,10000,365774.06,0.0027339284,0.0024439942,0.0043299957,0.0064956998,0.0009769937,0.040579,0.0,164.28,0.0,53.34,0.0,0.0,0.0,0.0,1
leveldb,2026-07-12-18-12-49,4,ubuntu,small,0,1,mix_50W_50R,20000,310865.66,0.0032168236,0.0033519974,0.004680005,0.007683004,0.00090799585,0.137869,0.0,164.28,0.0,53.34,0.0,0.0,0.0,0.0,1
leveldb,2026-07-12-18-12-49,4,ubuntu,small,0,1,mix_90W_10R,10000,221724.83,0.004510095,0.0042609973,0.0068519525,0.00901069,0.0018849969,0.072078004,0.0,164.28,0.0,53.34,0.0,0.0,0.0,0.0,1
leveldb,2026-07-12-18-12-49,4,ubuntu,small,10000,1,delete,10000,259700.84,0.0038505844,0.003772002,0.0042600003,0.0067740036,0.0024449981,0.028146002,0.0,155.48,0.0,25.22,0.0,0.0,0.0,0.0,1
leveldb,2026-07-12-18-12-49,4,ubuntu,small,10000,1,insert,10000,235126.34,0.0042530326,0.0041899984,0.0053779953,0.008520001,0.0027939968,0.023328,0.0,255.59,0.0,19.18,0.0,0.0,0.0,0.0,1
leveldb,2026-07-12-18-12-49,4,ubuntu,small,10000,1,read,10000,373055.8,0.002680564,0.0024450056,0.0032829994,0.003772002,0.0013969984,0.026190996,0.0,250.49,0.0,18.07,0.0,0.0,0.0,0.0,1
leveldb,2026-07-12-18-12-49,4,ubuntu,small,10000,1,update,10000,240834.27,0.0041522332,0.003841,0.006146001,0.008241007,0.0028639988,0.02675,0.0,155.48,0.0,25.22,0.0,0.0,0.0,0.0,1
leveldb,2026-07-12-18-12-49,4,ubuntu,small,100000,1,delete,100000,251500.66,0.0039761327,0.003841,0.0043300022,0.007194001,0.0023050015,2.194033,0.0,192.37,0.0,3.387,0.0,0.0,0.0,0.0,1
leveldb,2026-07-12-18-12-49,4,ubuntu,small,100000,1,insert,100000,233145.64,0.004289164,0.0039110016,0.006146001,0.008520001,0.0023750034,1.16616,0.0,165.2,0.0,23.62,0.0,0.0,0.0,0.0,1
leveldb,2026-07-12-18-12-49,4,ubuntu,small,100000,1,read,100000,361126.84,0.00276911,0.002793,0.003702,0.00475,0.0013959943,1.031155,0.0,189.99,0.0,23.71,0.0,0.0,0.0,0.0,1
leveldb,2026-07-12-18-12-49,4,ubuntu,small,100000,1,update,100000,244143.53,0.004095951,0.003841,0.005727001,0.008101997,0.0023739995,0.206873,0.0,104.65,0.0,14.23,0.0,0.0,0.0,0.0,1
leveldb,2026-07-12-18-12-49,4,ubuntu,small,1000000,1,delete,1000000,259404.3,0.003854986,0.003772002,0.0042610043,0.0070539974,0.0023039975,1.531437,0.0,124.32,0.0,33.300000000000004,0.0,0.0,0.0,24.0,4
leveldb,2026-07-12-18-12-49,4,ubuntu,small,1000000,1,insert,1000000,233888.05,0.0042755497,0.0039110016,0.005657006,0.008171002,0.0023739995,1.700874,0.0,139.93,0.0,28.862000000000002,0.0,0.0,0.00400390625,400.6,5
leveldb,2026-07-12-18-12-49,4,ubuntu,small,1000000,1,read,1000000,343736.84,0.0029092021,0.002863002,0.0037710052,0.004679001,0.0013959943,0.846002,0.0,107.3475,0.0,29.38,0.0,0.0,0.0,19.0,4
leveldb,2026-07-12-18-12-49,4,ubuntu,small,1000000,1,update,1000000,241171.61,0.0041464246,0.003841,0.005588001,0.008102004,0.0023039975,1.580396,0.0,129.74200000000002,0.0,32.326,0.0,0.0,0.003994140625,330.0,5
memcached,2026-07-10-09-19-14,1,ubuntu,medium,0,1,mix_10W_90R,10000,29.27083,34.163708,40.91051,41.47614,41.756786,0.033873003,42.385094,0.8559069767441861,1.539674418604651,4188.326697674419,87.47106976744186,0.0,0.0,0.0,51.200000000000045,215
memcached,2026-07-10-09-19-14,1,ubuntu,medium,0,1,mix_50W_50R,20000,228.87971,4.3691072,0.077315,41.236435,41.72296,0.019417003,42.31117,0.8559069767441861,1.539674418604651,4188.326697674419,87.47106976744186,0.0,0.0,0.0,51.200000000000045,215
memcached,2026-07-10-09-19-14,1,ubuntu,medium,0,1,mix_90W_10R,10000,19787.22,0.05053767,0.020674001,0.058109,0.06460539,0.017112002,41.875225,0.8559069767441861,1.539674418604651,4188.326697674419,87.47106976744186,0.0,0.0,0.0,51.200000000000045,215
memcached,2026-07-10-09-19-14,1,ubuntu,medium,0,2,mix_10W_90R,20000,57.90087,34.39885,40.914597,41.489407,41.825848,0.030591,42.434288,1.5968807339449542,4.557706422018349,4188.286825688073,126.64266055045871,0.0,0.0,0.0,0.0,218
memcached,2026-07-10-09-19-14,1,ubuntu,medium,0,2,mix_50W_50R,40000,439.72662,4.4138913,0.077315,41.22266,41.756184,0.019416003,43.024654,1.5968807339449542,4.557706422018349,4188.286825688073,126.64266055045871,0.0,0.0,0.0,0.0,218
memcached,2026-07-10-09-19-14,1,ubuntu,medium,0,2,mix_90W_10R,20000,47406.113,0.040277418,0.028566,0.061042003,0.0748717,0.018089002,41.54694,1.5968807339449542,4.557706422018349,4188.286825688073,126.64266055045871,0.0,0.0,0.0,0.0,218
memcached,2026-07-10-09-19-14,1,ubuntu,medium,0,4,mix_10W_90R,40000,116.18629,34.34108,40.915447,41.51818,41.874237,0.030939998,42.757748,3.107834101382488,9.14552995391705,4188.240221198157,203.06589861751152,0.0,0.0,0.0,0.0,217
memcached,2026-07-10-09-19-14,1,ubuntu,medium,0,4,mix_50W_50R,80000,903.69714,4.2122483,0.076757,41.148407,41.74754,0.018438,42.73986,3.107834101382488,9.14552995391705,4188.240221198157,203.06589861751152,0.0,0.0,0.0,0.0,217
memcached,2026-07-10-09-19-14,1,ubuntu,medium,0,4,mix_90W_10R,40000,21620.035,0.108482815,0.02626,0.060622998,0.07689601,0.017251002,41.77604,3.107834101382488,9.14552995391705,4188.240221198157,203.06589861751152,0.0,0.0,0.0,0.0,217
memcached,2026-07-10-09-19-14,1,ubuntu,medium,0,8,mix_10W_90R,80000,230.9663,34.470993,40.935917,41.718567,42.00974,0.028077,42.796303,4.749555555555556,8.403911111111112,4188.291982222222,352.01813333333337,0.0,0.0,0.0,10.240000000000009,225
memcached,2026-07-10-09-19-14,1,ubuntu,medium,0,8,mix_50W_50R,160000,1540.3336,4.864624,0.076408006,41.15885,41.751675,0.018857999,43.163464,4.749555555555556,8.403911111111112,4188.291982222222,352.01813333333337,0.0,0.0,0.0,10.240000000000009,225
memcached,2026-07-10-09-19-14,1,ubuntu,medium,0,8,mix_90W_10R,80000,22870.389,0.12143684,0.02647,0.062788,0.079550005,0.013898999,42.444576,4.749555555555556,8.403911111111112,4188.291982222222,352.01813333333337,0.0,0.0,0.0,10.240000000000009,225
memcached,2026-07-10-09-19-14,1,ubuntu,medium,10000,1,delete,10000,82855.39,0.01206922,0.010545999,0.01299,0.07005269,0.008450999,0.953066,24.06,397.58,1997.824,47.0,0.0,0.0,0.0,0.0,1
memcached,2026-07-10-09-19-14,1,ubuntu,medium,10000,1,insert,10000,28687.615,0.03485825,0.032966003,0.045886002,0.05112401,0.015295002,0.732365,15.98,443.82,1954.816,85.47,0.0,0.0,0.0,0.0,1
memcached,2026-07-10-09-19-14,1,ubuntu,medium,10000,1,read,10000,15621.809,0.06401307,0.058178,0.077525,0.084928,0.051962,0.215184,26.12,167.64,1953.792,64.35,0.0,0.0,0.0,0.0,1
memcached,2026-07-10-09-19-14,1,ubuntu,medium,10000,1,update,10000,31090.12,0.03216456,0.029962001,0.045537,0.04714469,0.028356,0.090586,11.21,527.63,1954.816,85.43,0.0,0.0,0.0,0.0,1
memcached,2026-07-10-09-19-14,1,ubuntu,medium,10000,2,delete,20000,145098.56,0.012986865,0.010895001,0.01313,0.034781013,0.007962001,3.713089,2.69,573.16,1997.824,148.4,0.0,0.0,0.0,0.0,1
memcached,2026-07-10-09-19-14,1,ubuntu,medium,10000,2,insert,20000,64113.68,0.030812984,0.027656998,0.045746002,0.047702,0.011454002,3.777693,41.68,378.66,1998.848,124.1,0.0,0.0,0.0,0.0,1
memcached,2026-07-10-09-19-14,1,ubuntu,medium,10000,2,read,20000,34173.535,0.058162976,0.055594,0.071029,0.092471704,0.048471,3.366601,24.44,392.22,1998.848,46.49,0.0,0.0,0.0,0.0,1
memcached,2026-07-10-09-19-14,1,ubuntu,medium,10000,2,update,20000,58673.082,0.032138396,0.029613001,0.038134,0.047002997,0.017810002,3.844462,2.69,573.16,1997.824,148.4,0.0,0.0,0.0,0.0,1
memcached,2026-07-10-09-19-14,1,ubuntu,medium,10000,4,delete,40000,354636.2,0.011200433,0.010615997,0.0122919995,0.030940002,0.007683,0.056851998,45.13,1010.69,2088.96,371.7,0.0,0.0,0.0,0.0,1
memcached,2026-07-10-09-19-14,1,ubuntu,medium,10000,4,insert,40000,114587.59,0.032740172,0.027168,0.041277003,0.054407693,0.009778003,28.352774,45.37,604.99,2084.864,122.6,0.0,0.0,0.0,0.0,1
memcached,2026-07-10-09-19-14,1,ubuntu,medium,10000,4,read,40000,39808.777,0.09796492,0.061811,0.077734,0.1000847,0.04854,37.984566,58.565,392.21500000000003,2085.888,130.38,0.0,0.0,0.0,0.0,2
memcached,2026-07-10-09-19-14,1,ubuntu,medium,10000,4,update,40000,114100.71,0.030654779,0.029125,0.03974,0.045258,0.010825999,9.572147,17.42,540.37,2085.888,59.66,0.0,0.0,0.0,0.0,1
memcached,2026-07-10-09-19-14,1,ubuntu,medium,10000,8,delete,80000,598027.2,0.0126100285,0.011872998,0.013969002,0.04002,0.008101,0.915352,17.48,322.53,2260.992,86.44,0.0,0.0,0.0,0.0,1
memcached,2026-07-10-09-19-14,1,ubuntu,medium,10000,8,insert,80000,133444.08,0.05396897,0.017251002,0.046724,0.066839,0.009986998,56.72713,72.23,748.075,2175.4880000000003,363.54999999999995,0.0,0.0,0.0,0.0,2
memcached,2026-07-10-09-19-14,1,ubuntu,medium,10000,8,read,80000,36969.684,0.20436184,0.082693,0.10364945,0.1689497,0.044559,65.42947,63.605,610.925,2261.504,284.6,0.0,0.0,0.0,0.0,2
memcached,2026-07-10-09-19-14,1,ubuntu,medium,10000,8,update,80000,115852.81,0.06382027,0.023815999,0.050495997,0.0635577,0.0100569995,40.98757,89.49,475.68,2260.992,47.55,0.0,0.0,0.0,0.0,1
memcached,2026-07-10-09-19-14,1,ubuntu,medium,100000,1,delete,100000,92141.72,0.010852848,0.010267002,0.011384,0.029962001,0.007962001,0.078153,34.8,152.44,2348.544,104.96000000000001,0.0,0.0,0.0,0.0,2
memcached,2026-07-10-09-19-14,1,ubuntu,medium,100000,1,insert,100000,29706.1,0.03366312,0.033175,0.039601,0.048051,0.012781002,0.139894,23.683333333333334,173.73333333333332,2290.346666666667,79.08,0.0,0.0,0.0,0.0,3
memcached,2026-07-10-09-19-14,1,ubuntu,medium,100000,1,read,100000,15804.398,0.06327353,0.057690002,0.077245,0.084858,0.051125,0.626415,34.6075,129.0925,2349.056,80.465,0.0,0.0,0.0,0.0,4
memcached,2026-07-10-09-19-14,1,ubuntu,medium,100000,1,update,100000,30073.182,0.03325222,0.032895997,0.037505,0.043022998,0.012501001,0.105461,22.006666666666664,249.02333333333334,2349.056,85.78333333333335,0.0,0.0,0.0,0.0,3
memcached,2026-07-10-09-19-14,1,ubuntu,medium,100000,2,delete,200000,177127.55,0.011226553,0.010545999,0.012013002,0.030032003,0.007962001,3.778043,55.815,456.125,2786.304,162.9,0.0,0.0,0.0,0.0,2
memcached,2026-07-10-09-19-14,1,ubuntu,medium,100000,2,insert,200000,60977.12,0.029259717,0.031988,0.038064003,0.046235,0.0104060015,3.104136,61.5,263.52333333333337,2599.936,124.43333333333334,0.0,0.0,0.0,0.0,3
memcached,2026-07-10-09-19-14,1,ubuntu,medium,100000,2,read,200000,32468.238,0.061063778,0.0572,0.074382,0.082902,0.049798,3.768963,64.1625,203.1575,2786.0480000000002,110.3125,0.0,0.0,0.0,10.240000000000009,4
memcached,2026-07-10-09-19-14,1,ubuntu,medium,100000,2,update,200000,59083.902,0.033674095,0.033175003,0.039460998,0.046724003,0.011803997,4.767217,45.723333333333336,270.4833333333333,2785.28,109.95333333333333,0.0,0.0,0.0,0.0,3
memcached,2026-07-10-09-19-14,1,ubuntu,medium,100000,4,delete,400000,351917.66,0.011273872,0.010684999,0.012432,0.031499002,0.007263003,0.1151,39.14,718.73,3662.848,286.0,0.0,0.0,0.0,0.0,2
memcached,2026-07-10-09-19-14,1,ubuntu,medium,100000,4,insert,400000,131018.734,0.029579034,0.020323997,0.037296,0.044489,0.009987998,28.13096,78.48666666666666,434.95,3204.096,203.4,0.0,0.0,0.0,0.0,3
memcached,2026-07-10-09-19-14,1,ubuntu,medium,100000,4,read,400000,40106.324,0.09717822,0.059086,0.074801,0.091144,0.048191,45.365288,93.41833333333334,249.62,3661.6533333333336,202.25,0.0,0.0,0.0,0.0,6
memcached,2026-07-10-09-19-14,1,ubuntu,medium,100000,4,update,400000,125591.45,0.030918127,0.021511002,0.03527,0.041696,0.010337001,26.580816,77.17333333333333,408.58,3661.1413333333335,201.5,0.0,0.0,0.0,10.240000000000009,3
memcached,2026-07-10-09-19-14,1,ubuntu,medium,100000,8,delete,800000,628633.5,0.012392114,0.011734002,0.013339999,0.036597,0.007612998,3.193394,26.125,684.47,4189.184,222.51000000000002,0.0,0.0,0.0,0.0,2
memcached,2026-07-10-09-19-14,1,ubuntu,medium,100000,8,insert,800000,120096.42,0.063714616,0.015855,0.034083,0.050985,0.0097779995,73.45435,78.078,479.13800000000003,3932.3648000000003,338.0,0.0,0.0,0.0,0.0,5
memcached,2026-07-10-09-19-14,1,ubuntu,medium,100000,8,read,800000,44504.227,0.17656699,0.07054,0.087023,0.121665,0.033804,66.25293,95.436,297.37,4188.8768,339.6,0.0,0.0,0.0,20.480000000000018,10
memcached,2026-07-10-09-19-14,1,ubuntu,medium,100000,8,update,800000,129908.16,0.058449883,0.015296002,0.032895003,0.04958869,0.009778003,72.951706,88.836,538.452,4190.6176,355.65999999999997,0.0,0.0,0.0,30.720000000000027,5
memcached,2026-07-10-09-19-14,1,ubuntu,small,0,1,mix_10W_90R,10000,27.151775,36.830006,40.895226,41.2909,41.479675,0.022908,42.232357,0.5921271393643032,0.9957212713936431,1911.2647041564792,65.93322738386308,0.0,0.0,0.0,174.07999999999993,409
memcached,2026-07-10-09-19-14,1,ubuntu,small,0,1,mix_50W_50R,20000,48.89667,20.45129,19.436998,41.111675,41.38636,0.016831996,42.31708,0.5921271393643032,0.9957212713936431,1911.2647041564792,65.93322738386308,0.0,0.0,0.0,174.07999999999993,409
memcached,2026-07-10-09-19-14,1,ubuntu,small,0,1,mix_90W_10R,10000,243.93549,4.0994444,0.022,40.641647,41.130527,0.010825999,41.929665,0.5921271393643032,0.9957212713936431,1911.2647041564792,65.93322738386308,0.0,0.0,0.0,174.07999999999993,409
memcached,2026-07-10-09-19-14,1,ubuntu,small,0,2,mix_10W_90R,20000,54.2938,36.83427,40.896877,41.297684,41.526512,0.020673998,42.1692,1.116234718826406,2.1077750611246944,1911.4725085574573,87.3024694376528,0.0,0.0,0.0,0.0,409
memcached,2026-07-10-09-19-14,1,ubuntu,small,0,2,mix_50W_50R,40000,97.78084,20.452713,19.3065,41.082615,41.400608,0.016832,45.358498,1.116234718826406,2.1077750611246944,1911.4725085574573,87.3024694376528,0.0,0.0,0.0,0.0,409
memcached,2026-07-10-09-19-14,1,ubuntu,small,0,2,mix_90W_10R,20000,487.41766,4.1024947,0.021861,40.674835,41.157917,0.0097779995,42.004208,1.116234718826406,2.1077750611246944,1911.4725085574573,87.3024694376528,0.0,0.0,0.0,0.0,409
memcached,2026-07-10-09-19-14,1,ubuntu,small,0,4,mix_10W_90R,40000,108.59499,36.832706,40.895905,41.323044,41.519333,0.020323997,42.504772,2.184132029339853,3.8325427872860636,1911.5351002444988,129.93471882640588,0.0,0.0,0.0,10.240000000000009,409
memcached,2026-07-10-09-19-14,1,ubuntu,small,0,4,mix_50W_50R,80000,195.5359,20.455442,19.249912,41.128284,41.42214,0.0176,42.39209,2.184132029339853,3.8325427872860636,1911.5351002444988,129.93471882640588,0.0,0.0,0.0,10.240000000000009,409
memcached,2026-07-10-09-19-14,1,ubuntu,small,0,4,mix_90W_10R,40000,975.5167,4.099683,0.021861,40.65686,41.10426,0.009916999,42.03938,2.184132029339853,3.8325427872860636,1911.5351002444988,129.93471882640588,0.0,0.0,0.0,10.240000000000009,409
memcached,2026-07-10-09-19-14,1,ubuntu,small,0,8,mix_10W_90R,80000,217.11261,36.84356,40.89998,41.37155,41.62285,0.019625,42.728798,3.803609756097561,8.331463414634147,1911.590712195122,213.20456097560975,0.0,0.0,0.0,0.0,410
memcached,2026-07-10-09-19-14,1,ubuntu,small,0,8,mix_50W_50R,160000,390.95297,20.46027,19.266233,41.17386,41.45579,0.018298,43.771152,3.803609756097561,8.331463414634147,1911.590712195122,213.20456097560975,0.0,0.0,0.0,0.0,410
memcached,2026-07-10-09-19-14,1,ubuntu,small,0,8,mix_90W_10R,80000,1947.3254,4.1067367,0.021860996,40.7478,41.20638,0.009218998,42.585766,3.803609756097561,8.331463414634147,1911.590712195122,213.20456097560975,0.0,0.0,0.0,0.0,410
memcached,2026-07-10-09-19-14,1,ubuntu,small,10000,1,delete,10000,84394.01,0.011849183,0.010895001,0.012012999,0.07096069,0.009359002,0.159729,20.92,600.8,8.602,47.81,0.0,0.0,0.0,0.0,1
memcached,2026-07-10-09-19-14,1,ubuntu,small,10000,1,insert,10000,62174.234,0.016083833,0.0125009995,0.0391329,0.05734,0.010824999,0.73537,3.65,365.76,5.855,25.63,0.0,0.0,0.0,0.0,1
memcached,2026-07-10-09-19-14,1,ubuntu,small,10000,1,read,10000,19314.695,0.051774047,0.047143,0.061531004,0.07144969,0.045049,0.148834,17.88,365.76,6.355,25.63,0.0,0.0,0.0,0.0,1
memcached,2026-07-10-09-19-14,1,ubuntu,small,10000,1,update,10000,62058.61,0.0161138,0.012432,0.035283953,0.058039002,0.010546003,0.57138,2.86,363.01,5.898,39.01,0.0,0.0,0.0,0.0,1
memcached,2026-07-10-09-19-14,1,ubuntu,small,10000,2,delete,20000,136506.84,0.013434547,0.011034997,0.013059998,0.03617801,0.007194001,3.044984,12.45,777.28,14.19,89.97,0.0,0.0,0.0,0.0,1
memcached,2026-07-10-09-19-14,1,ubuntu,small,10000,2,insert,20000,103274.79,0.01889711,0.012501001,0.03562,0.057130996,0.009358998,6.057003,20.92,600.8,8.602,47.81,0.0,0.0,0.0,0.0,1
memcached,2026-07-10-09-19-14,1,ubuntu,small,10000,2,read,20000,33587.082,0.054678027,0.056293,0.064115,0.072147,0.042464,0.240816,26.89,373.2,8.523,47.57,0.0,0.0,0.0,0.0,1
memcached,2026-07-10-09-19-14,1,ubuntu,small,10000,2,update,20000,106682.984,0.01839614,0.012502002,0.035688996,0.058248,0.009497998,3.810456,3.45,446.85,8.324,73.59,0.0,0.0,0.0,0.0,1
memcached,2026-07-10-09-19-14,1,ubuntu,small,10000,4,delete,40000,264150.62,0.012165295,0.010616001,0.0122919995,0.030521002,0.007612998,3.733629,19.87,820.29,19.92,173.4,0.0,0.0,0.0,0.0,1
memcached,2026-07-10-09-19-14,1,ubuntu,small,10000,4,insert,40000,265596.97,0.014401486,0.012082998,0.031499002,0.03582901,0.009009,0.097011,12.45,777.28,14.19,89.97,0.0,0.0,0.0,0.0,1
memcached,2026-07-10-09-19-14,1,ubuntu,small,10000,4,read,40000,57795.977,0.0671132,0.051055003,0.062928,0.07501001,0.039669998,32.000343,72.37,252.58,13.95,64.49,0.0,0.0,0.0,0.0,1
memcached,2026-07-10-09-19-14,1,ubuntu,small,10000,4,update,40000,279790.44,0.01426897,0.012221998,0.03101,0.033315003,0.009079002,0.072985,8.66,804.21,14.01,82.04,0.0,0.0,0.0,0.0,1
memcached,2026-07-10-09-19-14,1,ubuntu,small,10000,8,delete,80000,366670.94,0.014561383,0.011803,0.014317,0.041975,0.008031999,12.047586,11.4,763.31,23.14,24.93,0.0,0.0,0.0,0.0,1
memcached,2026-07-10-09-19-14,1,ubuntu,small,10000,8,insert,80000,433644.5,0.015773566,0.012991,0.035829,0.043303,0.00901,0.128859,25.77,926.24,23.86,173.3,0.0,0.0,0.0,0.0,1
memcached,2026-07-10-09-19-14,1,ubuntu,small,10000,8,read,80000,49308.17,0.15445814,0.070190996,0.088699006,0.118313,0.041347,59.806026,64.61,599.83,23.755,157.55,0.0,0.0,0.0,0.0,2
memcached,2026-07-10-09-19-14,1,ubuntu,small,10000,8,update,80000,402848.94,0.018199984,0.014457,0.041835,0.051264,0.009916999,4.317162,25.66,957.64,23.9,141.1,0.0,0.0,0.0,0.0,1
memcached,2026-07-10-09-19-14,1,ubuntu,small,100000,1,delete,100000,92112.01,0.010856348,0.010267002,0.011385,0.029822,0.007613002,0.063487,7.28,113.96,27.38,35.03,0.0,0.0,0.0,0.0,1
memcached,2026-07-10-09-19-14,1,ubuntu,small,100000,1,insert,100000,68908.04,0.014512095,0.011943,0.032406002,0.033873998,0.009429,0.114541,16.355,278.145,25.93,26.585,0.0,0.0,0.0,0.0,2
memcached,2026-07-10-09-19-14,1,ubuntu,small,100000,1,read,100000,19502.63,0.051275138,0.047143,0.061111998,0.070471,0.042464003,2.311291,25.18,190.2575,27.807499999999997,26.725,0.0,0.0,0.0,0.0,4
memcached,2026-07-10-09-19-14,1,ubuntu,small,100000,1,update,100000,67170.875,0.014887405,0.012012999,0.035201,0.037226,0.009916999,0.077665,9.02,321.4,27.085,27.22,0.0,0.0,0.0,0.0,2
memcached,2026-07-10-09-19-14,1,ubuntu,small,100000,2,delete,200000,169727.38,0.011718779,0.010896001,0.013340003,0.034083,0.007683,3.739985,32.385,303.57,59.575,69.435,0.0,0.0,0.0,0.0,2
memcached,2026-07-10-09-19-14,1,ubuntu,small,100000,2,insert,200000,134144.12,0.014770693,0.012222,0.031499,0.036178,0.009078998,3.754722,28.68,389.73,40.120000000000005,48.18,0.0,0.0,0.0,0.0,2
memcached,2026-07-10-09-19-14,1,ubuntu,small,100000,2,read,200000,37555.816,0.052778073,0.048541,0.064394,0.0831127,0.041486,3.782589,53.78,156.3375,51.5,42.6525,0.0,0.0,0.0,3.51,4
memcached,2026-07-10-09-19-14,1,ubuntu,small,100000,2,update,200000,134701.0,0.014736941,0.012361998,0.031918,0.037086,0.00901,3.054273,20.11,202.39,51.455,48.465,0.0,0.0,0.0,0.0,2
memcached,2026-07-10-09-19-14,1,ubuntu,small,100000,4,delete,400000,350590.28,0.011291558,0.010756001,0.012432,0.030591004,0.007541999,0.12837,24.995,787.625,100.45,133.2,0.0,0.0,0.0,0.0,2
memcached,2026-07-10-09-19-14,1,ubuntu,small,100000,4,insert,400000,269323.8,0.014477005,0.012222998,0.031986997,0.036248,0.008939998,0.103157,68.61,429.96000000000004,84.30000000000001,90.97,0.0,0.0,0.0,4.38,2
memcached,2026-07-10-09-19-14,1,ubuntu,small,100000,4,read,400000,58046.86,0.068041325,0.050705,0.062509,0.073963,0.039530996,34.57836,90.84400000000001,303.26599999999996,100.6,91.196,0.0,0.0,0.0,7.410000000000001,5
memcached,2026-07-10-09-19-14,1,ubuntu,small,100000,4,update,400000,252374.45,0.014997845,0.012500998,0.033873998,0.038064003,0.009009,0.197304,35.41,493.59,100.30000000000001,90.88,0.0,0.0,0.0,2.099999999999998,2
memcached,2026-07-10-09-19-14,1,ubuntu,small,100000,8,delete,800000,614244.2,0.0126734115,0.011873002,0.013688997,0.037296,0.008101997,6.818703,38.675,580.055,197.89999999999998,103.94500000000001,0.0,0.0,0.0,8.5,2
memcached,2026-07-10-09-19-14,1,ubuntu,small,100000,8,insert,800000,447015.44,0.015956677,0.013897999,0.023676999,0.04435,0.009079002,45.03403,64.94,779.71,146.65,92.0295,0.0,0.0,0.0,4.400000000000002,2
memcached,2026-07-10-09-19-14,1,ubuntu,small,100000,8,read,800000,57020.676,0.13814372,0.061531004,0.076547,0.10211,0.035201,71.560135,95.88111111111111,396.74666666666667,196.84444444444443,164.07555555555555,0.0,0.0,0.0,25.999999999999996,9
memcached,2026-07-10-09-19-14,1,ubuntu,small,100000,8,update,800000,405095.88,0.018208588,0.013478999,0.017391002,0.037017003,0.00887,58.38131,75.245,788.78,199.35,180.10000000000002,0.0,0.0,0.0,0.0,2
memcached,2026-07-10-09-19-14,1,ubuntu,small,1000000,1,delete,1000000,92452.516,0.010816364,0.010265998,0.011035001,0.029613001,0.007682,0.105531,11.775,112.79875,241.1125,34.7375,0.0,0.0,0.0,21.0,8
memcached,2026-07-10-09-19-14,1,ubuntu,small,1000000,1,insert,1000000,70571.17,0.014170092,0.011943,0.031359002,0.032407,0.009149,0.277553,12.794,140.108,205.94,30.483999999999998,0.0,0.0,0.0,51.7,10
memcached,2026-07-10-09-19-14,1,ubuntu,small,1000000,1,read,1000000,20375.514,0.04907852,0.046794,0.060135,0.067887,0.040648,0.57585,30.487777777777776,86.31666666666668,240.7888888888889,30.373333333333335,0.0,0.0,0.0,69.0,27
memcached,2026-07-10-09-19-14,1,ubuntu,small,1000000,1,update,1000000,67419.32,0.014832544,0.012012999,0.0352,0.036457002,0.009358998,0.171253,12.113,122.271,240.96999999999997,31.187,0.0,0.0,0.0,9.0,10
memcached,2026-07-10-09-19-14,1,ubuntu,small,1000000,2,delete,2000000,178294.8,0.011182298,0.010546003,0.012082,0.030101998,0.007543,0.204289,19.0825,273.35,480.8,63.42375,0.0,0.0,0.0,43.0,8
memcached,2026-07-10-09-19-14,1,ubuntu,small,1000000,2,insert,2000000,136425.38,0.014628299,0.012292002,0.031988,0.036528,0.00901,3.766943,30.133,218.644,320.6,54.339999999999996,0.0,0.0,0.0,22.0,10
memcached,2026-07-10-09-19-14,1,ubuntu,small,1000000,2,read,2000000,39367.71,0.049645945,0.047143005,0.061042003,0.068655,0.039531,3.823865,59.835,155.20392857142858,479.5392857142857,54.638571428571424,0.0,0.0,0.0,72.0,28
memcached,2026-07-10-09-19-14,1,ubuntu,small,1000000,2,update,2000000,135717.55,0.014572843,0.012222998,0.031848002,0.036178,0.00901,3.799001,23.786,217.22199999999998,480.02,55.757000000000005,0.0,0.0,0.0,14.0,10
memcached,2026-07-10-09-19-14,1,ubuntu,small,1000000,4,delete,4000000,352923.25,0.011300264,0.010756001,0.012432,0.031219998,0.007124003,0.114332,37.78375,472.405,957.9000000000001,119.925,0.0,0.0,0.0,87.0,8
memcached,2026-07-10-09-19-14,1,ubuntu,small,1000000,4,insert,4000000,271364.8,0.014475023,0.012362001,0.031499,0.036387004,0.008591,9.979064,61.709,413.216,642.9300000000001,102.28999999999999,0.0,0.0,0.0,44.0,10
memcached,2026-07-10-09-19-14,1,ubuntu,small,1000000,4,read,4000000,57718.242,0.068843134,0.049657,0.06202,0.073055,0.037784,34.85975,102.17081081081082,224.25567567567566,956.7702702702703,104.01135135135135,0.0,0.0,0.0,160.0,37
memcached,2026-07-10-09-19-14,1,ubuntu,small,1000000,4,update,4000000,265808.47,0.014914468,0.012432,0.033804,0.037575003,0.00887,0.145132,54.14363636363637,421.95909090909095,957.3181818181819,103.0190909090909,0.0,0.0,0.0,12.0,11
memcached,2026-07-10-09-19-14,1,ubuntu,small,1000000,8,delete,8000000,630595.6,0.012605068,0.011943,0.013758999,0.038064003,0.007751998,9.049812,62.403333333333336,808.9811111111111,1911.5804444444448,195.57222222222222,0.0,0.0,0.0,184.31999999999994,9
memcached,2026-07-10-09-19-14,1,ubuntu,small,1000000,8,insert,8000000,433803.1,0.017228555,0.013410001,0.017250998,0.024165,0.008449999,57.279743,96.69999999999999,624.1107692307692,1304.9501538461539,199.21692307692308,0.0,0.0,0.0,87.0,13
memcached,2026-07-10-09-19-14,1,ubuntu,small,1000000,8,read,8000000,56646.344,0.14068198,0.06195,0.075779,0.099735,0.034293,71.35485,102.57246575342465,258.48424657534247,1910.3912328767124,201.67945205479452,0.0,0.0,0.0,347.68000000000006,73
memcached,2026-07-10-09-19-14,1,ubuntu,small,1000000,8,update,8000000,367700.2,0.020581754,0.013200003,0.017042,0.024794001,0.008591,78.95794,93.98285714285714,603.5014285714286,1918.829714285714,211.49214285714285,0.0,0.0,0.0,20.480000000000018,14
memcached,2026-07-10-10-56-01,2,ubuntu,medium,0,1,mix_10W_90R,10000,29.38248,34.033886,40.909645,41.472095,41.75263,0.031917,42.459236,0.8727441860465117,2.401720930232558,4188.30288372093,85.48623255813953,0.0,0.0,0.0,81.92000000000007,215
memcached,2026-07-10-10-56-01,2,ubuntu,medium,0,1,mix_50W_50R,20000,228.55333,4.3753467,0.07675699,41.228065,41.71975,0.019905005,42.354332,0.8727441860465117,2.401720930232558,4188.30288372093,85.48623255813953,0.0,0.0,0.0,81.92000000000007,215
memcached,2026-07-10-10-56-01,2,ubuntu,medium,0,1,mix_90W_10R,10000,13926.323,0.07180646,0.021442,0.058109,0.06593269,0.013479999,41.529144,0.8727441860465117,2.401720930232558,4188.30288372093,85.48623255813953,0.0,0.0,0.0,81.92000000000007,215
memcached,2026-07-10-10-56-01,2,ubuntu,medium,0,2,mix_10W_90R,20000,57.526318,34.515068,40.917137,41.49821,41.83995,0.030450996,42.57989,1.5399082568807339,3.605825688073394,4188.282128440367,123.58472477064221,0.0,0.0,0.0,0.0,218
memcached,2026-07-10-10-56-01,2,ubuntu,medium,0,2,mix_50W_50R,40000,460.397,4.3284535,0.077036,41.21275,41.753807,0.019696003,44.200153,1.5399082568807339,3.605825688073394,4188.282128440367,123.58472477064221,0.0,0.0,0.0,0.0,218
memcached,2026-07-10-10-56-01,2,ubuntu,medium,0,2,mix_90W_10R,20000,29780.357,0.054787684,0.025423003,0.058738004,0.070959,0.01774,41.620693,1.5399082568807339,3.605825688073394,4188.282128440367,123.58472477064221,0.0,0.0,0.0,0.0,218
memcached,2026-07-10-10-56-01,2,ubuntu,medium,0,4,mix_10W_90R,40000,116.16788,34.376427,40.91691,41.50214,41.85902,0.029473005,42.6161,3.076451612903226,9.374009216589862,4188.226064516129,201.22078341013824,0.0,0.0,0.0,0.0,217
memcached,2026-07-10-10-56-01,2,ubuntu,medium,0,4,mix_50W_50R,80000,907.30176,4.3126836,0.076616995,41.180485,41.756042,0.018997999,42.814995,3.076451612903226,9.374009216589862,4188.226064516129,201.22078341013824,0.0,0.0,0.0,0.0,217
memcached,2026-07-10-10-56-01,2,ubuntu,medium,0,4,mix_90W_10R,40000,45026.46,0.07592255,0.025702,0.059645005,0.07263599,0.012990997,41.96956,3.076451612903226,9.374009216589862,4188.226064516129,201.22078341013824,0.0,0.0,0.0,0.0,217
memcached,2026-07-10-10-56-01,2,ubuntu,medium,0,8,mix_10W_90R,80000,231.56976,34.474792,40.933197,41.699932,41.99313,0.027239002,42.78374,4.771938325991189,8.655991189427313,4188.349462555066,347.45603524229074,0.0,0.0,0.0,10.240000000000009,227
memcached,2026-07-10-10-56-01,2,ubuntu,medium,0,8,mix_50W_50R,160000,1513.7063,4.8643174,0.075918,41.143494,41.748325,0.018439,44.31356,4.771938325991189,8.655991189427313,4188.349462555066,347.45603524229074,0.0,0.0,0.0,10.240000000000009,227
memcached,2026-07-10-10-56-01,2,ubuntu,medium,0,8,mix_90W_10R,80000,39378.25,0.09093609,0.027727,0.06782045,0.077735,0.016761994,41.939697,4.771938325991189,8.655991189427313,4188.349462555066,347.45603524229074,0.0,0.0,0.0,10.240000000000009,227
memcached,2026-07-10-10-56-01,2,ubuntu,medium,10000,1,delete,10000,85393.945,0.011710432,0.010545999,0.01299,0.034781016,0.008591,0.096313,7.39,584.8,1954.816,120.8,0.0,0.0,0.0,0.0,1
memcached,2026-07-10-10-56-01,2,ubuntu,medium,10000,1,insert,10000,26864.89,0.0372233,0.037994,0.046306,0.053918015,0.014876001,0.774482,17.93,317.33,1955.84,53.31,0.0,0.0,0.0,0.0,1
memcached,2026-07-10-10-56-01,2,ubuntu,medium,10000,1,read,10000,16540.473,0.060457762,0.055664,0.074452,0.082484,0.051404,0.3277,24.28,303.05,1954.816,44.76,0.0,0.0,0.0,0.0,1
memcached,2026-07-10-10-56-01,2,ubuntu,medium,10000,1,update,10000,31034.457,0.03222225,0.030031996,0.045747,0.047563,0.028216004,0.103576,10.81,319.21,1954.816,58.46,0.0,0.0,0.0,0.0,1
memcached,2026-07-10-10-56-01,2,ubuntu,medium,10000,2,delete,20000,147186.17,0.013485476,0.010616001,0.011873999,0.030031996,0.0080320025,3.032698,47.08,576.04,2085.888,44.27,0.0,0.0,0.0,0.0,1
memcached,2026-07-10-10-56-01,2,ubuntu,medium,10000,2,insert,20000,57957.14,0.03286415,0.030520998,0.041975997,0.048751403,0.011524004,3.846711,39.27,390.9,1998.848,121.0,0.0,0.0,0.0,0.0,1
memcached,2026-07-10-10-56-01,2,ubuntu,medium,10000,2,read,20000,31212.75,0.063426,0.057200994,0.075011,0.083392,0.050008,3.727281,34.55,381.75,1998.848,120.7,0.0,0.0,0.0,0.0,1
memcached,2026-07-10-10-56-01,2,ubuntu,medium,10000,2,update,20000,58686.273,0.033123344,0.032896,0.038202997,0.046235997,0.017669998,3.67427,22.13,398.51,1997.824,43.96,0.0,0.0,0.0,0.0,1
memcached,2026-07-10-10-56-01,2,ubuntu,medium,10000,4,delete,40000,351957.28,0.011272185,0.010616001,0.012502002,0.031988,0.007543,0.080948,64.39,1056.51,2180.096,363.2,0.0,0.0,0.0,0.0,1
memcached,2026-07-10-10-56-01,2,ubuntu,medium,10000,4,insert,40000,132787.4,0.029142719,0.030520998,0.037995,0.043721005,0.011035997,0.358082,71.31,576.04,2085.888,44.27,0.0,0.0,0.0,0.0,1
memcached,2026-07-10-10-56-01,2,ubuntu,medium,10000,4,read,40000,63152.75,0.05979267,0.056293,0.07375306,0.081436,0.047631998,0.823442,46.22,541.3,2085.888,121.175,0.0,0.0,0.0,0.0,2
memcached,2026-07-10-10-56-01,2,ubuntu,medium,10000,4,update,40000,115114.38,0.030368548,0.029124,0.03995,0.045327995,0.01299,0.444966,21.13,542.96,2085.888,44.15,0.0,0.0,0.0,0.0,1
memcached,2026-07-10-10-56-01,2,ubuntu,medium,10000,8,delete,80000,601368.94,0.012714955,0.011873002,0.014107995,0.03995,0.007962001,3.039123,16.17,718.44,2260.992,82.97,0.0,0.0,0.0,0.0,1
memcached,2026-07-10-10-56-01,2,ubuntu,medium,10000,8,insert,80000,238898.2,0.027953394,0.026679998,0.045047995,0.061531,0.009916999,3.474242,126.13,748.72,2220.544,203.85999999999999,0.0,0.0,0.0,0.0,2
memcached,2026-07-10-10-56-01,2,ubuntu,medium,10000,8,read,80000,83982.37,0.09311452,0.073334,0.087791994,0.108605,0.045606997,29.073097,187.87,440.93,2260.992,44.52,0.0,0.0,0.0,0.0,1
memcached,2026-07-10-10-56-01,2,ubuntu,medium,10000,8,update,80000,172864.25,0.040815733,0.041208,0.055738457,0.06250899,0.018577993,0.433442,31.985,846.53,2260.992,217.185,0.0,0.0,0.0,0.0,2
memcached,2026-07-10-10-56-01,2,ubuntu,medium,100000,1,delete,100000,91973.27,0.010872724,0.010336,0.011384,0.030521005,0.007962997,0.074871995,34.72,152.385,2348.032,102.0,0.0,0.0,0.0,10.240000000000009,2
memcached,2026-07-10-10-56-01,2,ubuntu,medium,100000,1,insert,100000,28710.152,0.034830887,0.034782004,0.040228996,0.046934,0.012851,2.200036,26.19333333333333,171.48,2290.0053333333335,83.10333333333334,0.0,0.0,0.0,0.0,3
memcached,2026-07-10-10-56-01,2,ubuntu,medium,100000,1,read,100000,17235.453,0.058019947,0.056712,0.06628,0.083042,0.051823,0.528288,33.115,134.97,2348.544,83.14,0.0,0.0,0.0,0.0,4
memcached,2026-07-10-10-56-01,2,ubuntu,medium,100000,1,update,100000,31124.613,0.032128915,0.032896,0.039042003,0.04462901,0.013270001,1.736842,21.636666666666667,248.1966666666667,2348.032,82.88,0.0,0.0,0.0,0.0,3
memcached,2026-07-10-10-56-01,2,ubuntu,medium,100000,2,delete,200000,176834.77,0.011307119,0.010547003,0.012432,0.030591,0.0080309985,0.108674996,66.36,308.28,2785.7920000000004,160.0,0.0,0.0,0.0,0.0,2
memcached,2026-07-10-10-56-01,2,ubuntu,medium,100000,2,insert,200000,62142.277,0.032108493,0.032895993,0.037295002,0.046165995,0.012361998,3.726443,61.406666666666666,261.31666666666666,2579.114666666667,121.53333333333335,0.0,0.0,0.0,0.0,3
memcached,2026-07-10-10-56-01,2,ubuntu,medium,100000,2,read,200000,33494.203,0.05884262,0.0566075,0.072217,0.08115599,0.049099,3.840985,59.61,250.0,2786.56,122.15,0.0,0.0,0.0,10.240000000000009,4
memcached,2026-07-10-10-56-01,2,ubuntu,medium,100000,2,update,200000,58969.566,0.028405836,0.029404,0.038622007,0.046654996,0.0138289975,3.873112,47.48333333333334,267.3433333333333,2785.962666666667,121.8,0.0,0.0,0.0,0.0,3
memcached,2026-07-10-10-56-01,2,ubuntu,medium,100000,4,delete,400000,352916.22,0.011237258,0.010685995,0.012361998,0.030311,0.007543,0.12718299,47.99,796.65,3661.824,276.54999999999995,0.0,0.0,0.0,0.0,2
memcached,2026-07-10-10-56-01,2,ubuntu,medium,100000,4,insert,400000,119145.48,0.033031076,0.034293,0.042742997,0.048541,0.0120830005,0.281046,100.46666666666665,451.96999999999997,3214.336,199.1,0.0,0.0,0.0,0.0,3
memcached,2026-07-10-10-56-01,2,ubuntu,medium,100000,4,read,400000,59741.4,0.063364685,0.060623,0.076481454,0.084998,0.049168993,0.365695,137.3475,271.37,3662.08,176.15,0.0,0.0,0.0,0.0,4
memcached,2026-07-10-10-56-01,2,ubuntu,medium,100000,4,update,400000,114179.49,0.032454737,0.033873003,0.040578,0.046096,0.012082994,0.180682,93.63,441.9533333333334,3660.8000000000006,157.52,0.0,0.0,0.0,10.240000000000009,3
memcached,2026-07-10-10-56-01,2,ubuntu,medium,100000,8,delete,800000,635123.75,0.012523424,0.011942997,0.013479999,0.036807004,0.0080309985,0.357593,21.404999999999998,665.76,4188.16,219.045,0.0,0.0,0.0,10.240000000000009,2
memcached,2026-07-10-10-56-01,2,ubuntu,medium,100000,8,insert,800000,223538.69,0.03384293,0.020113999,0.049378004,0.0632087,0.009987001,40.19599,161.805,732.47,3926.784,355.2,0.0,0.0,0.0,10.240000000000009,4
memcached,2026-07-10-10-56-01,2,ubuntu,medium,100000,8,read,800000,80743.09,0.09630773,0.074871,0.095754,0.11056,0.034083,33.42784,178.76833333333335,513.5749999999999,4188.672,325.71666666666664,0.0,0.0,0.0,10.240000000000009,6
memcached,2026-07-10-10-56-01,2,ubuntu,medium,100000,8,update,800000,209562.84,0.034920655,0.024654998,0.050566,0.058179002,0.009987001,29.850094,145.2225,834.375,4189.184,328.725,0.0,0.0,0.0,10.240000000000009,4
memcached,2026-07-10-10-56-01,2,ubuntu,small,0,1,mix_10W_90R,10000,27.153929,36.827084,40.89464,41.286274,41.46975,0.021929998,42.194134,0.5935452322738386,1.4158190709046454,1911.222141809291,63.60139364303179,0.0,0.0,0.0,184.31999999999994,409
memcached,2026-07-10-10-56-01,2,ubuntu,small,0,1,mix_50W_50R,20000,48.89767,20.450872,19.469864,41.111988,41.3775,0.017040998,42.180214,0.5935452322738386,1.4158190709046454,1911.222141809291,63.60139364303179,0.0,0.0,0.0,184.31999999999994,409
memcached,2026-07-10-10-56-01,2,ubuntu,small,0,1,mix_90W_10R,10000,243.94473,4.099289,0.022070002,40.656517,41.098137,0.010894997,41.926304,0.5935452322738386,1.4158190709046454,1911.222141809291,63.60139364303179,0.0,0.0,0.0,184.31999999999994,409
memcached,2026-07-10-10-56-01,2,ubuntu,small,0,2,mix_10W_90R,20000,54.296307,36.8325,40.896374,41.306778,41.49905,0.021442,42.389256,1.1116625916870415,2.545110024449878,1911.3673545232275,84.85863080684597,0.0,0.0,0.0,0.0,409
memcached,2026-07-10-10-56-01,2,ubuntu,small,0,2,mix_50W_50R,40000,97.762955,20.456032,19.437849,41.116116,41.421593,0.01802,45.327747,1.1116625916870415,2.545110024449878,1911.3673545232275,84.85863080684597,0.0,0.0,0.0,0.0,409
memcached,2026-07-10-10-56-01,2,ubuntu,small,0,2,mix_90W_10R,20000,487.57278,4.101321,0.021861,40.67918,41.134197,0.010197,42.09878,1.1116625916870415,2.545110024449878,1911.3673545232275,84.85863080684597,0.0,0.0,0.0,0.0,409
memcached,2026-07-10-10-56-01,2,ubuntu,small,0,4,mix_10W_90R,40000,108.57697,36.837307,40.897285,41.34093,41.54487,0.020463994,42.48348,2.14,3.1942542787286063,1911.5651442542787,126.98657701711493,0.0,0.0,0.0,10.240000000000009,409
memcached,2026-07-10-10-56-01,2,ubuntu,small,0,4,mix_50W_50R,80000,195.52283,20.456718,19.221516,41.133087,41.429703,0.018019004,42.549698,2.14,3.1942542787286063,1911.5651442542787,126.98657701711493,0.0,0.0,0.0,10.240000000000009,409
memcached,2026-07-10-10-56-01,2,ubuntu,small,0,4,mix_90W_10R,40000,975.79083,4.098015,0.022,40.638393,41.06764,0.009707998,41.984528,2.14,3.1942542787286063,1911.5651442542787,126.98657701711493,0.0,0.0,0.0,10.240000000000009,409
memcached,2026-07-10-10-56-01,2,ubuntu,small,0,8,mix_10W_90R,80000,217.08437,36.844635,40.90119,41.37927,41.63384,0.020045001,42.562603,3.7913414634146343,8.88339024390244,1911.590712195122,210.4458780487805,0.0,0.0,0.0,0.0,410
memcached,2026-07-10-10-56-01,2,ubuntu,small,0,8,mix_50W_50R,160000,390.97623,20.458475,19.104942,41.155632,41.44862,0.017042002,46.720745,3.7913414634146343,8.88339024390244,1911.590712195122,210.4458780487805,0.0,0.0,0.0,0.0,410
memcached,2026-07-10-10-56-01,2,ubuntu,small,0,8,mix_90W_10R,80000,1949.2892,4.1022196,0.021861,40.69125,41.144524,0.009428994,42.459236,3.7913414634146343,8.88339024390244,1911.590712195122,210.4458780487805,0.0,0.0,0.0,0.0,410
memcached,2026-07-10-10-56-01,2,ubuntu,small,10000,1,delete,10000,83875.54,0.0119224265,0.0108950045,0.012012999,0.071659,0.008661002,0.119431004,15.74,602.81,8.902,44.35,0.0,0.0,0.0,0.0,1
memcached,2026-07-10-10-56-01,2,ubuntu,small,10000,1,insert,10000,62902.316,0.015897665,0.012502002,0.031988,0.058248997,0.009847005,0.651494,4.37,276.51,6.645,22.83,0.0,0.0,0.0,0.0,1
memcached,2026-07-10-10-56-01,2,ubuntu,small,10000,1,read,10000,17103.31,0.05846821,0.059157,0.06684345,0.071449004,0.04428,0.180963,20.1,276.51,6.645,22.83,0.0,0.0,0.0,0.0,1
memcached,2026-07-10-10-56-01,2,ubuntu,small,10000,1,update,10000,60219.72,0.016605856,0.013130004,0.036667,0.058248,0.010756005,0.176633,3.53,408.97,6.426,32.18,0.0,0.0,0.0,0.0,1
memcached,2026-07-10-10-56-01,2,ubuntu,small,10000,2,delete,20000,161790.03,0.012350624,0.011174997,0.013270001,0.07340471,0.008451003,0.410536,20.57,746.44,14.88,86.8,0.0,0.0,0.0,0.0,1
memcached,2026-07-10-10-56-01,2,ubuntu,small,10000,2,insert,20000,112530.13,0.016922105,0.012781005,0.03576,0.05776,0.009497998,3.462879,15.74,602.81,8.902,44.35,0.0,0.0,0.0,0.0,1
memcached,2026-07-10-10-56-01,2,ubuntu,small,10000,2,read,20000,33114.99,0.055989813,0.056364,0.064394996,0.073126405,0.041836,3.743228,31.19,371.4,9.07,45.12,0.0,0.0,0.0,0.0,1
memcached,2026-07-10-10-56-01,2,ubuntu,small,10000,2,update,20000,100392.87,0.018227162,0.012991004,0.037086997,0.05957669,0.009499003,3.834931,4.43,445.65,8.844,70.44,0.0,0.0,0.0,0.0,1
memcached,2026-07-10-10-56-01,2,ubuntu,small,10000,4,delete,40000,351676.38,0.0111691505,0.010547003,0.012293,0.030033,0.007892006,0.083881,23.07,868.9,22.42,2.539,0.0,0.0,0.0,0.0,1
memcached,2026-07-10-10-56-01,2,ubuntu,small,10000,4,insert,40000,261741.48,0.014741474,0.012293,0.032896,0.037296005,0.009008996,0.095406,20.57,746.44,14.88,86.8,0.0,0.0,0.0,0.0,1
memcached,2026-07-10-10-56-01,2,ubuntu,small,10000,4,read,40000,70010.625,0.053365577,0.048679996,0.06425505,0.081018,0.040788,3.743088,58.27,470.68,14.48,77.32,0.0,0.0,0.0,0.0,1
memcached,2026-07-10-10-56-01,2,ubuntu,small,10000,4,update,40000,262789.66,0.014485153,0.012153002,0.031918004,0.036319,0.008940006,0.135495,13.39,604.54,14.59,77.73,0.0,0.0,0.0,0.0,1
memcached,2026-07-10-10-56-01,2,ubuntu,small,10000,8,delete,80000,527235.25,0.012605627,0.011315002,0.013758996,0.040858,0.007472998,3.042145,13.57,573.52,23.35,24.05,0.0,0.0,0.0,0.0,1
memcached,2026-07-10-10-56-01,2,ubuntu,small,10000,8,insert,80000,399393.16,0.016944747,0.013689001,0.038832005,0.046724997,0.009357994,3.073714,77.39,893.74,22.69,170.7,0.0,0.0,0.0,0.0,1
memcached,2026-07-10-10-56-01,2,ubuntu,small,10000,8,read,80000,113732.66,0.068700366,0.064884,0.077735,0.095615,0.038065,9.23511,50.11,907.5,22.87,165.39999999999998,0.0,0.0,0.0,0.0,2
memcached,2026-07-10-10-56-01,2,ubuntu,small,10000,8,update,80000,409494.8,0.016832363,0.013758996,0.038623,0.046585,0.009429,0.091564,22.83,921.26,23.05,160.1,0.0,0.0,0.0,0.0,1
memcached,2026-07-10-10-56-01,2,ubuntu,small,100000,1,delete,100000,91788.84,0.0108945705,0.010336,0.011385004,0.03101,0.0080320025,0.067189,16.34,150.76999999999998,34.12,34.730000000000004,0.0,0.0,0.0,0.0,2
memcached,2026-07-10-10-56-01,2,ubuntu,small,100000,1,insert,100000,69888.195,0.014308567,0.011943004,0.031498995,0.033593997,0.00901,0.090586,20.75,84.905,25.34,23.965,0.0,0.0,0.0,0.0,2
memcached,2026-07-10-10-56-01,2,ubuntu,small,100000,1,read,100000,20106.498,0.049735162,0.046724997,0.060065,0.068794996,0.040648002,0.505802,26.515,76.85499999999999,27.1425,23.807499999999997,0.0,0.0,0.0,0.0,4
memcached,2026-07-10-10-56-01,2,ubuntu,small,100000,1,update,100000,70295.945,0.014225572,0.011942997,0.031219998,0.032896,0.009499003,0.0623,10.915,100.24,27.189999999999998,23.985,0.0,0.0,0.0,0.0,2
memcached,2026-07-10-10-56-01,2,ubuntu,small,100000,2,delete,200000,174511.44,0.011407807,0.010617005,0.012851,0.033245,0.008031995,0.09861799,32.525,402.935,54.475,66.88499999999999,0.0,0.0,0.0,0.0,2
memcached,2026-07-10-10-56-01,2,ubuntu,small,100000,2,insert,200000,134305.61,0.014779685,0.012292002,0.031499002,0.034293,0.0092199985,6.033234,44.635,170.09,46.45,45.36,0.0,0.0,0.0,0.0,2
memcached,2026-07-10-10-56-01,2,ubuntu,small,100000,2,read,200000,38631.996,0.050616756,0.048681002,0.060134,0.068096995,0.041417,3.589153,54.9175,154.69,52.0275,45.7325,0.0,0.0,0.0,0.2158203125,4
memcached,2026-07-10-10-56-01,2,ubuntu,small,100000,2,update,200000,127788.28,0.015189641,0.012361998,0.033455,0.037157,0.009219002,6.057189,20.86,298.08,51.900000000000006,46.085,0.0,0.0,0.0,2.4141796875,2
memcached,2026-07-10-10-56-01,2,ubuntu,small,100000,4,delete,400000,353277.2,0.011249628,0.010617005,0.012363002,0.030522002,0.007473005,0.131723,45.79,791.61,100.4,130.51999999999998,0.0,0.0,0.0,0.0,2
memcached,2026-07-10-10-56-01,2,ubuntu,small,100000,4,insert,400000,259087.77,0.014883735,0.012432,0.032477003,0.037227,0.009149,3.811323,62.894999999999996,492.345,78.815,88.03999999999999,0.0,0.0,0.0,0.0,2
memcached,2026-07-10-10-56-01,2,ubuntu,small,100000,4,read,400000,74400.445,0.052373283,0.049519002,0.062998,0.071169995,0.040927995,2.187408,94.74749999999999,419.0675,100.55000000000001,88.1875,0.0,0.0,0.0,14.77,4
memcached,2026-07-10-10-56-01,2,ubuntu,small,100000,4,update,400000,261294.31,0.01504691,0.012502002,0.033314995,0.038134,0.009078998,0.214976,39.605000000000004,503.225,100.55,88.32499999999999,0.0,0.0,0.0,0.0,2
memcached,2026-07-10-10-56-01,2,ubuntu,small,100000,8,delete,800000,631660.5,0.012571362,0.011943004,0.013618999,0.037295997,0.008381001,0.356687,24.75,652.18,197.35000000000002,101.235,0.0,0.0,0.0,0.0,2
memcached,2026-07-10-10-56-01,2,ubuntu,small,100000,8,insert,800000,442396.34,0.0173729,0.014247999,0.039599996,0.046026,0.009638003,1.323033,83.74000000000001,846.665,148.3,146.5,0.0,0.0,0.0,0.0,2
memcached,2026-07-10-10-56-01,2,ubuntu,small,100000,8,read,800000,101731.22,0.07718083,0.069144,0.085347995,0.12837268,0.038064,17.815084,174.196,602.042,196.4,163.42000000000002,0.0,0.0,0.0,13.0,5
memcached,2026-07-10-10-56-01,2,ubuntu,small,100000,8,update,800000,443408.1,0.017689696,0.0143869985,0.040717997,0.047353003,0.009916999,0.34656,73.09,850.56,196.75,149.14999999999998,0.0,0.0,0.0,0.0,2
memcached,2026-07-10-10-56-01,2,ubuntu,small,1000000,1,delete,1000000,92470.2,0.010814295,0.010197,0.011035001,0.029614,0.007543,0.09757,11.0875,166.75875,241.4875,32.6475,0.0,0.0,0.0,0.0,8
memcached,2026-07-10-10-56-01,2,ubuntu,small,1000000,1,insert,1000000,69159.234,0.014459385,0.011942997,0.0315,0.035828996,0.00901,0.089609005,13.756,97.185,206.88000000000002,27.939999999999998,0.0,0.0,0.0,68.9,10
memcached,2026-07-10-10-56-01,2,ubuntu,small,1000000,1,read,1000000,20192.186,0.04952411,0.046725005,0.060274005,0.06858499,0.040159997,1.508254,31.30333333333333,77.34666666666668,241.40740740740742,28.97259259259259,0.0,0.0,0.0,69.0,27
memcached,2026-07-10-10-56-01,2,ubuntu,small,1000000,1,update,1000000,70114.6,0.014262364,0.011942997,0.031429,0.03569,0.008940006,0.099456005,11.284,122.58099999999999,241.49,29.438,0.0,0.0,0.0,9.0,10
memcached,2026-07-10-10-56-01,2,ubuntu,small,1000000,2,delete,2000000,177426.11,0.011259384,0.010547003,0.012361998,0.031498995,0.0074029956,0.19150901,19.94625,249.59125,480.6125,60.95375,0.0,0.0,0.0,44.0,8
memcached,2026-07-10-10-56-01,2,ubuntu,small,1000000,2,insert,2000000,137029.05,0.014464768,0.012222998,0.031430006,0.035830002,0.009008996,3.036064,24.449,237.75799999999998,315.65,51.822,0.0,0.0,0.0,43.0,10
memcached,2026-07-10-10-56-01,2,ubuntu,small,1000000,2,read,2000000,40152.367,0.04970987,0.047283,0.060553998,0.06816701,0.04002,3.660806,61.784814814814816,148.02444444444444,479.9703703703704,52.57222222222222,0.0,0.0,0.0,71.0,27
memcached,2026-07-10-10-56-01,2,ubuntu,small,1000000,2,update,2000000,134088.02,0.014913733,0.012292002,0.034571998,0.036807004,0.00901,12.037597,27.137,221.48000000000002,480.46999999999997,54.436,0.0,0.0,0.0,15.0,10
memcached,2026-07-10-10-56-01,2,ubuntu,small,1000000,4,delete,4000000,354636.38,0.011242451,0.010685995,0.012361998,0.030032003,0.007262999,0.13458699,30.3175,480.72249999999997,957.4875,115.7875,0.0,0.0,0.0,151.0,8
memcached,2026-07-10-10-56-01,2,ubuntu,small,1000000,4,insert,4000000,267918.8,0.014545722,0.012293,0.032197,0.036667995,0.008869996,3.530966,63.23636363636364,395.61,652.3000000000001,93.80909090909091,0.0,0.0,0.0,44.0,11
memcached,2026-07-10-10-56-01,2,ubuntu,small,1000000,4,read,4000000,74405.195,0.05304622,0.050915,0.063277006,0.07117,0.039252,0.802631,132.5037931034483,290.99896551724134,957.0034482758621,100.78655172413792,0.0,0.0,0.0,133.0,29
memcached,2026-07-10-10-56-01,2,ubuntu,small,1000000,4,update,4000000,266079.38,0.014918171,0.012432,0.033384997,0.037784994,0.008939998,0.193045,55.123000000000005,397.868,957.3399999999999,100.689,0.0,0.0,0.0,38.0,10
memcached,2026-07-10-10-56-01,2,ubuntu,small,1000000,8,delete,8000000,632186.4,0.0126174195,0.011943004,0.013550001,0.038204003,0.007543,12.056016,61.91,772.7877777777778,1911.3528888888889,192.86888888888888,0.0,0.0,0.0,174.07999999999993,9
memcached,2026-07-10-10-56-01,2,ubuntu,small,1000000,8,insert,8000000,458626.28,0.017322227,0.014248006,0.039041996,0.046027,0.009429,3.552545,131.89583333333334,821.2391666666667,1252.8586666666667,194.15833333333333,0.0,0.0,0.0,189.0,12
memcached,2026-07-10-10-56-01,2,ubuntu,small,1000000,8,read,8000000,104401.79,0.07610488,0.06956401,0.083951004,0.097779006,0.035828996,19.743101,209.3539024390244,527.4443902439025,1910.3094634146344,197.95853658536586,0.0,0.0,0.0,171.44000000000005,41
memcached,2026-07-10-10-56-01,2,ubuntu,small,1000000,8,update,8000000,448355.1,0.017623443,0.0143180005,0.041137993,0.046306007,0.009427996,9.067314,122.71750000000002,803.1058333333334,1910.7840000000003,202.13333333333333,0.0,0.0,0.0,30.720000000000027,12
memcached,2026-07-10-12-31-44,4,ubuntu,medium,0,1,mix_10W_90R,10000,29.29506,34.13545,40.911297,41.489468,41.792713,0.030101998,43.0343,0.8886111111111111,2.420185185185185,4188.34962962963,78.14569444444444,0.0,0.0,0.0,81.92000000000007,216
memcached,2026-07-10-12-31-44,4,ubuntu,medium,0,1,mix_50W_50R,20000,229.38332,4.3595147,0.077106,41.228405,41.714497,0.020043997,42.557487,0.8886111111111111,2.420185185185185,4188.34962962963,78.14569444444444,0.0,0.0,0.0,81.92000000000007,216
memcached,2026-07-10-12-31-44,4,ubuntu,medium,0,1,mix_90W_10R,10000,13011.559,0.07685474,0.023048,0.059086997,0.06823599,0.013270001,41.639896,0.8886111111111111,2.420185185185185,4188.34962962963,78.14569444444444,0.0,0.0,0.0,81.92000000000007,216
memcached,2026-07-10-12-31-44,4,ubuntu,medium,0,2,mix_10W_90R,20000,57.923374,34.448025,40.914635,41.488766,41.816216,0.031918004,42.44513,1.6227064220183487,2.304770642201835,4188.2069724770645,117.16330275229357,0.0,0.0,0.0,0.0,218
memcached,2026-07-10-12-31-44,4,ubuntu,medium,0,2,mix_50W_50R,40000,445.56268,4.430771,0.077735,41.2399,41.750935,0.019555999,44.886723,1.6227064220183487,2.304770642201835,4188.2069724770645,117.16330275229357,0.0,0.0,0.0,0.0,218
memcached,2026-07-10-12-31-44,4,ubuntu,medium,0,2,mix_90W_10R,20000,17082.893,0.08587959,0.020674001,0.058179002,0.06858499,0.018088998,41.732704,1.6227064220183487,2.304770642201835,4188.2069724770645,117.16330275229357,0.0,0.0,0.0,0.0,218
memcached,2026-07-10-12-31-44,4,ubuntu,medium,0,4,mix_10W_90R,40000,115.833015,34.426468,40.91564,41.514458,41.879803,0.029613001,43.610554,2.9805,8.118454545454545,4188.276363636363,190.4829090909091,0.0,0.0,0.0,0.0,220
memcached,2026-07-10-12-31-44,4,ubuntu,medium,0,4,mix_50W_50R,80000,864.2294,4.0316553,0.076757,41.14123,41.74516,0.018439,42.70522,2.9805,8.118454545454545,4188.276363636363,190.4829090909091,0.0,0.0,0.0,0.0,220
memcached,2026-07-10-12-31-44,4,ubuntu,medium,0,4,mix_90W_10R,40000,31160.107,0.07686355,0.026610004,0.061325446,0.076756,0.013548997,42.128326,2.9805,8.118454545454545,4188.276363636363,190.4829090909091,0.0,0.0,0.0,0.0,220
memcached,2026-07-10-12-31-44,4,ubuntu,medium,0,8,mix_10W_90R,80000,231.33447,34.488964,40.938866,41.710205,42.010952,0.028566,42.943966,4.501790393013101,8.00174672489083,4188.289676855895,338.3536244541485,0.0,0.0,0.0,10.240000000000009,229
memcached,2026-07-10-12-31-44,4,ubuntu,medium,0,8,mix_50W_50R,160000,1457.9823,4.9271874,0.076337,41.155006,41.750557,0.018508006,43.03761,4.501790393013101,8.00174672489083,4188.289676855895,338.3536244541485,0.0,0.0,0.0,10.240000000000009,229
memcached,2026-07-10-12-31-44,4,ubuntu,medium,0,8,mix_90W_10R,80000,43778.277,0.090985574,0.026609996,0.061461,0.07570899,0.013270001,42.274654,4.501790393013101,8.00174672489083,4188.289676855895,338.3536244541485,0.0,0.0,0.0,10.240000000000009,229
memcached,2026-07-10-12-31-44,4,ubuntu,medium,10000,1,delete,10000,84633.37,0.011815671,0.010545999,0.011942997,0.069074,0.009078998,0.095195994,23.22,507.58,1988.608,119.4,0.0,0.0,0.0,0.0,1
memcached,2026-07-10-12-31-44,4,ubuntu,medium,10000,1,insert,10000,28094.928,0.035593614,0.033803996,0.045956004,0.05063501,0.015575002,0.724406,16.08,408.79,1954.816,70.15,0.0,0.0,0.0,0.0,1
memcached,2026-07-10-12-31-44,4,ubuntu,medium,10000,1,read,10000,14942.646,0.06692255,0.07103,0.07857645,0.084859,0.052451003,0.155399,27.68,206.96,1953.792,57.35,0.0,0.0,0.0,0.0,1
memcached,2026-07-10-12-31-44,4,ubuntu,medium,10000,1,update,10000,30818.438,0.03244811,0.030033,0.046376,0.048190996,0.027586997,1.050362,10.95,420.65,1953.792,67.0,0.0,0.0,0.0,0.0,1
memcached,2026-07-10-12-31-44,4,ubuntu,medium,10000,2,delete,20000,144902.83,0.013613124,0.010825999,0.012780998,0.033384997,0.008380993,3.563506,44.43,573.76,2084.864,110.0,0.0,0.0,0.0,0.0,1
memcached,2026-07-10-12-31-44,4,ubuntu,medium,10000,2,insert,20000,58269.727,0.03376294,0.031988,0.044909,0.047563,0.011664,3.837288,40.31,376.61,1998.848,119.7,0.0,0.0,0.0,0.0,1
memcached,2026-07-10-12-31-44,4,ubuntu,medium,10000,2,read,20000,31197.16,0.061752446,0.056781996,0.073823996,0.083951004,0.050635003,6.40002,29.75,391.52,1997.824,119.2,0.0,0.0,0.0,0.0,1
memcached,2026-07-10-12-31-44,4,ubuntu,medium,10000,2,update,20000,59810.18,0.032455392,0.028705003,0.039601,0.046723995,0.017251004,9.060392,4.56,441.27,1998.848,110.2,0.0,0.0,0.0,0.0,1
memcached,2026-07-10-12-31-44,4,ubuntu,medium,10000,4,delete,40000,351102.16,0.011183014,0.010545999,0.012363002,0.030520998,0.007472998,0.140243,83.47,996.35,2260.992,53.76,0.0,0.0,0.0,0.0,1
memcached,2026-07-10-12-31-44,4,ubuntu,medium,10000,4,insert,40000,125954.27,0.028803492,0.029124996,0.038204003,0.043931004,0.010825999,0.38154998,44.43,573.76,2084.864,110.0,0.0,0.0,0.0,0.0,1
memcached,2026-07-10-12-31-44,4,ubuntu,medium,10000,4,read,40000,58805.465,0.061839405,0.057550002,0.074522,0.082833,0.048260998,0.32714298,103.67,497.6,2085.888,42.37,0.0,0.0,0.0,0.0,1
memcached,2026-07-10-12-31-44,4,ubuntu,medium,10000,4,update,40000,123384.69,0.030031437,0.029055001,0.038134,0.046305,0.015366,3.794685,5.77,635.05,2085.888,162.8,0.0,0.0,0.0,0.0,1
memcached,2026-07-10-12-31-44,4,ubuntu,medium,10000,8,delete,80000,599993.5,0.01249765,0.011803,0.014178004,0.04002,0.0080320025,0.180822,15.75,323.34,2260.992,80.92,0.0,0.0,0.0,0.0,1
memcached,2026-07-10-12-31-44,4,ubuntu,medium,10000,8,insert,80000,236790.0,0.028076319,0.024934001,0.04414445,0.062718995,0.010267002,12.065856,83.47,996.35,2260.992,53.76,0.0,0.0,0.0,0.0,1
memcached,2026-07-10-12-31-44,4,ubuntu,medium,10000,8,read,80000,91138.766,0.0852067,0.086395,0.100085005,0.1105617,0.052660994,2.007693,107.58500000000001,965.175,2261.504,246.10000000000002,0.0,0.0,0.0,0.0,2
memcached,2026-07-10-12-31-44,4,ubuntu,medium,10000,8,update,80000,160797.36,0.03948989,0.038134,0.057270996,0.067328,0.014388002,0.476536,57.94,669.205,2260.992,111.66,0.0,0.0,0.0,0.0,2
memcached,2026-07-10-12-31-44,4,ubuntu,medium,100000,1,delete,100000,91931.26,0.010877693,0.010267002,0.011384,0.03101,0.008031995,0.127113,8.52,108.63,2348.032,64.27,0.0,0.0,0.0,0.0,1
memcached,2026-07-10-12-31-44,4,ubuntu,medium,100000,1,insert,100000,41893.207,0.023870217,0.021301996,0.0352,0.040508,0.0115239965,0.34774598,36.595,98.64500000000001,2304.512,68.715,0.0,0.0,0.0,0.0,2
memcached,2026-07-10-12-31-44,4,ubuntu,medium,100000,1,read,100000,17137.197,0.058352597,0.056502998,0.071658,0.078713,0.051055003,1.128376,31.0175,188.445,2349.056,80.775,0.0,0.0,0.0,0.0,4
memcached,2026-07-10-12-31-44,4,ubuntu,medium,100000,1,update,100000,30469.883,0.032819293,0.032896,0.039041996,0.043931004,0.012851,0.126415,21.69666666666667,173.98333333333335,2348.3733333333334,80.88666666666667,0.0,0.0,0.0,0.0,3
memcached,2026-07-10-12-31-44,4,ubuntu,medium,100000,2,delete,200000,173933.36,0.011464426,0.010616001,0.012920994,0.033664,0.007961993,3.594236,69.16499999999999,309.55,2786.304,158.0,0.0,0.0,0.0,0.0,2
memcached,2026-07-10-12-31-44,4,ubuntu,medium,100000,2,insert,200000,62420.02,0.03145778,0.032406997,0.039252,0.046864007,0.011803997,0.219096,46.23666666666667,334.56333333333333,2540.2026666666666,119.73333333333333,0.0,0.0,0.0,10.240000000000009,3
memcached,2026-07-10-12-31-44,4,ubuntu,medium,100000,2,read,200000,32798.074,0.060038887,0.056712,0.073753,0.081995,0.049378004,5.130352,64.1,203.155,2786.304,120.15,0.0,0.0,0.0,0.0,4
memcached,2026-07-10-12-31-44,4,ubuntu,medium,100000,2,update,200000,59299.03,0.03372626,0.032966003,0.040369,0.045886002,0.013548997,3.696835,43.76,266.41,2785.962666666667,119.36666666666667,0.0,0.0,0.0,0.0,3
memcached,2026-07-10-12-31-44,4,ubuntu,medium,100000,4,delete,400000,352330.22,0.011275471,0.010686003,0.012432,0.031359997,0.007543,0.084438995,114.43,574.23,3661.824,270.3,0.0,0.0,0.0,0.0,2
memcached,2026-07-10-12-31-44,4,ubuntu,medium,100000,4,insert,400000,117223.88,0.033354312,0.034502003,0.043233,0.048611,0.011454002,0.392027,103.02333333333333,450.1333333333334,3219.456,195.03333333333333,0.0,0.0,0.0,0.0,3
memcached,2026-07-10-12-31-44,4,ubuntu,medium,100000,4,read,400000,57476.656,0.06636391,0.064884,0.08003999,0.087303,0.050357003,0.643669,135.082,304.852,3661.6192,170.55,0.0,0.0,0.0,10.240000000000009,5
memcached,2026-07-10-12-31-44,4,ubuntu,medium,100000,4,update,400000,107958.82,0.035969395,0.035201002,0.043931004,0.050427,0.012780998,3.058962,92.07333333333334,455.74666666666667,3661.482666666667,193.4,0.0,0.0,0.0,0.0,3
memcached,2026-07-10-12-31-44,4,ubuntu,medium,100000,8,delete,800000,632021.7,0.012583313,0.011943004,0.013758996,0.038064,0.008031006,0.327212,31.585,610.1850000000001,4188.6720000000005,212.305,0.0,0.0,0.0,10.240000000000009,2
memcached,2026-07-10-12-31-44,4,ubuntu,medium,100000,8,insert,800000,176535.86,0.043029893,0.042742997,0.066141,0.089398,0.011245,3.769122,160.0375,805.8075,3924.736,346.225,0.0,0.0,0.0,10.240000000000009,4
memcached,2026-07-10-12-31-44,4,ubuntu,medium,100000,8,read,800000,97294.15,0.08021502,0.081785,0.098967,0.107278004,0.040647995,0.853545,236.85999999999999,567.2520000000001,4188.5696,312.88,0.0,0.0,0.0,10.240000000000009,5
memcached,2026-07-10-12-31-44,4,ubuntu,medium,100000,8,update,800000,173482.94,0.043099687,0.040927995,0.057132,0.06677,0.0132699935,12.106433,149.8675,806.03,4188.16,305.1,0.0,0.0,0.0,10.240000000000009,4
memcached,2026-07-10-12-31-44,4,ubuntu,small,0,1,mix_10W_90R,10000,27.152597,36.828888,40.89546,41.28045,41.465588,0.022768,42.86469,0.5908068459657702,0.9266503667481663,1911.1845867970662,62.45885085574572,0.0,0.0,0.0,235.51999999999998,409
memcached,2026-07-10-12-31-44,4,ubuntu,small,0,1,mix_50W_50R,20000,48.89627,20.451456,19.35856,41.120674,41.39144,0.021022003,42.28592,0.5908068459657702,0.9266503667481663,1911.1845867970662,62.45885085574572,0.0,0.0,0.0,235.51999999999998,409
memcached,2026-07-10-12-31-44,4,ubuntu,small,0,1,mix_90W_10R,10000,243.94525,4.0992804,0.021860003,40.64905,41.12593,0.011315002,42.03415,0.5908068459657702,0.9266503667481663,1911.1845867970662,62.45885085574572,0.0,0.0,0.0,235.51999999999998,409
memcached,2026-07-10-12-31-44,4,ubuntu,small,0,2,mix_10W_90R,20000,54.294037,36.834736,40.89769,41.30648,41.527878,0.021093002,42.406,1.0898048780487806,2.1333658536585363,1911.308487804878,83.53926829268292,0.0,0.0,0.0,0.0,410
memcached,2026-07-10-12-31-44,4,ubuntu,small,0,2,mix_50W_50R,40000,97.77341,20.454412,18.500551,41.108875,41.396217,0.017669998,42.489155,1.0898048780487806,2.1333658536585363,1911.308487804878,83.53926829268292,0.0,0.0,0.0,0.0,410
memcached,2026-07-10-12-31-44,4,ubuntu,small,0,2,mix_90W_10R,20000,487.63016,4.101217,0.021790998,40.671265,41.16533,0.010126998,42.13843,1.0898048780487806,2.1333658536585363,1911.308487804878,83.53926829268292,0.0,0.0,0.0,0.0,410
memcached,2026-07-10-12-31-44,4,ubuntu,small,0,4,mix_10W_90R,40000,108.57965,36.83683,40.8975,41.33584,41.54429,0.020602994,42.664516,2.0737897310513445,3.640904645476773,1911.5300929095354,126.13129584352077,0.0,0.0,0.0,10.240000000000009,409
memcached,2026-07-10-12-31-44,4,ubuntu,small,0,4,mix_50W_50R,80000,195.5122,20.457487,20.626421,41.13258,41.44547,0.016832003,42.355663,2.0737897310513445,3.640904645476773,1911.5300929095354,126.13129584352077,0.0,0.0,0.0,10.240000000000009,409
memcached,2026-07-10-12-31-44,4,ubuntu,small,0,4,mix_90W_10R,40000,975.63245,4.0995703,0.021929998,40.66697,41.101337,0.009917996,41.951023,2.0737897310513445,3.640904645476773,1911.5300929095354,126.13129584352077,0.0,0.0,0.0,10.240000000000009,409
memcached,2026-07-10-12-31-44,4,ubuntu,small,0,8,mix_10W_90R,80000,217.09636,36.847355,40.90198,41.36915,41.648937,0.019626,42.547096,3.5732926829268292,8.277926829268294,1911.5008,209.43695121951217,0.0,0.0,0.0,0.0,410
memcached,2026-07-10-12-31-44,4,ubuntu,small,0,8,mix_50W_50R,160000,390.97415,20.459976,19.304358,41.175365,41.459576,0.017669998,45.147816,3.5732926829268292,8.277926829268294,1911.5008,209.43695121951217,0.0,0.0,0.0,0.0,410
memcached,2026-07-10-12-31-44,4,ubuntu,small,0,8,mix_90W_10R,80000,1946.0984,4.109765,0.021511005,40.78948,41.271595,0.009219002,42.293808,3.5732926829268292,8.277926829268294,1911.5008,209.43695121951217,0.0,0.0,0.0,0.0,410
memcached,2026-07-10-12-31-44,4,ubuntu,small,10000,1,delete,10000,84702.64,0.011806008,0.010894997,0.011873002,0.07103069,0.008939998,0.114542,22.17,571.86,10.25,46.92,0.0,0.0,0.0,0.0,1
memcached,2026-07-10-12-31-44,4,ubuntu,small,10000,1,insert,10000,63158.758,0.015833117,0.012432,0.031917997,0.057619996,0.010616001,0.679706,3.82,374.51,7.645,25.71,0.0,0.0,0.0,0.0,1
memcached,2026-07-10-12-31-44,4,ubuntu,small,10000,1,read,10000,20258.666,0.049361594,0.046236005,0.060134,0.069912,0.042882994,0.371841,17.0,374.51,7.883,25.71,0.0,0.0,0.0,0.0,1
memcached,2026-07-10-12-31-44,4,ubuntu,small,10000,1,update,10000,60782.402,0.01645213,0.01299,0.036667056,0.05776,0.009150004,0.076687,2.43,366.02,7.73,41.62,0.0,0.0,0.0,0.0,1
memcached,2026-07-10-12-31-44,4,ubuntu,small,10000,2,delete,20000,160522.75,0.0123909535,0.011245,0.013409001,0.076268,0.008171999,0.14324701,25.51,673.88,16.23,89.61,0.0,0.0,0.0,0.0,1
memcached,2026-07-10-12-31-44,4,ubuntu,small,10000,2,insert,20000,107590.96,0.018181838,0.012502002,0.03527,0.041067015,0.009429,6.06525,22.17,571.86,10.25,46.92,0.0,0.0,0.0,0.0,1
memcached,2026-07-10-12-31-44,4,ubuntu,small,10000,2,read,20000,32581.543,0.057391148,0.055804003,0.064814,0.073194005,0.042463996,3.841959,26.61,376.33,10.27,47.57,0.0,0.0,0.0,0.0,1
memcached,2026-07-10-12-31-44,4,ubuntu,small,10000,2,update,20000,100553.75,0.019620413,0.012780998,0.036248,0.059644997,0.009499003,3.814789,2.7,559.37,9.945,79.75,0.0,0.0,0.0,0.0,1
memcached,2026-07-10-12-31-44,4,ubuntu,small,10000,4,delete,40000,354989.88,0.011124157,0.010545999,0.012292002,0.03101,0.0072639957,0.068166,24.35,977.03,24.92,5.609,0.0,0.0,0.0,0.0,1
memcached,2026-07-10-12-31-44,4,ubuntu,small,10000,4,insert,40000,274314.12,0.014391254,0.012291996,0.031429,0.03429369,0.009079995,0.097849,25.51,673.88,16.23,89.61,0.0,0.0,0.0,0.0,1
memcached,2026-07-10-12-31-44,4,ubuntu,small,10000,4,read,40000,67770.734,0.052593134,0.051544003,0.06223,0.0720087,0.040927,0.229083,58.11,496.58,16.05,89.77,0.0,0.0,0.0,0.0,1
memcached,2026-07-10-12-31-44,4,ubuntu,small,10000,4,update,40000,184100.42,0.018253274,0.012711003,0.03603805,0.065303,0.009009004,6.843713,14.09,549.03,15.71,17.98,0.0,0.0,0.0,0.0,1
memcached,2026-07-10-12-31-44,4,ubuntu,small,10000,8,delete,80000,521115.25,0.012640509,0.011384,0.013829005,0.037225995,0.007543,3.058048,12.46,738.78,25.34,26.99,0.0,0.0,0.0,0.0,1
memcached,2026-07-10-12-31-44,4,ubuntu,small,10000,8,insert,80000,367090.44,0.018255811,0.014597004,0.042045,0.069563,0.009429,3.092271,24.35,977.03,24.92,5.609,0.0,0.0,0.0,0.0,1
memcached,2026-07-10-12-31-44,4,ubuntu,small,10000,8,read,80000,113927.47,0.06706167,0.066769,0.07969,0.0973607,0.039669998,4.074324,50.99,954.12,25.035,161.0,0.0,0.0,0.0,0.0,2
memcached,2026-07-10-12-31-44,4,ubuntu,small,10000,8,update,80000,403997.5,0.01760343,0.014457,0.041068,0.048121,0.00901,3.059235,23.28,953.07,24.65,148.4,0.0,0.0,0.0,0.0,1
memcached,2026-07-10-12-31-44,4,ubuntu,small,100000,1,delete,100000,91865.81,0.010885442,0.010266995,0.011385004,0.03101,0.007543,0.106300004,17.17,150.75,35.16,37.725,0.0,0.0,0.0,0.0,2
memcached,2026-07-10-12-31-44,4,ubuntu,small,100000,1,insert,100000,68808.4,0.01453311,0.011944001,0.032407004,0.035269994,0.009499003,0.180822,21.155,149.14000000000001,27.134999999999998,27.095,0.0,0.0,0.0,0.0,2
memcached,2026-07-10-12-31-44,4,ubuntu,small,100000,1,read,100000,20345.936,0.049149863,0.048958994,0.055384997,0.063417,0.037295997,0.391746,26.4425,108.86250000000001,29.3375,27.122500000000002,0.0,0.0,0.0,0.0,4
memcached,2026-07-10-12-31-44,4,ubuntu,small,100000,1,update,100000,69205.58,0.014449703,0.011943004,0.031498995,0.036179002,0.009009004,0.07054101,10.934999999999999,100.325,29.2,27.41,0.0,0.0,0.0,0.0,2
memcached,2026-07-10-12-31-44,4,ubuntu,small,100000,2,delete,200000,173746.34,0.011352012,0.010545999,0.0120830005,0.030033,0.007683004,3.026689,33.84,426.07500000000005,55.815,69.75999999999999,0.0,0.0,0.0,0.0,2
memcached,2026-07-10-12-31-44,4,ubuntu,small,100000,2,insert,200000,134189.66,0.014810874,0.012292002,0.031917,0.037017003,0.00901,3.051623,44.330000000000005,170.365,47.459999999999994,48.275000000000006,0.0,0.0,0.0,0.0,2
memcached,2026-07-10-12-31-44,4,ubuntu,small,100000,2,read,200000,38732.508,0.050090972,0.047144,0.060972996,0.069144,0.041417006,3.844892,54.915000000000006,155.0,53.3375,48.3975,0.0,0.0,0.0,0.2158203125,4
memcached,2026-07-10-12-31-44,4,ubuntu,small,100000,2,update,200000,129984.57,0.015127207,0.012432,0.034712,0.037923995,0.009219002,0.090027,22.11,306.68,53.39,48.864999999999995,0.0,0.0,0.0,3.2941796875,2
memcached,2026-07-10-12-31-44,4,ubuntu,small,100000,4,delete,400000,353621.34,0.011247304,0.010755001,0.012361998,0.030031996,0.0076829963,0.147926,36.44,816.845,102.05000000000001,133.79000000000002,0.0,0.0,0.0,0.0,2
memcached,2026-07-10-12-31-44,4,ubuntu,small,100000,4,insert,400000,259068.64,0.015265122,0.012500998,0.033872996,0.03813401,0.008939998,3.803476,65.755,497.46500000000003,80.33,90.725,0.0,0.0,0.0,0.0,2
memcached,2026-07-10-12-31-44,4,ubuntu,small,100000,4,read,400000,72263.28,0.05332805,0.051613998,0.06390501,0.072077,0.041137006,0.413676,94.59750000000001,403.08500000000004,102.275,90.68,0.0,0.0,0.0,13.889999999999999,4
memcached,2026-07-10-12-31-44,4,ubuntu,small,100000,4,update,400000,260245.45,0.015125647,0.012501005,0.03527,0.038132995,0.009079995,0.123551995,39.915,503.55999999999995,101.95,91.08500000000001,0.0,0.0,0.0,0.0,2
memcached,2026-07-10-12-31-44,4,ubuntu,small,100000,8,delete,800000,623537.9,0.012584192,0.011942997,0.013688994,0.036737002,0.007611998,4.045339,30.75,650.375,197.0,103.645,0.0,0.0,0.0,0.0,2
memcached,2026-07-10-12-31-44,4,ubuntu,small,100000,8,insert,800000,434145.0,0.017936373,0.0143869985,0.041485995,0.049657997,0.009429,3.804174,87.125,865.1800000000001,150.35,111.075,0.0,0.0,0.0,0.0,2
memcached,2026-07-10-12-31-44,4,ubuntu,small,100000,8,read,800000,108896.97,0.07124221,0.072427,0.087234005,0.097291,0.041835003,3.841121,168.292,665.7819999999999,196.6,171.7,0.0,0.0,0.0,13.0,5
memcached,2026-07-10-12-31-44,4,ubuntu,small,100000,8,update,800000,436527.72,0.01771103,0.0143869985,0.040997002,0.047633003,0.009567994,0.221121,71.36,793.425,196.6,163.75,0.0,0.0,0.0,0.0,2
memcached,2026-07-10-12-31-44,4,ubuntu,small,1000000,1,delete,1000000,92491.516,0.010811803,0.010197,0.011035001,0.029892,0.007472998,0.191088,11.58375,116.5075,242.025,34.94,0.0,0.0,0.0,0.0,8
memcached,2026-07-10-12-31-44,4,ubuntu,small,1000000,1,insert,1000000,70065.625,0.014272333,0.011942997,0.031498995,0.035200994,0.009080002,0.112586,11.836,142.79,204.94,30.715999999999998,0.0,0.0,0.0,51.99999999999999,10
memcached,2026-07-10-12-31-44,4,ubuntu,small,1000000,1,read,1000000,20116.516,0.049710397,0.047074005,0.060553,0.068794996,0.039741,0.575082,30.76888888888889,77.59962962962963,241.57777777777778,30.62777777777778,0.0,0.0,0.0,69.0,27
memcached,2026-07-10-12-31-44,4,ubuntu,small,1000000,1,update,1000000,69908.37,0.01430444,0.011943004,0.031429,0.035550002,0.009427996,0.126414,11.399,100.271,241.81,31.488,0.0,0.0,0.0,9.0,10
memcached,2026-07-10-12-31-44,4,ubuntu,small,1000000,2,delete,2000000,178099.67,0.011186525,0.010545999,0.012013006,0.030033,0.007611998,0.10406499,18.6225,268.78125,480.525,63.29375,0.0,0.0,0.0,44.0,8
memcached,2026-07-10-12-31-44,4,ubuntu,small,1000000,2,insert,2000000,137536.27,0.014443328,0.012222,0.031429,0.034851998,0.008939998,1.756256,28.262999999999998,220.868,319.13,54.516999999999996,0.0,0.0,0.0,43.0,10
memcached,2026-07-10-12-31-44,4,ubuntu,small,1000000,2,read,2000000,40181.496,0.049314953,0.047143005,0.060553,0.067188,0.040649,6.1895,61.46,149.00148148148148,479.4037037037037,55.68666666666667,0.0,0.0,0.0,72.0,27
memcached,2026-07-10-12-31-44,4,ubuntu,small,1000000,2,update,2000000,135798.44,0.014652164,0.012291996,0.031988,0.036667,0.008939998,3.616088,24.984,222.248,480.13,56.939,0.0,0.0,0.0,14.0,10
memcached,2026-07-10-12-31-44,4,ubuntu,small,1000000,4,delete,4000000,354179.9,0.011262967,0.010754993,0.012361998,0.030241005,0.007472998,0.16007699,31.53375,485.82125,957.55,119.175,0.0,0.0,0.0,87.0,8
memcached,2026-07-10-12-31-44,4,ubuntu,small,1000000,4,insert,4000000,268607.22,0.014557905,0.012361998,0.031987,0.036947,0.008661002,3.754516,58.714999999999996,413.71999999999997,639.0,102.16,0.0,0.0,0.0,0.0,10
memcached,2026-07-10-12-31-44,4,ubuntu,small,1000000,4,read,4000000,74974.89,0.0528905,0.050425995,0.063626,0.071518995,0.040019006,0.914865,134.50206896551725,292.8796551724138,957.1275862068966,103.09206896551724,0.0,0.0,0.0,134.0,29
memcached,2026-07-10-12-31-44,4,ubuntu,small,1000000,4,update,4000000,264480.7,0.014916209,0.012501005,0.032965995,0.037575003,0.008869996,0.203519,52.313,392.743,957.3,103.343,0.0,0.0,0.0,38.0,10
memcached,2026-07-10-12-31-44,4,ubuntu,small,1000000,8,delete,8000000,633534.0,0.012592242,0.011942997,0.013689001,0.038482998,0.007962001,6.107049,64.23666666666666,717.8255555555556,1911.2391111111112,192.62333333333333,0.0,0.0,0.0,0.0,9
memcached,2026-07-10-12-31-44,4,ubuntu,small,1000000,8,insert,8000000,451625.84,0.01744096,0.014248006,0.040438995,0.046304993,0.00901,3.758469,131.91,808.7883333333333,1251.1186666666667,194.95833333333334,0.0,0.0,0.0,88.0,12
memcached,2026-07-10-12-31-44,4,ubuntu,small,1000000,8,read,8000000,112657.375,0.07032905,0.07165701,0.085417,0.094916,0.036667,4.025615,231.36230769230772,575.2925641025641,1910.1013333333335,195.95948717948718,0.0,0.0,0.0,346.68000000000006,39
memcached,2026-07-10-12-31-44,4,ubuntu,small,1000000,8,update,8000000,450563.8,0.017562881,0.014247999,0.041137,0.046235,0.009150004,0.541485,121.88499999999999,830.3491666666667,1910.698666666667,204.225,0.0,0.0,0.0,143.3599999999999,12
memcached,2026-07-10-14-50-20,1,ubuntu,small,0,1,doc_delete,10000,85276.66,0.011726538,0.010896,0.011594,0.03675377,0.00908,0.137031,1.36,282.03,48.48,67.12,0.0,0.0,0.0,0.0,1
memcached,2026-07-10-14-50-20,1,ubuntu,small,0,1,doc_increment,10000,24.32833,41.104343,41.01842,41.606255,41.71891,0.209041,42.63787,0.5825242718446602,2.567669902912621,48.60572815533981,44.5076213592233,0.0,0.0,0.0,0.18999999999999995,206
memcached,2026-07-10-14-50-20,1,ubuntu,small,0,1,doc_insert,10000,59141.918,0.016908482,0.012572,0.04191745,0.059577,0.010616,0.10295,18.0,302.97,47.69,30.46,0.0,0.0,0.0,0.0,1
memcached,2026-07-10-14-50-20,1,ubuntu,small,0,1,doc_read,10000,17654.121,0.056643993,0.051265,0.068028,0.075711,0.046796,0.135008,18.0,302.97,47.69,30.46,0.0,0.0,0.0,0.0,1
memcached,2026-07-10-14-50-20,1,ubuntu,small,0,1,doc_read_partial,10000,17857.514,0.05599884,0.051196,0.067539,0.076898,0.047144,0.352852,17.56,304.15,47.71,32.51,0.0,0.0,0.0,0.0,1
memcached,2026-07-10-14-50-20,1,ubuntu,small,0,1,doc_update_partial,10000,24.342262,41.080814,40.998844,41.579357,41.69013,0.210371,42.504555,0.5764563106796117,2.4764563106796116,48.60388349514563,45.182961165048546,0.0,0.0,0.0,1.021953125,206
memcached,2026-07-10-14-50-20,1,ubuntu,small,0,1,queue,20000,108.581184,9.209699,8.723316,18.38494,19.519745,0.091565,61.389153,6.1248387096774195,102.63903225806452,42.99,49.24849462365591,0.0,0.0,0.3000000000000007,0.248046875,93
memcached,2026-07-10-14-50-20,1,ubuntu,small,0,2,doc_delete,20000,156196.17,0.012497651,0.011105,0.0132,0.035759,0.008102,5.289545,1.42,348.31,55.56,109.0,0.0,0.0,0.0,0.0,1
memcached,2026-07-10-14-50-20,1,ubuntu,small,0,2,doc_increment,20000,48.655094,41.10527,41.02353,41.59223,41.779682,0.388117,42.7192,1.0723300970873786,3.4357766990291263,55.79635922330097,66.3581067961165,0.0,0.0,0.0,0.39000000000000057,206
memcached,2026-07-10-14-50-20,1,ubuntu,small,0,2,doc_insert,20000,96904.11,0.019956239,0.012572,0.032896,0.264285,0.009499,4.357765,45.46,367.78,54.81,43.64,0.0,0.0,0.0,0.0,1
memcached,2026-07-10-14-50-20,1,ubuntu,small,0,2,doc_read,20000,28958.07,0.069055066,0.066421,0.07515005,0.07997,0.046935,3.861813,45.46,367.78,54.81,43.64,0.0,0.0,0.0,0.0,1
memcached,2026-07-10-14-50-20,1,ubuntu,small,0,2,doc_read_partial,20000,33469.74,0.05945614,0.053849,0.069214,0.078223005,0.046794,3.839184,35.71,374.12,54.55,34.45,0.0,0.0,0.0,0.0,1
memcached,2026-07-10-14-50-20,1,ubuntu,small,0,2,doc_update_partial,20000,48.691883,41.07452,40.999367,41.566216,41.73624,0.188366,43.312744,1.0662135922330098,3.2378155339805827,55.816067961165054,66.5757281553398,0.0,0.0,0.0,1.5399999999999996,206
memcached,2026-07-10-14-50-20,1,ubuntu,small,0,2,queue,40000,213.6253,9.361813,8.97209,18.646679,19.853428,0.087932,61.971695,12.091157894736844,198.77957894736844,51.20168421052632,75.47336842105264,0.0,0.0,0.0,0.7999999999999998,95
memcached,2026-07-10-14-50-20,1,ubuntu,small,0,4,doc_delete,40000,345362.03,0.011281837,0.010546001,0.012432,0.031918,0.007613,2.882341,2.95,457.97,72.48,193.8,0.0,0.0,0.0,0.0,1
memcached,2026-07-10-14-50-20,1,ubuntu,small,0,4,doc_increment,40000,97.18918,41.15481,41.072433,41.644875,41.974007,0.192416,42.63181,2.008106796116505,7.351407766990291,72.12233009708739,109.04854368932038,0.0,0.0,0.0,0.7999999999999989,206
memcached,2026-07-10-14-50-20,1,ubuntu,small,0,4,doc_insert,40000,213660.16,0.017280893,0.012851,0.035759002,0.047353,0.009428,3.836715,12.06,607.88,70.88,98.38,0.0,0.0,0.0,0.0,1
memcached,2026-07-10-14-50-20,1,ubuntu,small,0,4,doc_read,40000,53375.973,0.07412698,0.060553,0.072147,0.0843007,0.044769,23.268019,81.82,409.07,71.0,25.14,0.0,0.0,0.0,0.0,1
memcached,2026-07-10-14-50-20,1,ubuntu,small,0,4,doc_read_partial,40000,51481.992,0.07331627,0.059785,0.07662045,0.090585,0.045676,24.655294,29.635,255.80999999999997,71.50999999999999,109.45,0.0,0.0,0.0,0.0,2
memcached,2026-07-10-14-50-20,1,ubuntu,small,0,4,doc_update_partial,40000,97.26904,41.118317,41.033096,41.619682,41.95929,0.162244,42.455,1.9948543689320388,4.335485436893204,72.0792718446602,108.16990291262135,0.0,0.0,0.0,3.540000000000001,206
memcached,2026-07-10-14-50-20,1,ubuntu,small,0,4,queue,80000,352.29175,11.249341,10.91482,22.31742,24.693289,0.089259,66.340164,21.08140350877193,387.76342105263154,62.83614035087719,125.74543859649123,0.0,0.0,0.0,2.0999999999999996,114
memcached,2026-07-10-14-50-20,1,ubuntu,small,0,8,doc_delete,80000,335630.97,0.014737015,0.010965,0.01306,0.037575,0.007263,9.039514,10.8,867.29,94.8,26.36,0.0,0.0,0.0,0.0,1
memcached,2026-07-10-14-50-20,1,ubuntu,small,0,8,doc_increment,80000,194.04256,41.226173,41.167305,41.806206,42.08835,0.179496,45.89976,2.7533980582524276,8.491650485436892,94.79980582524271,192.79757281553398,0.0,0.0,0.0,1.5999999999999979,206
memcached,2026-07-10-14-50-20,1,ubuntu,small,0,8,doc_insert,80000,321626.56,0.020497883,0.015295,0.047144,0.071519,0.009429,3.569318,24.25,928.96,95.0,187.2,0.0,0.0,0.0,0.0,1
memcached,2026-07-10-14-50-20,1,ubuntu,small,0,8,doc_read,80000,48291.31,0.15498087,0.078294,0.104974,0.215046,0.042465,54.784584,80.38,621.22,94.81,193.35000000000002,0.0,0.0,0.0,0.0,2
memcached,2026-07-10-14-50-20,1,ubuntu,small,0,8,doc_read_partial,80000,48551.035,0.1578478,0.080668,0.102459,0.16203669,0.043303,54.596985,37.835,831.91,94.945,193.75,0.0,0.0,0.0,0.0,2
memcached,2026-07-10-14-50-20,1,ubuntu,small,0,8,doc_update_partial,80000,194.18347,41.194378,41.119087,41.76393,42.057762,0.177331,43.080406,2.8402912621359224,9.771116504854369,94.83300970873786,193.3131067961165,0.0,0.0,0.0,7.0,206
memcached,2026-07-10-14-50-20,1,ubuntu,small,0,8,queue,160000,515.9819,15.427698,14.974225,30.203403,37.63861,0.087582,87.7286,35.24429487179487,783.9964743589743,80.25794871794872,226.91923076923078,0.0,0.0,0.0,4.200000000000001,156
memcached,2026-07-10-16-01-11,2,ubuntu,small,0,1,doc_delete,10000,84670.33,0.011810513,0.010895999,0.011594,0.069775105,0.008730001,0.128092,1.26,560.11,44.59,44.52,0.0,0.0,0.0,0.0,1
memcached,2026-07-10-16-01-11,2,ubuntu,small,0,1,doc_increment,10000,24.3317,41.09865,41.017822,41.60168,41.709984,0.193743,42.642384,0.5792682926829268,0.9907804878048782,44.84770731707317,22.325658536585365,0.0,0.0,0.0,0.19999999999999996,205
memcached,2026-07-10-16-01-11,2,ubuntu,small,0,1,doc_insert,10000,56787.312,0.017609566,0.0132,0.0380675,0.060134012,0.0100569995,0.162453,8.91,539.29,43.85,23.75,0.0,0.0,0.0,0.0,1
memcached,2026-07-10-16-01-11,2,ubuntu,small,0,1,doc_read,10000,18103.346,0.05523841,0.051543,0.066908,0.07640701,0.04854,0.142059,17.13,303.04,44.26,23.63,0.0,0.0,0.0,0.0,1
memcached,2026-07-10-16-01-11,2,ubuntu,small,0,1,doc_read_partial,10000,16752.62,0.059692156,0.06167,0.06991205,0.077246696,0.048261,0.317852,14.09,293.97,44.51,23.71,0.0,0.0,0.0,0.0,1
memcached,2026-07-10-16-01-11,2,ubuntu,small,0,1,doc_update_partial,10000,24.344423,41.077168,40.99762,41.573875,41.68535,0.195977,42.572735,0.577864077669903,0.9622330097087378,44.91689320388349,22.235631067961165,0.0,0.0,0.0,0.77953125,206
memcached,2026-07-10-16-01-11,2,ubuntu,small,0,1,queue,20000,108.17592,9.244202,8.852173,18.388239,19.516186,0.089189,62.24715,5.856236559139785,102.48258064516128,39.44749462365591,28.349892473118278,0.0,0.0,0.0,0.248046875,93
memcached,2026-07-10-16-01-11,2,ubuntu,small,0,2,doc_delete,20000,132539.53,0.013655734,0.011104999,0.01327,0.034781,0.008172,3.879432,2.38,662.31,52.18,86.61,0.0,0.0,0.0,0.0,1
memcached,2026-07-10-16-01-11,2,ubuntu,small,0,2,doc_increment,20000,48.663845,41.098206,41.018555,41.588295,41.76091,0.185642,42.609478,1.0746829268292684,1.9117560975609758,51.99643902439025,43.49951219512195,0.0,0.0,0.0,0.39000000000000057,205
memcached,2026-07-10-16-01-11,2,ubuntu,small,0,2,doc_insert,20000,96221.1,0.020731745,0.012921,0.037017,0.060972,0.009358999,3.779745,21.3,547.03,51.89,44.68,0.0,0.0,0.0,0.0,1
memcached,2026-07-10-16-01-11,2,ubuntu,small,0,2,doc_read,20000,33375.785,0.05889731,0.051893,0.1408765,0.15218702,0.045607,0.448809,32.11,374.08,51.88,45.33,0.0,0.0,0.0,0.0,1
memcached,2026-07-10-16-01-11,2,ubuntu,small,0,2,doc_read_partial,20000,34208.77,0.057711367,0.051893,0.069494,0.077805,0.046376,3.844838,20.84,358.41,52.38,45.44,0.0,0.0,0.0,0.0,1
memcached,2026-07-10-16-01-11,2,ubuntu,small,0,2,doc_update_partial,20000,48.681416,41.082706,41.002926,41.571358,41.761818,0.160638,42.918175,1.084368932038835,1.8294174757281554,52.07344660194175,44.14490291262136,0.0,0.0,0.0,1.5399999999999996,206
memcached,2026-07-10-16-01-11,2,ubuntu,small,0,2,queue,40000,213.51956,9.366645,9.007046,18.66675,19.78706,0.088771,62.160656,11.73095744680851,194.47617021276594,47.23606382978723,53.47127659574468,0.0,0.0,0.0,0.79,94
memcached,2026-07-10-16-01-11,2,ubuntu,small,0,4,doc_delete,40000,360671.4,0.011044113,0.010477,0.012292,0.03101,0.007263,0.069283,4.93,864.15,67.36,148.3,0.0,0.0,0.0,0.0,1
memcached,2026-07-10-16-01-11,2,ubuntu,small,0,4,doc_increment,40000,97.20071,41.14972,41.05807,41.646877,41.98157,0.180123,45.87107,2.030533980582524,7.619708737864078,68.39194174757282,86.09757281553398,0.0,0.0,0.0,0.7999999999999989,206
memcached,2026-07-10-16-01-11,2,ubuntu,small,0,4,doc_insert,40000,239058.66,0.016027305,0.012851,0.034851,0.03967,0.009499,0.095684,11.17,691.15,67.6,76.43,0.0,0.0,0.0,0.0,1
memcached,2026-07-10-16-01-11,2,ubuntu,small,0,4,doc_read,40000,60515.77,0.057910673,0.054198,0.07075,0.08080701,0.047352,0.329584,74.95,375.46,67.84,41.76,0.0,0.0,0.0,0.0,1
memcached,2026-07-10-16-01-11,2,ubuntu,small,0,4,doc_read_partial,40000,61435.957,0.060786333,0.0597145,0.073335,0.082553,0.047353,0.264561,37.644999999999996,270.47499999999997,68.17,76.91499999999999,0.0,0.0,0.0,0.0,2
memcached,2026-07-10-16-01-11,2,ubuntu,small,0,4,doc_update_partial,40000,97.24116,41.132378,41.044685,41.626472,41.97104,0.211692,42.80132,1.9699514563106797,3.5644660194174755,68.32218446601942,86.22470873786408,0.0,0.0,0.0,3.210000000000001,206
memcached,2026-07-10-16-01-11,2,ubuntu,small,0,4,queue,80000,354.76315,11.236921,10.933844,22.176208,24.642694,0.088699,69.671455,22.529292035398228,388.37973451327434,59.419646017699115,104.04513274336284,0.0,0.0,0.0,2.4299999999999997,113
memcached,2026-07-10-16-01-11,2,ubuntu,small,0,8,doc_delete,80000,522506.97,0.012418792,0.011035001,0.012921,0.039391,0.007543,6.691771,0.01,0.0,91.07,3.695,0.0,0.0,0.0,0.0,1
memcached,2026-07-10-16-01-11,2,ubuntu,small,0,8,doc_increment,80000,193.9846,41.235733,41.191048,41.80629,42.094357,0.164058,44.132397,2.6775242718446606,9.098398058252426,91.01432038834952,170.01428640776697,0.0,0.0,0.0,1.5999999999999979,206
memcached,2026-07-10-16-01-11,2,ubuntu,small,0,8,doc_insert,80000,325404.12,0.021545684,0.015784,0.047842,0.07864201,0.010127,6.067,32.01,842.63,90.59,134.9,0.0,0.0,0.0,0.0,1
memcached,2026-07-10-16-01-11,2,ubuntu,small,0,8,doc_read,80000,85687.02,0.08438554,0.080668,0.103227,0.17726,0.042534,9.319072,161.11,823.13,91.45,118.665,0.0,0.0,0.0,0.0,2
memcached,2026-07-10-16-01-11,2,ubuntu,small,0,8,doc_read_partial,80000,86152.914,0.08537579,0.080668,0.105182,0.1654591,0.044141002,9.288062,95.95,341.015,91.44,119.015,0.0,0.0,0.0,0.0,2
memcached,2026-07-10-16-01-11,2,ubuntu,small,0,8,doc_update_partial,80000,194.07812,41.21665,41.171333,41.77433,42.058273,0.191927,44.339382,2.7109223300970875,8.264368932038835,91.01111650485437,170.4097087378641,0.0,0.0,0.0,7.0,206
memcached,2026-07-10-16-01-11,2,ubuntu,small,0,8,queue,160000,515.13824,15.439564,15.002281,30.332567,37.602707,0.089328,87.77059,34.91698717948718,780.775641025641,76.51641025641025,204.19641025641025,0.0,0.0,0.0,4.200000000000001,156
memcached,2026-07-10-17-12-01,4,ubuntu,small,0,1,doc_delete,10000,84892.96,0.011779539,0.010896001,0.012293,0.03860119,0.008731,0.133189,1.13,560.46,44.83,44.52,0.0,0.0,0.0,0.0,1
memcached,2026-07-10-17-12-01,4,ubuntu,small,0,1,doc_increment,10000,24.326483,41.107464,41.022453,41.60684,41.73008,0.193952,42.52149,0.5827317073170731,0.9860975609756097,44.74882926829268,22.76448780487805,0.0,0.0,0.0,0.19999999999999996,205
memcached,2026-07-10-17-12-01,4,ubuntu,small,0,1,doc_insert,10000,58677.234,0.017042384,0.012502,0.051055,0.059017688,0.010755999,0.561531,10.73,534.75,44.36,23.35,0.0,0.0,0.0,0.0,1
memcached,2026-07-10-17-12-01,4,ubuntu,small,0,1,doc_read,10000,18235.709,0.05483746,0.050775003,0.067258,0.0756397,0.047772,1.084857,17.77,303.52,44.54,23.4,0.0,0.0,0.0,0.0,1
memcached,2026-07-10-17-12-01,4,ubuntu,small,0,1,doc_read_partial,10000,16008.187,0.062468037,0.065442,0.072845004,0.079131,0.046095,0.996786,12.5,289.56,44.54,23.89,0.0,0.0,0.0,0.0,1
memcached,2026-07-10-17-12-01,4,ubuntu,small,0,1,doc_update_partial,10000,24.341883,41.081455,40.997017,41.574707,41.675964,0.199888,42.583908,0.583252427184466,0.9680097087378641,44.93373786407767,22.50218446601942,0.0,0.0,0.0,0.77953125,206
memcached,2026-07-10-17-12-01,4,ubuntu,small,0,1,queue,20000,108.810844,9.190261,8.747928,18.36018,19.552202,0.088419996,61.621033,5.809021739130435,96.77478260869566,39.3420652173913,27.778695652173912,0.0,0.0,0.0,0.248046875,92
memcached,2026-07-10-17-12-01,4,ubuntu,small,0,2,doc_delete,20000,155350.6,0.012513981,0.011104999,0.013060999,0.03534349,0.008032001,3.018888,1.58,428.21,52.02,86.71,0.0,0.0,0.0,0.0,1
memcached,2026-07-10-17-12-01,4,ubuntu,small,0,2,doc_increment,20000,48.657017,41.103943,41.02163,41.593548,41.78864,0.189415,43.695824,1.0784466019417476,5.114271844660194,52.05203883495145,43.80621359223301,0.0,0.0,0.0,0.3899999999999997,206
memcached,2026-07-10-17-12-01,4,ubuntu,small,0,2,doc_insert,20000,96322.93,0.020662325,0.0127465,0.033385,0.26568002,0.009498999,1.452999,36.84,370.51,51.5,23.66,0.0,0.0,0.0,0.0,1
memcached,2026-07-10-17-12-01,4,ubuntu,small,0,2,doc_read,20000,30314.83,0.05948633,0.060553,0.069144,0.077805,0.045747,3.075785,20.880000000000003,342.11,51.379999999999995,34.335,0.0,0.0,0.0,0.0,2
memcached,2026-07-10-17-12-01,4,ubuntu,small,0,2,doc_read_partial,20000,30115.277,0.059577063,0.061531,0.069982,0.07780401,0.046096,3.635711,4.92,313.71,51.26,45.01,0.0,0.0,0.0,0.0,1
memcached,2026-07-10-17-12-01,4,ubuntu,small,0,2,doc_update_partial,20000,48.6842,41.080025,40.999947,41.579502,41.733578,0.203101,42.863064,1.0924878048780489,2.0170731707317073,52.03112195121951,43.48307317073171,0.0,0.0,0.0,1.79,205
memcached,2026-07-10-17-12-01,4,ubuntu,small,0,2,queue,40000,212.81772,9.342568,8.909012,18.65157,19.721958,0.089119,61.627583,11.76442105263158,195.92326315789472,47.48010526315789,52.9258947368421,0.0,0.0,0.0,1.0300000000000002,95
memcached,2026-07-10-17-12-01,4,ubuntu,small,0,4,doc_delete,40000,356233.47,0.01113896,0.010547001,0.01208645,0.030032,0.007613,0.125507,1.62,682.24,67.98,171.4,0.0,0.0,0.0,0.0,1
memcached,2026-07-10-17-12-01,4,ubuntu,small,0,4,doc_increment,40000,97.21122,41.146774,41.05268,41.65913,41.998222,0.14289801,42.827374,1.9692233009708737,6.721019417475728,68.32883495145632,86.37325242718447,0.0,0.0,0.0,0.7999999999999989,206
memcached,2026-07-10-17-12-01,4,ubuntu,small,0,4,doc_insert,40000,240930.64,0.01633999,0.012781,0.036877003,0.043931,0.009358998,0.12453,50.98,522.6,67.31,87.16,0.0,0.0,0.0,0.0,1
memcached,2026-07-10-17-12-01,4,ubuntu,small,0,4,doc_read,40000,61540.44,0.059459496,0.056852,0.073265,0.083043,0.046515,0.241027,44.46,509.84,67.52,86.59,0.0,0.0,0.0,0.0,1
memcached,2026-07-10-17-12-01,4,ubuntu,small,0,4,doc_read_partial,40000,60887.496,0.060279045,0.058179,0.072078004,0.08220569,0.046375,0.237744,62.47,385.91,67.5,75.33,0.0,0.0,0.0,0.0,1
memcached,2026-07-10-17-12-01,4,ubuntu,small,0,4,doc_update_partial,40000,97.22369,41.140907,41.048927,41.633335,41.98174,0.209458,42.646233,1.9637864077669904,6.229466019417476,68.32398058252427,85.9264563106796,0.0,0.0,0.0,3.3000000000000007,206
memcached,2026-07-10-17-12-01,4,ubuntu,small,0,4,queue,80000,355.1981,11.238512,10.9153805,22.310083,24.691875,0.090656,69.033424,22.14141592920354,393.14194690265487,59.46061946902655,104.00973451327434,0.0,0.0,0.0,1.8499999999999996,113
memcached,2026-07-10-17-12-01,4,ubuntu,small,0,8,doc_delete,80000,367607.53,0.014695117,0.011243999,0.013061001,0.08583769,0.007263001,12.049721,10.14,239.78,91.01,3.895,0.0,0.0,0.0,0.0,1
memcached,2026-07-10-17-12-01,4,ubuntu,small,0,8,doc_increment,80000,194.0309,41.226105,41.16646,41.79615,42.0788,0.16084701,43.605927,2.8829611650485436,9.895582524271845,91.16854368932039,170.5597087378641,0.0,0.0,0.0,1.5999999999999979,206
memcached,2026-07-10-17-12-01,4,ubuntu,small,0,8,doc_insert,80000,359626.6,0.020285184,0.015295002,0.046795,0.064116694,0.010406,0.311428,34.59,866.21,91.07,171.6,0.0,0.0,0.0,0.0,1
memcached,2026-07-10-17-12-01,4,ubuntu,small,0,8,doc_read,80000,92252.195,0.07983212,0.082415,0.098758,0.116916,0.045817,0.269243,146.24,563.22,91.07,76.89,0.0,0.0,0.0,0.0,1
memcached,2026-07-10-17-12-01,4,ubuntu,small,0,8,doc_read_partial,80000,94825.4,0.080578454,0.081367,0.101271,0.111957006,0.047702,3.413901,46.63,679.605,91.15,171.14999999999998,0.0,0.0,0.0,0.0,2
memcached,2026-07-10-17-12-01,4,ubuntu,small,0,8,doc_update_partial,80000,193.99486,41.235584,41.194946,41.806652,42.084366,0.15086,43.014297,2.773961352657005,8.7812077294686,91.08463768115942,170.61400966183575,0.0,0.0,0.0,7.0,207
memcached,2026-07-10-17-12-01,4,ubuntu,small,0,8,queue,160000,516.31,15.412731,14.921644,30.27052,37.466194,0.091004,86.830574,35.738838709677424,784.805870967742,76.64961290322582,205.44064516129032,0.0,0.0,0.0,4.200000000000001,155
redis,2026-07-10-02-02-45,1,ubuntu,medium,0,1,doc_delete,10000,8554.615,0.11689597,0.11063,0.1287925,0.27951458,0.105951,5.201007,57.3,288.88,77.6,122.585,0.0,102.40000000000146,0.0,0.0,2
redis,2026-07-10-02-02-45,1,ubuntu,medium,0,1,doc_increment,10000,7630.858,0.13104686,0.12411,0.1433195,0.3061194,0.117684,5.326095,34.2,244.44,77.31,97.295,0.0,0.0,0.0,0.0,2
redis,2026-07-10-02-02-45,1,ubuntu,medium,0,1,doc_insert,10000,6179.3057,0.16183048,0.14652851,0.1987745,0.36954406,0.12837,5.361783,28.450000000000003,206.33499999999998,101.69999999999999,97.315,0.0,0.0,0.0,0.0,2
redis,2026-07-10-02-02-45,1,ubuntu,medium,0,1,doc_read,10000,6763.6143,0.14784995,0.154072,0.168669,0.29684645,0.117614,3.494902,15.86,311.005,101.1,97.595,0.0,0.0,0.0,0.0,2
redis,2026-07-10-02-02-45,1,ubuntu,medium,0,1,doc_read_partial,10000,8014.4985,0.12477387,0.119919,0.13214104,0.2886598,0.114262,3.3321,39.455,72.66499999999999,89.57,97.925,0.09999999999999964,0.0,0.0,10.240000000000009,2
redis,2026-07-10-02-02-45,1,ubuntu,medium,0,1,doc_update_partial,10000,6379.634,0.1567488,0.147228,0.1884375,0.37170067,0.137659,5.781535,36.685,131.715,77.645,97.725,0.0,0.0,0.0,0.0,2
redis,2026-07-10-02-02-45,1,ubuntu,medium,0,1,mix_10W_90R,10000,10258.814,0.097477145,0.093693495,0.117195,0.12865418,0.089049,0.448736,39.402499999999996,127.0775,183.075,97.64750000000001,0.0,102.39999999999418,0.0,0.0,4
redis,2026-07-10-02-02-45,1,ubuntu,medium,0,1,mix_50W_50R,20000,9366.932,0.10675854,0.111119,0.12397,0.136472,0.089608,1.396773,39.402499999999996,127.0775,183.075,97.64750000000001,0.0,102.39999999999418,0.0,0.0,4
redis,2026-07-10-02-02-45,1,ubuntu,medium,0,1,mix_90W_10R,10000,8556.231,0.11687389,0.115519,0.129208,0.15128149,0.092891,0.638986,39.402499999999996,127.0775,183.075,97.64750000000001,0.0,102.39999999999418,0.0,0.0,4
redis,2026-07-10-02-02-45,1,ubuntu,medium,0,1,queue,20000,9855.608,0.101465076,0.100154,0.114471,0.14576489,0.08828,0.705475,28.91,174.5,110.35,97.015,0.0,102.40000000000146,0.0,0.0,2
redis,2026-07-10-02-02-45,1,ubuntu,medium,0,2,doc_delete,20000,16661.91,0.119768225,0.114611,0.129836,0.29530138,0.105113,4.828962,22.490000000000002,490.48,92.675,199.60000000000002,0.10000000000000142,0.0,0.0,0.0,2
redis,2026-07-10-02-02-45,1,ubuntu,medium,0,2,doc_increment,20000,14711.576,0.1356452,0.127811,0.175164,0.286702,0.11049,5.02843,32.7,385.53499999999997,103.3,148.9,0.0,0.0,0.0,0.0,2
redis,2026-07-10-02-02-45,1,ubuntu,medium,0,2,doc_insert,20000,12821.681,0.15567827,0.14597,0.201355,0.33140337,0.1283,5.204781,29.145,388.505,145.6,148.35,0.0,102.39999999999418,0.0,0.0,2
redis,2026-07-10-02-02-45,1,ubuntu,medium,0,2,doc_read,20000,15634.048,0.12777744,0.122992,0.139475,0.2751825,0.112376,3.527032,78.94,144.265,103.44999999999999,148.95,0.0,0.0,0.0,0.0,2
redis,2026-07-10-02-02-45,1,ubuntu,medium,0,2,doc_read_partial,20000,15297.356,0.13071384,0.1239,0.160078,0.3169475,0.113215,3.526962,72.035,198.71,104.19999999999999,148.8,0.0,0.0,0.0,0.0,2
redis,2026-07-10-02-02-45,1,ubuntu,medium,0,2,doc_update_partial,20000,12602.247,0.15842535,0.150231,0.19640046,0.33880568,0.130745,5.405998,51.54,316.99,104.05,148.7,0.0,102.40000000000146,0.0,0.0,2
redis,2026-07-10-02-02-45,1,ubuntu,medium,0,2,mix_10W_90R,20000,20511.576,0.097377054,0.092541,0.11992345,0.13451669,0.076407,3.785308,77.94,173.565,116.385,132.675,0.0,102.40000000000146,0.0,0.0,4
redis,2026-07-10-02-02-45,1,ubuntu,medium,0,2,mix_50W_50R,40000,18796.04,0.10609629,0.105426505,0.127672,0.1474377,0.078991,6.963755,77.94,173.565,116.385,132.675,0.0,102.40000000000146,0.0,0.0,4
redis,2026-07-10-02-02-45,1,ubuntu,medium,0,2,mix_90W_10R,20000,17148.256,0.116482474,0.115168996,0.130954,0.147437,0.084858,1.745636,77.94,173.565,116.385,132.675,0.0,102.40000000000146,0.0,0.0,4
redis,2026-07-10-02-02-45,1,ubuntu,medium,0,2,queue,40000,19547.918,0.102198206,0.101132,0.118732,0.142129,0.082274,3.12914,58.620000000000005,262.79,150.2,111.72,0.0,102.40000000000146,0.0,0.0,2
redis,2026-07-10-02-02-45,1,ubuntu,medium,0,4,doc_delete,40000,25714.668,0.14922795,0.143596,0.189482,0.3220462,0.101201,6.050856,31.525000000000002,659.865,101.95,262.6,0.0,0.0,0.0,10.240000000000009,2
redis,2026-07-10-02-02-45,1,ubuntu,medium,0,4,doc_increment,40000,22751.55,0.16823885,0.15931,0.215673,0.35719255,0.111049004,5.850198,37.82,426.71,115.75,188.65,0.09999999999999964,0.0,0.0,0.0,2
redis,2026-07-10-02-02-45,1,ubuntu,medium,0,4,doc_insert,40000,19935.418,0.19913544,0.180402,0.254296,0.4398684,0.129767,24.902676,55.775000000000006,362.42,195.85000000000002,205.8,0.0,204.8000000000029,0.0,0.0,2
redis,2026-07-10-02-02-45,1,ubuntu,medium,0,4,doc_read,40000,23651.254,0.16851315,0.16371,0.21756245,0.3745685,0.114123,5.461455,46.555,490.05,128.95,251.4,0.0,0.0,0.0,0.0,2
redis,2026-07-10-02-02-45,1,ubuntu,medium,0,4,doc_read_partial,40000,22920.979,0.17267743,0.165875,0.222378,0.3618586,0.108535,13.930459,67.36500000000001,404.21000000000004,129.35000000000002,251.3,0.0,0.0,0.0,0.0,2
redis,2026-07-10-02-02-45,1,ubuntu,medium,0,4,doc_update_partial,40000,19738.373,0.20144744,0.186758,0.25520307,0.4436394,0.132909,29.242609,53.73,417.04,129.55,171.345,0.0,204.79999999999563,0.0,0.0,2
redis,2026-07-10-02-02-45,1,ubuntu,medium,0,4,mix_10W_90R,40000,26808.176,0.14753823,0.141011,0.20387,0.251991,0.078084,23.124626,85.09666666666666,263.9116666666667,154.47166666666666,217.43499999999997,0.0,409.59999999999854,0.0,0.0,6
redis,2026-07-10-02-02-45,1,ubuntu,medium,0,4,mix_50W_50R,80000,25111.76,0.1571863,0.149183,0.212251,0.25241,0.080598,16.434505,85.09666666666666,263.9116666666667,154.47166666666666,217.43499999999997,0.0,409.59999999999854,0.0,0.0,6
redis,2026-07-10-02-02-45,1,ubuntu,medium,0,4,mix_90W_10R,40000,17717.395,0.22447695,0.157913,0.22419305,0.2894995,0.085348,61.990715,85.09666666666666,263.9116666666667,154.47166666666666,217.43499999999997,0.0,409.59999999999854,0.0,0.0,6
redis,2026-07-10-02-02-45,1,ubuntu,medium,0,4,queue,80000,26541.72,0.14844204,0.139684,0.191647,0.223984,0.081436,19.5427,46.07666666666666,441.4433333333333,223.36666666666667,222.76666666666665,0.0,102.40000000000146,0.0,0.0,3
redis,2026-07-10-02-02-45,1,ubuntu,medium,0,8,doc_delete,80000,31188.607,0.24896412,0.236835,0.340202,0.5131338,0.109932,9.948626,54.46666666666667,414.6066666666666,134.86666666666667,258.6133333333333,0.0,0.0,0.0,0.0,3
redis,2026-07-10-02-02-45,1,ubuntu,medium,0,8,doc_increment,80000,27647.4,0.27452454,0.263446,0.36779,0.5605578,0.11531,21.340263,82.7,638.22,137.16666666666666,433.6333333333334,0.0,0.0,0.0,10.240000000000009,3
redis,2026-07-10-02-02-45,1,ubuntu,medium,0,8,doc_insert,80000,23053.344,0.33751273,0.312055,0.42324847,0.6748898,0.136752,48.165222,58.89666666666667,630.4633333333333,198.4333333333333,359.3333333333333,0.0,307.20000000000437,0.0,0.0,3
redis,2026-07-10-02-02-45,1,ubuntu,medium,0,8,doc_read,80000,26118.93,0.3009124,0.287681,0.423733,0.578364,0.116567,10.559672,44.596666666666664,768.48,166.0666666666667,405.26666666666665,0.0,0.0,0.0,0.0,3
redis,2026-07-10-02-02-45,1,ubuntu,medium,0,8,doc_read_partial,80000,12187.19,0.6453056,0.303396,0.466267,0.8705157,0.130256,57.087387,96.6675,320.2975,172.025,354.79,0.0,204.79999999999563,0.0,0.0,4
redis,2026-07-10-02-02-45,1,ubuntu,medium,0,8,doc_update_partial,80000,20911.57,0.36411646,0.33196,0.489525,0.7636574,0.146669,30.204304,62.583333333333336,624.91,138.5666666666667,396.5333333333333,0.0,307.1999999999971,0.0,0.0,3
redis,2026-07-10-02-02-45,1,ubuntu,medium,0,8,mix_10W_90R,80000,27649.459,0.28511935,0.273991,0.39782545,0.49602067,0.087792,16.507019,90.64500000000001,412.785,240.96999999999997,453.66999999999996,0.0,716.8000000000029,0.0,0.0,10
redis,2026-07-10-02-02-45,1,ubuntu,medium,0,8,mix_50W_50R,160000,29404.67,0.27031162,0.262048,0.327421,0.3916767,0.100643,30.713636,90.64500000000001,412.785,240.96999999999997,453.66999999999996,0.0,716.8000000000029,0.0,0.0,10
redis,2026-07-10-02-02-45,1,ubuntu,medium,0,8,mix_90W_10R,80000,22764.572,0.34446228,0.313312,0.457188,0.5639088,0.144434,26.731161,90.64500000000001,412.785,240.96999999999997,453.66999999999996,0.0,716.8000000000029,0.0,0.0,10
redis,2026-07-10-02-02-45,1,ubuntu,medium,0,8,queue,160000,30531.295,0.26067045,0.243959,0.340132,0.391047,0.086814,28.017803,69.9775,544.0125,305.25,380.95,0.09999999999999964,307.1999999999971,0.0,0.0,4
redis,2026-07-10-02-02-45,1,ubuntu,medium,10000,1,delete,10000,9316.961,0.10733113,0.097847,0.132138,0.14799368,0.091072,1.087491,41.315,337.17499999999995,121.6,119.615,0.0,0.0,0.0,0.0,2
redis,2026-07-10-02-02-45,1,ubuntu,medium,10000,1,insert,10000,8599.011,0.116292454,0.112373,0.12662545,0.17733227,0.101269,3.123697,17.73,312.28,113.56,94.635,0.0,0.0,0.0,10.240000000000009,2
redis,2026-07-10-02-02-45,1,ubuntu,medium,10000,1,read,10000,11102.554,0.090069376,0.08772,0.097358,0.124041185,0.08346,0.547412,33.879999999999995,303.66499999999996,135.64999999999998,94.67500000000001,0.0,102.39999999999782,0.0,0.0,2
redis,2026-07-10-02-02-45,1,ubuntu,medium,10000,1,update,10000,7703.5605,0.12981011,0.112234,0.131301,0.2007927,0.100641,32.766987,38.61,298.615,128.55,94.4,0.0,0.0,0.0,0.0,2
redis,2026-07-10-02-02-45,1,ubuntu,medium,10000,2,delete,20000,18400.992,0.10867868,0.101619,0.130254,0.14429238,0.083879,1.633647,75.36,407.91499999999996,162.35,195.7,0.0,0.0,0.0,0.0,2
redis,2026-07-10-02-02-45,1,ubuntu,medium,10000,2,insert,20000,16664.773,0.11992483,0.11405,0.139961,0.17041798,0.094494,14.286981,55.91,374.695,149.7,145.0,0.0,102.40000000000146,0.0,0.0,2
redis,2026-07-10-02-02-45,1,ubuntu,medium,10000,2,read,20000,21770.129,0.091808684,0.090444,0.114539,0.1273207,0.077732,0.527018,62.545,347.945,173.1,144.65,0.0,0.0,0.0,0.0,2
redis,2026-07-10-02-02-45,1,ubuntu,medium,10000,2,update,20000,16918.102,0.11792451,0.112584,0.14052,0.15916981,0.096659,7.484002,70.33,337.265,163.3,144.7,0.0,102.39999999999782,0.0,0.0,2
redis,2026-07-10-02-02-45,1,ubuntu,medium,10000,4,delete,40000,27357.084,0.14533997,0.140101,0.176348,0.2132947,0.085555,23.489435,67.955,503.18,196.7,347.7,0.0,0.0,0.0,0.0,2
redis,2026-07-10-02-02-45,1,ubuntu,medium,10000,4,insert,40000,23797.717,0.16619116,0.15798,0.20679805,0.2498924,0.099034,27.726667,44.115,516.5899999999999,222.7,246.3,0.0,102.40000000000146,0.0,0.0,2
redis,2026-07-10-02-02-45,1,ubuntu,medium,10000,4,read,40000,30213.637,0.13167676,0.12767,0.16643,0.192761,0.076825,18.886917,87.86500000000001,343.02,275.1,246.95,0.09999999999999964,0.0,0.0,10.240000000000009,2
redis,2026-07-10-02-02-45,1,ubuntu,medium,10000,4,update,40000,24230.252,0.16178283,0.152253,0.204773,0.22894038,0.098685,33.5051,42.085,520.545,280.1,246.45,0.0,204.79999999999927,0.0,0.0,2
redis,2026-07-10-02-02-45,1,ubuntu,medium,10000,8,delete,80000,17973.549,0.4375256,0.264907,0.343827,0.620886,0.088419,54.278908,84.0125,429.73749999999995,376.525,354.6125,0.0,204.79999999999927,0.0,0.0,4
redis,2026-07-10-02-02-45,1,ubuntu,medium,10000,8,insert,80000,17176.463,0.46297902,0.297103,0.405915,0.61194736,0.112584,66.433975,67.62,555.755,356.9,449.55,0.0,512.0,0.0,0.0,4
redis,2026-07-10-02-02-45,1,ubuntu,medium,10000,8,read,80000,34118.406,0.23347197,0.22886851,0.297662,0.3318157,0.097079,21.588171,61.53666666666667,698.91,466.6666666666667,449.90000000000003,0.0,0.0,0.0,0.0,3
redis,2026-07-10-02-02-45,1,ubuntu,medium,10000,8,update,80000,27270.592,0.29208547,0.273916,0.354722,0.4342738,0.117821,30.15591,85.73666666666668,744.39,467.9666666666667,441.40000000000003,0.0,512.0,0.0,0.0,3
redis,2026-07-10-02-02-45,1,ubuntu,medium,100000,1,delete,100000,9196.767,0.10873387,0.097289,0.129555,0.1408,0.090095,37.222313,60.379999999999995,69.18857142857142,410.38571428571424,101.71000000000001,0.0,0.0,0.0,10.240000000000009,7
redis,2026-07-10-02-02-45,1,ubuntu,medium,100000,1,insert,100000,7804.384,0.12813312,0.11433,0.144571,0.17132,0.100222,41.445045,52.98625,122.83125,384.525,94.93625,0.10000000000000142,819.2000000000007,0.0,10.240000000000009,8
redis,2026-07-10-02-02-45,1,ubuntu,medium,100000,1,read,100000,9402.359,0.106356286,0.088908,0.116634,0.128368,0.082832,36.139034,57.94857142857143,129.69714285714286,554.8285714285714,94.66428571428571,0.0,409.6000000000022,0.0,0.0,7
redis,2026-07-10-02-02-45,1,ubuntu,medium,100000,1,update,100000,8155.0273,0.12262375,0.111257,0.144501,0.16580369,0.095891,43.549496,56.815,92.24375,559.8125,94.88624999999999,0.09999999999999964,819.1999999999971,0.0,0.0,8
redis,2026-07-10-02-02-45,1,ubuntu,medium,100000,2,delete,200000,19030.771,0.105059825,0.099035,0.119708,0.136749,0.07927,49.762093,94.25142857142858,201.46285714285713,729.6771428571428,160.21428571428572,0.0,102.40000000000146,0.0,10.240000000000009,7
redis,2026-07-10-02-02-45,1,ubuntu,medium,100000,2,insert,200000,13795.281,0.14495958,0.114749,0.155676,0.20233,0.094425,55.78154,92.03666666666668,116.75555555555555,668.4382222222222,146.3,0.09999999999999964,1331.2000000000044,0.0,0.0,9
redis,2026-07-10-02-02-45,1,ubuntu,medium,100000,2,read,200000,21736.727,0.092008226,0.091003,0.103924,0.121663,0.076057,7.017576,91.19,167.54333333333332,1043.968,146.51666666666668,0.0,0.0,0.0,0.0,6
redis,2026-07-10-02-02-45,1,ubuntu,medium,100000,2,update,200000,10050.727,0.19875607,0.115447,0.163987,0.2515708,0.092749,61.31345,95.03090909090908,106.05363636363636,1141.2945454545454,138.95454545454547,0.09999999999999964,2355.199999999997,0.0,0.0,11
redis,2026-07-10-02-02-45,1,ubuntu,medium,100000,4,delete,400000,17987.9,0.22186023,0.142756,0.200375,0.267563,0.082274,64.07159,97.63499999999999,156.70416666666668,1674.5536666666667,240.92499999999998,0.09999999999999964,1126.3999999999942,0.0,10.240000000000009,12
redis,2026-07-10-02-02-45,1,ubuntu,medium,100000,4,insert,400000,16324.154,0.24457951,0.160286,0.241372,0.3531887,0.093028,77.47592,96.20071428571428,201.37928571428571,1313.6105714285713,248.06428571428572,0.09999999999999964,2662.399999999994,0.0,10.240000000000009,14
redis,2026-07-10-02-02-45,1,ubuntu,medium,100000,4,read,400000,29925.137,0.13338101,0.12822899,0.173067,0.207849,0.076267,19.89148,84.77875,285.28375,2026.496,248.4625,0.0,0.0,0.0,10.240000000000009,8
redis,2026-07-10-02-02-45,1,ubuntu,medium,100000,4,update,400000,12761.163,0.3124498,0.167968,0.25115,0.4240087,0.091982,85.16296,100.59,153.16,2274.1232941176468,244.6058823529412,0.10000000000000142,3788.800000000003,0.0,0.0,17
redis,2026-07-10-02-02-45,1,ubuntu,medium,100000,8,delete,800000,14958.063,0.53349125,0.27853,0.43204305,0.7181167,0.089607,81.88249,97.88285714285713,192.08964285714288,3098.5521428571433,438.96464285714285,0.1999999999999993,3686.4000000000015,0.0,10.240000000000009,28
redis,2026-07-10-02-02-45,1,ubuntu,medium,100000,8,insert,800000,15276.212,0.51931196,0.315685,0.524511,0.7845344,0.100852,99.69085,98.61,271.25928571428574,2464.846,442.66785714285714,0.29999999999999893,6144.0,0.0,20.480000000000018,28
redis,2026-07-10-02-02-45,1,ubuntu,medium,100000,8,read,800000,19934.555,0.4000229,0.257646,0.381406,0.554754,0.094496,60.713654,99.93727272727273,287.57772727272726,4013.521454545454,442.98636363636365,0.0,1945.5999999999985,0.0,20.480000000000018,22
redis,2026-07-10-02-02-45,1,ubuntu,medium,100000,8,update,800000,17139.89,0.46145797,0.309679,0.549517,0.769518,0.095334,131.95259,99.7968,305.57959999999997,4268.6464000000005,444.548,0.20000000000000107,5324.800000000003,0.0,20.480000000000018,25
redis,2026-07-10-02-02-45,1,ubuntu,small,0,1,doc_delete,10000,8600.509,0.11627219,0.109859,0.127109,0.281526,0.103504,5.46081,45.92,331.935,81.84,92.59,0.0,0.0,0.0,0.0,2
redis,2026-07-10-02-02-45,1,ubuntu,small,0,1,doc_increment,10000,6848.415,0.14601919,0.1353505,0.17656046,0.3147028,0.119567,3.705374,33.245000000000005,250.61,81.955,75.74000000000001,0.10000000000000142,0.0,0.0,0.0,2
redis,2026-07-10-02-02-45,1,ubuntu,small,0,1,doc_insert,10000,7414.15,0.13487723,0.1225,0.16761604,0.30298448,0.116493,3.743924,36.725,101.845,98.325,76.18,0.0,0.0,0.0,0.0,2
redis,2026-07-10-02-02-45,1,ubuntu,small,0,1,doc_read,10000,8474.971,0.11799451,0.113071,0.12592545,0.2800646,0.107553996,3.384038,34.085,103.975,90.015,75.965,0.0,0.0,0.0,0.0,2
redis,2026-07-10-02-02-45,1,ubuntu,small,0,1,doc_read_partial,10000,8183.054,0.12220376,0.112443,0.14925244,0.2841114,0.106367,3.485446,37.91,70.42,81.97,75.795,0.0,0.0,0.0,0.0,2
redis,2026-07-10-02-02-45,1,ubuntu,small,0,1,doc_update_partial,10000,7512.8257,0.13310571,0.120125,0.16468304,0.3029033,0.113211,5.081365,38.905,133.1,82.15,75.545,0.0,0.0,0.0,0.0,2
redis,2026-07-10-02-02-45,1,ubuntu,small,0,1,mix_10W_90R,10000,10561.553,0.09468304,0.091286,0.107902996,0.12257669,0.086745,0.527807,36.995,131.08499999999998,134.65,74.4,0.0,0.0,0.0,10.240000000000009,4
redis,2026-07-10-02-02-45,1,ubuntu,small,0,1,mix_50W_50R,20000,9837.544,0.10165139,0.103857,0.115871,0.1320061,0.085488,9.022934,36.995,131.08499999999998,134.65,74.4,0.0,0.0,0.0,10.240000000000009,4
redis,2026-07-10-02-02-45,1,ubuntu,small,0,1,mix_90W_10R,10000,9381.307,0.10659496,0.105533004,0.117337,0.12495419,0.088352,0.824153,36.995,131.08499999999998,134.65,74.4,0.0,0.0,0.0,10.240000000000009,4
redis,2026-07-10-02-02-45,1,ubuntu,small,0,1,queue,20000,10576.805,0.09454651,0.09205,0.103154,0.13248838,0.085904,3.140224,23.59,295.01,98.205,76.505,0.0,0.0,0.0,0.0,2
redis,2026-07-10-02-02-45,1,ubuntu,small,0,2,doc_delete,20000,16935.508,0.118049584,0.11356,0.128785,0.2670795,0.10057,5.04024,35.260000000000005,452.58,76.86000000000001,143.25,0.0,0.0,0.0,0.0,2
redis,2026-07-10-02-02-45,1,ubuntu,small,0,2,doc_increment,20000,14954.172,0.13365017,0.127738,0.14659846,0.3353368,0.112513,3.926845,39.18,380.73,77.7,110.05000000000001,0.0,0.0,0.0,0.0,2
redis,2026-07-10-02-02-45,1,ubuntu,small,0,2,doc_insert,20000,15385.882,0.12956621,0.124106,0.142474,0.30136797,0.108531,3.977755,63.67,227.775,77.92,110.35,0.0,0.0,0.0,0.0,2
redis,2026-07-10-02-02-45,1,ubuntu,small,0,2,doc_read,20000,14198.741,0.14041132,0.1336045,0.16698804,0.2810394,0.104062,4.009254,50.945,346.24,77.78,110.05000000000001,0.0,0.0,0.0,0.0,2
redis,2026-07-10-02-02-45,1,ubuntu,small,0,2,doc_read_partial,20000,16178.28,0.12299448,0.117611,0.132627,0.3102324,0.105668,3.848831,46.88,373.655,77.6,110.0,0.0,0.0,0.0,0.0,2
redis,2026-07-10-02-02-45,1,ubuntu,small,0,2,doc_update_partial,20000,15786.25,0.12659785,0.122081,0.137446,0.2776157,0.107833,4.882469,46.44,374.95000000000005,77.64500000000001,110.15,0.0,0.0,0.0,0.0,2
redis,2026-07-10-02-02-45,1,ubuntu,small,0,2,mix_10W_90R,20000,21833.453,0.09148061,0.089466,0.107902996,0.12375909,0.072425,0.522266,67.745,194.1575,77.515,104.9,0.0,0.0,0.0,0.0,4
redis,2026-07-10-02-02-45,1,ubuntu,small,0,2,mix_50W_50R,40000,20200.803,0.0989839,0.100081,0.113909,0.1245257,0.074869,3.048178,67.745,194.1575,77.515,104.9,0.0,0.0,0.0,0.0,4
redis,2026-07-10-02-02-45,1,ubuntu,small,0,2,mix_90W_10R,20000,17430.799,0.114670835,0.106507,0.145337,0.15938087,0.082202,1.419993,67.745,194.1575,77.515,104.9,0.0,0.0,0.0,0.0,4
redis,2026-07-10-02-02-45,1,ubuntu,small,0,2,queue,40000,20475.963,0.09729944,0.095612,0.108532,0.11963601,0.080107,3.859585,43.665,369.92999999999995,77.285,109.0,0.0,0.0,0.0,0.0,2
redis,2026-07-10-02-02-45,1,ubuntu,small,0,4,doc_delete,40000,24587.525,0.15471753,0.146106,0.194436,0.32413208,0.099872,11.428493,30.415,536.3050000000001,81.03,190.05,0.0,0.0,0.0,0.0,2
redis,2026-07-10-02-02-45,1,ubuntu,small,0,4,doc_increment,40000,24526.105,0.16246553,0.15777001,0.188988,0.3540231,0.1137,5.001837,62.685,407.97,81.045,178.64999999999998,0.0,0.0,0.0,0.0,2
redis,2026-07-10-02-02-45,1,ubuntu,small,0,4,doc_insert,40000,24115.686,0.16077007,0.153509,0.200373,0.34398496,0.110138,4.894978,67.83,392.5,80.795,177.95,0.0,0.0,0.0,0.0,2
redis,2026-07-10-02-02-45,1,ubuntu,small,0,4,doc_read,40000,26341.713,0.1478128,0.133535,0.18165946,0.3381684,0.101618,45.94707,35.075,523.655,80.91,174.8,0.0,0.0,0.0,0.0,2
redis,2026-07-10-02-02-45,1,ubuntu,small,0,4,doc_read_partial,40000,27325.5,0.14172344,0.133954,0.177674,0.32832488,0.102526,5.83608,74.855,393.71000000000004,80.955,177.95,0.0,0.0,0.0,0.0,2
redis,2026-07-10-02-02-45,1,ubuntu,small,0,4,doc_update_partial,40000,23613.74,0.16756713,0.156862,0.21846446,0.3630331,0.106577,17.402576,35.86,505.70500000000004,80.83,172.65,0.0,0.0,0.0,0.0,2
redis,2026-07-10-02-02-45,1,ubuntu,small,0,4,mix_10W_90R,40000,30342.143,0.1298001,0.125434,0.175928,0.21992868,0.072145,15.40959,79.696,279.28,78.78200000000001,161.108,0.09999999999999964,0.0,0.0,0.0,5
redis,2026-07-10-02-02-45,1,ubuntu,small,0,4,mix_50W_50R,80000,30286.002,0.12952,0.127389,0.161052,0.182912,0.07843,17.351425,79.696,279.28,78.78200000000001,161.108,0.09999999999999964,0.0,0.0,0.0,5
redis,2026-07-10-02-02-45,1,ubuntu,small,0,4,mix_90W_10R,40000,30395.232,0.13053967,0.127808,0.169573,0.21008208,0.081015,1.570013,79.696,279.28,78.78200000000001,161.108,0.09999999999999964,0.0,0.0,0.0,5
redis,2026-07-10-02-02-45,1,ubuntu,small,0,4,queue,80000,33043.473,0.120561376,0.11859,0.149528,0.171318,0.078431,20.352623,83.38,326.96666666666664,81.11333333333334,176.9333333333333,0.0,102.40000000000146,0.0,0.0,3
redis,2026-07-10-02-02-45,1,ubuntu,small,0,8,doc_delete,80000,30667.934,0.25486314,0.241509,0.345921,0.52338773,0.106437,21.62004,87.465,440.155,82.53999999999999,180.91500000000002,0.0,0.0,0.0,0.0,2
redis,2026-07-10-02-02-45,1,ubuntu,small,0,8,doc_increment,80000,27421.807,0.27639237,0.261693,0.381959,0.5508375,0.116494,17.315472,36.77333333333333,791.5566666666667,82.91333333333334,303.4666666666667,0.0,0.0,0.0,0.0,3
redis,2026-07-10-02-02-45,1,ubuntu,small,0,8,doc_insert,80000,27137.338,0.28428853,0.272239,0.388174,0.566345,0.120615,23.604813,84.21,597.9066666666666,82.47,313.90000000000003,0.0,102.40000000000146,0.0,10.240000000000009,3
redis,2026-07-10-02-02-45,1,ubuntu,small,0,8,doc_read,80000,31809.264,0.23750202,0.229776,0.325737,0.502503,0.108323,12.559446,81.35000000000001,660.0333333333333,83.94333333333334,268.93333333333334,0.0,0.0,0.0,0.0,3
redis,2026-07-10-02-02-45,1,ubuntu,small,0,8,doc_read_partial,80000,33066.473,0.23238991,0.227122,0.312816,0.5015281,0.116774,7.467785,73.34,549.62,83.67,224.45,0.0,0.0,0.0,0.0,2
redis,2026-07-10-02-02-45,1,ubuntu,small,0,8,doc_update_partial,80000,27933.375,0.27056593,0.254709,0.378746,0.5424551,0.112932,17.799671,41.96,770.5,83.39,313.2666666666667,0.09999999999999964,0.0,0.0,0.0,3
redis,2026-07-10-02-02-45,1,ubuntu,small,0,8,mix_10W_90R,80000,31103.95,0.2536399,0.24535,0.353044,0.43650368,0.086253,9.639889,92.93444444444444,413.4344444444444,81.84555555555556,307.0777777777778,0.09999999999999964,0.0,0.0,0.0,9
redis,2026-07-10-02-02-45,1,ubuntu,small,0,8,mix_50W_50R,160000,34748.395,0.22919814,0.225166,0.289629,0.3315337,0.102247,20.6045,92.93444444444444,413.4344444444444,81.84555555555556,307.0777777777778,0.09999999999999964,0.0,0.0,0.0,9
redis,2026-07-10-02-02-45,1,ubuntu,small,0,8,mix_90W_10R,80000,31263.742,0.25291052,0.246048,0.317705,0.3694577,0.111186,13.191768,92.93444444444444,413.4344444444444,81.84555555555556,307.0777777777778,0.09999999999999964,0.0,0.0,0.0,9
redis,2026-07-10-02-02-45,1,ubuntu,small,0,8,queue,160000,36716.35,0.21708545,0.210988,0.285369,0.33921668,0.089117,12.904872,87.9375,468.355,80.7575,259.625,0.0,0.0,0.0,0.0,4
redis,2026-07-10-02-02-45,1,ubuntu,small,10000,1,delete,10000,9548.978,0.10472325,0.096383,0.13179305,0.14108369,0.090097,0.554275,55.075,277.04499999999996,11.31,52.565000000000005,0.008007812499999996,1.37,0.0,0.0,2
redis,2026-07-10-02-02-45,1,ubuntu,small,10000,1,insert,10000,8182.847,0.12220686,0.127673,0.141921,0.1524677,0.095824,0.919553,41.12,308.78,9.727,37.73,0.0,0.0,0.0,0.0,1
redis,2026-07-10-02-02-45,1,ubuntu,small,10000,1,read,10000,9536.133,0.10486431,0.106999,0.117825,0.1232037,0.080599,0.528921,21.745,306.66999999999996,10.067499999999999,35.864999999999995,0.008017578124999999,0.0,0.0,0.0,2
redis,2026-07-10-02-02-45,1,ubuntu,small,10000,1,update,10000,9011.024,0.11097517,0.101412,0.137311,0.14834602,0.094497,3.073651,31.025,299.685,10.285,35.730000000000004,0.008007812500000003,1.76,0.0,0.0,2
redis,2026-07-10-02-02-45,1,ubuntu,small,10000,2,delete,20000,19945.504,0.09993641,0.098618,0.110771,0.124533094,0.081576,3.095654,51.989999999999995,436.57,13.515,103.20500000000001,0.007910156249999994,2.1999999999999993,0.0,0.0,2
redis,2026-07-10-02-02-45,1,ubuntu,small,10000,2,insert,20000,18163.217,0.10974126,0.104904,0.132492,0.14876501,0.08891,3.423776,75.15,199.09499999999997,12.71,52.635000000000005,0.0,2.41,0.0,0.0,2
redis,2026-07-10-02-02-45,1,ubuntu,small,10000,2,read,20000,22044.545,0.09029412,0.088281,0.098619,0.109165,0.075081,3.60858,70.82,137.885,12.985,28.685,0.012011718750000004,3.12,0.0,0.0,2
redis,2026-07-10-02-02-45,1,ubuntu,small,10000,2,update,20000,19030.494,0.104930386,0.103158,0.114892,0.1235537,0.091983,3.129108,65.99,135.61,12.77,21.64,0.0,0.0,0.0,0.0,1
redis,2026-07-10-02-02-45,1,ubuntu,small,10000,4,delete,40000,28723.594,0.13913174,0.137871,0.157915,0.18515402,0.08486,3.220885,30.814999999999998,731.81,17.965,197.6,0.0,0.8999999999999986,0.0,0.0,2
redis,2026-07-10-02-02-45,1,ubuntu,small,10000,4,insert,40000,27871.994,0.1430757,0.143458,0.162106,0.1881598,0.094428,3.228147,37.19,520.725,15.815000000000001,136.8,0.004003906250000001,5.300000000000001,0.0,0.0,2
redis,2026-07-10-02-02-45,1,ubuntu,small,10000,4,read,40000,35610.582,0.11072169,0.112168,0.134937,0.152607,0.076967,0.545055,101.655,228.35000000000002,17.705,136.8,0.012011718750000004,4.5,0.0,0.0,2
redis,2026-07-10-02-02-45,1,ubuntu,small,10000,4,update,40000,27745.502,0.14351086,0.141921,0.17314446,0.206386,0.091634,15.347532,81.405,336.01,17.97,136.8,0.008007812500000003,3.0,0.0,0.0,2
redis,2026-07-10-02-02-45,1,ubuntu,small,10000,8,delete,80000,31259.89,0.25543007,0.25381,0.308427,0.335177,0.109235,1.494225,57.04333333333333,465.43666666666667,26.953333333333333,193.08666666666667,0.015625,2.8999999999999986,0.0,0.6123046875,3
redis,2026-07-10-02-02-45,1,ubuntu,small,10000,8,insert,80000,33819.37,0.23533027,0.229923,0.29383,0.344117,0.108746,8.345067,42.48,769.0799999999999,22.483333333333334,266.8,0.01601562499999999,13.7,0.0,0.0,3
redis,2026-07-10-02-02-45,1,ubuntu,small,10000,8,read,80000,41335.258,0.19183657,0.1869,0.245708,0.283354,0.08018,22.035864,52.46,672.1899999999999,26.755000000000003,148.73499999999999,0.0,0.0,0.0,0.0,2
redis,2026-07-10-02-02-45,1,ubuntu,small,10000,8,update,80000,33582.453,0.23174912,0.228422,0.290548,0.33874068,0.098828,3.519048,44.879999999999995,740.1733333333333,26.88,265.2,0.0126953125,13.800000000000004,0.0,0.2041015625,3
redis,2026-07-10-02-02-45,1,ubuntu,small,100000,1,delete,100000,9627.981,0.10386393,0.096803,0.126347,0.139058,0.087584,3.060674,51.57,104.0442857142857,30.43857142857143,40.99857142857143,0.048828125,5.0,0.0,2.0999999999999996,7
redis,2026-07-10-02-02-45,1,ubuntu,small,100000,1,insert,100000,9659.739,0.103522465,0.100155,0.112657,0.132213,0.091495,32.36102,43.98333333333334,104.14666666666666,26.595,31.08883333333333,0.0400390625,25.4,0.0,2.52359375,6
redis,2026-07-10-02-02-45,1,ubuntu,small,100000,1,read,100000,10620.618,0.09415648,0.086187,0.110981,0.121597,0.078015,31.570694,40.318333333333335,88.80666666666667,31.28,37.00666666666667,0.0078125,14.899999999999991,0.0,4.18,6
redis,2026-07-10-02-02-45,1,ubuntu,small,100000,1,update,100000,9021.802,0.1108426,0.101971,0.135985,0.146531,0.095895,3.090147,41.98857142857143,116.85000000000001,31.06142857142857,36.72428571428571,0.0478515625,16.900000000000006,0.0,7.08,7
redis,2026-07-10-02-02-45,1,ubuntu,small,100000,2,delete,200000,18639.959,0.10728639,0.100086,0.122575,0.137661,0.079063,49.55095,79.13,206.55714285714288,49.89,80.48571428571428,0.0478515625,30.0,0.0,4.199999999999999,7
redis,2026-07-10-02-02-45,1,ubuntu,small,100000,2,insert,200000,17890.715,0.111743554,0.104416,0.12474,0.146671,0.088212,48.58531,83.45142857142856,131.03714285714287,39.41857142857143,70.14285714285714,0.0400390625,60.0,0.0,2.1000000000000014,7
redis,2026-07-10-02-02-45,1,ubuntu,small,100000,2,read,200000,21673.137,0.09224963,0.089679,0.113007,0.122505,0.073964,0.415639,76.65333333333334,178.48666666666668,53.425000000000004,70.68666666666667,0.0078125,0.0,0.0,0.0,6
redis,2026-07-10-02-02-45,1,ubuntu,small,100000,2,update,200000,17830.97,0.112064354,0.104416,0.127325,0.148278,0.087164,48.054825,74.76142857142858,195.17714285714285,54.065714285714286,70.82142857142857,0.0478515625,64.0,0.0,6.199999999999999,7
redis,2026-07-10-02-02-45,1,ubuntu,small,100000,4,delete,400000,26110.982,0.15308778,0.137173,0.17426,0.216236,0.081368,53.919327,85.24333333333333,253.89222222222224,92.2988888888889,138.41111111111113,0.0595703125,68.0,0.0,8.400000000000006,9
redis,2026-07-10-02-02-45,1,ubuntu,small,100000,4,insert,400000,27075.46,0.14761594,0.136613,0.17817,0.22329,0.088142,59.921837,88.22999999999999,274.39444444444445,66.23111111111112,138.2111111111111,0.0556640625,103.0,0.0,4.199999999999999,9
redis,2026-07-10-02-02-45,1,ubuntu,small,100000,4,read,400000,37269.31,0.107031144,0.107629,0.134169,0.1517,0.073685,16.333824,84.69714285714285,314.65714285714284,98.78714285714285,138.41428571428574,0.0087890625,0.0,0.0,4.100000000000001,7
redis,2026-07-10-02-02-45,1,ubuntu,small,100000,4,update,400000,26881.248,0.14870521,0.133122,0.16965,0.215048,0.088701,51.65414,85.68222222222222,275.75,99.7911111111111,138.45555555555555,0.0595703125,129.0,0.0,8.299999999999997,9
redis,2026-07-10-02-02-45,1,ubuntu,small,100000,8,delete,800000,28401.115,0.2815267,0.260727,0.341814,0.45586967,0.094429,53.395424,92.5075,311.770625,153.87875,259.779375,0.1162109375,102.40000000000009,0.0,16.0,16
redis,2026-07-10-02-02-45,1,ubuntu,small,100000,8,insert,800000,28890.672,0.2760588,0.249411,0.359136,0.461945,0.096663,60.245132,96.02399999999999,358.1293333333333,112.18266666666666,256.048,0.107421875,199.0,0.0,16.599999999999994,15
redis,2026-07-10-02-02-45,1,ubuntu,small,100000,8,read,800000,38474.414,0.2058357,0.183339,0.26806,0.323305,0.078783,61.10773,93.84083333333332,438.74333333333334,189.35833333333335,264.90833333333336,0.0,96.0,0.0,16.400000000000006,12
redis,2026-07-10-02-02-45,1,ubuntu,small,100000,8,update,800000,27825.734,0.28545645,0.242986,0.344469,0.424579,0.096803,61.262787,96.031875,389.83,190.29375,273.58125,0.1201171875,283.5999999999999,0.0,16.799999999999997,16
redis,2026-07-10-02-02-45,1,ubuntu,small,1000000,1,delete,1000000,9198.631,0.108711824,0.097362,0.130329,0.140316,0.090098,47.63971,52.37947368421053,63.370877192982455,166.60543859649124,42.6519298245614,0.4600000000000002,225.2800000000002,0.0,22.0,57
redis,2026-07-10-02-02-45,1,ubuntu,small,1000000,1,insert,1000000,8891.641,0.11246519,0.102461,0.136685,0.148488,0.092892,42.62627,46.636610169491526,68.13186440677967,128.7908474576271,39.53505084745763,0.49613281249999996,389.1199999999999,0.0,33.0,59
redis,2026-07-10-02-02-45,1,ubuntu,small,1000000,1,read,1000000,10593.313,0.09439917,0.085978,0.110982,0.12069,0.079691,44.142174,43.6678,77.8122,232.12,41.087399999999995,0.010000000000000009,153.60000000000014,0.0,25.0,50
redis,2026-07-10-02-02-45,1,ubuntu,small,1000000,1,update,1000000,8837.0625,0.11315977,0.101064,0.1341,0.14758,0.090867,47.104767,51.94683333333333,70.69116666666667,232.64833333333334,41.5035,0.48,757.76,0.0,17.0,60
redis,2026-07-10-02-02-45,1,ubuntu,small,1000000,2,delete,2000000,18964.727,0.105434425,0.097711,0.120201,0.14115402,0.077876,57.54197,92.51581818181818,124.91054545454546,314.6174545454545,81.42018181818182,0.43999999999999995,368.6400000000003,0.0,35.0,55
redis,2026-07-10-02-02-45,1,ubuntu,small,1000000,2,insert,2000000,16964.705,0.11786213,0.104276,0.133471,0.15645,0.086537,56.563652,85.70709677419354,125.05467741935485,248.90387096774194,76.54048387096775,0.48999999999999977,962.56,0.0,35.0,62
redis,2026-07-10-02-02-45,1,ubuntu,small,1000000,2,read,2000000,20442.467,0.097735375,0.090098,0.110842,0.127814,0.069075,51.484413,81.58313725490196,132.31843137254901,455.22549019607845,76.39588235294117,0.0,307.1999999999998,0.0,49.0,51
redis,2026-07-10-02-02-45,1,ubuntu,small,1000000,2,update,2000000,16206.795,0.12332875,0.104626,0.133262,0.154565,0.086956,58.598843,86.5323076923077,120.754,458.46923076923076,78.84676923076923,0.5299999999999998,1269.7600000000002,0.0,44.0,65
redis,2026-07-10-02-02-45,1,ubuntu,small,1000000,4,delete,4000000,25830.13,0.15476376,0.140174,0.184035,0.23041,0.07969,57.988243,100.5,182.29175,603.14,157.75125,0.6499999999999995,614.3999999999996,0.0,72.0,80
redis,2026-07-10-02-02-45,1,ubuntu,small,1000000,4,insert,4000000,23110.604,0.17297412,0.135282,0.187734,0.240953,0.085137,62.014122,100.63844444444443,182.9561111111111,499.9587777777778,149.0188888888889,0.7199999999999998,2252.7999999999993,0.0,80.0,90
redis,2026-07-10-02-02-45,1,ubuntu,small,1000000,4,read,4000000,32282.943,0.12372991,0.109093,0.141919,0.165106,0.073334,58.645294,100.57140625,214.35453125,902.60625,149.36765625,0.0,604.1600000000008,0.0,91.0,64
redis,2026-07-10-02-02-45,1,ubuntu,small,1000000,4,update,4000000,20822.826,0.19189943,0.135146,0.191089,0.248988,0.087862,61.43784,100.2228,165.8972,924.243,153.5,0.8100000000000005,3174.3999999999996,0.0,80.0,100
redis,2026-07-10-02-02-45,1,ubuntu,small,1000000,8,delete,8000000,23522.373,0.33989146,0.277627,0.39685,0.54869,0.086396,60.77977,101.01312138728323,261.74161849710987,1204.923352601156,306.17895953757227,1.4299999999999997,2662.399999999998,0.0,153.60000000000014,173
redis,2026-07-10-02-02-45,1,ubuntu,small,1000000,8,insert,8000000,22288.096,0.35693464,0.256674,0.411096,0.575297,0.087862,64.37103,101.02641304347826,282.3540760869565,1007.1274347826087,291.82717391304345,1.5,5120.000000000002,0.0,172.0,184
redis,2026-07-10-02-02-45,1,ubuntu,small,1000000,8,read,8000000,31993.883,0.2494988,0.192069,0.301653,0.449162,0.077037,60.129936,100.516484375,337.579765625,1804.808,297.52578125,0.0,1945.5999999999985,0.0,179.72000000000003,128
redis,2026-07-10-02-02-45,1,ubuntu,small,1000000,8,update,8000000,19668.875,0.40553123,0.260656,0.440223,0.624121,0.08898,66.91694,100.57096153846153,260.34326923076924,1854.217846153846,301.7610576923077,1.7000000000000002,6963.200000000001,0.0,184.31999999999994,208
redis,2026-07-10-03-10-39,2,ubuntu,medium,0,1,doc_delete,10000,8607.902,0.11617231,0.110631,0.1241145,0.27408743,0.104764,5.223402,65.49,99.94,61.004999999999995,103.535,0.10000000000000142,0.0,0.0,0.0,2
redis,2026-07-10-03-10-39,2,ubuntu,medium,0,1,doc_increment,10000,7040.6353,0.14203264,0.126206,0.173769,0.30682877,0.117406,5.25099,14.26,310.86,77.02,85.99000000000001,0.0,0.0,0.0,0.0,2
redis,2026-07-10-03-10-39,2,ubuntu,medium,0,1,doc_insert,10000,6560.865,0.15241893,0.143667,0.18452846,0.36843565,0.129698,3.608846,13.585,312.85,95.53999999999999,85.48,0.0,102.40000000000146,0.0,0.0,2
redis,2026-07-10-03-10-39,2,ubuntu,medium,0,1,doc_read,10000,6730.7603,0.14857163,0.153654,0.170137,0.3170216,0.117336,3.408118,38.015,187.325,76.655,86.025,0.0,0.0,0.0,0.0,2
redis,2026-07-10-03-10-39,2,ubuntu,medium,0,1,doc_read_partial,10000,7920.9575,0.12624736,0.120688,0.13612305,0.2964848,0.115101,3.616179,30.02,303.28,76.925,85.98,0.0,0.0,0.0,0.0,2
redis,2026-07-10-03-10-39,2,ubuntu,medium,0,1,doc_update_partial,10000,6405.989,0.15610392,0.147089,0.1856455,0.3712559,0.132561,4.930202,22.895,306.77,77.245,86.13,0.0,0.0,0.0,0.0,2
redis,2026-07-10-03-10-39,2,ubuntu,medium,0,1,mix_10W_90R,10000,10308.374,0.097008504,0.093031,0.116149,0.129279,0.087233,0.364859,41.335,124.60749999999999,149.715,77.2825,0.0,102.40000000000146,0.0,20.480000000000018,4
redis,2026-07-10-03-10-39,2,ubuntu,medium,0,1,mix_50W_50R,20000,9373.656,0.10668196,0.110561,0.123482004,0.1500227,0.088631,3.221219,41.335,124.60749999999999,149.715,77.2825,0.0,102.40000000000146,0.0,20.480000000000018,4
redis,2026-07-10-03-10-39,2,ubuntu,medium,0,1,mix_90W_10R,10000,8674.224,0.11528409,0.114054,0.12690845,0.1523991,0.09303,2.058057,41.335,124.60749999999999,149.715,77.2825,0.0,102.40000000000146,0.0,20.480000000000018,4
redis,2026-07-10-03-10-39,2,ubuntu,medium,0,1,queue,20000,9500.996,0.105252124,0.100224,0.134029,0.14981438,0.086396,6.72083,33.405,187.48,94.96000000000001,65.45,0.0,0.0,0.0,0.0,2
redis,2026-07-10-03-10-39,2,ubuntu,medium,0,2,doc_delete,20000,16953.621,0.11768911,0.113354,0.12913805,0.264709,0.100433,4.90041,61.345,427.11,65.32,187.65,0.0,0.0,0.0,0.0,2
redis,2026-07-10-03-10-39,2,ubuntu,medium,0,2,doc_increment,20000,15091.126,0.13199028,0.126414,0.146529,0.2967614,0.110141,5.654357,63.91,291.29999999999995,65.13,137.10000000000002,0.0,0.0,0.0,0.0,2
redis,2026-07-10-03-10-39,2,ubuntu,medium,0,2,doc_insert,20000,13258.918,0.15080215,0.144645,0.16462345,0.3286121,0.127184,4.951783,53.57,289.90999999999997,121.8,137.7,0.0,102.40000000000146,0.0,0.0,2
redis,2026-07-10-03-10-39,2,ubuntu,medium,0,2,doc_read,20000,15254.37,0.13105588,0.12446,0.158892,0.3210712,0.114612,4.650271,37.815,386.29499999999996,121.44999999999999,137.64999999999998,0.0,0.0,0.0,0.0,2
redis,2026-07-10-03-10-39,2,ubuntu,medium,0,2,doc_read_partial,20000,15834.422,0.12599415,0.121177,0.135914,0.2789527,0.109652996,5.330262,27.975,391.885,121.65,137.5,0.0,0.0,0.0,0.0,2
redis,2026-07-10-03-10-39,2,ubuntu,medium,0,2,doc_update_partial,20000,12482.641,0.15964046,0.149813,0.20652846,0.33651605,0.131024,5.093145,22.78,350.46000000000004,121.2,117.92500000000001,0.0,0.0,0.0,0.0,2
redis,2026-07-10-03-10-39,2,ubuntu,medium,0,2,mix_10W_90R,20000,20488.906,0.09702455,0.092052,0.121317,0.14911638,0.074312,0.418498,74.6725,193.7475,94.9775,136.725,0.0,204.79999999999563,0.0,0.0,4
redis,2026-07-10-03-10-39,2,ubuntu,medium,0,2,mix_50W_50R,40000,19049.52,0.10470015,0.103437,0.123482,0.13298,0.079551,3.221987,74.6725,193.7475,94.9775,136.725,0.0,204.79999999999563,0.0,0.0,4
redis,2026-07-10-03-10-39,2,ubuntu,medium,0,2,mix_90W_10R,20000,17241.979,0.11590867,0.114891,0.130536,0.1439467,0.0843,1.5041339,74.6725,193.7475,94.9775,136.725,0.0,204.79999999999563,0.0,0.0,4
redis,2026-07-10-03-10-39,2,ubuntu,medium,0,2,queue,40000,19563.695,0.10195916,0.101062,0.116288,0.1429001,0.082484,3.088308,54.79,238.765,128.6,136.1,0.0,102.40000000000146,0.0,0.0,2
redis,2026-07-10-03-10-39,2,ubuntu,medium,0,4,doc_delete,40000,25305.217,0.1534256,0.147018,0.195558,0.3418784,0.100153,6.045266,49.44,666.08,89.625,340.55,0.0,0.0,0.0,0.0,2
redis,2026-07-10-03-10-39,2,ubuntu,medium,0,4,doc_increment,40000,24730.531,0.16129951,0.155469,0.19905004,0.35614136,0.113564,9.105824,34.945,524.06,107.65,197.45,0.0,0.0,0.0,0.0,2
redis,2026-07-10-03-10-39,2,ubuntu,medium,0,4,doc_insert,40000,20609.564,0.1913289,0.18145,0.250035,0.4288415,0.132211,5.355853,54.565,410.55,151.0,223.75,0.0,102.40000000000146,0.0,0.0,2
redis,2026-07-10-03-10-39,2,ubuntu,medium,0,4,doc_read,40000,23951.285,0.16642632,0.162523,0.21253,0.35816076,0.113284,7.128239,63.435,410.10499999999996,124.7,240.05,0.0,0.0,0.0,0.0,2
redis,2026-07-10-03-10-39,2,ubuntu,medium,0,4,doc_read_partial,40000,23140.793,0.16933958,0.16364,0.21860604,0.3628335,0.112376,8.162813,66.85499999999999,437.34,127.15,174.7,0.0,102.39999999999418,0.0,0.0,2
redis,2026-07-10-03-10-39,2,ubuntu,medium,0,4,doc_update_partial,40000,19336.205,0.20360276,0.187806,0.276226,0.4444767,0.135005,6.335601,105.92999999999999,412.69499999999994,130.64999999999998,169.39,0.0,204.8000000000029,0.0,0.0,2
redis,2026-07-10-03-10-39,2,ubuntu,medium,0,4,mix_10W_90R,40000,25785.771,0.15193868,0.145621,0.219025,0.270638,0.080039,0.936514,83.99,330.14000000000004,138.38833333333332,238.75,0.09999999999999964,307.1999999999971,0.0,0.0,6
redis,2026-07-10-03-10-39,2,ubuntu,medium,0,4,mix_50W_50R,80000,26031.516,0.15031853,0.1469135,0.20177844,0.23236668,0.081855,3.272458,83.99,330.14000000000004,138.38833333333332,238.75,0.09999999999999964,307.1999999999971,0.0,0.0,6
redis,2026-07-10-03-10-39,2,ubuntu,medium,0,4,mix_90W_10R,40000,23399.848,0.1683077,0.158821,0.2355115,0.29208377,0.087372996,3.883857,83.99,330.14000000000004,138.38833333333332,238.75,0.09999999999999964,307.1999999999971,0.0,0.0,6
redis,2026-07-10-03-10-39,2,ubuntu,medium,0,4,queue,80000,27107.148,0.14618623,0.14185,0.195838,0.22510268,0.083043,2.321905,44.696666666666665,481.6333333333334,181.9,237.9333333333333,0.0,204.8000000000029,0.0,0.0,3
redis,2026-07-10-03-10-39,2,ubuntu,medium,0,8,doc_delete,80000,30886.11,0.25056896,0.23990901,0.344951,0.5077544,0.107837,8.230566,45.199999999999996,429.32666666666665,117.2,308.2733333333333,0.0,0.0,0.0,0.0,3
redis,2026-07-10-03-10-39,2,ubuntu,medium,0,8,doc_increment,80000,27544.918,0.274683,0.266379,0.37323698,0.5500087,0.125437,7.416274,62.276666666666664,730.1366666666667,120.96666666666665,444.1333333333334,0.0,0.0,0.0,0.0,3
redis,2026-07-10-03-10-39,2,ubuntu,medium,0,8,doc_insert,80000,23436.855,0.33475918,0.3187605,0.46515346,0.6791526,0.151628,8.315911,63.326666666666675,721.84,195.26666666666665,390.23333333333335,0.0,307.1999999999971,0.0,0.0,3
redis,2026-07-10-03-10-39,2,ubuntu,medium,0,8,doc_read,80000,26535.06,0.29482093,0.281744,0.414514,0.558528,0.124948,7.765136,84.98333333333333,697.37,169.0,390.40000000000003,0.0,0.0,0.0,10.240000000000009,3
redis,2026-07-10-03-10-39,2,ubuntu,medium,0,8,doc_read_partial,80000,26160.62,0.29969442,0.28789,0.42017105,0.56376773,0.119151,7.936668,63.03333333333333,661.2666666666667,151.86666666666667,444.3666666666666,0.0,0.0,0.0,0.0,3
redis,2026-07-10-03-10-39,2,ubuntu,medium,0,8,doc_update_partial,80000,22828.152,0.33612052,0.326443,0.459353,0.6483488,0.142548,8.723722,54.22,639.14,121.63333333333333,360.6666666666667,0.0,409.59999999999854,0.0,0.0,3
redis,2026-07-10-03-10-39,2,ubuntu,medium,0,8,mix_10W_90R,80000,27349.23,0.29117602,0.285305,0.39580047,0.4798877,0.086045,2.703454,86.063,439.725,221.51999999999998,419.3,0.09999999999999964,614.4000000000015,0.0,10.240000000000009,10
redis,2026-07-10-03-10-39,2,ubuntu,medium,0,8,mix_50W_50R,160000,29315.436,0.2704089,0.266798,0.349002,0.416958,0.098407,3.325959,86.063,439.725,221.51999999999998,419.3,0.09999999999999964,614.4000000000015,0.0,10.240000000000009,10
redis,2026-07-10-03-10-39,2,ubuntu,medium,0,8,mix_90W_10R,80000,24357.334,0.32056797,0.307725,0.442171,0.564186,0.13766,3.460685,86.063,439.725,221.51999999999998,419.3,0.09999999999999964,614.4000000000015,0.0,10.240000000000009,10
redis,2026-07-10-03-10-39,2,ubuntu,medium,0,8,queue,160000,31660.848,0.24867827,0.242493,0.34725946,0.38965,0.086814,7.23992,70.1975,602.5525,285.825,395.725,0.0,409.59999999999854,0.0,0.0,4
redis,2026-07-10-03-10-39,2,ubuntu,medium,10000,1,delete,10000,10095.129,0.09905768,0.096801996,0.107837,0.122506805,0.090027,0.408301,59.29,221.78,104.385,114.685,0.009999999999999787,0.0,0.0,0.0,2
redis,2026-07-10-03-10-39,2,ubuntu,medium,10000,1,insert,10000,8247.088,0.12125493,0.113145,0.15135345,0.171115,0.104485,3.100389,22.35,309.315,81.58500000000001,89.53,0.009999999999999787,102.39999999999782,0.0,0.0,2
redis,2026-07-10-03-10-39,2,ubuntu,medium,10000,1,read,10000,10798.727,0.092603505,0.090935,0.10064305,0.1127267,0.086325,0.418218,27.03,306.28499999999997,95.235,89.445,0.009999999999999787,0.0,0.0,0.0,2
redis,2026-07-10-03-10-39,2,ubuntu,medium,10000,1,update,10000,8918.251,0.112129614,0.109023996,0.12236405,0.14541508,0.0975,3.083347,34.01,298.505,96.11,89.24,0.0,0.0,0.0,0.0,2
redis,2026-07-10-03-10-39,2,ubuntu,medium,10000,2,delete,20000,19651.48,0.10155598,0.099665,0.12230895,0.139755,0.083462,1.285386,85.8,122.94,122.4,38.89,0.0,0.0,0.0,0.0,1
redis,2026-07-10-03-10-39,2,ubuntu,medium,10000,2,insert,20000,16884.95,0.11826841,0.114052996,0.131234,0.17649202,0.096313,8.049515,82.505,212.98499999999999,124.0,140.10000000000002,0.009999999999999787,204.8000000000029,0.0,0.0,2
redis,2026-07-10-03-10-39,2,ubuntu,medium,10000,2,read,20000,22012.176,0.09072997,0.089888,0.103367,0.1268347,0.076478,0.424295,85.38,205.92499999999998,137.45,139.85000000000002,0.009999999999999787,0.0,0.0,0.0,2
redis,2026-07-10-03-10-39,2,ubuntu,medium,10000,2,update,20000,17314.61,0.11538744,0.112796,0.126416,0.149743,0.093519,3.097595,86.53999999999999,129.195,130.85000000000002,89.345,0.009999999999999787,0.0,0.0,0.0,2
redis,2026-07-10-03-10-39,2,ubuntu,medium,10000,4,delete,40000,27577.533,0.14447747,0.141152,0.171743,0.19765571,0.087653,3.130421,37.01499999999999,703.815,224.35000000000002,342.65,0.0,0.0,0.0,10.240000000000009,2
redis,2026-07-10-03-10-39,2,ubuntu,medium,10000,4,insert,40000,25411.924,0.15671891,0.154073,0.193743,0.2403997,0.098757,4.427261,82.84,357.73,209.75,241.8,0.0,0.0,0.0,0.0,2
redis,2026-07-10-03-10-39,2,ubuntu,medium,10000,4,read,40000,29771.727,0.13366719,0.129768,0.167972,0.19562902,0.077525,0.569009,41.21,522.255,234.95,241.85000000000002,0.0,0.0,0.0,0.0,2
redis,2026-07-10-03-10-39,2,ubuntu,medium,10000,4,update,40000,26932.63,0.14757705,0.145482,0.180753,0.222589,0.09778,4.681629,29.945,439.71999999999997,232.14999999999998,185.55,0.010000000000001563,204.79999999999927,0.0,0.0,2
redis,2026-07-10-03-10-39,2,ubuntu,medium,10000,8,delete,80000,31387.562,0.25375286,0.251155,0.306191,0.3469787,0.087792,3.340578,62.26666666666667,399.66333333333336,345.8,326.19666666666666,0.009999999999999787,0.0,0.0,0.0,3
redis,2026-07-10-03-10-39,2,ubuntu,medium,10000,8,insert,80000,26787.082,0.29535913,0.283631,0.381062,0.46187067,0.112027,17.718544,56.696666666666665,672.41,313.1666666666667,366.9666666666667,0.019999999999999574,409.59999999999854,0.0,0.0,3
redis,2026-07-10-03-10-39,2,ubuntu,medium,10000,8,read,80000,34199.938,0.23131692,0.228526,0.299765,0.334756,0.089259,0.702967,71.3,547.355,427.1,241.97000000000003,0.0,0.0,0.0,0.0,2
redis,2026-07-10-03-10-39,2,ubuntu,medium,10000,8,update,80000,26001.584,0.30490568,0.291314,0.391049,0.469203,0.119221,21.261667,83.09666666666668,636.0600000000001,482.0333333333333,303.40000000000003,0.019999999999999574,614.4000000000015,0.0,0.0,3
redis,2026-07-10-03-10-39,2,ubuntu,medium,100000,1,delete,100000,9539.729,0.10482479,0.096872,0.127882,0.14094202,0.090167,2.410203,47.24,65.14,408.3833333333334,86.04666666666667,0.03999999999999915,0.0,0.0,0.0,6
redis,2026-07-10-03-10-39,2,ubuntu,medium,100000,1,insert,100000,8513.346,0.117462635,0.11084,0.148486,0.165388,0.092192,2.029839,43.145714285714284,78.73428571428572,370.85714285714283,85.49857142857142,0.05000000000000071,409.59999999999854,0.0,10.240000000000009,7
redis,2026-07-10-03-10-39,2,ubuntu,medium,100000,1,read,100000,10668.879,0.09373057,0.08863,0.11545,0.126066,0.082484,0.580324,41.20166666666667,147.6,525.3833333333333,89.78833333333334,0.009999999999999787,0.0,0.0,0.0,6
redis,2026-07-10-03-10-39,2,ubuntu,medium,100000,1,update,100000,8541.235,0.11707908,0.111749,0.144295,0.16496968,0.096453,25.731533,76.58142857142857,102.33571428571429,535.5142857142857,90.00714285714285,0.0600000000000005,1228.7999999999993,0.0,0.0,7
redis,2026-07-10-03-10-39,2,ubuntu,medium,100000,2,delete,200000,19728.74,0.10134587,0.099177,0.113076,0.13172302,0.081785,26.365221,135.815,162.68666666666667,707.4273333333334,134.78333333333333,0.0600000000000005,1024.0,0.0,10.240000000000009,6
redis,2026-07-10-03-10-39,2,ubuntu,medium,100000,2,insert,200000,16753.746,0.11928429,0.114123,0.139127,0.179217,0.092053,35.3134,120.36875,164.1075,623.075,141.1875,0.05000000000000071,1638.3999999999978,0.0,0.0,8
redis,2026-07-10-03-10-39,2,ubuntu,medium,100000,2,read,200000,22089.623,0.0904524,0.089957,0.100783,0.118034,0.074452,3.268641,93.47500000000001,136.06166666666667,1021.1666666666666,141.54999999999998,0.009999999999999787,102.40000000000146,0.0,0.0,6
redis,2026-07-10-03-10-39,2,ubuntu,medium,100000,2,update,200000,17119.857,0.11672032,0.113424,0.129698,0.165597,0.093519,43.920963,88.19714285714285,148.68714285714285,1020.574857142857,135.62714285714284,0.05000000000000071,819.1999999999971,0.0,0.0,7
redis,2026-07-10-03-10-39,2,ubuntu,medium,100000,4,delete,400000,27307.988,0.1463814,0.14206,0.185014,0.225662,0.08437,61.709713,137.44555555555556,286.95444444444445,1585.5213333333334,263.15555555555557,0.0,1126.3999999999942,0.0,10.240000000000009,9
redis,2026-07-10-03-10-39,2,ubuntu,medium,100000,4,insert,400000,23679.854,0.16851813,0.15973,0.220354,0.280628,0.095544,43.31459,115.09400000000001,274.467,1119.6064000000001,235.19,0.09999999999999964,2457.5999999999985,0.0,0.0,10
redis,2026-07-10-03-10-39,2,ubuntu,medium,100000,4,read,400000,29774.55,0.13387215,0.130187,0.176772,0.21190369,0.076268,1.440367,90.11375,260.41875,2011.136,243.325,0.009999999999999787,0.0,0.0,10.240000000000009,8
redis,2026-07-10-03-10-39,2,ubuntu,medium,100000,4,update,400000,23830.615,0.16737683,0.157844,0.219236,0.263516,0.093519,71.07898,136.279,267.054,2188.1856,229.9,0.10999999999999943,3174.4000000000015,0.0,10.240000000000009,10
redis,2026-07-10-03-10-39,2,ubuntu,medium,100000,8,delete,800000,27990.32,0.2848967,0.274901,0.36835,0.50217074,0.087234,15.637029,163.56875,322.823125,2694.75825,417.663125,0.09999999999999964,3174.4000000000015,0.0,0.0,16
redis,2026-07-10-03-10-39,2,ubuntu,medium,100000,8,insert,800000,23942.33,0.33271077,0.313175,0.464664,0.634452,0.109793,92.65502,134.24631578947367,412.67263157894735,2228.4138947368424,439.72105263157897,0.20000000000000107,4915.200000000004,0.73,20.480000000000018,19
redis,2026-07-10-03-10-39,2,ubuntu,medium,100000,8,read,800000,29691.807,0.26866314,0.260304,0.373868,0.43079,0.079341,112.622375,152.514,410.09933333333333,4009.096533333334,431.72666666666663,0.0,2252.7999999999956,0.0,10.240000000000009,15
redis,2026-07-10-03-10-39,2,ubuntu,medium,100000,8,update,800000,23766.686,0.33233964,0.314782,0.463966,0.648909,0.104695,168.76088,145.52684210526317,400.9789473684211,4214.999578947369,427.37368421052633,0.7999999999999989,5529.5999999999985,0.0,30.720000000000027,19
redis,2026-07-10-03-10-39,2,ubuntu,small,0,1,doc_delete,10000,8632.104,0.115846604,0.109374,0.13800904,0.28371078,0.101482,3.547241,62.650000000000006,99.125,44.855000000000004,88.41499999999999,0.009999999999999787,0.0,0.0,0.0,2
redis,2026-07-10-03-10-39,2,ubuntu,small,0,1,doc_increment,10000,7771.0137,0.12868334,0.122784,0.13801345,0.29782954,0.113564,3.493951,38.09,69.81,44.465,71.825,0.009999999999999787,0.0,0.0,0.0,2
redis,2026-07-10-03-10-39,2,ubuntu,small,0,1,doc_insert,10000,7845.1313,0.12746759,0.120549,0.13786905,0.3087099,0.114053,5.105013,18.755,310.07,46.795,71.215,0.0,0.0,0.0,0.0,2
redis,2026-07-10-03-10-39,2,ubuntu,small,0,1,doc_read,10000,7204.8086,0.1387962,0.142549,0.15554,0.284539,0.110002,3.600811,13.294999999999998,311.80499999999995,46.77,71.455,0.0,0.0,0.0,0.0,2
redis,2026-07-10-03-10-39,2,ubuntu,small,0,1,doc_read_partial,10000,8559.0625,0.116835214,0.112027,0.12453,0.281117,0.107138,3.558696,33.49,74.93,47.04,37.68,0.0,0.0,0.0,0.0,1
redis,2026-07-10-03-10-39,2,ubuntu,small,0,1,doc_update_partial,10000,7787.055,0.12841825,0.118663,0.15980446,0.30333328,0.114961,6.355128,38.525,69.42,45.65,71.89,0.010000000000001563,0.0,0.0,10.239999999999782,2
redis,2026-07-10-03-10-39,2,ubuntu,small,0,1,mix_10W_90R,10000,11186.113,0.08939655,0.086325,0.10337145,0.1146827,0.081297,0.447762,38.4725,128.5675,91.63499999999999,71.4375,0.02999999999999936,0.0,0.0,0.0,4
redis,2026-07-10-03-10-39,2,ubuntu,small,0,1,mix_50W_50R,20000,10415.158,0.0960139,0.098758,0.109653,0.1296287,0.082065,3.063511,38.4725,128.5675,91.63499999999999,71.4375,0.02999999999999936,0.0,0.0,0.0,4
redis,2026-07-10-03-10-39,2,ubuntu,small,0,1,mix_90W_10R,10000,9788.107,0.10216479,0.100015,0.11224145,0.13480857,0.083392,6.361693,38.4725,128.5675,91.63499999999999,71.4375,0.02999999999999936,0.0,0.0,0.0,4
redis,2026-07-10-03-10-39,2,ubuntu,small,0,1,queue,20000,9747.464,0.102590784,0.093869,0.12432,0.133679,0.085348,3.092915,26.765,189.38,68.625,59.980000000000004,0.0,0.0,0.0,0.0,2
redis,2026-07-10-03-10-39,2,ubuntu,small,0,2,doc_delete,20000,16681.664,0.11965205,0.112866,0.153444,0.2772792,0.100643,4.996059,90.315,170.02999999999997,47.155,138.85,0.009999999999999787,0.0,0.0,0.0,2
redis,2026-07-10-03-10-39,2,ubuntu,small,0,2,doc_increment,20000,14200.342,0.14074776,0.126904,0.18383294,0.27951068,0.110701,3.502961,24.16,383.64,47.125,105.75,0.010000000000001563,0.0,0.0,0.0,2
redis,2026-07-10-03-10-39,2,ubuntu,small,0,2,doc_insert,20000,15166.025,0.1312405,0.125298,0.14311145,0.327213,0.11105,5.964009,45.765,374.505,48.04,105.55,0.0,0.0,0.0,0.0,2
redis,2026-07-10-03-10-39,2,ubuntu,small,0,2,doc_read,20000,16276.135,0.1225601,0.118174,0.132212,0.2764391,0.103298,3.410839,38.125,383.51,47.8,105.65,0.0,0.0,0.0,0.0,2
redis,2026-07-10-03-10-39,2,ubuntu,small,0,2,doc_read_partial,20000,16168.857,0.123506986,0.116847,0.154003,0.29817507,0.100713,3.879204,39.31,381.465,47.53,105.75,0.0,0.0,0.0,0.0,2
redis,2026-07-10-03-10-39,2,ubuntu,small,0,2,doc_update_partial,20000,15310.286,0.13020878,0.122016,0.16440904,0.3024246,0.106999,5.143707,37.22,379.995,47.195,105.6,0.009999999999999787,0.0,0.0,0.0,2
redis,2026-07-10-03-10-39,2,ubuntu,small,0,2,mix_10W_90R,20000,21521.488,0.09199558,0.089538,0.110002,0.131234,0.071938,0.577948,77.475,189.8925,45.925,105.0,0.019999999999999574,102.39999999999782,0.0,0.0,4
redis,2026-07-10-03-10-39,2,ubuntu,small,0,2,mix_50W_50R,40000,20445.44,0.09671792,0.096383,0.111609,0.12201669,0.074452,0.52815,77.475,189.8925,45.925,105.0,0.019999999999999574,102.39999999999782,0.0,0.0,4
redis,2026-07-10-03-10-39,2,ubuntu,small,0,2,mix_90W_10R,20000,19017.465,0.10510303,0.103996,0.116847,0.1266257,0.081018,1.332808,77.475,189.8925,45.925,105.0,0.019999999999999574,102.39999999999782,0.0,0.0,4
redis,2026-07-10-03-10-39,2,ubuntu,small,0,2,queue,40000,20625.812,0.096932665,0.095405,0.108745,0.120199,0.081437,0.641784,45.004999999999995,263.985,46.105000000000004,91.28999999999999,0.009999999999999787,0.0,0.0,0.0,2
redis,2026-07-10-03-10-39,2,ubuntu,small,0,4,doc_delete,40000,26320.268,0.15105058,0.146181,0.192207,0.3322462,0.101621,5.112138,38.065000000000005,754.385,43.67,232.1,0.009999999999999787,0.0,0.0,0.0,2
redis,2026-07-10-03-10-39,2,ubuntu,small,0,4,doc_increment,40000,24538.105,0.1621644,0.157146,0.189972,0.3543834,0.111888,5.050328,33.285,430.20500000000004,44.59,153.39999999999998,0.009999999999999787,0.0,0.0,0.0,2
redis,2026-07-10-03-10-39,2,ubuntu,small,0,4,doc_insert,40000,25051.777,0.15783918,0.152048,0.19158246,0.36122668,0.109723,5.560598,34.025,437.905,47.82,146.45,0.009999999999999787,0.0,0.0,0.0,2
redis,2026-07-10-03-10-39,2,ubuntu,small,0,4,doc_read,40000,27925.639,0.14040253,0.132911,0.171743,0.33490297,0.103367,5.011216,53.8,518.67,45.625,173.35,0.0,0.0,0.0,0.0,2
redis,2026-07-10-03-10-39,2,ubuntu,small,0,4,doc_read_partial,40000,29154.047,0.13656734,0.130745,0.16518246,0.3181344,0.102041,4.685888,20.125,573.73,45.49,170.25,0.0,0.0,0.0,0.0,2
redis,2026-07-10-03-10-39,2,ubuntu,small,0,4,doc_update_partial,40000,23520.295,0.16724169,0.158089,0.2188905,0.3495637,0.106511,6.113334,78.39500000000001,387.69000000000005,46.254999999999995,173.3,0.010000000000001563,0.0,0.0,0.0,2
redis,2026-07-10-03-10-39,2,ubuntu,small,0,4,mix_10W_90R,40000,30532.512,0.12942095,0.125437,0.179007,0.22329009,0.073334,1.59828,87.378,229.096,47.998000000000005,164.01999999999998,0.02999999999999936,0.0,0.0,0.0,5
redis,2026-07-10-03-10-39,2,ubuntu,small,0,4,mix_50W_50R,80000,28902.77,0.1336719,0.131724,0.16853,0.1947917,0.079481,3.2993,87.378,229.096,47.998000000000005,164.01999999999998,0.02999999999999936,0.0,0.0,0.0,5
redis,2026-07-10-03-10-39,2,ubuntu,small,0,4,mix_90W_10R,40000,25870.705,0.15191321,0.144924,0.20994705,0.2561879,0.08472,1.708841,87.378,229.096,47.998000000000005,164.01999999999998,0.02999999999999936,0.0,0.0,0.0,5
redis,2026-07-10-03-10-39,2,ubuntu,small,0,4,queue,80000,33222.457,0.11959999,0.118593,0.15114,0.17502668,0.079621,3.258722,77.53,344.16999999999996,49.835,122.845,0.009999999999999787,0.0,0.0,0.0,2
redis,2026-07-10-03-10-39,2,ubuntu,small,0,8,doc_delete,80000,30361.758,0.25743514,0.247732,0.344814,0.52389073,0.113564,7.380282,42.266666666666666,538.78,56.75333333333333,231.66,0.02000000000000135,0.0,0.0,10.240000000000009,3
redis,2026-07-10-03-10-39,2,ubuntu,small,0,8,doc_increment,80000,27237.797,0.28026932,0.269383,0.395938,0.5459659,0.116847,7.501878,38.14333333333334,765.1166666666667,51.04666666666666,304.3666666666667,0.0,0.0,0.0,0.0,3
redis,2026-07-10-03-10-39,2,ubuntu,small,0,8,doc_insert,80000,28355.533,0.2756897,0.266101,0.37897044,0.55252737,0.120409,8.272173,37.09,718.5666666666666,49.32,278.0,0.019999999999999574,0.0,0.0,0.0,3
redis,2026-07-10-03-10-39,2,ubuntu,small,0,8,doc_read,80000,32744.332,0.23007354,0.224265,0.311568,0.4839414,0.105812,8.133885,75.445,639.095,53.275,187.81,0.0,0.0,0.0,10.240000000000009,2
redis,2026-07-10-03-10-39,2,ubuntu,small,0,8,doc_read_partial,80000,33060.887,0.2343034,0.228036,0.31695047,0.49910787,0.108396,13.702445,41.169999999999995,853.98,53.06666666666666,305.2,0.009999999999999787,0.0,0.0,0.0,3
redis,2026-07-10-03-10-39,2,ubuntu,small,0,8,doc_update_partial,80000,28132.807,0.26502383,0.25304,0.367093,0.5265468,0.117475,8.414234,44.51333333333333,790.98,53.06,308.43333333333334,0.019999999999999574,0.0,0.0,0.0,3
redis,2026-07-10-03-10-39,2,ubuntu,small,0,8,mix_10W_90R,80000,31428.39,0.25102255,0.240469,0.360039,0.4470661,0.088142,1.797892,85.49222222222222,460.08111111111106,45.254444444444445,303.7888888888889,0.07000000000000028,102.40000000000146,0.0,10.240000000000009,9
redis,2026-07-10-03-10-39,2,ubuntu,small,0,8,mix_50W_50R,160000,35857.71,0.22160071,0.220005,0.27315846,0.314292,0.104555,3.472301,85.49222222222222,460.08111111111106,45.254444444444445,303.7888888888889,0.07000000000000028,102.40000000000146,0.0,10.240000000000009,9
redis,2026-07-10-03-10-39,2,ubuntu,small,0,8,mix_90W_10R,80000,32256.627,0.24675313,0.241446,0.317715,0.377709,0.109932,1.783643,85.49222222222222,460.08111111111106,45.254444444444445,303.7888888888889,0.07000000000000028,102.40000000000146,0.0,10.240000000000009,9
redis,2026-07-10-03-10-39,2,ubuntu,small,0,8,queue,160000,38709.113,0.20182346,0.194232,0.283143,0.321277,0.085837,3.380667,81.80666666666666,509.6366666666667,48.15,216.61666666666667,0.009999999999999787,0.0,0.0,0.0,3
redis,2026-07-10-03-10-39,2,ubuntu,small,10000,1,delete,10000,8847.595,0.11302508,0.120618,0.13333,0.14171001,0.092751,0.485964,63.485,176.1,11.455,52.795,0.008007812499999996,0.7600000000000002,0.0,0.0,2
redis,2026-07-10-03-10-39,2,ubuntu,small,10000,1,insert,10000,9372.374,0.10669656,0.1019,0.13207205,0.146041,0.095404,0.778325,15.96,70.57,8.082,13.39,0.0,0.0,0.0,0.0,1
redis,2026-07-10-03-10-39,2,ubuntu,small,10000,1,read,10000,10780.441,0.092760585,0.085906,0.1148945,0.1221554,0.081087,0.388674,30.029999999999998,301.385,10.49,35.945,0.008017578124999999,0.0,0.0,0.0,2
redis,2026-07-10-03-10-39,2,ubuntu,small,10000,1,update,10000,8410.208,0.11890312,0.114192,0.141361,0.1781015,0.095894,6.477336,41.489999999999995,258.115,10.5,36.165,0.008007812500000003,1.74,0.0,0.0,2
redis,2026-07-10-03-10-39,2,ubuntu,small,10000,2,delete,20000,20016.803,0.099629276,0.098618,0.112167,0.125577,0.080738,1.104071,59.305,431.765,13.135,103.47,0.008007812499999996,1.3999999999999986,0.0,0.0,2
redis,2026-07-10-03-10-39,2,ubuntu,small,10000,2,insert,20000,17950.492,0.111294374,0.105183,0.13179204,0.23279548,0.091564,1.318208,74.08000000000001,135.01,12.67,45.905,0.004003906250000001,3.04,0.0,0.0,2
redis,2026-07-10-03-10-39,2,ubuntu,small,10000,2,read,20000,22121.803,0.090176925,0.0887,0.098687,0.10574409,0.076687,0.42129,66.26,139.48,12.75,22.26,0.0,0.0,0.0,0.0,1
redis,2026-07-10-03-10-39,2,ubuntu,small,10000,2,update,20000,18805.195,0.10610078,0.103856,0.117265,0.13438259,0.091075,6.170658,43.95,377.19,12.66,70.00999999999999,0.007910156250000001,3.5100000000000007,0.0,0.0,2
redis,2026-07-10-03-10-39,2,ubuntu,small,10000,4,delete,40000,27191.516,0.14616004,0.143527,0.18634,0.22705801,0.079481,10.365822,57.215,572.76,18.1,204.0,0.008007812500000003,0.8999999999999986,0.0,0.0,2
redis,2026-07-10-03-10-39,2,ubuntu,small,10000,4,insert,40000,28740.703,0.1386855,0.137659,0.175514,0.21483502,0.090166,3.186077,47.205,521.455,16.080000000000002,137.25,0.004003906250000001,6.100000000000001,0.0,0.0,2
redis,2026-07-10-03-10-39,2,ubuntu,small,10000,4,read,40000,36658.844,0.107873656,0.110071,0.133888,0.15330401,0.075709,0.481355,28.235,547.395,18.435000000000002,137.3,0.008007812500000003,0.0,0.0,0.0,2
redis,2026-07-10-03-10-39,2,ubuntu,small,10000,4,update,40000,29524.379,0.1353061,0.132911,0.173628,0.209807,0.090586,3.220301,21.275,548.945,18.060000000000002,130.15,0.0040039062499999944,6.899999999999999,0.0,0.0,2
redis,2026-07-10-03-10-39,2,ubuntu,small,10000,8,delete,80000,32242.863,0.24631207,0.245148,0.29271,0.328749,0.0843,9.927422,79.175,408.03,27.6,141.965,0.0078125,2.299999999999997,0.0,0.6123046875,2
redis,2026-07-10-03-10-39,2,ubuntu,small,10000,8,insert,80000,33303.203,0.23291638,0.22636,0.31485444,0.3520077,0.101831004,3.045485,58.27,701.2399999999999,23.896666666666665,270.93333333333334,0.007617187499999997,13.7,0.0,0.0,3
redis,2026-07-10-03-10-39,2,ubuntu,small,10000,8,read,80000,43867.133,0.17986193,0.176143,0.23914005,0.272526,0.088141,0.631866,45.2,689.28,27.36,200.95,0.0,0.0,0.0,0.0,2
redis,2026-07-10-03-10-39,2,ubuntu,small,10000,8,update,80000,34708.25,0.22940354,0.226849,0.286774,0.3372,0.098199,9.787108,75.44,554.2033333333333,27.98,271.09999999999997,0.015625,14.200000000000003,0.0,0.2041015625,3
redis,2026-07-10-03-10-39,2,ubuntu,small,100000,1,delete,100000,9796.446,0.102077834,0.096732,0.12411,0.13766,0.090097,13.664845,43.40833333333333,91.43166666666667,30.715,40.895,0.0361328125,3.0,0.0,2.0999999999999996,6
redis,2026-07-10-03-10-39,2,ubuntu,small,100000,1,insert,100000,9353.991,0.10690623,0.101062,0.129698,0.144714,0.094217,7.899056,38.72428571428571,134.40285714285716,28.169999999999998,37.01285714285715,0.0400390625,26.1,0.0,2.52359375,7
redis,2026-07-10-03-10-39,2,ubuntu,small,100000,1,read,100000,10963.4375,0.09121227,0.086535,0.110282,0.12201569,0.080529,2.065664,35.88,148.48999999999998,31.258333333333336,36.55833333333333,0.0078125,14.899999999999991,0.0,4.18,6
redis,2026-07-10-03-10-39,2,ubuntu,small,100000,1,update,100000,8965.307,0.111541085,0.101691,0.136961,0.14834599,0.092262,7.113537,36.73857142857143,134.67142857142858,30.965714285714284,36.73428571428571,0.048828125,16.900000000000006,0.0,7.08,7
redis,2026-07-10-03-10-39,2,ubuntu,small,100000,2,delete,200000,19926.508,0.10030443,0.09771,0.120548,0.13535668,0.078852996,20.308777,83.455,166.04166666666666,50.56666666666666,78.40666666666667,0.0361328125,28.0,0.0,4.199999999999999,6
redis,2026-07-10-03-10-39,2,ubuntu,small,100000,2,insert,200000,18507.715,0.107988246,0.104555,0.124459,0.14625,0.08877,18.05746,87.89428571428572,150.89857142857142,37.76142857142857,69.89428571428572,0.0400390625,59.0,0.0,2.1000000000000014,7
redis,2026-07-10-03-10-39,2,ubuntu,small,100000,2,read,200000,21725.441,0.09203057,0.089678,0.110631,0.120269,0.074521996,0.857877,76.32333333333334,179.14166666666668,53.846666666666664,70.705,0.0078125,0.0,0.0,0.0,6
redis,2026-07-10-03-10-39,2,ubuntu,small,100000,2,update,200000,18812.643,0.106249705,0.102878,0.129768,0.14848502,0.087653,7.51367,90.03857142857143,165.85714285714286,53.73142857142857,70.60571428571428,0.0478515625,65.0,0.0,6.199999999999999,7
redis,2026-07-10-03-10-39,2,ubuntu,small,100000,4,delete,400000,27826.55,0.143544,0.140174,0.180544,0.223008,0.082414,11.969361,95.21444444444445,287.2911111111111,90.33555555555556,153.54444444444445,0.0634765625,54.0,0.0,8.300000000000004,9
redis,2026-07-10-03-10-39,2,ubuntu,small,100000,4,insert,400000,28734.922,0.13892697,0.135075,0.184664,0.22705801,0.087652,17.203785,100.47,243.52375,66.825,129.11124999999998,0.0556640625,104.0,0.0,4.199999999999999,8
redis,2026-07-10-03-10-39,2,ubuntu,small,100000,4,read,400000,36954.875,0.108097695,0.108535,0.136403,0.156657,0.073335,0.801095,89.53428571428572,306.8771428571428,98.26857142857143,138.25714285714284,0.0087890625,0.0,0.0,4.100000000000001,7
redis,2026-07-10-03-10-39,2,ubuntu,small,100000,4,update,400000,28920.723,0.13768163,0.135564,0.176842,0.219655,0.087373,18.914934,100.99625,258.08,98.36,127.435,0.0517578125,128.0,0.0,8.399999999999999,8
redis,2026-07-10-03-10-39,2,ubuntu,small,100000,8,delete,800000,29084.006,0.27465037,0.268057,0.353474,0.447762,0.096383,17.167213,99.91799999999999,351.65999999999997,155.55133333333333,256.92866666666663,0.107421875,102.40000000000009,0.0,16.0,15
redis,2026-07-10-03-10-39,2,ubuntu,small,100000,8,insert,800000,31011.006,0.25568876,0.245357,0.353754,0.434771,0.090726,17.626762,100.41,371.78785714285715,110.96357142857143,255.5557142857143,0.1005859375,196.0,0.0,16.599999999999994,14
redis,2026-07-10-03-10-39,2,ubuntu,small,100000,8,read,800000,40581.8,0.19599053,0.187598,0.272945,0.36828,0.088701,4.039215,95.15416666666665,452.4975,189.95833333333334,265.09999999999997,0.0078125,18.0,0.0,16.400000000000006,12
redis,2026-07-10-03-10-39,2,ubuntu,small,100000,8,update,800000,31008.643,0.2558541,0.244729,0.358573,0.43980068,0.095265,23.128494,118.13285714285713,384.65214285714285,192.67142857142858,260.7557142857143,0.103515625,389.3599999999999,0.0,16.799999999999997,14
redis,2026-07-10-03-10-39,2,ubuntu,small,1000000,1,delete,1000000,9727.286,0.102803595,0.096872,0.125508,0.13794,0.089538,12.101759,52.913148148148146,65.92592592592592,155.5796296296296,42.53185185185185,0.43999999999999995,266.24000000000024,0.0,21.0,54
redis,2026-07-10-03-10-39,2,ubuntu,small,1000000,1,insert,1000000,9127.831,0.10955504,0.10218,0.135146,0.147647,0.09338,20.570662,46.887241379310346,73.26431034482758,126.1451724137931,39.697758620689655,0.4822656249999999,430.0799999999999,0.0,34.0,58
redis,2026-07-10-03-10-39,2,ubuntu,small,1000000,1,read,1000000,10825.42,0.09237517,0.086186,0.110771,0.120758,0.080319,9.74671,45.37204081632653,70.64244897959183,232.27142857142854,39.999591836734695,0.010000000000000009,163.84000000000015,0.0,24.0,49
redis,2026-07-10-03-10-39,2,ubuntu,small,1000000,1,update,1000000,9265.416,0.10792823,0.101481,0.132981,0.146531,0.094288,23.674858,50.73157894736842,70.42298245614035,232.54561403508774,41.407017543859645,0.45999999999999996,634.8799999999999,0.0,18.0,57
redis,2026-07-10-03-10-39,2,ubuntu,small,1000000,2,delete,2000000,19986.555,0.100026704,0.098269,0.11587,0.138498,0.078294,12.087107,95.35094339622643,127.11792452830188,292.6283018867924,80.69943396226415,0.4299999999999997,256.0,0.0,45.0,53
redis,2026-07-10-03-10-39,2,ubuntu,small,1000000,2,insert,2000000,18632.184,0.107335545,0.104275,0.128302,0.149464,0.085767,19.588026,98.12543859649122,135.2661403508772,245.07315789473685,76.35368421052631,0.43999999999999995,1218.56,0.0,38.0,57
redis,2026-07-10-03-10-39,2,ubuntu,small,1000000,2,read,2000000,22119.111,0.09040702,0.088701,0.102251,0.120828,0.072776,15.633589,86.33708333333334,138.56854166666668,455.45416666666665,76.87895833333333,0.010000000000000231,317.44000000000005,0.0,36.0,48
redis,2026-07-10-03-10-39,2,ubuntu,small,1000000,2,update,2000000,18642.535,0.10719544,0.103996,0.13319,0.150651,0.085977,22.715048,98.155,129.0080357142857,457.5464285714285,77.59035714285714,0.4500000000000002,1269.7600000000002,0.0,48.0,56
redis,2026-07-10-03-10-39,2,ubuntu,small,1000000,4,delete,4000000,27766.1,0.1439945,0.139684,0.184592,0.227684,0.081086,31.299055,115.70386666666668,199.01893333333334,568.0373333333333,157.39866666666666,0.6100000000000003,1228.7999999999993,0.06999999999999984,81.0,75
redis,2026-07-10-03-10-39,2,ubuntu,small,1000000,4,insert,4000000,28463.336,0.14020023,0.135565,0.189547,0.232787,0.087234,29.107882,120.13109589041096,219.55712328767123,474.8542465753425,146.57150684931506,0.5900000000000003,2048.0,1.05,75.0,73
redis,2026-07-10-03-10-39,2,ubuntu,small,1000000,4,read,4000000,36020.33,0.110915184,0.109999,0.141707,0.161751,0.072844,30.984346,109.86637931034483,243.38465517241377,902.3310344827586,150.98620689655175,0.0,614.3999999999987,0.0,79.0,58
redis,2026-07-10-03-10-39,2,ubuntu,small,1000000,4,update,4000000,28615.648,0.13963579,0.135283,0.188851,0.230547,0.088628,36.64277,126.76246575342465,225.5238356164384,912.8890410958903,153.21794520547945,0.5999999999999996,2570.2400000000016,0.0,89.0,73
redis,2026-07-10-03-10-39,2,ubuntu,small,1000000,8,delete,8000000,27886.625,0.28651968,0.279441,0.373379,0.474092,0.08423,51.98724,120.02829931972789,310.57727891156463,1071.9159319727892,300.58374149659863,1.2000000000000002,2662.4000000000015,0.0,174.08000000000015,147
redis,2026-07-10-03-10-39,2,ubuntu,small,1000000,8,insert,8000000,29092.174,0.27372238,0.259044,0.391326,0.512153,0.091633,55.07104,131.48084507042253,365.56570422535214,953.6279154929576,291.3025352112676,1.1500000000000004,5222.4000000000015,0.0,167.0,142
redis,2026-07-10-03-10-39,2,ubuntu,small,1000000,8,read,8000000,38721.613,0.20595822,0.194161,0.294525,0.412979,0.077106,60.314922,114.01990654205606,401.26635514018693,1795.550504672897,294.22644859813084,0.009999999999999787,1228.7999999999993,0.0,189.96000000000004,107
redis,2026-07-10-03-10-39,2,ubuntu,small,1000000,8,update,8000000,29115.725,0.27358943,0.260024,0.39035,0.508802,0.090376,66.71211,146.58739436619717,365.56915492957745,1844.0292957746478,298.35140845070424,1.17,6860.799999999999,0.0,163.83999999999992,142
redis,2026-07-10-04-08-41,4,ubuntu,medium,0,1,doc_delete,10000,8621.265,0.11599226,0.110595495,0.12383445,0.2809084,0.105043,5.16011,59.665000000000006,202.48,63.29,105.39999999999999,0.0,0.0,0.0,0.0,2
redis,2026-07-10-04-08-41,4,ubuntu,medium,0,1,doc_increment,10000,7500.394,0.13332634,0.124460004,0.16217405,0.3101745,0.118243,5.103886,37.3,140.555,71.28,80.10499999999999,0.0,0.0,0.0,0.0,2
redis,2026-07-10-04-08-41,4,ubuntu,medium,0,1,doc_insert,10000,6456.9175,0.15487267,0.144923,0.188366,0.3752671,0.131932,4.946111,36.55,182.875,85.60499999999999,79.555,0.0,102.40000000000146,0.0,0.0,2
redis,2026-07-10-04-08-41,4,ubuntu,medium,0,1,doc_read,10000,7761.542,0.12884039,0.121666,0.15442544,0.3119184,0.114682,3.357752,34.69,296.845,72.645,79.72,0.0,0.0,0.0,0.0,2
redis,2026-07-10-04-08-41,4,ubuntu,medium,0,1,doc_read_partial,10000,6557.5723,0.15249546,0.154002,0.168321,0.30849987,0.116357,3.636075,24.76,306.895,72.46000000000001,80.105,0.0,0.0,0.0,0.0,2
redis,2026-07-10-04-08-41,4,ubuntu,medium,0,1,doc_update_partial,10000,6100.2456,0.16392784,0.149324,0.2054805,0.3713551,0.136682,4.978868,13.355,312.46500000000003,72.18,80.16,0.0,0.0,0.0,0.0,2
redis,2026-07-10-04-08-41,4,ubuntu,medium,0,1,mix_10W_90R,10000,10341.053,0.09670195,0.090167,0.11971,0.1433177,0.08423,1.422693,42.1125,76.7025,162.25,72.0275,0.0,102.40000000000146,0.0,20.480000000000018,4
redis,2026-07-10-04-08-41,4,ubuntu,medium,0,1,mix_50W_50R,20000,9701.651,0.10307523,0.107348,0.120129,0.1440857,0.085906,1.185089,42.1125,76.7025,162.25,72.0275,0.0,102.40000000000146,0.0,20.480000000000018,4
redis,2026-07-10-04-08-41,4,ubuntu,medium,0,1,mix_90W_10R,10000,7663.2725,0.13049255,0.13926649,0.15854204,0.17153509,0.089608,0.626278,42.1125,76.7025,162.25,72.0275,0.0,102.40000000000146,0.0,20.480000000000018,4
redis,2026-07-10-04-08-41,4,ubuntu,medium,0,1,queue,20000,8320.411,0.12018637,0.122993,0.142898,0.1558197,0.091005,7.121219,44.78333333333333,146.94333333333333,100.51666666666667,79.48333333333333,0.0,0.0,0.0,0.0,3
redis,2026-07-10-04-08-41,4,ubuntu,medium,0,2,doc_delete,20000,14621.094,0.13652581,0.124599,0.167273,0.2872007,0.101062,4.97342,85.405,181.315,64.58500000000001,181.55,0.0,0.0,0.0,0.0,2
redis,2026-07-10-04-08-41,4,ubuntu,medium,0,2,doc_increment,20000,14622.487,0.13617374,0.127114,0.175235,0.31457657,0.113494,5.00925,28.605,384.95000000000005,64.06,131.25,0.0,0.0,0.0,0.0,2
redis,2026-07-10-04-08-41,4,ubuntu,medium,0,2,doc_insert,20000,13109.809,0.15239286,0.145202,0.18327045,0.33664522,0.124738,3.915585,24.97,389.52,128.7,130.8,0.0,0.0,0.0,0.0,2
redis,2026-07-10-04-08-41,4,ubuntu,medium,0,2,doc_read,20000,15750.463,0.12668417,0.122085,0.135704,0.2821661,0.112516,3.4879391,77.05,145.135,128.64999999999998,130.9,0.0,0.0,0.0,0.0,2
redis,2026-07-10-04-08-41,4,ubuntu,medium,0,2,doc_read_partial,20000,15027.766,0.13302206,0.123132,0.168181,0.30781138,0.109932,3.476205,67.815,239.44,129.14999999999998,131.2,0.0,0.0,0.0,0.0,2
redis,2026-07-10-04-08-41,4,ubuntu,medium,0,2,doc_update_partial,20000,12743.604,0.15666603,0.149183,0.188436,0.3339887,0.130676,4.993186,48.03,357.795,96.91,131.4,0.0,102.40000000000146,0.0,0.0,2
redis,2026-07-10-04-08-41,4,ubuntu,medium,0,2,mix_10W_90R,20000,20350.217,0.09805142,0.093799,0.120758,0.138079,0.080877,0.970672,80.0775,151.195,96.5325,113.3325,0.09999999999999964,204.79999999999563,0.0,0.0,4
redis,2026-07-10-04-08-41,4,ubuntu,medium,0,2,mix_50W_50R,40000,18344.113,0.10853376,0.109513,0.139825,0.15840368,0.07948,3.146618,80.0775,151.195,96.5325,113.3325,0.09999999999999964,204.79999999999563,0.0,0.0,4
redis,2026-07-10-04-08-41,4,ubuntu,medium,0,2,mix_90W_10R,20000,17062.66,0.11709398,0.11559,0.131723,0.15938002,0.085348,1.595624,80.0775,151.195,96.5325,113.3325,0.09999999999999964,204.79999999999563,0.0,0.0,4
redis,2026-07-10-04-08-41,4,ubuntu,medium,0,2,queue,40000,19467.14,0.10254629,0.101691,0.115868,0.13458769,0.082204,3.118471,60.53,259.36,133.3,93.685,0.0,102.40000000000146,0.0,0.0,2
redis,2026-07-10-04-08-41,4,ubuntu,medium,0,4,doc_delete,40000,24703.762,0.15311809,0.14611,0.19493,0.3316165,0.100921996,5.272905,53.57,657.3050000000001,89.385,333.5,0.0,102.40000000000146,0.0,0.0,2
redis,2026-07-10-04-08-41,4,ubuntu,medium,0,4,doc_increment,40000,23884.89,0.16523962,0.157704,0.207712,0.34705636,0.114401996,5.281567,35.59,535.395,89.035,232.60000000000002,0.0,0.0,0.0,0.0,2
redis,2026-07-10-04-08-41,4,ubuntu,medium,0,4,doc_insert,40000,20663.506,0.1895844,0.178308,0.25038505,0.42834917,0.129698,5.380114,58.825,416.975,125.65,233.45,0.0,102.40000000000146,0.0,0.0,2
redis,2026-07-10-04-08-41,4,ubuntu,medium,0,4,doc_read,40000,23323.174,0.17053153,0.164619,0.225452,0.3630448,0.109513,5.325428,73.02,392.92499999999995,124.3,233.8,0.0,0.0,0.0,0.0,2
redis,2026-07-10-04-08-41,4,ubuntu,medium,0,4,doc_read_partial,40000,23467.742,0.1678673,0.163152,0.228525,0.3616457,0.112795,8.614245,71.885,438.33,126.64999999999999,179.2,0.0,102.39999999999418,0.0,0.0,2
redis,2026-07-10-04-08-41,4,ubuntu,medium,0,4,doc_update_partial,40000,19155.719,0.2083372,0.195141,0.2757415,0.449158,0.136682,5.975173,109.725,395.22,113.225,170.64999999999998,0.0,102.40000000000146,0.0,0.0,2
redis,2026-07-10-04-08-41,4,ubuntu,medium,0,4,mix_10W_90R,40000,25570.506,0.15454766,0.148555,0.219026,0.2658231,0.079621,1.48206,91.76166666666666,272.03000000000003,138.44333333333333,232.70000000000002,0.09999999999999964,409.59999999999854,0.0,0.0,6
redis,2026-07-10-04-08-41,4,ubuntu,medium,0,4,mix_50W_50R,80000,25715.113,0.15444592,0.151488,0.206524,0.236557,0.081646,0.939173,91.76166666666666,272.03000000000003,138.44333333333333,232.70000000000002,0.09999999999999964,409.59999999999854,0.0,0.0,6
redis,2026-07-10-04-08-41,4,ubuntu,medium,0,4,mix_90W_10R,40000,23584.498,0.16790038,0.163921,0.219026,0.264144,0.087792,2.577331,91.76166666666666,272.03000000000003,138.44333333333333,232.70000000000002,0.09999999999999964,409.59999999999854,0.0,0.0,6
redis,2026-07-10-04-08-41,4,ubuntu,medium,0,4,queue,80000,26773.004,0.14874993,0.14394599,0.206036,0.238443,0.082903,5.611502,53.74333333333333,445.94666666666666,172.79999999999998,232.73333333333335,0.0,102.40000000000146,0.0,0.0,3
redis,2026-07-10-04-08-41,4,ubuntu,medium,0,8,doc_delete,80000,30906.379,0.25402772,0.242144,0.345372,0.5280128,0.114611,7.459678,39.2,483.9533333333334,117.8,301.9266666666667,0.0,0.0,0.0,0.0,3
redis,2026-07-10-04-08-41,4,ubuntu,medium,0,8,doc_increment,80000,27539.03,0.2775808,0.267567,0.398941,0.5465229,0.122085,9.395575,53.75333333333333,780.6533333333333,117.66666666666667,437.43333333333334,0.0,0.0,0.0,0.0,3
redis,2026-07-10-04-08-41,4,ubuntu,medium,0,8,doc_insert,80000,24234.865,0.3190911,0.308984,0.416332,0.6551937,0.12404,9.292696,59.89333333333334,771.1433333333333,230.4333333333333,399.6666666666667,0.0,307.1999999999971,0.0,10.240000000000009,3
redis,2026-07-10-04-08-41,4,ubuntu,medium,0,8,doc_read,80000,26284.926,0.29077396,0.277624,0.41249,0.5472212,0.123272,10.069625,41.11000000000001,686.3000000000001,192.03333333333333,319.23333333333335,0.0,0.0,0.0,0.0,3
redis,2026-07-10-04-08-41,4,ubuntu,medium,0,8,doc_read_partial,80000,26561.086,0.29156265,0.27951,0.409976,0.5570661,0.118942,8.81162,60.41333333333333,759.4,117.93333333333334,438.0333333333333,0.09999999999999964,0.0,0.0,0.0,3
redis,2026-07-10-04-08-41,4,ubuntu,medium,0,8,doc_update_partial,80000,22806.58,0.3389769,0.32833,0.455234,0.67,0.149323,10.662309,56.10999999999999,693.64,121.76666666666667,345.56666666666666,0.0,307.20000000000437,0.0,0.0,3
redis,2026-07-10-04-08-41,4,ubuntu,medium,0,8,mix_10W_90R,80000,27587.814,0.28488773,0.280069,0.37736,0.46061268,0.095265,3.021809,88.05,413.733,209.42800000000003,408.42999999999995,0.10000000000000142,614.4000000000015,0.0,10.240000000000009,10
redis,2026-07-10-04-08-41,4,ubuntu,medium,0,8,mix_50W_50R,160000,29208.127,0.27239525,0.271338,0.338457,0.381899,0.104066,3.617497,88.05,413.733,209.42800000000003,408.42999999999995,0.10000000000000142,614.4000000000015,0.0,10.240000000000009,10
redis,2026-07-10-04-08-41,4,ubuntu,medium,0,8,mix_90W_10R,80000,23050.12,0.34257597,0.327212,0.49274346,0.6727261,0.119431004,3.400426,88.05,413.733,209.42800000000003,408.42999999999995,0.10000000000000142,614.4000000000015,0.0,10.240000000000009,10
redis,2026-07-10-04-08-41,4,ubuntu,medium,0,8,queue,160000,32201.424,0.24529448,0.238862,0.330216,0.3742177,0.089608,4.612404,64.17999999999999,609.0275,261.025,386.475,0.0,409.59999999999854,0.0,0.0,4
redis,2026-07-10-04-08-41,4,ubuntu,medium,10000,1,delete,10000,10118.258,0.098831244,0.096382,0.107907,0.1234827,0.089818,3.090742,39.41,70.61,97.13,56.55,0.0,0.0,0.0,0.0,1
redis,2026-07-10-04-08-41,4,ubuntu,medium,10000,1,insert,10000,8304.903,0.12041079,0.115031,0.12872,0.17356038,0.102948,10.222153,50.97,75.99000000000001,92.205,89.34,0.0,0.0,0.0,0.0,2
redis,2026-07-10-04-08-41,4,ubuntu,medium,10000,1,read,10000,10598.615,0.09435194,0.092542,0.102319,0.11300709,0.087792,0.40795,61.46000000000001,76.045,97.93,89.36500000000001,0.0,102.39999999999782,0.0,0.0,2
redis,2026-07-10-04-08-41,4,ubuntu,medium,10000,1,update,10000,8419.927,0.11876588,0.113634,0.12788105,0.15980738,0.105741,12.182355,56.92,68.805,97.595,72.91499999999999,0.0,0.0,0.0,0.0,2
redis,2026-07-10-04-08-41,4,ubuntu,medium,10000,2,delete,20000,19263.701,0.10348046,0.098827,0.129279,0.1514894,0.082903,1.161272,51.905,465.235,134.55,190.60000000000002,0.0,0.0,0.0,0.0,2
redis,2026-07-10-04-08-41,4,ubuntu,medium,10000,2,insert,20000,16598.287,0.12026748,0.115031004,0.134587,0.17202479,0.096312,10.198198,36.985,390.16499999999996,116.695,140.05,0.0,102.40000000000146,0.0,0.0,2
redis,2026-07-10-04-08-41,4,ubuntu,medium,10000,2,read,20000,21900.482,0.091285825,0.090097,0.107348,0.124459006,0.074732,0.422268,41.125,382.65,143.4,139.65,0.0,0.0,0.0,0.0,2
redis,2026-07-10-04-08-41,4,ubuntu,medium,10000,2,update,20000,15851.382,0.12606111,0.116218,0.156937,0.17202368,0.097151,12.461096,54.855,381.95,144.9,139.2,0.0,204.79999999999927,0.0,0.0,2
redis,2026-07-10-04-08-41,4,ubuntu,medium,10000,4,delete,40000,27308.373,0.14177191,0.137729,0.1681845,0.19891101,0.080179,6.699926,59.055,799.17,192.95,279.6,0.0,0.0,0.0,0.0,2
redis,2026-07-10-04-08-41,4,ubuntu,medium,10000,4,insert,40000,23550.0,0.16810142,0.16189499,0.21784246,0.26254007,0.101901,14.997358,56.879999999999995,423.83000000000004,183.45,180.65,0.0,307.2000000000007,0.0,0.0,2
redis,2026-07-10-04-08-41,4,ubuntu,medium,10000,4,read,40000,30484.81,0.13076125,0.129139,0.169508,0.198003,0.078224,0.477583,50.015,501.09000000000003,244.55,241.39999999999998,0.0,0.0,0.0,0.0,2
redis,2026-07-10-04-08-41,4,ubuntu,medium,10000,4,update,40000,26610.893,0.14977139,0.146181,0.18990201,0.23942,0.098687,4.587328,68.065,467.315,247.10000000000002,191.85,0.0,204.79999999999927,0.0,0.0,2
redis,2026-07-10-04-08-41,4,ubuntu,medium,10000,8,delete,80000,31003.254,0.24662493,0.24361,0.302069,0.38294667,0.088212,9.120039,99.08666666666666,471.93,339.3333333333333,320.57666666666665,0.0,102.40000000000146,0.0,0.0,3
redis,2026-07-10-04-08-41,4,ubuntu,medium,10000,8,insert,80000,26823.125,0.2946662,0.282933,0.388743,0.4569107,0.115101,17.62253,60.48333333333333,688.1133333333333,300.3666666666667,321.0333333333333,0.09999999999999964,512.0,0.0,0.0,3
redis,2026-07-10-04-08-41,4,ubuntu,medium,10000,8,read,80000,32893.074,0.24046592,0.237395,0.319739,0.347676,0.089608,1.015092,77.49,573.71,441.3,417.59999999999997,0.0,0.0,0.0,0.0,3
redis,2026-07-10-04-08-41,4,ubuntu,medium,10000,8,update,80000,28464.143,0.2796279,0.27036,0.360946,0.4363084,0.120129,24.947617,130.04,652.6766666666666,485.90000000000003,444.7,0.0,614.3999999999978,0.0,0.0,3
redis,2026-07-10-04-08-41,4,ubuntu,medium,100000,1,delete,100000,9609.314,0.1040657,0.096872,0.125647,0.138009,0.090097,7.825858,61.95166666666666,70.54666666666667,381.5333333333333,87.82833333333333,0.09999999999999964,102.40000000000146,0.0,10.240000000000009,6
redis,2026-07-10-04-08-41,4,ubuntu,medium,100000,1,insert,100000,7922.9,0.12621641,0.114402,0.15519,0.16818,0.095125996,28.39777,59.03625,104.33,357.125,89.425,0.09999999999999964,716.7999999999993,0.0,0.0,8
redis,2026-07-10-04-08-41,4,ubuntu,medium,100000,1,read,100000,11065.1045,0.0903742,0.088211,0.098827,0.116288,0.082415,9.330475,61.221666666666664,143.78,525.9666666666667,89.77166666666666,0.0,102.40000000000146,0.0,10.240000000000009,6
redis,2026-07-10-04-08-41,4,ubuntu,medium,100000,1,update,100000,8412.187,0.11887515,0.111748,0.148066,0.163222,0.097081,21.286123,73.9875,97.23875,532.85,87.5175,0.0,1126.3999999999978,0.0,0.0,8
redis,2026-07-10-04-08-41,4,ubuntu,medium,100000,2,delete,200000,19459.922,0.102762155,0.100014,0.120199,0.136682,0.080389,35.796265,115.27,162.16833333333332,702.4,129.80666666666667,0.0,614.3999999999942,0.0,10.240000000000009,6
redis,2026-07-10-04-08-41,4,ubuntu,medium,100000,2,insert,200000,16891.299,0.11838164,0.113983,0.132561,0.175794,0.091423996,29.164713,101.28714285714285,166.6614285714286,576.5571428571428,129.4442857142857,0.0,1228.7999999999993,0.0,0.0,7
redis,2026-07-10-04-08-41,4,ubuntu,medium,100000,2,read,200000,21735.717,0.09200082,0.090656,0.112028,0.124948,0.074382,0.680686,73.62,218.29,1015.5,140.54999999999998,0.0,0.0,0.0,0.0,6
redis,2026-07-10-04-08-41,4,ubuntu,medium,100000,2,update,200000,16686.314,0.11975764,0.116846,0.13319,0.155469,0.092052,42.694473,116.28857142857143,136.96571428571428,1078.190857142857,131.43142857142857,0.10000000000000142,1638.4000000000015,0.0,0.0,7
redis,2026-07-10-04-08-41,4,ubuntu,medium,100000,4,delete,400000,27279.41,0.14656104,0.141012,0.185083,0.225661,0.08458,61.907333,150.72555555555556,318.2122222222222,1665.3373333333334,261.4111111111111,0.0,1843.199999999997,0.0,10.240000000000009,9
redis,2026-07-10-04-08-41,4,ubuntu,medium,100000,4,insert,400000,23397.066,0.17030212,0.163291,0.221401,0.273923,0.094427,46.440483,120.646,268.08000000000004,1092.7348,227.68400000000003,0.09999999999999964,2662.4000000000015,0.0,0.0,10
redis,2026-07-10-04-08-41,4,ubuntu,medium,100000,4,read,400000,29810.979,0.13384451,0.130187,0.174536,0.21001601,0.07529,0.550709,85.63125,262.01875,2008.832,228.5625,0.0,0.0,0.0,10.240000000000009,8
redis,2026-07-10-04-08-41,4,ubuntu,medium,100000,4,update,400000,23879.094,0.1664559,0.158892,0.219445,0.270151,0.09729,70.81219,134.238,283.277,2135.3471999999997,241.66,0.09999999999999964,2867.2000000000044,0.0,10.240000000000009,10
redis,2026-07-10-04-08-41,4,ubuntu,medium,100000,8,delete,800000,27516.648,0.28971207,0.281535,0.36849,0.519349,0.085208,7.891233,163.66625,354.49,2817.07925,410.22625,0.1999999999999993,3174.4000000000015,0.0,0.0,16
redis,2026-07-10-04-08-41,4,ubuntu,medium,100000,8,insert,800000,24117.645,0.3298828,0.309472,0.470041,0.634869,0.111539,87.95792,132.68736842105264,431.5215789473684,2187.033684210526,438.36842105263156,0.1999999999999993,5427.199999999997,0.0,30.720000000000027,19
redis,2026-07-10-04-08-41,4,ubuntu,medium,100000,8,read,800000,30048.05,0.26374143,0.254017,0.373029,0.444338,0.084719,118.66204,125.52333333333333,428.3346666666667,4005.6149333333333,435.7866666666667,0.0,1331.2000000000044,0.0,0.0,15
redis,2026-07-10-04-08-41,4,ubuntu,medium,100000,8,update,800000,24231.607,0.3286822,0.31659698,0.447691,0.58102,0.112027,152.96544,146.33578947368423,428.1078947368421,4246.581894736842,425.5684210526316,0.10000000000000142,5836.799999999996,0.0,30.720000000000027,19
redis,2026-07-10-04-08-41,4,ubuntu,small,0,1,doc_delete,10000,8536.697,0.11714132,0.110352,0.138917,0.28965098,0.105044,3.644383,49.269999999999996,329.4,45.185,87.78,0.09999999999999964,0.0,0.0,0.0,2
redis,2026-07-10-04-08-41,4,ubuntu,small,0,1,doc_increment,10000,7627.96,0.13109666,0.124459,0.14380504,0.31394202,0.118801996,3.56581,31.0,299.575,45.25,71.455,0.0,0.0,0.0,0.0,2
redis,2026-07-10-04-08-41,4,ubuntu,small,0,1,doc_insert,10000,7843.873,0.12748803,0.120897,0.13843845,0.3043754,0.11538,5.549826,31.755000000000003,229.09000000000003,51.68,70.805,0.09999999999999964,0.0,0.0,0.0,2
redis,2026-07-10-04-08-41,4,ubuntu,small,0,1,doc_read,10000,7912.522,0.12638196,0.115241,0.151977,0.28761268,0.109443,5.442199,28.915,290.505,48.775,70.92,0.0,0.0,0.0,0.0,2
redis,2026-07-10-04-08-41,4,ubuntu,small,0,1,doc_read_partial,10000,8503.11,0.117604025,0.111678,0.13493851,0.2807684,0.10644,3.723235,32.715,274.45500000000004,45.34,71.235,0.0,0.0,0.0,0.0,2
redis,2026-07-10-04-08-41,4,ubuntu,small,0,1,doc_update_partial,10000,7877.6616,0.12694122,0.119012,0.14639695,0.309961,0.113844,5.240983,34.144999999999996,272.685,45.165,71.565,0.0,0.0,0.0,0.0,2
redis,2026-07-10-04-08-41,4,ubuntu,small,0,1,mix_10W_90R,10000,10567.726,0.094627745,0.091494,0.107558,0.12138909,0.086884,0.435887,36.51,126.77250000000001,71.5675,67.26,0.0,0.0,0.0,0.0,4
redis,2026-07-10-04-08-41,4,ubuntu,small,0,1,mix_50W_50R,20000,9846.847,0.101555355,0.103646,0.11629145,0.135076,0.086814,5.97775,36.51,126.77250000000001,71.5675,67.26,0.0,0.0,0.0,0.0,4
redis,2026-07-10-04-08-41,4,ubuntu,small,0,1,mix_90W_10R,10000,9409.012,0.106281094,0.105043,0.117265,0.13319209,0.088421,0.733207,36.51,126.77250000000001,71.5675,67.26,0.0,0.0,0.0,0.0,4
redis,2026-07-10-04-08-41,4,ubuntu,small,0,1,queue,20000,9954.997,0.100452065,0.092472,0.12488245,0.1359137,0.085278,3.10415,24.75,248.95499999999998,50.980000000000004,69.03,0.0,0.0,0.0,0.0,2
redis,2026-07-10-04-08-41,4,ubuntu,small,0,2,doc_delete,20000,16869.014,0.118286304,0.113843,0.129069,0.2741397,0.101202,4.850144,45.785,449.51,46.775,138.7,0.0,0.0,0.0,0.0,2
redis,2026-07-10-04-08-41,4,ubuntu,small,0,2,doc_increment,20000,15100.922,0.13224657,0.126415,0.145901,0.3200929,0.113145,3.909924,50.239999999999995,371.295,48.525,105.45,0.0,0.0,0.0,0.0,2
redis,2026-07-10-04-08-41,4,ubuntu,small,0,2,doc_insert,20000,15436.466,0.1294868,0.12397,0.142689,0.2770664,0.109024,4.906786,65.265,192.72,48.94,105.30000000000001,0.0,0.0,0.0,0.0,2
redis,2026-07-10-04-08-41,4,ubuntu,small,0,2,doc_read,20000,16422.953,0.12159329,0.117196,0.130257,0.2744127,0.103716,3.643195,58.04,260.15999999999997,49.16,105.30000000000001,0.0,0.0,0.0,0.0,2
redis,2026-07-10-04-08-41,4,ubuntu,small,0,2,doc_read_partial,20000,16205.192,0.12295354,0.116358,0.15079,0.28118947,0.099665,5.322908,60.515,302.455,48.995000000000005,105.1,0.0,0.0,0.0,0.0,2
redis,2026-07-10-04-08-41,4,ubuntu,small,0,2,doc_update_partial,20000,15594.493,0.12797222,0.122154,0.139545,0.32058397,0.109024,6.473704,59.065,350.4,48.715,105.35,0.0,0.0,0.0,0.0,2
redis,2026-07-10-04-08-41,4,ubuntu,small,0,2,mix_10W_90R,20000,21253.828,0.093762316,0.090586,0.114332,0.12969868,0.078573,0.787824,67.1225,223.64499999999998,46.195,102.87,0.0,0.0,0.0,10.239999999999782,4
redis,2026-07-10-04-08-41,4,ubuntu,small,0,2,mix_50W_50R,40000,20191.473,0.09848692,0.098547,0.113423996,0.123482004,0.076408,1.29935,67.1225,223.64499999999998,46.195,102.87,0.0,0.0,0.0,10.239999999999782,4
redis,2026-07-10-04-08-41,4,ubuntu,small,0,2,mix_90W_10R,20000,18520.926,0.10797228,0.105113,0.130955,0.14478302,0.081646,1.393219,67.1225,223.64499999999998,46.195,102.87,0.0,0.0,0.0,10.239999999999782,4
redis,2026-07-10-04-08-41,4,ubuntu,small,0,2,queue,40000,20575.613,0.0971928,0.095894,0.108325,0.118172996,0.081367,0.422198,45.755,316.175,48.125,104.55,0.0,0.0,0.0,0.0,2
redis,2026-07-10-04-08-41,4,ubuntu,small,0,4,doc_delete,40000,27259.186,0.14598791,0.1421645,0.179426,0.3237949,0.099805,5.158011,26.689999999999998,630.79,43.29,213.7,0.0,0.0,0.0,0.0,2
redis,2026-07-10-04-08-41,4,ubuntu,small,0,4,doc_increment,40000,22741.672,0.16774608,0.158402,0.214906,0.3476081,0.113773,5.499052,38.22,430.28499999999997,43.480000000000004,133.755,0.0,0.0,0.0,0.0,2
redis,2026-07-10-04-08-41,4,ubuntu,small,0,4,doc_insert,40000,24683.025,0.1597364,0.153583,0.19311845,0.3529903,0.110561,5.222475,34.455,438.71500000000003,45.415000000000006,145.6,0.0,0.0,0.0,0.0,2
redis,2026-07-10-04-08-41,4,ubuntu,small,0,4,doc_read,40000,28382.057,0.13842754,0.131584,0.16853,0.32581568,0.102948,4.431788,40.53,546.455,46.3,173.1,0.0,0.0,0.0,0.0,2
redis,2026-07-10-04-08-41,4,ubuntu,small,0,4,doc_read_partial,40000,28231.293,0.13971081,0.13249099,0.175165,0.318621,0.100713,5.215141,33.67,475.47,46.2,164.6,0.0,102.40000000000146,0.0,0.0,2
redis,2026-07-10-04-08-41,4,ubuntu,small,0,4,doc_update_partial,40000,23841.63,0.16395612,0.156797,0.206524,0.3476116,0.107069,5.923834,52.155,492.025,44.025,173.0,0.0,0.0,0.0,0.0,2
redis,2026-07-10-04-08-41,4,ubuntu,small,0,4,mix_10W_90R,40000,31390.045,0.12721223,0.12446,0.172161,0.212042,0.075709,2.3453119,76.086,297.2,46.646,166.88,0.09999999999999964,0.0,0.0,0.0,5
redis,2026-07-10-04-08-41,4,ubuntu,small,0,4,mix_50W_50R,80000,31677.045,0.12543988,0.124459,0.153304,0.182429,0.076687,3.187543,76.086,297.2,46.646,166.88,0.09999999999999964,0.0,0.0,0.0,5
redis,2026-07-10-04-08-41,4,ubuntu,small,0,4,mix_90W_10R,40000,30263.838,0.1317844,0.130745,0.162454,0.196048,0.080808,1.57872,76.086,297.2,46.646,166.88,0.09999999999999964,0.0,0.0,0.0,5
redis,2026-07-10-04-08-41,4,ubuntu,small,0,4,queue,80000,32009.246,0.124612845,0.123622,0.151558,0.170486,0.079201,10.254349,82.275,329.83,45.94,105.715,0.0,0.0,0.0,0.0,2
redis,2026-07-10-04-08-41,4,ubuntu,small,0,8,doc_delete,80000,30531.338,0.25256592,0.24130599,0.33985305,0.5414204,0.112865,17.851543,68.88,469.07,63.083333333333336,235.91,0.0,0.0,0.0,10.240000000000009,3
redis,2026-07-10-04-08-41,4,ubuntu,small,0,8,doc_increment,80000,27334.457,0.28205082,0.2743415,0.3930775,0.54903334,0.116916,8.377123,75.26333333333334,691.0799999999999,51.35999999999999,309.09999999999997,0.09999999999999964,0.0,0.0,0.0,3
redis,2026-07-10-04-08-41,4,ubuntu,small,0,8,doc_insert,80000,28444.852,0.2697281,0.259744,0.37805706,0.5405148,0.119919,7.660329,48.199999999999996,756.8166666666666,47.580000000000005,308.3333333333333,0.0,0.0,0.0,0.0,3
redis,2026-07-10-04-08-41,4,ubuntu,small,0,8,doc_read,80000,33222.77,0.22772768,0.222798,0.30772606,0.4828952,0.109932,8.138541,56.52,740.1233333333333,50.653333333333336,308.4666666666667,0.0,0.0,0.0,10.240000000000009,3
redis,2026-07-10-04-08-41,4,ubuntu,small,0,8,doc_read_partial,80000,32969.23,0.23461562,0.228944,0.31911445,0.49455848,0.112028,7.00779,77.09333333333333,662.88,50.91,275.23333333333335,0.0,0.0,0.0,0.0,3
redis,2026-07-10-04-08-41,4,ubuntu,small,0,8,doc_update_partial,80000,27719.398,0.27512354,0.261491,0.38267145,0.5363231,0.124041,7.750286,84.29666666666667,584.0933333333334,51.21,286.56666666666666,0.0,102.40000000000146,0.0,0.0,3
redis,2026-07-10-04-08-41,4,ubuntu,small,0,8,mix_10W_90R,80000,31686.95,0.24880774,0.241655,0.344952,0.44315308,0.082205,2.830439,95.12125,382.27375,45.20375,281.4,0.10000000000000142,0.0,0.0,10.240000000000009,8
redis,2026-07-10-04-08-41,4,ubuntu,small,0,8,mix_50W_50R,160000,34672.766,0.22869863,0.22643,0.288379,0.328679,0.094358,3.765421,95.12125,382.27375,45.20375,281.4,0.10000000000000142,0.0,0.0,10.240000000000009,8
redis,2026-07-10-04-08-41,4,ubuntu,small,0,8,mix_90W_10R,80000,31352.229,0.2469399,0.236697,0.34774506,0.4189157,0.122224,2.255844,95.12125,382.27375,45.20375,281.4,0.10000000000000142,0.0,0.0,10.240000000000009,8
redis,2026-07-10-04-08-41,4,ubuntu,small,0,8,queue,160000,36727.32,0.21280491,0.207223,0.281186,0.321276,0.086394995,9.661667,61.9075,687.42,48.01,304.95,0.0,0.0,0.0,0.0,4
redis,2026-07-10-04-08-41,4,ubuntu,small,10000,1,delete,10000,9540.316,0.10481832,0.095894,0.130326,0.13842939,0.092541,0.620969,60.290000000000006,93.495,16.82,21.167499999999997,0.0,1.5600000000000005,0.0,0.0,2
redis,2026-07-10-04-08-41,4,ubuntu,small,10000,1,insert,10000,9543.243,0.10478618,0.100154,0.11971,0.1554704,0.095684,3.53738,16.85,71.16,12.32,16.87,0.0,0.0,0.0,0.0,1
redis,2026-07-10-04-08-41,4,ubuntu,small,10000,1,read,10000,11134.993,0.089806974,0.085278,0.110002,0.1302581,0.080249,0.42995,31.505000000000003,265.645,14.105,36.135,0.010000000000000675,0.0,0.0,0.0,2
redis,2026-07-10-04-08-41,4,ubuntu,small,10000,1,update,10000,9340.096,0.10706528,0.100643,0.132002,0.16504568,0.095335,3.073626,43.885000000000005,142.63,14.64,36.239999999999995,0.009999999999999787,1.7699999999999998,0.0,0.0,2
redis,2026-07-10-04-08-41,4,ubuntu,small,10000,2,delete,20000,19697.055,0.101390846,0.098687,0.113983,0.138847,0.081925,3.381422,76.005,368.96500000000003,14.16,103.63,0.010000000000000675,1.3999999999999986,0.0,0.0,2
redis,2026-07-10-04-08-41,4,ubuntu,small,10000,2,insert,20000,18313.117,0.109061144,0.104066,0.136262,0.15225601,0.090307,3.060286,72.62,126.15,19.07,6.715,0.0,0.0,0.0,0.0,1
redis,2026-07-10-04-08-41,4,ubuntu,small,10000,2,read,20000,21526.316,0.092795864,0.090586,0.1047665,0.12089771,0.076199,1.190115,41.365,378.08500000000004,18.115000000000002,70.28,0.009999999999999787,0.0,0.0,0.0,2
redis,2026-07-10-04-08-41,4,ubuntu,small,10000,2,update,20000,17699.225,0.11288167,0.104833,0.141431,0.153584,0.091912,3.545203,60.585,359.95500000000004,16.314999999999998,69.975,0.009999999999999787,3.5200000000000005,0.0,0.0,2
redis,2026-07-10-04-08-41,4,ubuntu,small,10000,4,delete,40000,27257.375,0.14657085,0.14213,0.17823705,0.194721,0.090167,3.208143,70.88,495.07,18.185000000000002,204.2,0.009999999999999787,0.8999999999999986,0.07597656250000001,0.0,2
redis,2026-07-10-04-08-41,4,ubuntu,small,10000,4,insert,40000,30758.63,0.12979819,0.130745,0.151209,0.17125468,0.092052,3.171755,68.46000000000001,447.755,16.71,136.85,0.0,6.100000000000001,0.0,0.0,2
redis,2026-07-10-04-08-41,4,ubuntu,small,10000,4,read,40000,36915.6,0.107800975,0.108884,0.13298,0.152326,0.076198004,0.531082,49.91,525.2,18.355,136.75,0.009999999999999787,0.0,0.0,0.0,2
redis,2026-07-10-04-08-41,4,ubuntu,small,10000,4,update,40000,29303.58,0.13641171,0.13738,0.161685,0.183825,0.093449,3.247604,28.08,547.295,18.07,137.05,0.009999999999999787,6.899999999999999,0.0,0.0,2
redis,2026-07-10-04-08-41,4,ubuntu,small,10000,8,delete,80000,32333.469,0.24705864,0.246544,0.297389,0.326514,0.092819996,3.285529,81.25999999999999,399.66999999999996,26.825,143.735,0.009999999999999787,2.299999999999997,0.0,0.6123046875,2
redis,2026-07-10-04-08-41,4,ubuntu,small,10000,8,insert,80000,32126.396,0.24592559,0.240118,0.31911,0.37701207,0.096243,3.461392,67.50333333333333,652.27,23.849999999999998,271.4666666666667,0.09000000000000075,13.7,1.79001953125,0.0,3
redis,2026-07-10-04-08-41,4,ubuntu,small,10000,8,read,80000,44032.83,0.18024527,0.176423,0.23935,0.270081,0.083462,1.185715,45.754999999999995,730.81,27.259999999999998,216.75,0.0,0.0,0.0,0.0,2
redis,2026-07-10-04-08-41,4,ubuntu,small,10000,8,update,80000,33959.57,0.23367222,0.23048,0.296621,0.3394354,0.099316,3.528441,76.83333333333333,529.3866666666667,27.433333333333334,272.93333333333334,0.019999999999999574,14.200000000000003,0.0,0.2041015625,3
redis,2026-07-10-04-08-41,4,ubuntu,small,100000,1,delete,100000,9269.196,0.10788422,0.097709,0.130536,0.138218,0.089677,1.249202,47.19714285714286,138.31714285714287,30.174285714285713,43.42857142857143,0.04999999999999982,4.0,0.0,4.199999999999999,7
redis,2026-07-10-04-08-41,4,ubuntu,small,100000,1,insert,100000,9597.268,0.104196325,0.100992,0.114472,0.13765901,0.093449,7.337509,39.96999999999999,131.1314285714286,26.804285714285715,39.04714285714285,0.040000000000000036,26.1,0.0,2.52359375,7
redis,2026-07-10-04-08-41,4,ubuntu,small,100000,1,read,100000,10711.086,0.093361214,0.086045,0.111538,0.122015,0.080249004,2.119649,38.64666666666667,143.33,31.185000000000002,38.806666666666665,0.020000000000000462,14.899999999999991,0.0,4.18,6
redis,2026-07-10-04-08-41,4,ubuntu,small,100000,1,update,100000,9205.646,0.10862898,0.101272,0.133679,0.145551,0.090167,3.285949,38.769999999999996,133.8057142857143,30.945714285714285,38.67428571428571,0.040000000000000036,16.900000000000006,0.0,4.98,7
redis,2026-07-10-04-08-41,4,ubuntu,small,100000,2,delete,200000,19730.19,0.1013673,0.098827,0.126205,0.141222,0.07976,6.790087,84.155,170.23,50.81333333333333,70.98,0.040000000000000036,29.0,0.0,0.0,6
redis,2026-07-10-04-08-41,4,ubuntu,small,100000,2,insert,200000,18599.363,0.107460916,0.104414,0.121107,0.14639,0.08828,8.406242,84.17571428571429,194.62857142857143,38.40428571428571,72.01142857142857,0.04999999999999982,61.0,0.0,2.1000000000000014,7
redis,2026-07-10-04-08-41,4,ubuntu,small,100000,2,read,200000,21888.025,0.09136611,0.089399,0.109094,0.121037,0.071868,0.815831,73.19666666666667,211.96666666666667,54.305,72.31,0.010000000000000675,0.0,0.0,2.099999999999998,6
redis,2026-07-10-04-08-41,4,ubuntu,small,100000,2,update,200000,18645.5,0.107207716,0.104414,0.122992,0.147647,0.089468,3.251029,84.54428571428572,195.39857142857142,54.175714285714285,72.87857142857142,0.04999999999999982,64.0,0.0,4.100000000000001,7
redis,2026-07-10-04-08-41,4,ubuntu,small,100000,4,delete,400000,28240.045,0.1415903,0.138847,0.174607,0.21364802,0.08423,4.800626,99.99875,227.13250000000002,96.63875,129.4225,0.05999999999999961,52.0,0.0,8.300000000000004,8
redis,2026-07-10-04-08-41,4,ubuntu,small,100000,4,insert,400000,29750.678,0.13423769,0.13291,0.163362,0.204359,0.0887,8.995296,92.78,267.0475,65.67,133.12625,0.04999999999999982,104.0,0.0,4.199999999999999,8
redis,2026-07-10-04-08-41,4,ubuntu,small,100000,4,read,400000,36928.656,0.107889906,0.108815,0.135216,0.15456101,0.076128,0.875266,92.21571428571428,303.44,98.92142857142858,140.1142857142857,0.009999999999999787,0.0,0.0,4.100000000000001,7
redis,2026-07-10-04-08-41,4,ubuntu,small,100000,4,update,400000,29313.97,0.13624357,0.134657,0.169857,0.213299,0.089678,10.417081,99.22625,261.84875,99.27375,133.21125,0.05000000000000071,129.0,0.0,8.399999999999999,8
redis,2026-07-10-04-08-41,4,ubuntu,small,100000,8,delete,800000,28794.672,0.27745512,0.269871,0.368489,0.446364,0.091214,3.276384,96.12933333333334,342.04466666666667,152.64399999999998,259.80466666666666,0.1200000000000001,30.720000000000027,0.0,16.0,15
redis,2026-07-10-04-08-41,4,ubuntu,small,100000,8,insert,800000,29875.05,0.26516435,0.251852,0.377569,0.456281,0.091144,14.289853,101.68933333333332,415.45466666666664,110.08,264.1,0.11000000000000032,216.0,0.06999999999999984,16.599999999999994,15
redis,2026-07-10-04-08-41,4,ubuntu,small,100000,8,read,800000,41349.094,0.19208743,0.184663,0.26498199,0.35068068,0.081367,6.067221,107.56181818181818,438.80181818181813,189.8090909090909,261.7909090909091,0.0,65.0,0.0,16.400000000000006,11
redis,2026-07-10-04-08-41,4,ubuntu,small,100000,8,update,800000,30789.266,0.25841606,0.246684,0.361784,0.487291,0.097151,14.572509,112.84933333333333,420.19666666666666,191.67999999999998,276.4266666666666,0.11000000000000032,402.0,0.0,16.799999999999997,15
redis,2026-07-10-04-08-41,4,ubuntu,small,1000000,1,delete,1000000,9765.945,0.10239664,0.096593,0.124949,0.137799,0.086954,9.426941,54.21685185185185,62.28981481481482,156.08648148148148,44.72592592592592,0.4300000000000006,256.0,0.0,22.0,54
redis,2026-07-10-04-08-41,4,ubuntu,small,1000000,1,insert,1000000,9223.401,0.10841987,0.101551,0.133819,0.145622,0.093031,14.320663,46.57931034482758,69.60948275862069,128.5546551724138,42.57586206896552,0.45999999999999996,368.6399999999999,0.0,34.0,58
redis,2026-07-10-04-08-41,4,ubuntu,small,1000000,1,read,1000000,10785.7705,0.09271475,0.086325,0.110561,0.120478,0.078643,9.559427,44.79408163265306,73.65428571428572,232.55510204081634,43.12204081632653,0.009999999999999787,153.60000000000014,0.0,24.0,49
redis,2026-07-10-04-08-41,4,ubuntu,small,1000000,1,update,1000000,9204.385,0.108643875,0.101481,0.13319,0.144994,0.092123,15.53251,53.64965517241379,69.3353448275862,232.94137931034484,43.54689655172413,0.47999999999999954,757.7599999999998,0.0,17.0,58
redis,2026-07-10-04-08-41,4,ubuntu,small,1000000,2,delete,2000000,20133.16,0.099305235,0.097361,0.114961,0.138848,0.078084,13.136712,96.6348076923077,130.20115384615386,294.20326923076925,84.0823076923077,0.41999999999999993,266.2399999999998,0.0,45.0,52
redis,2026-07-10-04-08-41,4,ubuntu,small,1000000,2,insert,2000000,18607.484,0.10747652,0.104135,0.131235,0.15162969,0.086186,17.963184,95.15684210526315,127.9540350877193,246.2717543859649,78.6298245614035,0.4500000000000002,993.2800000000002,0.29000000000000004,38.0,57
redis,2026-07-10-04-08-41,4,ubuntu,small,1000000,2,read,2000000,21977.453,0.09098003,0.08877,0.111818,0.122993,0.072985,15.871329,86.62541666666665,135.30020833333333,455.875,80.36270833333333,0.009999999999999787,307.1999999999998,0.0,36.0,48
redis,2026-07-10-04-08-41,4,ubuntu,small,1000000,2,update,2000000,18777.094,0.10650441,0.103647,0.12418,0.146739,0.086256,22.13084,98.77035714285715,132.93785714285715,458.13214285714287,81.33946428571429,0.4399999999999995,1280.0,0.0,48.0,56
redis,2026-07-10-04-08-41,4,ubuntu,small,1000000,4,delete,4000000,27723.492,0.14420725,0.139825,0.184455,0.228106,0.081506,31.299105,110.52506666666666,202.6816,560.4716000000001,158.7,0.6300000000000008,921.6000000000004,0.0,82.0,75
redis,2026-07-10-04-08-41,4,ubuntu,small,1000000,4,insert,4000000,28336.445,0.14096688,0.136054,0.191508,0.234741,0.088072,32.439423,123.73054054054053,226.15013513513514,478.5197297297297,150.7256756756757,0.5899999999999999,2498.5600000000004,0.0,75.0,74
redis,2026-07-10-04-08-41,4,ubuntu,small,1000000,4,read,4000000,35639.52,0.11175445,0.110073,0.144853,0.164549,0.073055,29.4211,111.38728813559322,239.30169491525422,902.4644067796611,151.22593220338982,0.009999999999999787,614.3999999999996,0.0,78.0,59
redis,2026-07-10-04-08-41,4,ubuntu,small,1000000,4,update,4000000,28558.291,0.14000925,0.136193,0.188086,0.229783,0.088211,35.73963,126.75109589041095,222.48191780821918,913.7561643835616,154.1958904109589,0.5999999999999996,2560.0,0.0,89.0,73
redis,2026-07-10-04-08-41,4,ubuntu,small,1000000,8,delete,8000000,27741.656,0.28806037,0.280976,0.376381,0.472903,0.086535,52.487373,120.6508843537415,313.4597278911565,1081.8428027210884,300.8662585034014,1.1999999999999993,2764.7999999999993,0.0,174.08000000000015,147
redis,2026-07-10-04-08-41,4,ubuntu,small,1000000,8,insert,8000000,29533.203,0.26986825,0.25618,0.38455,0.493991,0.092052,45.70294,124.31514285714285,366.37035714285713,946.6639571428572,292.2607142857143,1.299999999999999,4300.799999999999,0.0,167.0,140
redis,2026-07-10-04-08-41,4,ubuntu,small,1000000,8,read,8000000,39323.1,0.20285538,0.191577,0.289356,0.4069,0.074941,58.03879,115.54471153846154,394.61423076923074,1795.4461538461537,294.11009615384614,0.0,1228.7999999999993,0.0,189.96000000000004,104
redis,2026-07-10-04-08-41,4,ubuntu,small,1000000,8,update,8000000,28921.615,0.27536476,0.26142,0.394121,0.510966,0.091074,64.00628,147.38951048951049,368.9027972027972,1845.7707412587413,298.15944055944055,1.3000000000000007,6963.200000000001,0.0,163.83999999999992,143
rocksdb,2026-07-12-16-46-42,1,ubuntu,medium,0,1,mix_10W_90R,10000,85475.49,0.01169926,0.006215996,0.012292002,0.015714003,0.001956003,56.110752,0.0,49.55,0.0,71.545,0.0,0.0,0.0,30.7199999999998,2
rocksdb,2026-07-12-16-46-42,1,ubuntu,medium,0,1,mix_50W_50R,20000,123160.48,0.008119488,0.010406999,0.015156002,0.021440996,0.0013969984,0.253319,0.0,49.55,0.0,71.545,0.0,0.0,0.0,30.7199999999998,2
rocksdb,2026-07-12-16-46-42,1,ubuntu,medium,0,1,mix_90W_10R,10000,42427.426,0.02356966,0.012780998,0.016832003,0.027587013,0.002794004,59.81988,0.0,49.55,0.0,71.545,0.0,0.0,0.0,30.7199999999998,2
rocksdb,2026-07-12-16-46-42,1,ubuntu,medium,10000,1,delete,10000,104305.5,0.009587223,0.004610003,0.0051690005,0.009358998,0.0032120005,49.105476,0.0,97.39,0.0,113.1,0.0,0.0,0.0,0.0,1
rocksdb,2026-07-12-16-46-42,1,ubuntu,medium,10000,1,insert,10000,77427.03,0.012915386,0.012222,0.016063998,0.022768,0.0097779995,0.263306,0.0,90.28,0.0,30.13,0.0,0.0,0.0,0.0,1
rocksdb,2026-07-12-16-46-42,1,ubuntu,medium,10000,1,read,10000,88769.54,0.011265125,0.0062160036,0.008242001,0.0145970145,0.00475,46.048607,0.0,101.31,0.0,90.49,0.0,0.0,0.0,0.0,1
rocksdb,2026-07-12-16-46-42,1,ubuntu,medium,10000,1,update,10000,43354.457,0.023065679,0.012222998,0.016203005,0.025841009,0.009568,49.9753,0.0,99.35,0.0,101.79499999999999,0.0,0.0,0.0,0.0,2
rocksdb,2026-07-12-16-46-42,1,ubuntu,medium,100000,1,delete,100000,213985.98,0.0046732035,0.004679001,0.0052379984,0.008102004,0.0032120005,0.049518995,0.0,97.77,0.0,53.91,0.0,0.0,0.0,0.0,1
rocksdb,2026-07-12-16-46-42,1,ubuntu,medium,100000,1,insert,100000,52371.047,0.01909452,0.010896001,0.015226004,0.023397995,0.007613002,66.068146,0.0,99.87666666666667,0.0,117.22666666666665,0.0,0.0,0.0,808.52,3
rocksdb,2026-07-12-16-46-42,1,ubuntu,medium,100000,1,read,100000,89529.836,0.011169461,0.006146001,0.012502002,0.016832003,0.002863002,51.078598,0.0,98.375,0.0,114.19,0.0,0.0,0.0,153.5999999999999,2
rocksdb,2026-07-12-16-46-42,1,ubuntu,medium,100000,1,update,100000,69141.12,0.014463174,0.010964999,0.014737001,0.022488995,0.008591,50.08348,0.0,97.64500000000001,0.0,100.32,0.0,0.0,0.0,215.03999999999996,2
rocksdb,2026-07-12-16-46-42,1,ubuntu,small,0,1,mix_10W_90R,10000,331879.56,0.0030131412,0.002794004,0.0053080004,0.008172689,0.0013970056,0.024864007,0.0,93.92,0.0,98.08,0.0,0.0,0.0,0.0,1
rocksdb,2026-07-12-16-46-42,1,ubuntu,small,0,1,mix_50W_50R,20000,256853.12,0.0038932755,0.004609996,0.0057969955,0.008661692,0.0009779978,0.039111998,0.0,93.92,0.0,98.08,0.0,0.0,0.0,0.0,1
rocksdb,2026-07-12-16-46-42,1,ubuntu,small,0,1,mix_90W_10R,10000,187091.34,0.0053449827,0.0052379984,0.0080320025,0.010057006,0.0013969984,0.112796,0.0,93.92,0.0,98.08,0.0,0.0,0.0,0.0,1
rocksdb,2026-07-12-16-46-42,1,ubuntu,small,10000,1,delete,10000,211532.48,0.0047274064,0.004679001,0.0053079934,0.009497998,0.0032819952,0.057200994,0.0,96.85,0.0,28.28,0.0,0.0,0.0,0.0,1
rocksdb,2026-07-12-16-46-42,1,ubuntu,small,10000,1,insert,10000,196024.7,0.0051013976,0.004749003,0.007472998,0.009497998,0.0032820026,0.614406,0.0,95.45,0.0,23.98,0.0,0.0,0.0,0.0,1
rocksdb,2026-07-12-16-46-42,1,ubuntu,small,10000,1,read,10000,338454.94,0.0029546032,0.002863002,0.0033530013,0.006146001,0.0014659963,0.044768997,0.0,82.69,0.0,11.76,0.0,0.0,0.0,0.0,1
rocksdb,2026-07-12-16-46-42,1,ubuntu,small,10000,1,update,10000,192059.2,0.005206728,0.004818998,0.007682,0.00956801,0.0032829994,0.053429,0.0,96.85,0.0,28.28,0.0,0.0,0.0,0.0,1
rocksdb,2026-07-12-16-46-42,1,ubuntu,small,100000,1,delete,100000,214269.48,0.0046670204,0.004608999,0.0052380054,0.008171999,0.0032129975,0.141082,0.0,97.17,0.0,50.07,0.0,0.0,0.0,0.6999999999999957,2
rocksdb,2026-07-12-16-46-42,1,ubuntu,small,100000,1,insert,100000,197476.23,0.0050639007,0.004749003,0.007543,0.009568,0.0032819952,0.906697,0.0,95.98500000000001,0.0,43.735,0.0,0.0,0.0,28.64,2
rocksdb,2026-07-12-16-46-42,1,ubuntu,small,100000,1,read,100000,262349.94,0.0038117028,0.0028639988,0.0067040017,0.008101997,0.0013969984,51.952072,0.0,95.54,0.0,37.18,0.0,0.0,0.0,0.0,1
rocksdb,2026-07-12-16-46-42,1,ubuntu,small,100000,1,update,100000,191851.25,0.0052123712,0.004750007,0.007683004,0.010128692,0.0032829994,0.261491,0.0,99.72,0.0,24.32,0.0,0.0,0.0,0.0,1
rocksdb,2026-07-12-16-46-42,1,ubuntu,small,1000000,1,delete,1000000,195786.27,0.0051076105,0.004330999,0.0052390024,0.008171999,0.002793,52.131413,0.0,98.616,0.0,63.645999999999994,0.0,0.0,0.0,107.0,5
rocksdb,2026-07-12-16-46-42,1,ubuntu,small,1000000,1,insert,1000000,176507.58,0.005665479,0.004749003,0.007612005,0.009569005,0.0032120005,53.129547,0.0,100.58166666666666,0.0,81.575,0.0,0.0,0.0,251.2,6
rocksdb,2026-07-12-16-46-42,1,ubuntu,small,1000000,1,read,1000000,301124.78,0.0033208823,0.0028639988,0.0067750006,0.008101997,0.0013960015,0.111678,0.0,99.0025,0.0,44.8625,0.0,0.0,0.0,0.0,4
rocksdb,2026-07-12-16-46-42,1,ubuntu,small,1000000,1,update,1000000,187946.52,0.0053206626,0.004818998,0.007613002,0.009916999,0.0032819952,50.96281,0.0,99.96999999999998,0.0,87.29666666666667,0.0,0.0,0.0,219.0,6
rocksdb,2026-07-12-16-48-07,2,ubuntu,medium,0,1,mix_10W_90R,10000,164260.66,0.0060878852,0.006285998,0.012012999,0.016344402,0.0013969984,0.108884,0.0,48.67,0.0,7.258,0.0,0.0,0.0,0.0,1
rocksdb,2026-07-12-16-48-07,2,ubuntu,medium,0,1,mix_50W_50R,20000,125102.086,0.007993472,0.010476003,0.014876998,0.021022003,0.0009779978,0.255693,0.0,48.67,0.0,7.258,0.0,0.0,0.0,0.0,1
rocksdb,2026-07-12-16-48-07,2,ubuntu,medium,0,1,mix_90W_10R,10000,71504.016,0.01398523,0.012432,0.016762001,0.027309693,0.0023050015,13.666715,0.0,48.67,0.0,7.258,0.0,0.0,0.0,0.0,1
rocksdb,2026-07-12-16-48-07,2,ubuntu,medium,10000,1,delete,10000,215055.98,0.004649952,0.004400004,0.005167996,0.008590003,0.0032819952,0.050636,0.0,157.4,0.0,118.1,0.0,0.0,0.0,0.0,1
rocksdb,2026-07-12-16-48-07,2,ubuntu,medium,10000,1,insert,10000,77577.625,0.012890316,0.012081997,0.015924001,0.023258688,0.009429,0.258138,0.0,122.44,0.0,27.19,0.0,0.0,0.0,0.0,1
rocksdb,2026-07-12-16-48-07,2,ubuntu,medium,10000,1,read,10000,149876.73,0.0066721495,0.006285998,0.008172006,0.012362706,0.004749003,0.038204003,0.0,153.96,0.0,80.66,0.0,0.0,0.0,0.0,1
rocksdb,2026-07-12-16-48-07,2,ubuntu,medium,10000,1,update,10000,77138.28,0.012963732,0.0120830005,0.016134,0.02304939,0.009568,0.267566,0.0,150.26,0.0,28.51,0.0,0.0,0.0,0.0,1
rocksdb,2026-07-12-16-48-07,2,ubuntu,medium,100000,1,delete,100000,213862.92,0.004675892,0.004679001,0.0052390024,0.008171002,0.002863002,0.131235,0.0,72.025,0.0,30.054000000000002,0.0,0.0,0.0,30.7199999999998,2
rocksdb,2026-07-12-16-48-07,2,ubuntu,medium,100000,1,insert,100000,83720.12,0.01194456,0.010894997,0.014666999,0.021442,0.008659998,23.00089,0.0,144.5,0.0,93.09,0.0,0.0,0.0,510.68000000000006,2
rocksdb,2026-07-12-16-48-07,2,ubuntu,medium,100000,1,read,100000,148939.36,0.006714142,0.006146001,0.012432,0.016202997,0.0032820026,0.422896,0.0,133.98,0.0,17.01,0.0,0.0,0.0,0.0,1
rocksdb,2026-07-12-16-48-07,2,ubuntu,medium,100000,1,update,100000,85074.62,0.011754387,0.010964999,0.014666002,0.020883003,0.008590003,5.988368,0.0,133.765,0.0,91.015,0.0,0.0,0.0,378.8800000000001,2
rocksdb,2026-07-12-16-48-07,2,ubuntu,small,0,1,mix_10W_90R,10000,329963.0,0.0030306426,0.002794004,0.005588001,0.008520998,0.0014670003,0.032895,0.0,132.73,0.0,22.35,0.0,0.0,0.0,0.0,1
rocksdb,2026-07-12-16-48-07,2,ubuntu,small,0,1,mix_50W_50R,20000,256830.23,0.0038936227,0.004610003,0.006146001,0.009078998,0.0009769937,0.040369,0.0,132.73,0.0,22.35,0.0,0.0,0.0,0.0,1
rocksdb,2026-07-12-16-48-07,2,ubuntu,small,0,1,mix_90W_10R,10000,188866.42,0.005294747,0.0052379984,0.007895499,0.009987001,0.0018849969,0.025772002,0.0,132.73,0.0,22.35,0.0,0.0,0.0,0.0,1
rocksdb,2026-07-12-16-48-07,2,ubuntu,small,10000,1,delete,10000,215551.2,0.004639269,0.004399997,0.005167996,0.008032703,0.0032819952,0.048121996,0.0,108.19,0.0,27.71,0.0,0.0,0.0,0.0,1
rocksdb,2026-07-12-16-48-07,2,ubuntu,small,10000,1,insert,10000,197973.69,0.005051176,0.00475,0.007264003,0.009638013,0.0033520046,0.064325005,0.0,134.96,0.0,22.76,0.0,0.0,0.0,0.0,1
rocksdb,2026-07-12-16-48-07,2,ubuntu,small,10000,1,read,10000,336628.47,0.002970634,0.002863002,0.0033530013,0.00635809,0.0013969984,0.041906003,0.0,152.91,0.0,19.48,0.0,0.0,0.0,0.0,1
rocksdb,2026-07-12-16-48-07,2,ubuntu,small,10000,1,update,10000,191727.47,0.0052157366,0.004818998,0.0076864534,0.010126998,0.003702,0.071519,0.0,108.19,0.0,27.71,0.0,0.0,0.0,0.0,1
rocksdb,2026-07-12-16-48-07,2,ubuntu,small,100000,1,delete,100000,213599.89,0.0046816505,0.004679001,0.005238995,0.008171999,0.0032120005,0.14115201,0.0,125.4,0.0,21.15,0.0,0.0,0.0,0.0,1
rocksdb,2026-07-12-16-48-07,2,ubuntu,small,100000,1,insert,100000,194795.55,0.005133588,0.00475,0.0076829963,0.010197,0.0032829994,0.260932,0.0,124.41,0.0,20.13,0.0,0.0,0.0,0.0,1
rocksdb,2026-07-12-16-48-07,2,ubuntu,small,100000,1,read,100000,310152.0,0.0032242255,0.0028639988,0.0066349967,0.007962001,0.0013969984,0.21728,0.0,105.4,0.0,3.391,0.0,0.0,0.0,0.0,1
rocksdb,2026-07-12-16-48-07,2,ubuntu,small,100000,1,update,100000,191928.89,0.005210263,0.004818998,0.007683004,0.0101977,0.0032820026,0.271059,0.0,123.215,0.0,28.87,0.0,0.0,0.0,15.099999999999998,2
rocksdb,2026-07-12-16-48-07,2,ubuntu,small,1000000,1,delete,1000000,214228.89,0.004667904,0.004400004,0.0052390024,0.008102004,0.0028629948,1.72092,0.0,123.71599999999998,0.0,52.391999999999996,0.0,0.0,0.003994140625,39.0,5
rocksdb,2026-07-12-16-48-07,2,ubuntu,small,1000000,1,insert,1000000,200809.4,0.0049798465,0.004749003,0.007543,0.009568998,0.0032120005,6.872995,0.0,101.92833333333334,0.0,68.02166666666666,0.0,0.0,0.0,251.2,6
rocksdb,2026-07-12-16-48-07,2,ubuntu,small,1000000,1,read,1000000,302715.72,0.003303429,0.0028639988,0.0070539974,0.008102004,0.0013959943,0.131793,0.0,107.7175,0.0,37.8425,0.0,0.0,0.0,0.0,4
rocksdb,2026-07-12-16-48-07,2,ubuntu,small,1000000,1,update,1000000,191572.02,0.005219969,0.004818998,0.0076829963,0.010056996,0.0032819952,0.43260399,0.0,119.47666666666667,0.0,69.905,0.0,0.0,0.00400390625,287.0,6
rocksdb,2026-07-12-16-49-28,4,ubuntu,medium,0,1,mix_10W_90R,10000,170416.36,0.005867981,0.006146001,0.012012999,0.014457701,0.001886001,0.057690006,0.0,99.17,0.0,6.871,0.0,0.0,0.0,0.0,1
rocksdb,2026-07-12-16-49-28,4,ubuntu,medium,0,1,mix_50W_50R,20000,124451.47,0.008035261,0.010476502,0.014877005,0.01963018,0.0013960015,0.262887,0.0,99.17,0.0,6.871,0.0,0.0,0.0,0.0,1
rocksdb,2026-07-12-16-49-28,4,ubuntu,medium,0,1,mix_90W_10R,10000,79613.38,0.012560703,0.012710996,0.016552003,0.02402641,0.0028629948,0.241375,0.0,99.17,0.0,6.871,0.0,0.0,0.0,0.0,1
rocksdb,2026-07-12-16-49-28,4,ubuntu,medium,10000,1,delete,10000,214829.83,0.004654847,0.0046789935,0.0051680035,0.008450995,0.0032129975,0.087023,0.0,208.8,0.0,137.1,0.0,0.0,0.0,0.0,1
rocksdb,2026-07-12-16-49-28,4,ubuntu,medium,10000,1,insert,10000,77905.52,0.01283606,0.012081997,0.015854007,0.022419998,0.009638003,0.25709,0.0,224.7,0.0,27.33,0.0,0.0,0.0,0.0,1
rocksdb,2026-07-12-16-49-28,4,ubuntu,medium,10000,1,read,10000,151455.4,0.006602603,0.0062850015,0.008101997,0.011872995,0.004818998,0.043442,0.0,200.82,0.0,54.4,0.0,0.0,0.0,0.0,1
rocksdb,2026-07-12-16-49-28,4,ubuntu,medium,10000,1,update,10000,77225.47,0.012949095,0.012222,0.016064005,0.022908004,0.009638003,0.26156,0.0,200.82,0.0,54.4,0.0,0.0,0.0,0.0,1
rocksdb,2026-07-12-16-49-28,4,ubuntu,medium,100000,1,delete,100000,215024.1,0.0046506417,0.004400004,0.0052379984,0.008101997,0.0032120005,0.054826997,0.0,176.51,0.0,98.16,0.0,0.0,0.0,0.0,1
rocksdb,2026-07-12-16-49-28,4,ubuntu,medium,100000,1,insert,100000,85888.51,0.011643001,0.010616001,0.0143180005,0.020463994,0.008520001,6.863979,0.0,158.155,0.0,107.5,0.0,0.0,0.0,573.44,2
rocksdb,2026-07-12-16-49-28,4,ubuntu,medium,100000,1,read,100000,149883.4,0.0066718524,0.006146001,0.012362005,0.015785001,0.003841,0.429531,0.0,145.975,0.0,94.30000000000001,0.0,0.0,0.0,204.79999999999995,2
rocksdb,2026-07-12-16-49-28,4,ubuntu,medium,100000,1,update,100000,85739.84,0.011663188,0.010896001,0.014457,0.020533,0.008591,0.457328,0.0,142.03,0.0,94.25,0.0,0.0,0.0,245.76,2
rocksdb,2026-07-12-16-49-28,4,ubuntu,small,0,1,mix_10W_90R,10000,335964.0,0.0029765095,0.002793,0.0053080004,0.008244091,0.0013969984,0.017530998,0.0,165.55,0.0,76.52,0.0,0.0,0.0,0.0,1
rocksdb,2026-07-12-16-49-28,4,ubuntu,small,0,1,mix_50W_50R,20000,255818.72,0.003909018,0.004365502,0.005797003,0.009568,0.00090800313,0.073055,0.0,165.55,0.0,76.52,0.0,0.0,0.0,0.0,1
rocksdb,2026-07-12-16-49-28,4,ubuntu,small,0,1,mix_90W_10R,10000,188899.75,0.0052938135,0.0052379984,0.007962001,0.009918003,0.0018859936,0.124949,0.0,165.55,0.0,76.52,0.0,0.0,0.0,0.0,1
rocksdb,2026-07-12-16-49-28,4,ubuntu,small,10000,1,delete,10000,214764.25,0.0046562683,0.004400004,0.0051680035,0.008101997,0.0032820026,0.070889995,0.0,171.06,0.0,30.32,0.0,0.0,0.0,0.0,1
rocksdb,2026-07-12-16-49-28,4,ubuntu,small,10000,1,insert,10000,199239.44,0.0050190864,0.004749003,0.007543,0.009987694,0.003352994,0.139825,0.0,214.64,0.0,23.41,0.0,0.0,0.0,0.0,1
rocksdb,2026-07-12-16-49-28,4,ubuntu,small,10000,1,read,10000,334717.6,0.0029875932,0.002863002,0.0034219993,0.006215996,0.0014670003,0.037295997,0.0,220.04,0.0,19.14,0.0,0.0,0.0,0.0,1
rocksdb,2026-07-12-16-49-28,4,ubuntu,small,10000,1,update,10000,193861.38,0.005158325,0.00475,0.0076829963,0.010616001,0.0032829994,0.073334,0.0,171.06,0.0,30.32,0.0,0.0,0.0,0.0,1
rocksdb,2026-07-12-16-49-28,4,ubuntu,small,100000,1,delete,100000,213612.11,0.0046813823,0.0046789935,0.0052380054,0.008171999,0.0028639988,0.257859,0.0,188.37,0.0,26.35,0.0,0.0,0.0,0.0,1
rocksdb,2026-07-12-16-49-28,4,ubuntu,small,100000,1,insert,100000,200189.95,0.0049952553,0.004748996,0.007613002,0.010406999,0.0032130047,0.270011,0.0,158.72,0.0,19.98,0.0,0.0,0.0,0.0,1
rocksdb,2026-07-12-16-49-28,4,ubuntu,small,100000,1,read,100000,305002.9,0.0032786573,0.0028639988,0.0066349967,0.0080320025,0.0014670003,0.042883,0.0,134.46,0.0,20.75,0.0,0.0,0.0,0.0,1
rocksdb,2026-07-12-16-49-28,4,ubuntu,small,100000,1,update,100000,190309.23,0.005254606,0.004818998,0.0077529983,0.010546005,0.0032819952,0.26079202,0.0,158.87,0.0,33.04,0.0,0.0,0.0,15.099999999999998,2
rocksdb,2026-07-12-16-49-28,4,ubuntu,small,1000000,1,delete,1000000,216277.36,0.0046236925,0.004330999,0.0052390024,0.0080320025,0.002793,2.474659,0.0,121.89200000000001,0.0,65.696,0.0,0.0,0.0,39.0,5
rocksdb,2026-07-12-16-49-28,4,ubuntu,small,1000000,1,insert,1000000,201412.94,0.0049649244,0.004749003,0.007543,0.009568,0.0032120005,0.43896,0.0,111.026,0.0,63.122,0.0,0.0,0.0,251.2,5
rocksdb,2026-07-12-16-49-28,4,ubuntu,small,1000000,1,read,1000000,302526.44,0.0033054964,0.0028639988,0.0067750006,0.008101,0.0013969984,0.075849004,0.0,131.2,0.0,33.61,0.0,0.0,0.0,0.0,4
rocksdb,2026-07-12-16-49-28,4,ubuntu,small,1000000,1,update,1000000,194788.02,0.0051337862,0.00475,0.007613002,0.009848001,0.0032120005,0.270081,0.0,109.815,0.0,75.155,0.0,0.0,0.0,287.0,6
rocksdb,2026-07-12-17-18-25,1,ubuntu,small,0,1,doc_delete,10000,216701.1,0.0046146517,0.004330999,0.005167996,0.009150694,0.0032819952,0.062929,0.0,35.53,0.0,3.059,0.0,0.0,0.0,0.0,1
rocksdb,2026-07-12-17-18-25,1,ubuntu,small,0,1,doc_increment,10000,67008.41,0.0149235,0.013478995,0.021023,0.02675,0.012291996,1.695802,0.0,101.87,0.0,14.93,0.0,0.0,0.0,0.0,1
rocksdb,2026-07-12-17-18-25,1,ubuntu,small,0,1,doc_insert,10000,186157.84,0.0053717857,0.004819005,0.008451003,0.011385004,0.0037709977,0.074802,0.0,94.58,0.0,18.6,0.0,0.0,0.0,0.0,1
rocksdb,2026-07-12-17-18-25,1,ubuntu,small,0,1,doc_read,10000,166514.44,0.006005485,0.005727001,0.009149,0.011314015,0.004330999,0.059296995,0.0,94.58,0.0,18.6,0.0,0.0,0.0,0.0,1
rocksdb,2026-07-12-17-18-25,1,ubuntu,small,0,1,doc_read_partial,10000,168263.83,0.0059430483,0.005658003,0.00901345,0.013270011,0.0042609973,0.056922995,0.0,91.84,0.0,2.883,0.0,0.0,0.0,0.0,1
rocksdb,2026-07-12-17-18-25,1,ubuntu,small,0,1,doc_update_partial,10000,67950.3,0.01471664,0.013550001,0.020463994,0.025214002,0.011944001,0.395315,0.0,101.87,0.0,14.93,0.0,0.0,0.0,0.0,1
rocksdb,2026-07-12-17-18-25,1,ubuntu,small,0,1,queue,20000,136.23233,7.3404016,6.9255457,14.976907,16.449183,0.011944001,37.253357,0.0,99.9856,0.0,106.19426666666666,0.0,0.0,0.0,103.97197265625,75
rocksdb,2026-07-12-17-21-20,2,ubuntu,small,0,1,doc_delete,10000,215857.39,0.004632688,0.004330999,0.0051680035,0.008591,0.0032829994,0.087234996,0.0,71.69,0.0,3.301,0.0,0.0,0.0,0.0,1
rocksdb,2026-07-12-17-21-20,2,ubuntu,small,0,1,doc_increment,10000,68134.445,0.014676864,0.013409997,0.020952998,0.025772002,0.0115239965,0.389656,0.0,71.69,0.0,3.301,0.0,0.0,0.0,0.0,1
rocksdb,2026-07-12-17-21-20,2,ubuntu,small,0,1,doc_insert,10000,183669.48,0.0054445625,0.004820002,0.008590003,0.011943004,0.0037709977,0.045259003,0.0,121.4,0.0,12.79,0.0,0.0,0.0,0.0,1
rocksdb,2026-07-12-17-21-20,2,ubuntu,small,0,1,doc_read,10000,169044.3,0.005915609,0.005657006,0.009083452,0.012432,0.0042600003,0.072917,0.0,140.1,0.0,24.95,0.0,0.0,0.0,0.0,1
rocksdb,2026-07-12-17-21-20,2,ubuntu,small,0,1,doc_read_partial,10000,168417.97,0.005937609,0.005727001,0.009078998,0.011384,0.0041899984,0.07131,0.0,140.1,0.0,24.95,0.0,0.0,0.0,0.0,1
rocksdb,2026-07-12-17-21-20,2,ubuntu,small,0,1,doc_update_partial,10000,65431.953,0.015283052,0.014317993,0.021092005,0.027239691,0.011942997,0.442178,0.0,112.19,0.0,11.62,0.0,0.0,0.0,0.0,1
rocksdb,2026-07-12-17-21-20,2,ubuntu,small,0,1,queue,20000,137.74109,7.259998,6.969775,14.733451,15.660509,0.012362005,23.691902,0.0,101.77378378378378,0.0,110.63945945945946,0.0,0.0,0.0,103.97197265625,74
rocksdb,2026-07-12-17-24-12,4,ubuntu,small,0,1,doc_delete,10000,214307.61,0.00466619,0.0046789935,0.0051680035,0.0080320025,0.0032829994,0.075220995,0.0,0.0,0.0,3.426,0.0,0.0,0.0,0.0,1
rocksdb,2026-07-12-17-24-12,4,ubuntu,small,0,1,doc_increment,10000,68034.13,0.0146985045,0.013478995,0.020953005,0.025913388,0.011873002,0.391471,0.0,117.14,0.0,3.426,0.0,0.0,0.0,0.0,1
rocksdb,2026-07-12-17-24-12,4,ubuntu,small,0,1,doc_insert,10000,183634.81,0.0054455907,0.004820002,0.008591,0.0115239965,0.0037709977,0.073265,0.0,215.53,0.0,23.67,0.0,0.0,0.0,0.0,1
rocksdb,2026-07-12-17-24-12,4,ubuntu,small,0,1,doc_read,10000,167694.58,0.005963222,0.005727001,0.009080002,0.011524014,0.004330999,0.058179002,0.0,239.85,0.0,19.33,0.0,0.0,0.0,0.0,1
rocksdb,2026-07-12-17-24-12,4,ubuntu,small,0,1,doc_read_partial,10000,168456.78,0.0059362403,0.0057269935,0.009149,0.011384,0.0042609973,0.060064994,0.0,156.3,0.0,29.48,0.0,0.0,0.0,0.0,1
rocksdb,2026-07-12-17-24-12,4,ubuntu,small,0,1,doc_update_partial,10000,68648.26,0.014567014,0.013409001,0.020394,0.025143012,0.012222,0.39636,0.0,156.3,0.0,29.48,0.0,0.0,0.0,0.0,1
rocksdb,2026-07-12-17-24-12,4,ubuntu,small,0,1,queue,20000,137.46773,7.2744346,6.9857507,14.887067,15.703875,0.012432007,23.47202,0.0,103.49702702702703,0.0,111.97662162162163,0.0,0.0,0.0,103.97197265625,74
tarantool,2026-07-10-19-23-57,1,ubuntu,medium,0,1,doc_delete,10000,8214.573,0.12173487,0.114053,0.15330504,0.18893059,0.098758,3.15334,61.96,45.07,3942.4,54.14,0.0,0.0,0.0,0.0,1
tarantool,2026-07-10-19-23-57,1,ubuntu,medium,0,1,doc_increment,10000,7746.6123,0.12908868,0.1202,0.1556135,0.19493689,0.108397,3.227652,69.145,43.25,3942.4,73.495,0.0,0.0,0.0,0.0,2
tarantool,2026-07-10-19-23-57,1,ubuntu,medium,0,1,doc_insert,10000,6444.5713,0.15516937,0.148417,0.202964,0.24382687,0.121108,3.452336,39.055,289.45,3940.352,93.005,0.0,0.0,0.0,0.0,2
tarantool,2026-07-10-19-23-57,1,ubuntu,medium,0,1,doc_read,10000,9045.827,0.11054822,0.107908,0.123063,0.14317939,0.088281,3.341077,33.64,102.36,3940.352,72.95,0.0,0.0,0.0,0.0,1
tarantool,2026-07-10-19-23-57,1,ubuntu,medium,0,1,doc_read_partial,10000,10242.252,0.09763478,0.088002,0.134587,0.24187228,0.079481,3.077979,66.66499999999999,141.755,3940.864,92.875,0.0,0.0,0.0,0.0,2
tarantool,2026-07-10-19-23-57,1,ubuntu,medium,0,1,doc_update_partial,10000,6007.573,0.16645657,0.166086,0.2082055,0.27043268,0.120409,3.265158,75.675,42.54,3941.888,92.86,0.00390625,0.0,0.0,0.0,2
tarantool,2026-07-10-19-23-57,1,ubuntu,medium,0,1,mix_10W_90R,10000,9354.251,0.10690327,0.09806,0.171465,0.19325502,0.077176,0.59136,59.284000000000006,98.934,3932.7744,92.75800000000001,0.0048828125,102.40000000000146,0.0,0.0,5
tarantool,2026-07-10-19-23-57,1,ubuntu,medium,0,1,mix_50W_50R,20000,6900.987,0.14490682,0.141641,0.20261404,0.2408201,0.078014,3.207049,59.284000000000006,98.934,3932.7744,92.75800000000001,0.0048828125,102.40000000000146,0.0,0.0,5
tarantool,2026-07-10-19-23-57,1,ubuntu,medium,0,1,mix_90W_10R,10000,6564.567,0.15233298,0.147368,0.18858644,0.2170034,0.091983,8.252013,59.284000000000006,98.934,3932.7744,92.75800000000001,0.0048828125,102.40000000000146,0.0,0.0,5
tarantool,2026-07-10-19-23-57,1,ubuntu,medium,0,1,queue,20000,6883.6045,0.14527273,0.138359,0.2018495,0.251365,0.107348,3.180578,65.265,46.03,3938.816,78.615,0.0,0.0,0.0,0.0,2
tarantool,2026-07-10-19-23-57,1,ubuntu,medium,0,2,doc_delete,20000,14965.49,0.13357125,0.11971,0.15358645,0.24005397,0.079131,15.861471,65.715,395.81,3944.4480000000003,175.45,0.0,0.0,0.0,0.0,2
tarantool,2026-07-10-19-23-57,1,ubuntu,medium,0,2,doc_increment,20000,12954.564,0.153222,0.115239,0.178586,0.26618615,0.080668,20.388979,71.565,325.5,3945.9840000000004,134.45,0.0,0.0,0.0,0.0,2
tarantool,2026-07-10-19-23-57,1,ubuntu,medium,0,2,doc_insert,20000,10861.679,0.18238814,0.15351349,0.22202815,0.3169772,0.109164,41.899055,88.83500000000001,206.35,3944.448,134.55,0.0,0.0,0.0,0.0,2
tarantool,2026-07-10-19-23-57,1,ubuntu,medium,0,2,doc_read,20000,19151.697,0.10417954,0.099245,0.112306,0.17740248,0.067188,3.997966,88.735,207.825,3944.448,134.45,0.0,0.0,0.0,0.0,2
tarantool,2026-07-10-19-23-57,1,ubuntu,medium,0,2,doc_read_partial,20000,17498.902,0.11410936,0.10169,0.13836046,0.26736197,0.070051,5.134086,102.00999999999999,75.75999999999999,3944.96,134.75,0.0,0.0,0.0,0.0,2
tarantool,2026-07-10-19-23-57,1,ubuntu,medium,0,2,doc_update_partial,20000,9836.641,0.20332092,0.161684,0.2410975,0.3670928,0.107417,22.837358,89.255,192.775,3945.472,134.39999999999998,0.0,0.0,0.0,0.0,2
tarantool,2026-07-10-19-23-57,1,ubuntu,medium,0,2,mix_10W_90R,20000,16636.678,0.118105784,0.106231,0.16266845,0.22022617,0.062999,11.445443,95.07333333333334,128.96666666666667,3943.0826666666667,134.16666666666666,0.0,204.79999999999927,0.0,0.0,6
tarantool,2026-07-10-19-23-57,1,ubuntu,medium,0,2,mix_50W_50R,40000,13876.686,0.14388861,0.131095,0.19975,0.2816077,0.065233,11.072622,95.07333333333334,128.96666666666667,3943.0826666666667,134.16666666666666,0.0,204.79999999999927,0.0,0.0,6
tarantool,2026-07-10-19-23-57,1,ubuntu,medium,0,2,mix_90W_10R,20000,11322.554,0.17532155,0.155121,0.21658994,0.30090216,0.078154,13.929128,95.07333333333334,128.96666666666667,3943.0826666666667,134.16666666666666,0.0,204.79999999999927,0.0,0.0,6
tarantool,2026-07-10-19-23-57,1,ubuntu,medium,0,2,queue,40000,11610.6455,0.1708747,0.14708951,0.217979,0.3162539,0.078015,21.073643,102.44,77.25333333333333,3942.7413333333334,134.4333333333333,0.0,0.0,0.0,0.0,3
tarantool,2026-07-10-19-23-57,1,ubuntu,medium,0,4,doc_delete,40000,17759.469,0.21785381,0.141919,0.20792,0.287679,0.069982,35.674217,60.03,461.01,3945.4719999999998,246.65,0.0,0.0,0.0,0.0,2
tarantool,2026-07-10-19-23-57,1,ubuntu,medium,0,4,doc_increment,40000,14949.83,0.26454833,0.160428,0.246333,0.3869292,0.07962,38.936886,85.17333333333333,223.14,3946.4960000000005,215.29999999999998,0.0,0.0,0.0,0.0,3
tarantool,2026-07-10-19-23-57,1,ubuntu,medium,0,4,doc_insert,40000,13945.171,0.28421628,0.168878,0.253317,0.44964787,0.103506,40.571247,93.84666666666665,225.8033333333333,3945.8133333333335,215.63333333333333,0.00390625,0.0,0.0,0.0,3
tarantool,2026-07-10-19-23-57,1,ubuntu,medium,0,4,doc_read,40000,25299.809,0.15290861,0.127531,0.161754,0.2106451,0.061531,21.458763,91.195,287.85,3945.9840000000004,215.4,0.0,0.0,0.0,0.0,2
tarantool,2026-07-10-19-23-57,1,ubuntu,medium,0,4,doc_read_partial,40000,20957.475,0.18581231,0.131723,0.20750004,0.4418917,0.068096,26.430403,58.08,447.385,3945.472,215.2,0.0,0.0,0.0,0.0,2
tarantool,2026-07-10-19-23-57,1,ubuntu,medium,0,4,doc_update_partial,40000,10336.032,0.38016847,0.197374,0.32364807,0.6068678,0.110281,53.146046,84.46333333333332,209.26,3947.1786666666667,215.4333333333333,0.0,204.79999999999927,0.0,0.0,3
tarantool,2026-07-10-19-23-57,1,ubuntu,medium,0,4,mix_10W_90R,40000,19687.324,0.1951684,0.129766,0.19632944,0.3153367,0.06202,33.00085,95.29875,168.13875000000002,3944.192,200.72,0.0,307.2000000000007,0.0,0.0,8
tarantool,2026-07-10-19-23-57,1,ubuntu,medium,0,4,mix_50W_50R,80000,16232.231,0.23556645,0.149811,0.25031745,0.36199617,0.062927,49.978886,95.29875,168.13875000000002,3944.192,200.72,0.0,307.2000000000007,0.0,0.0,8
tarantool,2026-07-10-19-23-57,1,ubuntu,medium,0,4,mix_90W_10R,40000,13614.065,0.2848498,0.173767,0.27371445,0.4784915,0.073892,39.445107,95.29875,168.13875000000002,3944.192,200.72,0.0,307.2000000000007,0.0,0.0,8
tarantool,2026-07-10-19-23-57,1,ubuntu,medium,0,4,queue,80000,13401.621,0.29606625,0.170065,0.26728505,0.47786248,0.073754,60.79855,79.94,210.45250000000001,3946.752,193.325,0.0,307.2000000000007,0.0,10.240000000000009,4
tarantool,2026-07-10-19-23-57,1,ubuntu,medium,0,8,doc_delete,80000,22018.498,0.34781107,0.214346,0.350468,0.488267,0.078014,38.970325,58.89333333333334,305.34,3946.4960000000005,268.47666666666663,0.0,0.0,0.0,0.0,3
tarantool,2026-07-10-19-23-57,1,ubuntu,medium,0,8,doc_increment,80000,18475.705,0.42042613,0.245845,0.419123,0.59428835,0.084928,64.157295,84.18,351.1666666666667,3946.154666666667,304.5333333333333,0.0,0.0,0.0,0.0,3
tarantool,2026-07-10-19-23-57,1,ubuntu,medium,0,8,doc_insert,80000,13042.91,0.598214,0.3132075,0.5029331,0.8275733,0.11503,57.48036,86.9525,354.2175,3947.008,296.245,0.0,204.8000000000029,0.0,0.0,4
tarantool,2026-07-10-19-23-57,1,ubuntu,medium,0,8,doc_read,80000,31866.92,0.24472925,0.184663,0.246962,0.3426467,0.064883,27.363386,71.85666666666667,550.18,3946.4960000000005,378.3666666666666,0.0,0.0,0.0,10.240000000000009,3
tarantool,2026-07-10-19-23-57,1,ubuntu,medium,0,8,doc_read_partial,80000,24152.291,0.32717836,0.201285,0.32183298,0.7790228,0.069632,39.2251,84.85000000000001,395.3233333333333,3946.8373333333334,378.8333333333333,0.0,0.0,0.0,0.0,3
tarantool,2026-07-10-19-23-57,1,ubuntu,medium,0,8,doc_update_partial,80000,11678.499,0.6790587,0.317712,0.576756,1.1074197,0.136052,62.068516,90.936,321.654,3947.3152,379.08000000000004,0.0,307.1999999999971,0.0,0.0,5
tarantool,2026-07-10-19-23-57,1,ubuntu,medium,0,8,mix_10W_90R,80000,22434.21,0.32903868,0.21693,0.34041446,0.5324774,0.067398,50.286736,100.98533333333333,218.20066666666665,3944.8576000000003,377.0866666666667,0.0078125,614.3999999999978,0.0,10.240000000000009,15
tarantool,2026-07-10-19-23-57,1,ubuntu,medium,0,8,mix_50W_50R,160000,17447.5,0.43677783,0.235507,0.441472,0.6871067,0.070121,62.533188,100.98533333333333,218.20066666666665,3944.8576000000003,377.0866666666667,0.0078125,614.3999999999978,0.0,10.240000000000009,15
tarantool,2026-07-10-19-23-57,1,ubuntu,medium,0,8,mix_90W_10R,80000,13363.31,0.5818687,0.283838,0.580248,0.8756138,0.086324,54.114918,100.98533333333333,218.20066666666665,3944.8576000000003,377.0866666666667,0.0078125,614.3999999999978,0.0,10.240000000000009,15
tarantool,2026-07-10-19-23-57,1,ubuntu,medium,0,8,queue,160000,14192.202,0.5584582,0.293477,0.524724,0.82281,0.087582,61.241135,92.87,309.3357142857143,3946.9348571428573,379.34285714285716,0.0,0.0,0.0,0.0,7
tarantool,2026-07-10-19-23-57,1,ubuntu,medium,10000,1,delete,10000,8628.493,0.11589509,0.109374,0.136892,0.19514169,0.100993,3.040192,54.88,64.39,1680.384,94.06,0.0,0.0,0.0,0.0,1
tarantool,2026-07-10-19-23-57,1,ubuntu,medium,10000,1,insert,10000,6508.5977,0.15364292,0.148277,0.20024,0.25166494,0.119292,3.586922,63.379999999999995,62.040000000000006,1680.896,90.165,0.0,102.40000000000055,0.0,0.0,2
tarantool,2026-07-10-19-23-57,1,ubuntu,medium,10000,1,read,10000,10757.025,0.0929625,0.085837,0.11566,0.13291268,0.076198,3.384099,55.18,80.93,1680.384,69.43,0.0,0.0,0.0,0.0,1
tarantool,2026-07-10-19-23-57,1,ubuntu,medium,10000,1,update,10000,6373.947,0.15688868,0.148765,0.20016904,0.23551169,0.120898,3.303849,37.065,289.445,1681.408,110.8,0.0,0.0,0.0,0.0,2
tarantool,2026-07-10-19-23-57,1,ubuntu,medium,10000,2,delete,20000,14163.735,0.13997266,0.128371,0.165597,0.2587708,0.080808,12.782509,101.805,88.6,1683.9679999999998,193.5,0.0,174.07999999999993,0.0,0.0,2
tarantool,2026-07-10-19-23-57,1,ubuntu,medium,10000,2,insert,20000,10598.386,0.18626185,0.157915,0.224754,0.30543345,0.107209,14.039681,57.85,344.1,1682.432,152.25,0.0,0.0,0.0,0.0,2
tarantool,2026-07-10-19-23-57,1,ubuntu,medium,10000,2,read,20000,19688.676,0.101296194,0.096173,0.112656,0.17307308,0.065862,3.60564,92.7,93.13,1682.432,72.45,0.0,0.0,0.0,0.0,1
tarantool,2026-07-10-19-23-57,1,ubuntu,medium,10000,2,update,20000,11633.12,0.17132026,0.154912,0.216303,0.2948802,0.10651,15.022301,52.010000000000005,349.89,1683.9679999999998,152.75,0.0,0.0,0.0,10.240000000000009,2
tarantool,2026-07-10-19-23-57,1,ubuntu,medium,10000,4,delete,40000,18955.146,0.20358166,0.1413965,0.198912,0.27008718,0.069075,34.070908,59.905,362.455,1685.504,201.85000000000002,0.0,0.0,0.0,0.0,2
tarantool,2026-07-10-19-23-57,1,ubuntu,medium,10000,4,insert,40000,12786.395,0.30925888,0.174957,0.25828245,0.42618477,0.108955,52.52438,101.03333333333335,110.35333333333334,1684.1386666666667,234.9333333333333,0.0,0.0,0.0,0.0,3
tarantool,2026-07-10-19-23-57,1,ubuntu,medium,10000,4,read,40000,26191.525,0.1518086,0.119432,0.158823,0.20680849,0.059576,20.960205,101.525,124.38,1685.504,235.14999999999998,0.0,0.0,0.10000000000000142,0.0,2
tarantool,2026-07-10-19-23-57,1,ubuntu,medium,10000,4,update,40000,14358.73,0.2746793,0.16881049,0.241796,0.446862,0.101551004,41.0985,95.695,128.69,1686.016,160.2,0.0,0.0,0.0,0.0,2
tarantool,2026-07-10-19-23-57,1,ubuntu,medium,10000,8,delete,80000,21838.982,0.3551733,0.219377,0.353963,0.48450488,0.075081,39.583885,87.45666666666666,215.6933333333333,1691.9893333333332,302.4,0.0,0.0,0.0,0.0,3
tarantool,2026-07-10-19-23-57,1,ubuntu,medium,10000,8,insert,80000,12081.608,0.6521306,0.3458975,0.559162,0.89552736,0.11594,68.73352,89.428,339.662,1688.5759999999998,399.41999999999996,0.0,235.52000000000044,0.0,0.0,5
tarantool,2026-07-10-19-23-57,1,ubuntu,medium,10000,8,read,80000,30932.637,0.25530028,0.185014,0.239352,0.3772969,0.067677,31.064589,86.66,369.525,1690.112,272.15,0.0,0.0,0.0,0.0,2
tarantool,2026-07-10-19-23-57,1,ubuntu,medium,10000,8,update,80000,12853.289,0.61627746,0.323861,0.502939,0.82938755,0.124809,61.12833,88.932,312.448,1693.0816,382.04,0.008007812500000001,276.47999999999956,0.0,10.240000000000009,5
tarantool,2026-07-10-19-23-57,1,ubuntu,medium,100000,1,delete,100000,8611.99,0.11611719,0.113844,0.137032,0.1750267,0.094707,8.363828,60.33428571428572,119.43142857142857,1704.374857142857,115.89999999999999,0.0,0.0,0.0,0.0,7
tarantool,2026-07-10-19-23-57,1,ubuntu,medium,100000,1,insert,100000,6730.1733,0.14858459,0.14234,0.193744,0.2439617,0.113914,8.352863,63.42111111111111,97.12888888888888,1696.9955555555555,110.71111111111111,0.0080078125,552.9599999999991,0.0,0.0,9
tarantool,2026-07-10-19-23-57,1,ubuntu,medium,100000,1,read,100000,10791.228,0.09266786,0.091564,0.103438,0.122923,0.07117,8.552754,61.776666666666664,49.26833333333334,1700.8639999999998,110.10000000000001,0.004003906250000001,0.0,0.0,0.0,6
tarantool,2026-07-10-19-23-57,1,ubuntu,medium,100000,1,update,100000,6577.373,0.15203638,0.144505,0.198913,0.25052768,0.115869,8.346159,66.13777777777779,70.63,1703.1395555555555,110.44444444444444,0.008007812499999996,276.4800000000014,0.0,10.240000000000009,9
tarantool,2026-07-10-19-23-57,1,ubuntu,medium,100000,2,delete,200000,15095.284,0.13220197,0.125368,0.161267,0.23488268,0.074522,11.926447,101.995,81.265,1721.6,159.725,0.0,0.0,0.0,0.0,8
tarantool,2026-07-10-19-23-57,1,ubuntu,medium,100000,2,insert,200000,11889.144,0.16802895,0.146251,0.215046,0.311988,0.100852996,36.547333,98.45599999999999,108.423,1708.032,151.27,0.008007812500000003,542.7199999999993,0.0,0.0,10
tarantool,2026-07-10-19-23-57,1,ubuntu,medium,100000,2,read,200000,19827.818,0.10085534,0.096174,0.11105,0.180683,0.060623,7.932479,91.13499999999999,137.98,1714.688,142.06666666666666,0.0,0.0,0.0,0.0,6
tarantool,2026-07-10-19-23-57,1,ubuntu,medium,100000,2,update,200000,11734.404,0.17000024,0.146391,0.219586,0.32009208,0.100504,36.23723,94.395,131.554,1719.5008000000003,149.75,0.0,860.1599999999999,0.0,10.240000000000009,10
tarantool,2026-07-10-19-23-57,1,ubuntu,medium,100000,4,delete,400000,17850.139,0.22203171,0.148975,0.216513,0.321068,0.068097,47.223667,97.94666666666667,136.42749999999998,2200.1493333333333,226.09166666666667,0.0,0.0,0.0,10.240000000000009,12
tarantool,2026-07-10-19-23-57,1,ubuntu,medium,100000,4,insert,400000,12847.497,0.3094606,0.184036,0.281606,0.486176,0.100574,61.011078,98.00588235294117,134.4123529411765,1801.035294117647,225.95294117647057,0.0,1024.0,0.0,20.480000000000018,17
tarantool,2026-07-10-19-23-57,1,ubuntu,medium,100000,4,read,400000,26329.56,0.1507853,0.118174,0.158962,0.21930769,0.058249,30.493212,99.65777777777777,179.7588888888889,2131.5128888888885,228.83333333333334,0.0,0.0,0.0,0.0,9
tarantool,2026-07-10-19-23-57,1,ubuntu,medium,100000,4,update,400000,12609.837,0.31654218,0.185712,0.282235,0.4869457,0.101551,59.75635,101.05055555555556,123.80888888888889,2169.344,227.35000000000002,0.0,1433.6000000000004,0.0,10.240000000000009,18
tarantool,2026-07-10-19-23-57,1,ubuntu,medium,100000,8,delete,800000,21204.213,0.3739454,0.238863,0.390422,0.553156,0.069563,55.114674,97.876,231.6265,3928.3712,367.0985,0.0,204.79999999999927,0.0,20.480000000000018,20
tarantool,2026-07-10-19-23-57,1,ubuntu,medium,100000,8,insert,800000,12966.654,0.614428,0.304725,0.587728,0.928631,0.10218,61.081978,98.76181818181817,221.51999999999998,2636.3966060606062,387.3575757575757,0.008007812500000003,2764.7999999999993,0.0,10.240000000000009,33
tarantool,2026-07-10-19-23-57,1,ubuntu,medium,100000,8,read,800000,28230.916,0.28145188,0.209529,0.29341,0.42436668,0.065164,43.76491,95.7775,324.37625,3782.016,382.69375,0.1404296875,0.0,0.0,10.240000000000009,16
tarantool,2026-07-10-19-23-57,1,ubuntu,medium,100000,8,update,800000,13024.142,0.6119745,0.309823,0.574179,0.913615,0.109723,61.667686,100.0190909090909,210.53484848484848,3864.7001212121213,382.8212121212121,0.0390625,2457.6000000000004,0.0,30.720000000000027,33
tarantool,2026-07-10-19-23-57,1,ubuntu,small,0,1,doc_delete,10000,8538.928,0.117110714,0.11105,0.141292,0.16462278,0.094497,3.15613,81.675,64.875,1673.728,104.14500000000001,0.0,0.0,0.0,0.0,2
tarantool,2026-07-10-19-23-57,1,ubuntu,small,0,1,doc_increment,10000,8353.1,0.11971604,0.114123,0.145064,0.200868,0.10225,3.050318,62.355000000000004,157.415,1673.728,92.24000000000001,0.0,0.0,0.0,0.0,2
tarantool,2026-07-10-19-23-57,1,ubuntu,small,0,1,doc_insert,10000,8222.827,0.12161267,0.114403,0.1489785,0.1799157,0.102459,3.137971,58.97,46.97,1674.24,90.16,0.0,0.0,0.0,0.0,1
tarantool,2026-07-10-19-23-57,1,ubuntu,small,0,1,doc_read,10000,10510.253,0.09514519,0.091913,0.115381,0.14003569,0.073265,3.305385,26.64,293.72,1674.24,91.94,0.0,0.0,0.0,0.0,1
tarantool,2026-07-10-19-23-57,1,ubuntu,small,0,1,doc_read_partial,10000,10820.202,0.092419714,0.086885,0.111539,0.15673329,0.075919,3.052134,49.94,49.77,1673.216,78.58,0.0,0.0,0.0,0.0,1
tarantool,2026-07-10-19-23-57,1,ubuntu,small,0,1,doc_update_partial,10000,7694.283,0.12996663,0.123971,0.166087,0.2090407,0.105742,3.188188,53.43,278.62,1674.24,92.39,0.0,0.0,0.0,0.0,2
tarantool,2026-07-10-19-23-57,1,ubuntu,small,0,1,mix_10W_90R,10000,11099.487,0.09009425,0.085208,0.112936,0.13892707,0.069983,0.499376,54.8525,105.375,1673.728,91.7875,0.0,0.0,0.0,0.0,4
tarantool,2026-07-10-19-23-57,1,ubuntu,small,0,1,mix_50W_50R,20000,9280.824,0.107749045,0.109025,0.1394095,0.16538869,0.069564,2.975027,54.8525,105.375,1673.728,91.7875,0.0,0.0,0.0,0.0,4
tarantool,2026-07-10-19-23-57,1,ubuntu,small,0,1,mix_90W_10R,10000,9104.202,0.109839395,0.107837,0.12816104,0.1607097,0.078294,8.313469,54.8525,105.375,1673.728,91.7875,0.0,0.0,0.0,0.0,4
tarantool,2026-07-10-19-23-57,1,ubuntu,small,0,1,queue,20000,8313.727,0.12028301,0.111539,0.155052,0.209109,0.098199,2.973421,50.185,166.04500000000002,1674.24,91.5,0.0,0.0,0.0,0.0,2
tarantool,2026-07-10-19-23-57,1,ubuntu,small,0,2,doc_delete,20000,16846.303,0.118034974,0.11538,0.140105,0.17488839,0.077107,3.976924,67.745,378.55,1675.264,139.39999999999998,0.0,0.0,0.0,0.0,2
tarantool,2026-07-10-19-23-57,1,ubuntu,small,0,2,doc_increment,20000,14825.589,0.13455088,0.1207585,0.178099,0.2339758,0.074941,10.644336,90.25,82.33,1675.264,78.17,0.0,0.0,0.0,0.0,1
tarantool,2026-07-10-19-23-57,1,ubuntu,small,0,2,doc_insert,20000,16893.49,0.11789755,0.117336,0.145413,0.18103509,0.082066,3.249649,71.59,110.505,1674.752,112.55000000000001,0.0,0.0,0.0,0.0,2
tarantool,2026-07-10-19-23-57,1,ubuntu,small,0,2,doc_read,20000,21261.963,0.09378873,0.0888405,0.105323,0.117406,0.064255,4.075193,55.42,140.07,1674.24,109.2,0.0,0.0,0.0,0.0,1
tarantool,2026-07-10-19-23-57,1,ubuntu,small,0,2,doc_read_partial,20000,20287.312,0.09809148,0.088701,0.122575,0.16894901,0.067678,31.483427,95.045,192.28,1675.7759999999998,115.30000000000001,0.0,0.0,0.0,0.0,2
tarantool,2026-07-10-19-23-57,1,ubuntu,small,0,2,doc_update_partial,20000,14473.777,0.13794868,0.127812,0.18215005,0.2872707,0.078643,5.447257,96.155,79.255,1675.264,96.785,0.0,0.0,0.0,0.0,2
tarantool,2026-07-10-19-23-57,1,ubuntu,small,0,2,mix_10W_90R,20000,20397.445,0.096891664,0.092612,0.122993,0.1477184,0.058668,3.705235,85.05,151.26500000000001,1674.496,115.7,0.0,0.0,0.0,0.0,4
tarantool,2026-07-10-19-23-57,1,ubuntu,small,0,2,mix_50W_50R,40000,18837.111,0.10554719,0.101272,0.135845,0.16510968,0.060344,7.22825,85.05,151.26500000000001,1674.496,115.7,0.0,0.0,0.0,0.0,4
tarantool,2026-07-10-19-23-57,1,ubuntu,small,0,2,mix_90W_10R,20000,16323.206,0.120895505,0.120479,0.14094205,0.16036068,0.07096,9.162898,85.05,151.26500000000001,1674.496,115.7,0.0,0.0,0.0,0.0,4
tarantool,2026-07-10-19-23-57,1,ubuntu,small,0,2,queue,40000,15322.571,0.13019589,0.124949,0.161267,0.20862587,0.07997,9.967628,71.51,212.04,1675.264,115.6,0.0,30.720000000000255,0.0,0.0,2
tarantool,2026-07-10-19-23-57,1,ubuntu,small,0,4,doc_delete,40000,20599.496,0.1852366,0.126346,0.173909,0.2700879,0.070052,35.726944,79.515,462.32,1675.7759999999998,209.75,0.0,0.0,0.0,0.0,2
tarantool,2026-07-10-19-23-57,1,ubuntu,small,0,4,doc_increment,40000,20305.248,0.1953527,0.122994,0.190392,0.29334,0.069144,39.011448,70.03,315.155,1674.752,163.05,0.0,0.0,0.0,0.0,2
tarantool,2026-07-10-19-23-57,1,ubuntu,small,0,4,doc_insert,40000,21973.25,0.1813044,0.120618,0.16902,0.270571,0.065723,34.4968,45.705,477.37,1677.312,160.75,0.0,0.0,0.0,0.0,2
tarantool,2026-07-10-19-23-57,1,ubuntu,small,0,4,doc_read,40000,33484.492,0.119332105,0.102948,0.122016,0.156309,0.063907,14.503296,102.215,155.04000000000002,1677.312,162.39999999999998,0.0,0.0,0.0,0.0,2
tarantool,2026-07-10-19-23-57,1,ubuntu,small,0,4,doc_read_partial,40000,25087.01,0.15499808,0.118313,0.16972154,0.25995988,0.063906,27.198568,97.88499999999999,228.53,1676.288,162.39999999999998,0.0,0.0,0.0,0.0,2
tarantool,2026-07-10-19-23-57,1,ubuntu,small,0,4,doc_update_partial,40000,18157.168,0.21632925,0.133959,0.20401546,0.33014768,0.07096,55.246147,66.43,385.355,1675.264,160.14999999999998,0.0,0.0,0.0,0.0,2
tarantool,2026-07-10-19-23-57,1,ubuntu,small,0,4,mix_10W_90R,40000,23586.611,0.16043757,0.112727,0.156099,0.2466157,0.060833998,33.725246,98.64714285714285,171.1357142857143,1675.5565714285713,155.79999999999998,0.0,0.0,0.0,0.0,7
tarantool,2026-07-10-19-23-57,1,ubuntu,small,0,4,mix_50W_50R,80000,21943.707,0.1713177,0.112796,0.158683,0.22545509,0.058668,35.51085,98.64714285714285,171.1357142857143,1675.5565714285713,155.79999999999998,0.0,0.0,0.0,0.0,7
tarantool,2026-07-10-19-23-57,1,ubuntu,small,0,4,mix_90W_10R,40000,20073.508,0.19562952,0.133191,0.182849,0.26003477,0.065093,32.63458,98.64714285714285,171.1357142857143,1675.5565714285713,155.79999999999998,0.0,0.0,0.0,0.0,7
tarantool,2026-07-10-19-23-57,1,ubuntu,small,0,4,queue,80000,19844.594,0.19895701,0.130746,0.188366,0.3199591,0.071169,37.756996,85.58,232.45000000000002,1676.6293333333333,162.66666666666666,0.0,0.0,0.0,10.240000000000009,3
tarantool,2026-07-10-19-23-57,1,ubuntu,small,0,8,doc_delete,80000,26195.248,0.29767627,0.162454,0.247034,0.39866722,0.068796,48.28254,88.63,243.79999999999998,1677.9946666666667,208.23333333333335,0.0,0.0,0.0,0.0,3
tarantool,2026-07-10-19-23-57,1,ubuntu,small,0,8,doc_increment,80000,23024.91,0.3335959,0.174258,0.287892,0.477167,0.070122,50.336617,98.53000000000002,291.13666666666666,1675.9466666666667,249.03333333333333,0.0,0.0,0.0,0.0,3
tarantool,2026-07-10-19-23-57,1,ubuntu,small,0,8,doc_insert,80000,24909.773,0.306735,0.178798,0.254717,0.36891562,0.072497,45.086803,95.71666666666665,363.4633333333333,1675.9466666666667,256.90000000000003,0.0,0.0,0.0,0.0,3
tarantool,2026-07-10-19-23-57,1,ubuntu,small,0,8,doc_read,80000,36892.793,0.21071313,0.150931,0.201566,0.25520667,0.061461,34.489403,63.35,569.185,1675.7759999999998,238.85,0.0,0.0,0.0,10.240000000000009,2
tarantool,2026-07-10-19-23-57,1,ubuntu,small,0,8,doc_read_partial,80000,29355.2,0.26857367,0.160359,0.26393607,0.46166173,0.067608,40.714638,96.33999999999999,338.93333333333334,1675.6053333333332,248.86666666666667,0.0,0.0,0.0,0.0,3
tarantool,2026-07-10-19-23-57,1,ubuntu,small,0,8,doc_update_partial,80000,19947.912,0.3835733,0.19556,0.34691,0.53932774,0.078154,48.723385,77.89999999999999,428.3766666666666,1675.9466666666667,256.40000000000003,0.0,0.0,0.0,0.0,3
tarantool,2026-07-10-19-23-57,1,ubuntu,small,0,8,mix_10W_90R,80000,28197.754,0.25992262,0.157426,0.229853,0.3867214,0.063627,46.21777,96.296,282.087,1675.9808,238.03400000000002,0.0,51.19999999999982,0.0,10.240000000000009,10
tarantool,2026-07-10-19-23-57,1,ubuntu,small,0,8,mix_50W_50R,160000,24651.0,0.29470825,0.169998,0.252832,0.4238791,0.063417,45.480087,96.296,282.087,1675.9808,238.03400000000002,0.0,51.19999999999982,0.0,10.240000000000009,10
tarantool,2026-07-10-19-23-57,1,ubuntu,small,0,8,mix_90W_10R,80000,23566.775,0.32041898,0.183827,0.292921,0.47004268,0.072217,44.819584,96.296,282.087,1675.9808,238.03400000000002,0.0,51.19999999999982,0.0,10.240000000000009,10
tarantool,2026-07-10-19-23-57,1,ubuntu,small,0,8,queue,160000,21768.943,0.35541737,0.189903,0.309684,0.554622,0.071239,65.741234,101.58200000000001,214.462,1674.8544000000002,238.21999999999997,0.0,0.0,0.0,0.0,5
tarantool,2026-07-10-19-23-57,1,ubuntu,small,10000,1,delete,10000,8006.36,0.124900706,0.120622,0.14862904,0.1776871,0.098342,11.657223,50.19,61.92,22.04,52.7,0.0,0.0,0.0,0.0,1
tarantool,2026-07-10-19-23-57,1,ubuntu,small,10000,1,insert,10000,8338.212,0.11992978,0.112451,0.1457695,0.18432309,0.100018,3.570609,24.05,46.26,19.94,37.42,0.0,0.0,0.0,0.0,1
tarantool,2026-07-10-19-23-57,1,ubuntu,small,10000,1,read,10000,10852.638,0.0921435,0.083010495,0.108748,0.13047001,0.067191,3.291787,48.125,168.74,21.564999999999998,52.295,0.0,0.0,0.0,0.0,2
tarantool,2026-07-10-19-23-57,1,ubuntu,small,10000,1,update,10000,8064.9014,0.12399408,0.119225,0.137803,0.15952739,0.102881,3.135472,56.334999999999994,52.99,21.805,52.61,0.0,0.0,0.0,0.0,2
tarantool,2026-07-10-19-23-57,1,ubuntu,small,10000,2,delete,20000,15856.188,0.124782786,0.12118,0.146883,0.1769181,0.081578,5.231148,93.205,195.93,25.08,99.39500000000001,0.0,0.0,0.0,0.0,2
tarantool,2026-07-10-19-23-57,1,ubuntu,small,10000,2,insert,20000,17367.139,0.11497246,0.113498,0.13899446,0.1716787,0.07627,3.511162,72.98,238.995,23.119999999999997,62.900000000000006,0.0,0.0,0.0,0.0,2
tarantool,2026-07-10-19-23-57,1,ubuntu,small,10000,2,read,20000,23347.186,0.08560473,0.081648,0.092474,0.1076314,0.061254,3.492721,80.29,146.71,23.7,49.07,0.0,0.0,0.0,0.0,1
tarantool,2026-07-10-19-23-57,1,ubuntu,small,10000,2,update,20000,16480.97,0.12017742,0.11692,0.148839,0.22309378,0.085489,5.489925,70.4,300.87,24.89,75.89,0.0,0.0,0.0,0.0,2
tarantool,2026-07-10-19-23-57,1,ubuntu,small,10000,4,delete,40000,20875.633,0.18562688,0.124812,0.171817,0.25200248,0.069076,35.717785,73.665,484.89,29.16,169.3,0.0,0.0,0.0,0.0,2
tarantool,2026-07-10-19-23-57,1,ubuntu,small,10000,4,insert,40000,22658.01,0.17408402,0.119294,0.16588004,0.264152,0.064396,34.327675,83.47,295.105,26.755,123.0,0.0,0.0,0.0,0.0,2
tarantool,2026-07-10-19-23-57,1,ubuntu,small,10000,4,read,40000,34452.37,0.115322314,0.097363,0.122507,0.17440268,0.057691,15.205698,69.63,431.48,28.295,123.05,0.0,0.0,0.0,0.0,2
tarantool,2026-07-10-19-23-57,1,ubuntu,small,10000,4,update,40000,20844.656,0.18834145,0.131447,0.17754404,0.279098,0.069775,34.749973,58.02,442.05,28.765,122.35,0.0,0.0,0.0,0.0,2
tarantool,2026-07-10-19-23-57,1,ubuntu,small,10000,8,delete,80000,26339.443,0.29292074,0.163435,0.240544,0.37108648,0.069356,44.563377,61.30666666666667,467.2366666666667,37.550000000000004,161.95000000000002,0.0,0.0,0.0,0.6123046875,3
tarantool,2026-07-10-19-23-57,1,ubuntu,small,10000,8,insert,80000,25752.412,0.29661664,0.161271,0.248576,0.41578367,0.070193,64.95075,62.04999999999999,651.8966666666666,32.913333333333334,215.86666666666667,0.0,39.592001953125,0.0,0.0,3
tarantool,2026-07-10-19-23-57,1,ubuntu,small,10000,8,read,80000,35934.35,0.21767388,0.154286,0.206809,0.297676,0.063,31.22696,67.485,599.175,36.334999999999994,123.495,0.0,0.0,0.0,0.0,2
tarantool,2026-07-10-19-23-57,1,ubuntu,small,10000,8,update,80000,26466.033,0.2911817,0.167347,0.25528,0.38337848,0.06726,42.91551,94.595,211.885,36.615,134.89000000000001,0.0,0.0,0.0,0.0,2
tarantool,2026-07-10-19-23-57,1,ubuntu,small,100000,1,delete,100000,8352.373,0.11972646,0.116221,0.140596,0.167486,0.092334,8.239629,57.57714285714286,117.22714285714285,41.83714285714286,56.212857142857146,0.0,0.0,0.0,2.0999999999999996,7
tarantool,2026-07-10-19-23-57,1,ubuntu,small,100000,1,insert,100000,8534.695,0.1171688,0.113986,0.141924,0.17244639,0.092404,8.122452,56.11,108.00857142857141,37.94714285714286,52.604285714285716,0.0,0.0,0.0,3.3635937499999997,7
tarantool,2026-07-10-19-23-57,1,ubuntu,small,100000,1,read,100000,11148.801,0.089695744,0.08535,0.106373,0.125859,0.070193,8.162043,55.044999999999995,54.48333333333333,40.748333333333335,52.525,0.0,45.6,0.0,3.34,6
tarantool,2026-07-10-19-23-57,1,ubuntu,small,100000,1,update,100000,8693.009,0.11503498,0.108189,0.139478,0.18648468,0.095896,8.142691,62.705714285714286,74.92285714285715,41.355714285714285,52.871428571428574,0.0,0.0,0.0,7.08,7
tarantool,2026-07-10-19-23-57,1,ubuntu,small,100000,2,delete,200000,16853.04,0.11861749,0.11636,0.14402239,0.178312,0.079622,12.623092,80.82714285714285,143.31714285714287,62.47571428571428,82.14857142857143,0.0,60.0,0.0,4.199999999999999,7
tarantool,2026-07-10-19-23-57,1,ubuntu,small,100000,2,insert,200000,16669.38,0.11995774,0.117687,0.146672,0.18054768,0.074942,8.222654,86.65142857142857,118.17142857142856,48.38857142857143,76.29857142857144,0.0,43.8,0.0,2.1000000000000014,7
tarantool,2026-07-10-19-23-57,1,ubuntu,small,100000,2,read,200000,22223.102,0.08997815,0.083463,0.11168,0.12928101,0.059367,8.696822,97.375,99.88,60.46333333333333,76.50166666666667,0.0,0.0,0.0,2.099999999999998,6
tarantool,2026-07-10-19-23-57,1,ubuntu,small,100000,2,update,200000,16944.328,0.117874786,0.11608,0.142551,0.17475139,0.078784,11.043714,88.27142857142857,117.25571428571428,61.54714285714285,76.24142857142859,0.0,0.0,0.0,4.100000000000001,7
tarantool,2026-07-10-19-23-57,1,ubuntu,small,100000,4,delete,400000,21046.967,0.18884137,0.131795,0.180826,0.2906928,0.066491,45.139595,97.65181818181819,200.22636363636366,103.2909090909091,133.20909090909092,0.0,20.0,0.0,16.700000000000003,11
tarantool,2026-07-10-19-23-57,1,ubuntu,small,100000,4,insert,400000,20801.803,0.19165146,0.135078,0.184947,0.2792374,0.064885,47.80994,96.61727272727272,177.8881818181818,75.13454545454546,124.11818181818181,0.0,79.0,0.0,8.3,11
tarantool,2026-07-10-19-23-57,1,ubuntu,small,100000,4,read,400000,31879.734,0.123950996,0.102182,0.125509,0.176076,0.057272,22.413523,95.76875,199.3,99.70625,124.7125,0.0,0.0,0.0,0.0,8
tarantool,2026-07-10-19-23-57,1,ubuntu,small,100000,4,update,400000,20957.268,0.18940936,0.130818,0.180477,0.275883,0.065793,43.23614,100.57,150.03545454545454,101.77272727272727,124.34545454545454,0.0,86.0,0.0,8.299999999999997,11
tarantool,2026-07-10-19-23-57,1,ubuntu,small,100000,8,delete,800000,24545.229,0.32144636,0.19632,0.303105,0.475538,0.066837,46.273735,99.4388888888889,231.2061111111111,185.64999999999998,203.35000000000002,0.0,190.0,0.0,33.0,18
tarantool,2026-07-10-19-23-57,1,ubuntu,small,100000,8,insert,800000,24690.78,0.31914923,0.191162,0.295928,0.46348467,0.067819,58.42662,98.91722222222222,277.3988888888889,127.27777777777777,213.5,0.0,124.0,0.0,24.400000000000006,18
tarantool,2026-07-10-19-23-57,1,ubuntu,small,100000,8,read,800000,35414.098,0.22377813,0.157708,0.221405,0.37094,0.058739,37.891895,99.02846153846153,337.52153846153846,177.1153846153846,217.43076923076922,0.0,31.0,0.0,0.0,13
tarantool,2026-07-10-19-23-57,1,ubuntu,small,100000,8,update,800000,24645.727,0.32070905,0.189416,0.292367,0.473161,0.066767,47.39023,100.84666666666666,256.3072222222222,181.25,214.26666666666668,0.0,8.0,0.0,17.099999999999994,18
tarantool,2026-07-10-19-23-57,1,ubuntu,small,1000000,1,delete,1000000,8648.042,0.11563311,0.111051,0.139826,0.170418,0.090307,8.963247,63.64933333333333,46.7595,229.685,58.2515,0.0,122.87999999999988,0.0,21.0,60
tarantool,2026-07-10-19-23-57,1,ubuntu,small,1000000,1,insert,1000000,8664.342,0.11541558,0.111676,0.138845,0.168179,0.090583,8.653785,63.16245901639344,46.90573770491803,192.36885245901638,56.456065573770495,0.0,149.0,0.0,16.0,61
tarantool,2026-07-10-19-23-57,1,ubuntu,small,1000000,1,read,1000000,11345.38,0.08814161,0.085208,0.102179,0.116428,0.064394,8.30654,52.553829787234044,59.36936170212766,223.02765957446806,57.19914893617022,0.0,48.0,0.0,20.0,47
tarantool,2026-07-10-19-23-57,1,ubuntu,small,1000000,1,update,1000000,8592.835,0.11637602,0.112797,0.138988,0.169788,0.091076,18.843298,62.55451612903226,45.23112903225806,226.30806451612904,57.76129032258064,0.0,171.68000000000006,0.0,22.0,62
tarantool,2026-07-10-19-23-57,1,ubuntu,small,1000000,2,delete,2000000,16788.156,0.11904877,0.116777,0.143807,0.175306,0.075361,24.894913,90.23306451612903,85.90596774193548,434.89677419354837,87.29532258064516,0.0,204.80000000000018,0.0,42.0,62
tarantool,2026-07-10-19-23-57,1,ubuntu,small,1000000,2,insert,2000000,16680.514,0.11984983,0.116916,0.14576,0.18117,0.075918004,21.443848,90.52634920634921,85.1284126984127,284.4746031746032,82.6268253968254,0.0,378.8800000000001,0.0,46.0,63
tarantool,2026-07-10-19-23-57,1,ubuntu,small,1000000,2,read,2000000,22519.652,0.08867094,0.083322,0.109932,0.125437,0.060065,24.844719,92.68765957446809,109.1959574468085,418.2893617021276,83.98276595744682,0.0,10.240000000000009,0.0,30.0,47
tarantool,2026-07-10-19-23-57,1,ubuntu,small,1000000,2,update,2000000,16848.89,0.1186956,0.116358,0.144853,0.178448,0.074662,35.629337,90.9068253968254,84.7084126984127,425.95396825396824,85.06269841269841,0.0,317.4399999999998,0.0,44.0,63
tarantool,2026-07-10-19-23-57,1,ubuntu,small,1000000,4,delete,4000000,20586.691,0.19377896,0.135144,0.185639,0.288585,0.065373,48.604153,102.22,126.38380000000001,850.145,142.3004,0.0,256.0,0.0,82.0,100
tarantool,2026-07-10-19-23-57,1,ubuntu,small,1000000,4,insert,4000000,20720.254,0.19205195,0.135496,0.185782,0.288591,0.060554,57.17599,101.67290000000001,132.43959999999998,542.46,134.4969,0.0,788.48,0.0,87.0,100
tarantool,2026-07-10-19-23-57,1,ubuntu,small,1000000,4,read,4000000,31419.848,0.12717082,0.102111,0.130607,0.199472,0.056852,46.80051,101.37757575757576,174.02151515151516,808.5287878787879,137.36666666666667,0.0,0.0,0.0,79.0,66
tarantool,2026-07-10-19-23-57,1,ubuntu,small,1000000,4,update,4000000,20774.781,0.19219476,0.135566,0.184805,0.286496,0.064396,47.288956,101.8013,133.2569,828.867,139.781,0.0,655.3600000000001,0.0,86.0,100
tarantool,2026-07-10-19-23-57,1,ubuntu,small,1000000,8,delete,8000000,24327.562,0.32766977,0.199122,0.3071,0.486805,0.064884,60.6672,101.78535714285714,227.88220238095238,1672.7771428571427,251.28821428571428,0.0,542.7200000000003,0.0,174.07999999999993,168
tarantool,2026-07-10-19-23-57,1,ubuntu,small,1000000,8,insert,8000000,24299.838,0.3269373,0.197024,0.309121,0.495809,0.064325,58.848587,102.12676470588235,234.37911764705882,1052.225788235294,237.70229411764706,0.0,1536.0,0.0,162.0,170
tarantool,2026-07-10-19-23-57,1,ubuntu,small,1000000,8,read,8000000,34004.57,0.23407926,0.163641,0.230481,0.390839,0.056712,51.39225,101.68537190082645,284.7598347107438,1585.7528595041322,242.30553719008265,0.0,20.479999999999563,0.0,186.96000000000004,121
tarantool,2026-07-10-19-23-57,1,ubuntu,small,1000000,8,update,8000000,24379.717,0.3262172,0.195071,0.307518,0.4923927,0.064884,64.216034,101.81994082840237,231.7292899408284,1630.8017988165682,247.55562130177515,0.0,1495.04,0.0,174.07999999999993,169
tarantool,2026-07-10-20-31-08,2,ubuntu,medium,0,1,doc_delete,10000,8187.171,0.12214231,0.118173,0.1407365,0.19234909,0.103087,3.033686,91.84,65.07000000000001,3825.664,110.355,0.0,0.0,0.0,0.0,2
tarantool,2026-07-10-20-31-08,2,ubuntu,medium,0,1,doc_increment,10000,7754.5493,0.12895656,0.123552,0.172861,0.22099598,0.104624,3.021254,75.42,81.895,3825.664,89.475,0.0,0.0,0.0,0.0,2
tarantool,2026-07-10-20-31-08,2,ubuntu,medium,0,1,doc_insert,10000,6977.01,0.14332788,0.135564,0.183337,0.2378154,0.119151,3.610447,57.57000000000001,51.065,3825.664,75.22,0.10000000000000142,0.0,0.0,0.0,2
tarantool,2026-07-10-20-31-08,2,ubuntu,medium,0,1,doc_read,10000,10442.972,0.09575819,0.093519,0.108326,0.13179371,0.085278,2.881568,47.38,57.59,3825.664,60.47,0.0,0.0,0.0,0.0,1
tarantool,2026-07-10-20-31-08,2,ubuntu,medium,0,1,doc_read_partial,10000,10364.299,0.096485056,0.090027,0.119291,0.23237927,0.083113,3.114773,60.545,162.005,3825.664,89.6,0.0,0.0,0.0,0.0,2
tarantool,2026-07-10-20-31-08,2,ubuntu,medium,0,1,doc_update_partial,10000,6172.977,0.16199638,0.151558,0.214556,0.2822354,0.123133,3.416493,77.19,82.43,3825.664,89.3,0.0,0.0,0.0,0.0,2
tarantool,2026-07-10-20-31-08,2,ubuntu,medium,0,1,mix_10W_90R,10000,10086.61,0.09914133,0.0906205,0.1378,0.17405428,0.080249004,0.469552,56.760000000000005,142.44,3819.9296000000004,89.784,0.0,307.2000000000007,0.0,20.480000000000018,5
tarantool,2026-07-10-20-31-08,2,ubuntu,medium,0,1,mix_50W_50R,20000,8359.636,0.11962244,0.124041,0.166505,0.2060367,0.072846,3.709972,56.760000000000005,142.44,3819.9296000000004,89.784,0.0,307.2000000000007,0.0,20.480000000000018,5
tarantool,2026-07-10-20-31-08,2,ubuntu,medium,0,1,mix_90W_10R,10000,7153.4497,0.1397927,0.1365775,0.1753785,0.2343948,0.086186,8.406612,56.760000000000005,142.44,3819.9296000000004,89.784,0.0,307.2000000000007,0.0,20.480000000000018,5
tarantool,2026-07-10-20-31-08,2,ubuntu,medium,0,1,queue,20000,7157.477,0.13971403,0.131584,0.190112,0.24703608,0.105393,2.910973,63.86000000000001,122.58999999999999,3824.981333333333,90.10333333333334,0.0,0.0,0.0,0.0,3
tarantool,2026-07-10-20-31-08,2,ubuntu,medium,0,2,doc_delete,20000,15932.475,0.12491353,0.12418,0.153235,0.183896,0.075011,3.446177,116.53,295.83500000000004,3826.688,172.2,0.0,0.0,0.0,0.0,2
tarantool,2026-07-10-20-31-08,2,ubuntu,medium,0,2,doc_increment,20000,15440.417,0.12936291,0.123063,0.167623,0.20848379,0.077176,3.349584,87.6,324.41499999999996,3826.1760000000004,130.85,0.0,0.0,0.0,0.0,2
tarantool,2026-07-10-20-31-08,2,ubuntu,medium,0,2,doc_insert,20000,12848.967,0.15371436,0.145203,0.206735,0.2533942,0.104065,4.446882,97.515,93.0,3830.784,97.27499999999999,0.0,0.0,0.0,0.0,2
tarantool,2026-07-10-20-31-08,2,ubuntu,medium,0,2,doc_read,20000,19893.223,0.100414716,0.097779,0.112656,0.13004701,0.064325,4.017,92.34,98.22,3830.784,63.35,0.0,0.0,0.0,0.0,1
tarantool,2026-07-10-20-31-08,2,ubuntu,medium,0,2,doc_read_partial,20000,18495.0,0.10731914,0.101132,0.14185,0.23069239,0.072637,3.109465,90.245,274.90999999999997,3831.808,131.39999999999998,0.0,0.0,0.0,0.0,2
tarantool,2026-07-10-20-31-08,2,ubuntu,medium,0,2,doc_update_partial,20000,12749.536,0.15629,0.14667,0.2147695,0.2820264,0.10672,3.803282,102.28999999999999,267.355,3829.76,130.89999999999998,0.0,0.0,0.0,0.0,2
tarantool,2026-07-10-20-31-08,2,ubuntu,medium,0,2,mix_10W_90R,20000,19206.318,0.10406649,0.095964,0.15302944,0.19577318,0.062439002,2.141097,113.04400000000001,88.48400000000001,3828.1216,131.32,0.0,204.79999999999927,0.0,0.0,5
tarantool,2026-07-10-20-31-08,2,ubuntu,medium,0,2,mix_50W_50R,40000,15151.395,0.13134876,0.12893,0.189413,0.223776,0.063836,3.834432,113.04400000000001,88.48400000000001,3828.1216,131.32,0.0,204.79999999999927,0.0,0.0,5
tarantool,2026-07-10-20-31-08,2,ubuntu,medium,0,2,mix_90W_10R,20000,12959.638,0.15311782,0.146181,0.20848446,0.2512261,0.069214,8.659861,113.04400000000001,88.48400000000001,3828.1216,131.32,0.0,204.79999999999927,0.0,0.0,5
tarantool,2026-07-10-20-31-08,2,ubuntu,medium,0,2,queue,40000,13387.181,0.14907639,0.142968,0.200379,0.240328,0.081436,3.683642,113.17666666666666,83.81666666666666,3830.4426666666673,131.23333333333332,0.0,0.0,0.0,0.0,3
tarantool,2026-07-10-20-31-08,2,ubuntu,medium,0,4,doc_delete,40000,26435.14,0.147753,0.141571,0.205058,0.24025801,0.072846,4.539774,42.949999999999996,635.52,3826.688,295.45,0.0,0.0,0.0,0.0,2
tarantool,2026-07-10-20-31-08,2,ubuntu,medium,0,4,doc_increment,40000,26429.807,0.14829107,0.1435265,0.207014,0.256881,0.075709,5.093347,84.215,460.78,3827.712,214.25,0.0,0.0,0.0,0.0,2
tarantool,2026-07-10-20-31-08,2,ubuntu,medium,0,4,doc_insert,40000,19484.674,0.19939601,0.19563,0.258069,0.3101717,0.11531,5.933763,95.36500000000001,348.70500000000004,3828.736,156.085,0.0,0.0,0.0,0.0,2
tarantool,2026-07-10-20-31-08,2,ubuntu,medium,0,4,doc_read,40000,34606.113,0.114937,0.109793,0.143317,0.16657402,0.060275,3.537181,91.7,430.9,3829.76,214.2,0.0,0.0,0.0,0.0,2
tarantool,2026-07-10-20-31-08,2,ubuntu,medium,0,4,doc_read_partial,40000,27922.04,0.14158145,0.135983,0.18739146,0.37631267,0.065861,4.236377,108.18,439.465,3830.272,213.85000000000002,0.0,0.0,0.0,0.0,2
tarantool,2026-07-10-20-31-08,2,ubuntu,medium,0,4,doc_update_partial,40000,18360.254,0.21410257,0.203941,0.27860206,0.4768178,0.108396,9.253525,119.85,333.98,3829.76,158.85000000000002,0.0,204.79999999999927,0.0,0.0,2
tarantool,2026-07-10-20-31-08,2,ubuntu,medium,0,4,mix_10W_90R,40000,29580.17,0.13358502,0.125856,0.21106845,0.273504,0.06244,3.398404,154.87333333333333,196.255,3829.077333333333,214.0666666666667,0.0,307.2000000000007,0.0,0.0,6
tarantool,2026-07-10-20-31-08,2,ubuntu,medium,0,4,mix_50W_50R,80000,26906.531,0.14612427,0.140453,0.217141,0.25709,0.064325,4.544872,154.87333333333333,196.255,3829.077333333333,214.0666666666667,0.0,307.2000000000007,0.0,0.0,6
tarantool,2026-07-10-20-31-08,2,ubuntu,medium,0,4,mix_90W_10R,40000,21753.35,0.17932588,0.171184,0.254786,0.3100327,0.075709,13.210111,154.87333333333333,196.255,3829.077333333333,214.0666666666667,0.0,307.2000000000007,0.0,0.0,6
tarantool,2026-07-10-20-31-08,2,ubuntu,medium,0,4,queue,80000,21749.455,0.18021879,0.177959,0.24871,0.29292,0.076408,4.63441,133.87666666666667,283.3833333333333,3829.077333333333,214.03333333333333,0.0,307.2000000000007,0.0,0.0,3
tarantool,2026-07-10-20-31-08,2,ubuntu,medium,0,8,doc_delete,80000,34247.715,0.22890024,0.222379,0.342439,0.408789,0.081646,5.469799,107.81,234.20999999999998,3828.224,215.035,0.0,0.0,0.0,0.0,2
tarantool,2026-07-10-20-31-08,2,ubuntu,medium,0,8,doc_increment,80000,30066.46,0.263692,0.254297,0.39475,0.481146,0.094917,6.253085,135.03333333333333,399.41,3828.7359999999994,379.5333333333333,0.0,0.0,0.0,10.240000000000009,3
tarantool,2026-07-10-20-31-08,2,ubuntu,medium,0,8,doc_insert,80000,23433.145,0.33842653,0.33287,0.458448,0.5296877,0.136961,7.211605,111.52333333333333,613.8566666666667,3827.712,378.8666666666666,0.0,0.0,0.0,0.0,3
tarantool,2026-07-10-20-31-08,2,ubuntu,medium,0,8,doc_read,80000,38760.03,0.19811489,0.19755,0.255275,0.297111,0.068795,6.097824,75.17,643.385,3826.1760000000004,213.59500000000003,0.0,0.0,0.0,0.0,2
tarantool,2026-07-10-20-31-08,2,ubuntu,medium,0,8,doc_read_partial,80000,36929.33,0.21245524,0.196398,0.29264006,0.72581476,0.07117,8.715946,125.83999999999999,488.97333333333336,3827.370666666667,349.6333333333334,0.0,307.1999999999971,0.0,0.0,3
tarantool,2026-07-10-20-31-08,2,ubuntu,medium,0,8,doc_update_partial,80000,22638.697,0.3469912,0.322813,0.498118,0.8942832,0.135495,25.511923,163.42,387.75333333333333,3829.077333333333,379.4666666666667,0.0,0.0,0.0,0.0,3
tarantool,2026-07-10-20-31-08,2,ubuntu,medium,0,8,mix_10W_90R,80000,35752.63,0.21376513,0.209248,0.32693747,0.4326074,0.070402004,6.779278,182.90555555555554,309.33,3826.4604444444444,351.68888888888887,0.09999999999999787,614.3999999999978,0.0,10.240000000000009,9
tarantool,2026-07-10-20-31-08,2,ubuntu,medium,0,8,mix_50W_50R,160000,32755.115,0.23785122,0.226081,0.378896,0.46501368,0.069983,11.023967,182.90555555555554,309.33,3826.4604444444444,351.68888888888887,0.09999999999999787,614.3999999999978,0.0,10.240000000000009,9
tarantool,2026-07-10-20-31-08,2,ubuntu,medium,0,8,mix_90W_10R,80000,26107.816,0.29825607,0.28209448,0.452371,0.6094501,0.092681,16.497257,182.90555555555554,309.33,3826.4604444444444,351.68888888888887,0.09999999999999787,614.3999999999978,0.0,10.240000000000009,9
tarantool,2026-07-10-20-31-08,2,ubuntu,medium,0,8,queue,160000,25455.66,0.31002823,0.302558,0.451044,0.54386574,0.089678,10.612664,152.9225,322.8875,3827.712,333.95,0.0,204.8000000000029,0.0,0.0,4
tarantool,2026-07-10-20-31-08,2,ubuntu,medium,10000,1,delete,10000,8498.375,0.11766955,0.113774,0.140174,0.17244549,0.10204,2.991568,79.4,217.365,1640.96,106.66,0.0,153.60000000000036,0.0,0.0,2
tarantool,2026-07-10-20-31-08,2,ubuntu,medium,10000,1,insert,10000,6331.3843,0.15794335,0.157355,0.188644,0.2303424,0.120199,3.455113,54.215,53.32,1640.96,75.015,0.0,0.0,0.0,0.0,2
tarantool,2026-07-10-20-31-08,2,ubuntu,medium,10000,1,read,10000,10806.623,0.092535846,0.088700004,0.10176795,0.1307495,0.07543,3.100872,40.1,63.43,1639.424,63.46,0.0,0.0,0.0,0.0,1
tarantool,2026-07-10-20-31-08,2,ubuntu,medium,10000,1,update,10000,6687.2593,0.1495381,0.142059,0.193953,0.2452184,0.11964,3.349092,52.2,279.745,1639.9360000000001,86.16,0.0,0.0,0.0,0.0,2
tarantool,2026-07-10-20-31-08,2,ubuntu,medium,10000,2,delete,20000,16007.482,0.12435486,0.119711,0.15568346,0.1855034,0.079621,3.666946,140.405,123.315,1644.5439999999999,168.35,0.0,0.0,0.0,10.240000000000009,2
tarantool,2026-07-10-20-31-08,2,ubuntu,medium,10000,2,insert,20000,12435.14,0.16076367,0.157426,0.20527145,0.2470337,0.106859,4.027264,90.84,249.525,1641.472,127.45,0.0,0.0,0.0,0.0,2
tarantool,2026-07-10-20-31-08,2,ubuntu,medium,10000,2,read,20000,20940.594,0.09540701,0.091634,0.104135,0.13898769,0.065373,4.670583,87.56,216.47000000000003,1642.496,127.5,0.0,0.0,0.0,0.0,2
tarantool,2026-07-10-20-31-08,2,ubuntu,medium,10000,2,update,20000,13191.196,0.15135857,0.14206,0.20394,0.2592581,0.100224,8.383415,107.21000000000001,93.66,1643.52,127.4,0.0,122.88000000000011,0.0,0.0,2
tarantool,2026-07-10-20-31-08,2,ubuntu,medium,10000,4,delete,40000,26844.057,0.14821607,0.143666,0.199889,0.225661,0.073963,5.032927,62.575,640.88,1648.1280000000002,291.8,0.0,0.0,0.0,0.0,2
tarantool,2026-07-10-20-31-08,2,ubuntu,medium,10000,4,insert,40000,21721.229,0.18183221,0.17747,0.233624,0.2879631,0.100993,4.758934,109.315,325.245,1646.592,209.5,0.0,0.0,0.0,0.0,2
tarantool,2026-07-10-20-31-08,2,ubuntu,medium,10000,4,read,40000,31295.275,0.12613438,0.123622,0.154981,0.174118,0.059855,5.289948,58.25,518.025,1647.616,209.3,0.0,0.0,0.0,0.0,2
tarantool,2026-07-10-20-31-08,2,ubuntu,medium,10000,4,update,40000,19819.363,0.19893347,0.196187,0.249897,0.28866208,0.113285,5.252512,93.63,357.89,1647.616,151.535,0.0,0.0,0.0,0.0,2
tarantool,2026-07-10-20-31-08,2,ubuntu,medium,10000,8,delete,80000,35193.203,0.22319311,0.216652,0.337619,0.400337,0.07983,5.350572,106.185,514.505,1649.152,209.845,0.0,0.0,0.0,0.0,2
tarantool,2026-07-10-20-31-08,2,ubuntu,medium,10000,8,insert,80000,23314.432,0.33719352,0.330635,0.457469,0.5457517,0.133259,13.061613,146.48,418.75666666666666,1647.616,375.26666666666665,0.0,0.0,0.0,0.0,3
tarantool,2026-07-10-20-31-08,2,ubuntu,medium,10000,8,read,80000,39938.555,0.19658223,0.193813,0.262119,0.30584,0.064395,5.449538,72.62,639.26,1646.592,283.04999999999995,0.0,0.0,0.0,0.0,2
tarantool,2026-07-10-20-31-08,2,ubuntu,medium,10000,8,update,80000,24989.906,0.31846982,0.304793,0.450904,0.538416,0.123201996,11.650094,125.24000000000001,590.1899999999999,1649.664,374.43333333333334,0.0,0.0,0.0,0.0,3
tarantool,2026-07-10-20-31-08,2,ubuntu,medium,100000,1,delete,100000,8327.561,0.12008318,0.114612,0.145343,0.1822197,0.098269,8.173751,67.58714285714287,84.9342857142857,1659.904,92.42285714285715,0.0,0.0,0.0,0.0,7
tarantool,2026-07-10-20-31-08,2,ubuntu,medium,100000,1,insert,100000,6378.205,0.15678391,0.151698,0.198912,0.241306,0.114681,8.566475,65.0788888888889,70.95555555555556,1654.1013333333333,86.23333333333333,0.0,276.47999999999956,0.0,0.0,9
tarantool,2026-07-10-20-31-08,2,ubuntu,medium,100000,1,read,100000,10879.545,0.09191561,0.087932,0.110212,0.12767202,0.07103,8.075621,61.80166666666667,49.41833333333333,1655.9786666666666,86.53000000000002,0.0,0.0,0.0,10.240000000000009,6
tarantool,2026-07-10-20-31-08,2,ubuntu,medium,100000,1,update,100000,6924.525,0.14441423,0.135634,0.192346,0.24431069,0.113913,8.223618,68.21444444444445,43.22888888888889,1659.1075555555556,86.51333333333334,0.0,276.4800000000014,0.0,0.0,9
tarantool,2026-07-10-20-31-08,2,ubuntu,medium,100000,2,delete,200000,15634.414,0.12763378,0.125438,0.159171,0.19074169,0.074313,9.316448,102.4357142857143,97.98857142857142,1662.3908571428572,127.48571428571428,0.0,0.0,0.0,0.0,7
tarantool,2026-07-10-20-31-08,2,ubuntu,medium,100000,2,insert,200000,13055.388,0.15297358,0.144504,0.206944,0.253878,0.100084,8.733959,102.23333333333333,117.88222222222223,1661.7244444444445,128.03333333333333,0.0,542.7199999999993,0.0,0.0,9
tarantool,2026-07-10-20-31-08,2,ubuntu,medium,100000,2,read,200000,19738.436,0.101210244,0.099945,0.112936,0.125926,0.06202,8.524082,94.605,136.56833333333333,1659.2213333333332,116.69666666666666,0.0,0.0,0.0,0.0,6
tarantool,2026-07-10-20-31-08,2,ubuntu,medium,100000,2,update,200000,12959.354,0.15429935,0.147577,0.206245,0.255205,0.101132,9.813307,105.84222222222223,116.8722222222222,1663.2035555555556,119.26555555555557,0.0,860.1599999999999,0.0,10.240000000000009,9
tarantool,2026-07-10-20-31-08,2,ubuntu,medium,100000,4,delete,400000,26769.74,0.14839238,0.143527,0.206315,0.237255,0.068655,9.087086,139.01444444444442,266.31111111111113,2108.3022222222226,230.22222222222223,0.0,0.0,0.0,10.240000000000009,9
tarantool,2026-07-10-20-31-08,2,ubuntu,medium,100000,4,insert,400000,21358.736,0.1864935,0.179985,0.2529,0.313942,0.100504,12.826319,153.83,220.6381818181818,1736.2385454545454,211.05454545454543,0.10000000000000142,1024.0,0.0,10.240000000000009,11
tarantool,2026-07-10-20-31-08,2,ubuntu,medium,100000,4,read,400000,32032.41,0.124230586,0.120409,0.156657,0.18166,0.060065,11.267433,117.18857142857144,187.78428571428572,2036.1508571428571,197.9857142857143,0.0,0.0,0.0,0.0,7
tarantool,2026-07-10-20-31-08,2,ubuntu,medium,100000,4,update,400000,22183.838,0.17870931,0.171952,0.245567,0.304653,0.099596,11.895038,156.6818181818182,227.51545454545456,2079.744,211.56363636363633,0.0,1126.3999999999996,0.0,10.240000000000009,11
tarantool,2026-07-10-20-31-08,2,ubuntu,medium,100000,8,delete,800000,33240.426,0.2376819,0.231529,0.358502,0.426669,0.077525,12.851328,147.46076923076924,321.39076923076925,3818.6535384615386,352.9746153846154,0.0,0.0,0.0,0.0,13
tarantool,2026-07-10-20-31-08,2,ubuntu,medium,100000,8,insert,800000,24946.11,0.3188004,0.303955,0.467387,0.585421,0.109793,16.931112,174.39555555555555,353.8255555555555,2536.163555555556,367.85,0.0,2764.7999999999993,0.0,0.0,18
tarantool,2026-07-10-20-31-08,2,ubuntu,medium,100000,8,read,800000,37634.79,0.21083318,0.20715299,0.281396,0.33273,0.068586,14.960015,128.05916666666667,368.4183333333333,3673.5146666666665,377.2583333333334,0.0,0.0,0.0,0.0,12
tarantool,2026-07-10-20-31-08,2,ubuntu,medium,100000,8,update,800000,24793.562,0.3208936,0.305073,0.471019,0.616291,0.110422,18.701977,172.5838888888889,331.92555555555555,3754.6097777777777,365.6611111111111,0.0,2457.6000000000004,0.0,20.480000000000018,18
tarantool,2026-07-10-20-31-08,2,ubuntu,small,0,1,doc_delete,10000,7622.7104,0.13118693,0.128301,0.157146,0.19507238,0.100852,3.306627,70.82,189.565,1630.208,78.78,0.0,0.0,0.0,0.0,2
tarantool,2026-07-10-20-31-08,2,ubuntu,small,0,1,doc_increment,10000,7325.9097,0.13650182,0.133678,0.170276,0.2095326,0.098199,3.551983,53.980000000000004,277.655,1630.208,66.965,0.0,0.0,0.0,0.0,2
tarantool,2026-07-10-20-31-08,2,ubuntu,small,0,1,doc_insert,10000,8213.354,0.121752955,0.113704,0.154702,0.17754419,0.100154,3.443028,43.805,113.355,1629.184,66.205,0.0,0.0,0.0,0.0,2
tarantool,2026-07-10-20-31-08,2,ubuntu,small,0,1,doc_read,10000,10288.862,0.09719247,0.092472,0.122993,0.14534369,0.076967,3.073632,27.41,181.03,1629.184,65.39,0.0,0.0,0.0,0.0,1
tarantool,2026-07-10-20-31-08,2,ubuntu,small,0,1,doc_read_partial,10000,11188.075,0.08938088,0.082344,0.1192945,0.15840438,0.07061,3.2606,52.48,160.2,1630.208,43.55,0.0,0.0,0.0,0.0,1
tarantool,2026-07-10-20-31-08,2,ubuntu,small,0,1,doc_update_partial,10000,8008.9233,0.12486072,0.117615,0.15959351,0.18459581,0.105812,3.810959,51.87,54.09,1630.208,56.97,0.0,0.0,0.0,0.0,1
tarantool,2026-07-10-20-31-08,2,ubuntu,small,0,1,mix_10W_90R,10000,10498.389,0.095252715,0.090935,0.117964,0.1516287,0.073823,0.406414,56.144999999999996,104.43249999999999,1627.904,67.1525,0.0,10.239999999999782,0.0,10.239999999999782,4
tarantool,2026-07-10-20-31-08,2,ubuntu,small,0,1,mix_50W_50R,20000,9541.179,0.10480885,0.106719,0.126625,0.16602059,0.073544,3.907761,56.144999999999996,104.43249999999999,1627.904,67.1525,0.0,10.239999999999782,0.0,10.239999999999782,4
tarantool,2026-07-10-20-31-08,2,ubuntu,small,0,1,mix_90W_10R,10000,8605.105,0.11621008,0.113983,0.129348,0.1761458,0.077874,8.174653,56.144999999999996,104.43249999999999,1627.904,67.1525,0.0,10.239999999999782,0.0,10.239999999999782,4
tarantool,2026-07-10-20-31-08,2,ubuntu,small,0,1,queue,20000,7857.1484,0.12727264,0.12439,0.163152,0.20429349,0.098757,6.737851,48.91,168.33,1628.672,67.005,0.0,0.0,0.0,0.0,2
tarantool,2026-07-10-20-31-08,2,ubuntu,small,0,2,doc_delete,20000,16741.953,0.11920393,0.116358,0.151698,0.1899041,0.080808,4.086279,66.9,136.41,1631.232,92.99,0.0,0.0,0.0,0.0,1
tarantool,2026-07-10-20-31-08,2,ubuntu,small,0,2,doc_increment,20000,16015.559,0.12443889,0.120898,0.166085,0.20869908,0.080459,3.552472,87.52000000000001,105.455,1631.232,91.91999999999999,0.0,30.720000000000255,0.0,0.0,2
tarantool,2026-07-10-20-31-08,2,ubuntu,small,0,2,doc_insert,20000,16617.629,0.119953565,0.116706,0.144435,0.1747467,0.08416,3.453366,76.25999999999999,213.955,1632.256,78.06,0.0,0.0,0.0,0.0,2
tarantool,2026-07-10-20-31-08,2,ubuntu,small,0,2,doc_read,20000,22648.123,0.08800596,0.083670996,0.10162445,0.1305374,0.063906,3.052819,82.55,111.69,1632.256,65.39,0.0,0.0,0.0,0.0,1
tarantool,2026-07-10-20-31-08,2,ubuntu,small,0,2,doc_read_partial,20000,21039.1,0.094672084,0.087792,0.123971,0.16126908,0.065303,4.878503,86.035,208.32,1631.232,90.33,0.0,0.0,0.0,0.0,2
tarantool,2026-07-10-20-31-08,2,ubuntu,small,0,2,doc_update_partial,20000,14535.648,0.13694316,0.130815,0.180962,0.23076628,0.083392,3.254524,106.965,73.57,1631.232,90.615,0.0,0.0,0.0,0.0,2
tarantool,2026-07-10-20-31-08,2,ubuntu,small,0,2,mix_10W_90R,20000,20705.484,0.09586876,0.09303,0.122923,0.15072002,0.062928,0.622018,84.2375,128.455,1630.464,90.28,0.0,0.0,0.0,0.0,4
tarantool,2026-07-10-20-31-08,2,ubuntu,small,0,2,mix_50W_50R,40000,18618.424,0.106193945,0.1023545,0.13437705,0.1616857,0.060833,4.017554,84.2375,128.455,1630.464,90.28,0.0,0.0,0.0,0.0,4
tarantool,2026-07-10-20-31-08,2,ubuntu,small,0,2,mix_90W_10R,20000,17456.145,0.1139782,0.113634,0.13612746,0.1630834,0.067607,7.946617,84.2375,128.455,1630.464,90.28,0.0,0.0,0.0,0.0,4
tarantool,2026-07-10-20-31-08,2,ubuntu,small,0,2,queue,40000,15894.562,0.12580268,0.121666,0.16343546,0.21309069,0.074313,3.326392,76.235,158.255,1631.7440000000001,85.45500000000001,0.0,0.0,0.0,0.0,2
tarantool,2026-07-10-20-31-08,2,ubuntu,small,0,4,doc_delete,40000,30438.402,0.12931392,0.125926,0.172581,0.2019157,0.068586,4.098223,168.815,289.295,1635.8400000000001,184.2,0.0,0.0,0.0,0.0,2
tarantool,2026-07-10-20-31-08,2,ubuntu,small,0,4,doc_increment,40000,28637.328,0.13871066,0.135774,0.18760145,0.23530209,0.0711,3.904829,150.20999999999998,178.23,1636.864,137.45,0.0,0.0,0.0,0.0,2
tarantool,2026-07-10-20-31-08,2,ubuntu,small,0,4,doc_insert,40000,30925.088,0.12722595,0.122574,0.165317,0.2007294,0.067538,9.018074,123.985,298.725,1635.328,137.7,0.0,20.480000000000473,0.0,0.0,2
tarantool,2026-07-10-20-31-08,2,ubuntu,small,0,4,doc_read,40000,37532.555,0.0999842,0.097081,0.12809101,0.15128039,0.060135,4.456026,118.07,217.31,1635.328,90.66499999999999,0.0,0.0,0.0,10.240000000000009,2
tarantool,2026-07-10-20-31-08,2,ubuntu,small,0,4,doc_read_partial,40000,38440.844,0.10299692,0.098269,0.137171,0.2000304,0.062859,4.417124,120.96,171.45,1635.328,43.63,0.0,0.0,0.0,0.0,1
tarantool,2026-07-10-20-31-08,2,ubuntu,small,0,4,doc_update_partial,40000,27497.145,0.14180772,0.136263,0.194163,0.24940869,0.070611,4.444502,60.985,498.23,1636.352,137.60000000000002,0.0,0.0,0.0,0.0,2
tarantool,2026-07-10-20-31-08,2,ubuntu,small,0,4,mix_10W_90R,40000,36841.035,0.10765056,0.103088,0.1463235,0.176911,0.060484,0.719379,120.90799999999999,300.852,1632.4608,137.68,0.0,10.239999999999782,0.0,0.0,5
tarantool,2026-07-10-20-31-08,2,ubuntu,small,0,4,mix_50W_50R,80000,31699.098,0.12155492,0.118593,0.161756,0.186689,0.060483,5.275349,120.90799999999999,300.852,1632.4608,137.68,0.0,10.239999999999782,0.0,0.0,5
tarantool,2026-07-10-20-31-08,2,ubuntu,small,0,4,mix_90W_10R,40000,28565.244,0.1325451,0.12865,0.173629,0.20533702,0.06635,10.913391,120.90799999999999,300.852,1632.4608,137.68,0.0,10.239999999999782,0.0,0.0,5
tarantool,2026-07-10-20-31-08,2,ubuntu,small,0,4,queue,80000,28097.602,0.13800348,0.133888,0.18459746,0.21783969,0.072497,4.040463,115.60333333333334,333.07,1634.6453333333332,137.53333333333333,0.09999999999999787,20.479999999999563,0.0,0.0,3
tarantool,2026-07-10-20-31-08,2,ubuntu,small,0,8,doc_delete,80000,43178.395,0.17757066,0.172022,0.251084,0.291383,0.076268,5.800846,100.96,354.485,1633.792,159.015,0.0,0.0,0.0,10.240000000000009,2
tarantool,2026-07-10-20-31-08,2,ubuntu,small,0,8,doc_increment,80000,39761.168,0.19518654,0.183267,0.300043,0.39740467,0.080179,9.82287,101.11,627.365,1633.792,224.1,0.0,0.0,0.0,0.0,2
tarantool,2026-07-10-20-31-08,2,ubuntu,small,0,8,doc_insert,80000,42489.895,0.1826492,0.176353,0.259954,0.3128957,0.074731,6.298125,84.435,770.5,1634.304,225.2,0.0,0.0,0.0,10.240000000000009,2
tarantool,2026-07-10-20-31-08,2,ubuntu,small,0,8,doc_read,80000,51760.574,0.14680313,0.144923,0.191648,0.2181187,0.064395,6.293725,108.545,700.785,1636.352,231.45,0.0,0.0,0.0,0.0,2
tarantool,2026-07-10-20-31-08,2,ubuntu,small,0,8,doc_read_partial,80000,46394.895,0.16893981,0.154632,0.262329,0.453907,0.068306,6.814122,59.254999999999995,842.4300000000001,1635.8400000000001,219.55,0.0,0.0,0.0,0.0,2
tarantool,2026-07-10-20-31-08,2,ubuntu,small,0,8,doc_update_partial,80000,38019.613,0.20165607,0.188366,0.315269,0.43414173,0.082414,5.742038,107.67,626.3,1634.816,220.8,0.0,0.0,0.0,0.0,2
tarantool,2026-07-10-20-31-08,2,ubuntu,small,0,8,mix_10W_90R,80000,48463.35,0.15585925,0.15309499,0.21658546,0.264773,0.065373,1.092199,163.72166666666666,385.705,1634.6453333333332,223.91666666666666,0.0,30.719999999999345,0.0,0.0,6
tarantool,2026-07-10-20-31-08,2,ubuntu,small,0,8,mix_50W_50R,160000,46129.156,0.16467263,0.162174,0.22203,0.26009467,0.065303,6.466235,163.72166666666666,385.705,1634.6453333333332,223.91666666666666,0.0,30.719999999999345,0.0,0.0,6
tarantool,2026-07-10-20-31-08,2,ubuntu,small,0,8,mix_90W_10R,80000,40727.18,0.1848667,0.178937,0.26009744,0.314501,0.073614,13.094785,163.72166666666666,385.705,1634.6453333333332,223.91666666666666,0.0,30.719999999999345,0.0,0.0,6
tarantool,2026-07-10-20-31-08,2,ubuntu,small,0,8,queue,160000,40344.875,0.18658943,0.178657,0.264075,0.334057,0.073964,5.751746,121.16333333333334,610.9466666666666,1634.304,220.5,0.0,0.0,0.0,0.0,3
tarantool,2026-07-10-20-31-08,2,ubuntu,small,10000,1,delete,10000,7887.665,0.12678023,0.11971,0.147507,0.1782394,0.109793,3.577393,55.349999999999994,304.44,36.665,37.715,0.0,0.0,0.0,0.0,2
tarantool,2026-07-10-20-31-08,2,ubuntu,small,10000,1,insert,10000,7890.413,0.12673607,0.119221,0.152046,0.19158009,0.105811,3.143323,38.01,53.26,34.35,16.36,0.0,0.0,0.0,0.0,1
tarantool,2026-07-10-20-31-08,2,ubuntu,small,10000,1,read,10000,10170.341,0.09832512,0.100713,0.114472,0.12641568,0.075919,3.273859,51.825,164.01,36.115,14.458,0.0,0.0,0.0,0.0,2
tarantool,2026-07-10-20-31-08,2,ubuntu,small,10000,1,update,10000,8518.346,0.11739369,0.111748,0.13633901,0.18118078,0.096941,3.3763871,61.95,40.22,36.2,3.156,0.0,0.0,0.0,0.0,1
tarantool,2026-07-10-20-31-08,2,ubuntu,small,10000,2,delete,20000,16965.746,0.117485255,0.116147,0.140313,0.16650888,0.076198,3.334971,98.33,267.065,40.144999999999996,73.255,0.0,0.0,0.0,0.0,2
tarantool,2026-07-10-20-31-08,2,ubuntu,small,10000,2,insert,20000,16443.385,0.12122616,0.119151,0.148764,0.1797047,0.085766,3.248995,78.935,255.26,37.84,27.8135,0.0,0.0,0.0,0.0,2
tarantool,2026-07-10-20-31-08,2,ubuntu,small,10000,2,read,20000,22738.57,0.087748416,0.083041996,0.097849,0.1220147,0.063976,3.376177,85.38,191.62,38.89,5.887,0.0,0.0,0.0,0.0,1
tarantool,2026-07-10-20-31-08,2,ubuntu,small,10000,2,update,20000,16448.756,0.121551394,0.120548,0.143945,0.165107,0.084579,3.173844,62.53,331.02,39.485,49.755,0.0,0.0,0.0,0.0,2
tarantool,2026-07-10-20-31-08,2,ubuntu,small,10000,4,delete,40000,32809.363,0.11860817,0.114262,0.158822,0.188016,0.066141,4.262198,169.88,259.5,43.775000000000006,143.275,0.0,0.0,0.0,0.0,2
tarantool,2026-07-10-20-31-08,2,ubuntu,small,10000,4,insert,40000,26650.57,0.14659165,0.145412,0.18152446,0.21462502,0.074032,4.692216,109.63,338.205,41.83,96.595,0.0,0.0,0.0,0.0,2
tarantool,2026-07-10-20-31-08,2,ubuntu,small,10000,4,read,40000,39067.418,0.10161828,0.099385,0.122084,0.1412227,0.059925,4.585777,116.95500000000001,322.32,43.209999999999994,96.47999999999999,0.0,0.0,0.0,0.0,2
tarantool,2026-07-10-20-31-08,2,ubuntu,small,10000,4,update,40000,29480.494,0.13159494,0.130326,0.165107,0.19646838,0.068934,4.269741,149.66500000000002,175.23,43.325,96.56,0.0,0.0,0.0,0.0,2
tarantool,2026-07-10-20-31-08,2,ubuntu,small,10000,8,delete,80000,41670.49,0.18129423,0.176282,0.251711,0.286214,0.068166,6.160862,97.64999999999999,413.805,52.06999999999999,108.65,0.0,0.0,0.0,0.2041015625,2
tarantool,2026-07-10-20-31-08,2,ubuntu,small,10000,8,insert,80000,44557.785,0.17256646,0.168739,0.238442,0.279509,0.074313,5.965024,114.75,610.89,47.86,189.95,0.0,0.0,0.0,0.0,2
tarantool,2026-07-10-20-31-08,2,ubuntu,small,10000,8,read,80000,49568.53,0.15397349,0.153653,0.197444,0.22615069,0.062439,6.395253,48.7,758.4200000000001,51.269999999999996,174.75,0.0,45.992001953125,0.0,0.0,2
tarantool,2026-07-10-20-31-08,2,ubuntu,small,10000,8,update,80000,41143.387,0.17745234,0.17160249,0.247731,0.2952247,0.071029,6.249772,82.59,759.7950000000001,51.2,183.0,0.0,0.0,0.0,0.0,2
tarantool,2026-07-10-20-31-08,2,ubuntu,small,100000,1,delete,100000,8609.392,0.11615223,0.110072,0.143805,0.17984402,0.094008,8.24629,62.93714285714286,97.95857142857143,56.199999999999996,29.705714285714286,0.0,0.0,0.0,2.0999999999999996,7
tarantool,2026-07-10-20-31-08,2,ubuntu,small,100000,1,insert,100000,8623.203,0.11596619,0.1107,0.143107,0.183406,0.091773,8.215276,61.277142857142856,76.69285714285715,52.958571428571425,26.79,0.0,0.0,0.0,1.8858984374999999,7
tarantool,2026-07-10-20-31-08,2,ubuntu,small,100000,1,read,100000,11188.261,0.08937939,0.085767,0.104414,0.121177696,0.064884,8.158635,53.004999999999995,89.53833333333334,55.453333333333326,27.02333333333333,0.0,0.0,0.0,3.76,6
tarantool,2026-07-10-20-31-08,2,ubuntu,small,100000,1,update,100000,8903.637,0.11231365,0.107697,0.131722,0.16943869,0.091982,16.53525,63.66142857142857,54.67285714285715,55.59428571428571,26.131428571428575,0.0,59.0,0.0,8.75,7
tarantool,2026-07-10-20-31-08,2,ubuntu,small,100000,2,delete,200000,16953.35,0.117943816,0.116148,0.145762,0.179285,0.079131,9.364122,89.50571428571428,135.1042857142857,76.79571428571428,57.02285714285715,0.0,0.0,0.0,4.199999999999999,7
tarantool,2026-07-10-20-31-08,2,ubuntu,small,100000,2,insert,200000,16581.508,0.120525666,0.119151,0.145482,0.17649269,0.077385,10.352737,83.59142857142857,117.57428571428571,62.31428571428571,44.00071428571429,0.0,0.0,0.0,2.1000000000000014,7
tarantool,2026-07-10-20-31-08,2,ubuntu,small,100000,2,read,200000,22668.518,0.08807072,0.082973,0.108815,0.123481005,0.059226,7.866418,87.08,165.87166666666667,75.26666666666667,50.02,0.0,44.0,0.0,2.099999999999998,6
tarantool,2026-07-10-20-31-08,2,ubuntu,small,100000,2,update,200000,17048.742,0.117220335,0.11538,0.144784,0.17712,0.076408,8.639156,84.46142857142857,136.69285714285712,76.12285714285714,50.042857142857144,0.0,0.0,0.0,4.100000000000001,7
tarantool,2026-07-10-20-31-08,2,ubuntu,small,100000,4,delete,400000,30310.57,0.13079324,0.129627,0.17279,0.203312,0.063906,10.456184,149.2875,200.1175,117.85,110.13625,0.0,107.0,0.0,8.400000000000006,8
tarantool,2026-07-10-20-31-08,2,ubuntu,small,100000,4,insert,400000,30083.736,0.13179609,0.130256,0.173139,0.202962,0.064605,9.678205,123.04,254.55625,89.6375,97.39125,0.0,119.0,0.0,4.199999999999999,8
tarantool,2026-07-10-20-31-08,2,ubuntu,small,100000,4,read,400000,37611.79,0.10538967,0.103996,0.126136,0.144294,0.058109,9.703349,117.61500000000001,191.63833333333332,114.18333333333334,88.83666666666666,0.3000000000000007,0.0,0.0,4.100000000000001,6
tarantool,2026-07-10-20-31-08,2,ubuntu,small,100000,4,update,400000,30566.139,0.13024084,0.1283,0.171952,0.20058869,0.061951,9.415461,126.445,249.745,116.15,98.4475,0.0,0.0,3.05,8.299999999999997,8
tarantool,2026-07-10-20-31-08,2,ubuntu,small,100000,8,delete,800000,43055.438,0.18292452,0.176911,0.265472,0.320716,0.069563,14.325885,166.32999999999998,309.92545454545456,199.1909090909091,168.69363636363636,0.0,193.0,0.0,16.0,11
tarantool,2026-07-10-20-31-08,2,ubuntu,small,100000,8,insert,800000,42126.38,0.18726304,0.1818,0.27036,0.330495,0.068725,14.23606,159.0209090909091,414.4745454545455,143.77272727272728,192.9090909090909,0.0,137.0,0.010000000000000231,16.599999999999994,11
tarantool,2026-07-10-20-31-08,2,ubuntu,small,100000,8,read,800000,48301.254,0.16447988,0.1598,0.220912,0.3240707,0.061461,13.050557,128.68699999999998,472.504,191.13,195.66,0.10000000000000142,18.0,0.0,16.5,10
tarantool,2026-07-10-20-31-08,2,ubuntu,small,100000,8,update,800000,42100.75,0.18647556,0.18152,0.266868,0.317434,0.068096,13.512916,153.01818181818183,419.24,195.43636363636367,194.61818181818182,0.0,7.0,0.0,16.700000000000003,11
tarantool,2026-07-10-20-31-08,2,ubuntu,small,1000000,1,delete,1000000,8777.101,0.11393284,0.109652996,0.136822,0.167273,0.091284,9.016132,65.40533333333333,43.97,243.18666666666667,34.54516666666667,0.0,122.87999999999988,0.0,22.0,60
tarantool,2026-07-10-20-31-08,2,ubuntu,small,1000000,1,insert,1000000,8620.185,0.1160068,0.111399,0.139965,0.17132302,0.091773,8.41428,62.33524590163934,47.23475409836066,206.0737704918033,32.945245901639346,0.1999999999999993,191.0,0.0,33.0,61
tarantool,2026-07-10-20-31-08,2,ubuntu,small,1000000,1,read,1000000,11160.335,0.089603044,0.083323,0.105463,0.121177,0.064186,8.39997,51.695957446808514,53.166382978723405,236.77021276595747,33.257021276595744,0.1999999999999993,4.0,0.0,19.0,47
tarantool,2026-07-10-20-31-08,2,ubuntu,small,1000000,1,update,1000000,8654.813,0.11554264,0.112447,0.138358,0.167762,0.091005,8.685562,62.260000000000005,49.26147540983606,240.18032786885246,33.849836065573776,0.0,170.68000000000006,0.0,23.0,61
tarantool,2026-07-10-20-31-08,2,ubuntu,small,1000000,2,delete,2000000,16939.402,0.117976785,0.116218,0.143877,0.176074,0.073754,9.913202,92.72868852459015,80.60540983606558,447.02131147540985,61.96049180327869,0.1999999999999993,204.80000000000018,0.0,43.0,61
tarantool,2026-07-10-20-31-08,2,ubuntu,small,1000000,2,insert,2000000,16878.047,0.11848152,0.116498,0.144504,0.175445,0.073824,9.872407,90.7508064516129,81.23290322580644,297.47258064516126,59.07403225806452,0.0,378.8800000000001,0.0,35.0,62
tarantool,2026-07-10-20-31-08,2,ubuntu,small,1000000,2,read,2000000,22784.08,0.08771177,0.082973,0.108605,0.125089,0.060065,10.125799,91.49152173913043,110.92108695652173,431.45,59.62543478260869,0.0,0.0,0.0,39.0,46
tarantool,2026-07-10-20-31-08,2,ubuntu,small,1000000,2,update,2000000,16764.588,0.11929051,0.117057,0.14639,0.179356,0.076618,10.098144,90.99238095238094,82.34777777777778,438.7857142857143,61.63761904761905,0.0,317.4399999999998,0.0,44.0,63
tarantool,2026-07-10-20-31-08,2,ubuntu,small,1000000,4,delete,4000000,29662.615,0.1340854,0.132212,0.176493,0.206455,0.063417,14.260711,144.22142857142856,180.351,855.6285714285714,118.90142857142858,0.0,358.39999999999964,0.0,82.0,70
tarantool,2026-07-10-20-31-08,2,ubuntu,small,1000000,4,insert,4000000,30126.1,0.13230738,0.130676,0.174327,0.205058,0.064325,12.166541,142.6837142857143,181.61642857142857,554.2728571428571,111.18257142857142,0.0,788.48,0.0,86.0,70
tarantool,2026-07-10-20-31-08,2,ubuntu,small,1000000,4,read,4000000,38306.305,0.10411244,0.10225,0.127324,0.147508,0.056713,13.05173,120.60181818181819,204.38672727272728,818.1709090909092,113.61272727272727,0.0,10.239999999999782,0.0,81.0,55
tarantool,2026-07-10-20-31-08,2,ubuntu,small,1000000,4,update,4000000,29657.797,0.13384159,0.132003,0.175376,0.205128,0.063837,11.861889,143.1274647887324,179.06535211267604,835.7802816901409,115.27929577464789,0.0,645.1200000000003,0.0,84.0,71
tarantool,2026-07-10-20-31-08,2,ubuntu,small,1000000,8,delete,8000000,41436.836,0.19196543,0.18613,0.278183,0.343416,0.068516,15.620704,169.7672,348.3422,1629.25568,226.1907,0.0,491.52000000000044,0.0,163.84000000000015,100
tarantool,2026-07-10-20-31-08,2,ubuntu,small,1000000,8,insert,8000000,40590.89,0.19491525,0.189274,0.28314,0.35340402,0.06635,17.673792,168.41766990291262,352.876213592233,1054.4513009708737,212.656213592233,0.0,1566.7200000000003,0.0,165.0,103
tarantool,2026-07-10-20-31-08,2,ubuntu,small,1000000,8,read,8000000,48428.387,0.16440332,0.161056,0.21679,0.277902,0.060064,15.379678,139.47953488372093,387.8346511627907,1578.9365581395348,219.53255813953487,0.0,30.720000000000255,0.0,188.96000000000004,86
tarantool,2026-07-10-20-31-08,2,ubuntu,small,1000000,8,update,8000000,41319.652,0.19141454,0.18613,0.276157,0.34097,0.067956,16.313995,170.05455445544553,345.55346534653467,1609.2109306930693,221.36287128712874,0.10000000000000142,1556.4799999999996,0.0,174.07999999999993,101
tarantool,2026-07-10-21-23-53,4,ubuntu,medium,0,1,doc_delete,10000,8313.238,0.12029006,0.116847,0.136752,0.16846657,0.102738,3.065812,91.345,64.56,3799.5519999999997,94.985,0.0,0.0,0.0,0.0,2
tarantool,2026-07-10-21-23-53,4,ubuntu,medium,0,1,doc_increment,10000,8109.044,0.12331909,0.114681,0.161685,0.21959339,0.102948,3.013989,75.055,57.28,3799.04,74.185,0.0,0.0,0.0,0.0,2
tarantool,2026-07-10-21-23-53,4,ubuntu,medium,0,1,doc_insert,10000,6478.5273,0.15435606,0.148066,0.18781051,0.22951879,0.125996,3.596406,53.510000000000005,54.675,3798.016,62.620000000000005,0.0,0.0,0.0,0.0,2
tarantool,2026-07-10-21-23-53,4,ubuntu,medium,0,1,doc_read,10000,10813.121,0.09248024,0.087303,0.11824305,0.15470478,0.072078,3.21339,38.73,65.41,3798.016,51.23,0.0,0.0,0.0,0.0,1
tarantool,2026-07-10-21-23-53,4,ubuntu,medium,0,1,doc_read_partial,10000,9786.126,0.10218548,0.089677,0.140105,0.24298719,0.078364,3.187408,63.18,161.85500000000002,3798.5280000000002,74.33,0.0,0.0,0.0,0.0,2
tarantool,2026-07-10-21-23-53,4,ubuntu,medium,0,1,doc_update_partial,10000,6097.4585,0.16400276,0.156937,0.21469605,0.2796521,0.124879,3.706199,77.13,57.92,3799.04,74.32,0.0,0.0,0.0,0.0,2
tarantool,2026-07-10-21-23-53,4,ubuntu,medium,0,1,mix_10W_90R,10000,9455.91,0.105753966,0.097221,0.17335695,0.190391,0.080459,0.537858,67.494,45.126,3789.8239999999996,74.194,0.010000000000000009,204.79999999999927,0.0,20.480000000000018,5
tarantool,2026-07-10-21-23-53,4,ubuntu,medium,0,1,mix_50W_50R,20000,8099.3604,0.123466544,0.126275,0.17859146,0.2139294,0.079062,3.13747,67.494,45.126,3789.8239999999996,74.194,0.010000000000000009,204.79999999999927,0.0,20.480000000000018,5
tarantool,2026-07-10-21-23-53,4,ubuntu,medium,0,1,mix_90W_10R,10000,6713.2354,0.14895947,0.14338651,0.193255,0.2311142,0.084998,8.37008,67.494,45.126,3789.8239999999996,74.194,0.010000000000000009,204.79999999999927,0.0,20.480000000000018,5
tarantool,2026-07-10-21-23-53,4,ubuntu,medium,0,1,queue,20000,6604.741,0.15140638,0.150511,0.194931,0.2350928,0.10204,3.087393,70.78,42.54333333333333,3797.6746666666672,73.98666666666666,0.0,0.0,0.0,0.0,3
tarantool,2026-07-10-21-23-53,4,ubuntu,medium,0,2,doc_delete,20000,16289.459,0.122761585,0.118732,0.14862946,0.2087604,0.078992,4.035577,99.75,111.28,3803.136,74.18,0.0,0.0,0.0,0.0,1
tarantool,2026-07-10-21-23-53,4,ubuntu,medium,0,2,doc_increment,20000,14808.909,0.1347286,0.1330505,0.180194,0.22077368,0.078014,4.778214,106.18,100.28,3803.648,94.79,0.0,0.0,0.0,0.0,2
tarantool,2026-07-10-21-23-53,4,ubuntu,medium,0,2,doc_insert,20000,12485.184,0.15809228,0.147088,0.21329905,0.26896468,0.106999,3.703965,99.755,89.905,3804.16,75.275,0.0,0.0,0.0,0.0,2
tarantool,2026-07-10-21-23-53,4,ubuntu,medium,0,2,doc_read,20000,19786.492,0.10048575,0.09771,0.109304,0.134377,0.06635,3.359431,94.55,93.02,3804.16,35.25,0.0,0.0,0.0,0.0,1
tarantool,2026-07-10-21-23-53,4,ubuntu,medium,0,2,doc_read_partial,20000,16725.062,0.11920327,0.113145,0.15379305,0.24612668,0.070121996,3.682802,71.625,340.1,3804.672,115.69999999999999,0.0,0.0,0.0,0.0,2
tarantool,2026-07-10-21-23-53,4,ubuntu,medium,0,2,doc_update_partial,20000,10979.175,0.18000282,0.172441,0.246684,0.31562808,0.109164,3.637265,68.15,332.07500000000005,3804.672,115.44999999999999,0.0,0.0,0.0,0.0,2
tarantool,2026-07-10-21-23-53,4,ubuntu,medium,0,2,mix_10W_90R,20000,17665.643,0.11301992,0.106929004,0.17055945,0.2102281,0.062718,0.740193,109.82000000000001,96.638,3802.112,115.7,0.010000000000000009,102.39999999999782,0.0,0.0,5
tarantool,2026-07-10-21-23-53,4,ubuntu,medium,0,2,mix_50W_50R,40000,14869.521,0.13406567,0.12934849,0.192556,0.223706,0.063487,3.771432,109.82000000000001,96.638,3802.112,115.7,0.010000000000000009,102.39999999999782,0.0,0.0,5
tarantool,2026-07-10-21-23-53,4,ubuntu,medium,0,2,mix_90W_10R,20000,13622.567,0.14650649,0.140523,0.192556,0.2285257,0.069982,9.925755,109.82000000000001,96.638,3802.112,115.7,0.010000000000000009,102.39999999999782,0.0,0.0,5
tarantool,2026-07-10-21-23-53,4,ubuntu,medium,0,2,queue,40000,13631.532,0.14557482,0.140313,0.199819,0.24528868,0.076198004,4.587544,110.27999999999999,97.61666666666667,3804.5013333333336,115.26666666666667,0.0,102.40000000000146,0.0,0.0,3
tarantool,2026-07-10-21-23-53,4,ubuntu,medium,0,4,doc_delete,40000,25668.082,0.15040003,0.145482,0.207293,0.2342527,0.076268,4.598578,48.915,703.345,3809.792,277.55,0.0,0.0,0.0,0.0,2
tarantool,2026-07-10-21-23-53,4,ubuntu,medium,0,4,doc_increment,40000,25427.865,0.15137404,0.147089,0.209528,0.2503874,0.077245995,4.893664,109.32000000000001,404.54499999999996,3811.328,196.7,0.0,0.0,0.0,0.0,2
tarantool,2026-07-10-21-23-53,4,ubuntu,medium,0,4,doc_insert,40000,22111.152,0.17956741,0.174118,0.2320905,0.2860081,0.108535,5.452126,82.28,427.865,3809.2799999999997,157.15,0.0,0.0,0.0,10.240000000000009,2
tarantool,2026-07-10-21-23-53,4,ubuntu,medium,0,4,doc_read,40000,32562.893,0.12251603,0.121596,0.151419,0.17390968,0.059436,4.025869,114.36500000000001,269.465,3809.2799999999997,197.05,0.0,0.0,0.0,0.0,2
tarantool,2026-07-10-21-23-53,4,ubuntu,medium,0,4,doc_read_partial,40000,29150.334,0.13406155,0.125856,0.18885845,0.3666761,0.063766,5.031743,134.41,311.64,3808.768,197.1,0.0,0.0,0.0,0.0,2
tarantool,2026-07-10-21-23-53,4,ubuntu,medium,0,4,doc_update_partial,40000,18498.29,0.213341,0.20429,0.28552046,0.43875268,0.11552,5.826552,117.935,343.28,3810.304,154.45,0.010000000000000009,204.79999999999927,0.0,0.0,2
tarantool,2026-07-10-21-23-53,4,ubuntu,medium,0,4,mix_10W_90R,40000,30173.984,0.12922668,0.122294,0.1994,0.2521334,0.062998,1.917669,140.26833333333335,262.875,3805.1839999999997,198.3166666666667,0.010000000000000009,307.2000000000007,0.0,0.0,6
tarantool,2026-07-10-21-23-53,4,ubuntu,medium,0,4,mix_50W_50R,80000,26034.7,0.14903404,0.142688,0.226569,0.266031,0.06202,5.096766,140.26833333333335,262.875,3805.1839999999997,198.3166666666667,0.010000000000000009,307.2000000000007,0.0,0.0,6
tarantool,2026-07-10-21-23-53,4,ubuntu,medium,0,4,mix_90W_10R,40000,22592.652,0.17174162,0.166854,0.231319,0.27511,0.07557,11.125513,140.26833333333335,262.875,3805.1839999999997,198.3166666666667,0.010000000000000009,307.2000000000007,0.0,0.0,6
tarantool,2026-07-10-21-23-53,4,ubuntu,medium,0,4,queue,80000,23481.482,0.1662906,0.161337,0.22754705,0.27469167,0.07529,4.743921,127.39,355.48,3807.914666666667,197.70000000000002,0.0,307.2000000000007,0.0,0.0,3
tarantool,2026-07-10-21-23-53,4,ubuntu,medium,0,8,doc_delete,80000,33543.098,0.2249582,0.216582,0.3469115,0.413189,0.079270996,5.872718,108.87,257.26,3816.448,195.645,0.0,0.0,0.0,10.240000000000009,2
tarantool,2026-07-10-21-23-53,4,ubuntu,medium,0,8,doc_increment,80000,31284.018,0.24783447,0.233484,0.39021444,0.47856408,0.082065,8.687587,139.19,496.3,3818.4959999999996,319.06666666666666,0.010000000000000009,0.0,0.0,0.0,3
tarantool,2026-07-10-21-23-53,4,ubuntu,medium,0,8,doc_insert,80000,23517.668,0.33420396,0.324838,0.451114,0.52989674,0.13326,25.042847,127.67,544.7366666666667,3815.7653333333333,359.8333333333333,0.010000000000000009,102.40000000000146,0.0,0.0,3
tarantool,2026-07-10-21-23-53,4,ubuntu,medium,0,8,doc_read,80000,38375.574,0.20379439,0.206315,0.257161,0.297669,0.071868,5.213264,77.645,559.885,3814.9120000000003,237.65,0.0,0.0,0.0,0.0,2
tarantool,2026-07-10-21-23-53,4,ubuntu,medium,0,8,doc_read_partial,80000,37258.06,0.21253237,0.197584,0.28573045,0.7058997,0.077665,5.772215,92.75,600.42,3813.888,195.395,0.0,0.0,0.0,0.0,2
tarantool,2026-07-10-21-23-53,4,ubuntu,medium,0,8,doc_update_partial,80000,22261.219,0.35164177,0.331613,0.522563,0.8871462,0.126415,8.107124,162.97,667.1366666666667,3817.472,359.43333333333334,0.0,0.0,0.0,0.0,3
tarantool,2026-07-10-21-23-53,4,ubuntu,medium,0,8,mix_10W_90R,80000,34908.145,0.22077192,0.21560399,0.3416,0.453348,0.069772996,3.222958,181.2711111111111,315.65666666666664,3811.896888888889,329.92555555555555,0.010000000000000009,614.3999999999978,0.0,10.240000000000009,9
tarantool,2026-07-10-21-23-53,4,ubuntu,medium,0,8,mix_50W_50R,160000,33554.688,0.23362136,0.222589,0.376521,0.46892542,0.070541,6.516318,181.2711111111111,315.65666666666664,3811.896888888889,329.92555555555555,0.010000000000000009,614.3999999999978,0.0,10.240000000000009,9
tarantool,2026-07-10-21-23-53,4,ubuntu,medium,0,8,mix_90W_10R,80000,26463.223,0.29534814,0.280628,0.444269,0.5761341,0.084719,16.316637,181.2711111111111,315.65666666666664,3811.896888888889,329.92555555555555,0.010000000000000009,614.3999999999978,0.0,10.240000000000009,9
tarantool,2026-07-10-21-23-53,4,ubuntu,medium,0,8,queue,160000,26001.88,0.3028706,0.291523,0.44461805,0.5523881,0.093938,11.399157,149.515,382.71000000000004,3814.656,319.0,0.010000000000000009,0.0,0.0,0.0,4
tarantool,2026-07-10-21-23-53,4,ubuntu,medium,10000,1,delete,10000,8505.448,0.11757169,0.1140535,0.1378735,0.18431918,0.098478,3.00596,93.89,86.91999999999999,1537.536,98.225,0.0,0.0,0.0,0.0,2
tarantool,2026-07-10-21-23-53,4,ubuntu,medium,10000,1,insert,10000,6980.8335,0.14324936,0.133888,0.19108905,0.2355128,0.114891,3.334709,40.015,291.5,1533.44,77.8,0.0,0.0,0.0,0.0,2
tarantool,2026-07-10-21-23-53,4,ubuntu,medium,10000,1,read,10000,9722.589,0.10285327,0.106301,0.125437,0.14590201,0.069074,3.190834,51.260000000000005,170.245,1535.488,77.315,0.0,122.88000000000011,0.0,0.0,2
tarantool,2026-07-10-21-23-53,4,ubuntu,medium,10000,1,update,10000,7032.981,0.14218722,0.133889,0.1855755,0.24662827,0.116567,3.286379,69.6,66.655,1536.512,77.375,0.0,0.0,0.0,0.0,2
tarantool,2026-07-10-21-23-53,4,ubuntu,medium,10000,2,delete,20000,15803.165,0.12599458,0.119291,0.160219,0.19703089,0.07976,3.739029,141.965,118.96000000000001,1538.56,159.75,0.0,0.0,0.0,0.0,2
tarantool,2026-07-10-21-23-53,4,ubuntu,medium,10000,2,insert,20000,12601.954,0.15793929,0.148765,0.21176645,0.2538111,0.103437,3.878785,109.25,93.22,1538.048,118.55000000000001,0.0,0.0,0.0,0.0,2
tarantool,2026-07-10-21-23-53,4,ubuntu,medium,10000,2,read,20000,21087.48,0.09482411,0.091563,0.106929004,0.124530695,0.067189,3.380038,107.61500000000001,92.34,1538.56,118.6,0.0,0.0,0.0,0.0,2
tarantool,2026-07-10-21-23-53,4,ubuntu,medium,10000,2,update,20000,12443.586,0.1607076,0.1533745,0.21204644,0.255694,0.102389,3.589287,112.735,81.715,1539.072,119.0,0.010000000000000009,153.60000000000036,0.0,0.0,2
tarantool,2026-07-10-21-23-53,4,ubuntu,medium,10000,4,delete,40000,24255.201,0.16093563,0.157146,0.209249,0.23585969,0.078713,5.341989,89.07,624.24,1536.0,282.55,0.0,133.1200000000008,0.0,0.0,2
tarantool,2026-07-10-21-23-53,4,ubuntu,medium,10000,4,insert,40000,22577.596,0.17607412,0.171394,0.231249,0.286215,0.102669,4.288971,129.37,368.865,1537.536,200.5,0.0,133.1199999999999,0.0,20.480000000000018,2
tarantool,2026-07-10-21-23-53,4,ubuntu,medium,10000,4,read,40000,29038.31,0.1326216,0.127393,0.163642,0.242773,0.063348,6.696868,94.65,516.24,1537.536,200.8,0.0,0.0,0.0,0.0,2
tarantool,2026-07-10-21-23-53,4,ubuntu,medium,10000,4,update,40000,20810.049,0.19004126,0.184944,0.24424,0.29578468,0.109303996,6.717053,87.41499999999999,403.53499999999997,1537.536,160.0,0.010000000000000009,0.0,0.0,0.0,2
tarantool,2026-07-10-21-23-53,4,ubuntu,medium,10000,8,delete,80000,36084.867,0.21323408,0.206525,0.321626,0.371493,0.075989,5.520088,98.03999999999999,313.895,1537.024,221.38,0.0,0.0,0.0,0.0,2
tarantool,2026-07-10-21-23-53,4,ubuntu,medium,10000,8,insert,80000,23251.809,0.3318766,0.324489,0.462778,0.5398161,0.130676,8.398167,94.91333333333334,622.4499999999999,1532.9279999999999,309.5,0.0,0.0,0.0,0.0,3
tarantool,2026-07-10-21-23-53,4,ubuntu,medium,10000,8,read,80000,40350.555,0.19400705,0.192556,0.243612,0.280208,0.069144,6.137078,69.385,680.9449999999999,1531.904,285.45,0.0,0.0,0.0,0.0,2
tarantool,2026-07-10-21-23-53,4,ubuntu,medium,10000,8,update,80000,29612.488,0.26405314,0.254297,0.36925805,0.4460164,0.115380004,7.420019,174.88,361.2666666666667,1535.3173333333334,310.3666666666667,0.010000000000000009,0.0,0.0,0.0,3
tarantool,2026-07-10-21-23-53,4,ubuntu,medium,100000,1,delete,100000,8256.286,0.121119834,0.113983,0.151629,0.18606001,0.096802,8.395148,65.35285714285715,89.34,1544.630857142857,82.57571428571428,0.0,0.0,0.0,0.0,7
tarantool,2026-07-10-21-23-53,4,ubuntu,medium,100000,1,insert,100000,6343.257,0.15764773,0.147927,0.204429,0.2411677,0.118383996,8.361011,65.19,64.03777777777778,1538.6168888888888,76.79444444444444,0.010000000000000009,552.9599999999991,0.0,0.0,9
tarantool,2026-07-10-21-23-53,4,ubuntu,medium,100000,1,read,100000,10921.634,0.0915614,0.087234,0.109652996,0.125507,0.068306,8.073258,60.405,59.541666666666664,1542.144,76.71333333333332,0.0,0.0,0.0,0.0,6
tarantool,2026-07-10-21-23-53,4,ubuntu,medium,100000,1,update,100000,6471.6846,0.15451927,0.149324,0.191858,0.2304817,0.114750996,8.264333,65.38222222222223,64.72777777777777,1546.1262222222222,77.02777777777777,0.010000000000000009,276.4800000000014,0.0,10.240000000000009,9
tarantool,2026-07-10-21-23-53,4,ubuntu,medium,100000,2,delete,200000,15906.229,0.12537633,0.123552,0.158124,0.184385,0.07571,9.906684,110.56125,126.0225,1544.4479999999999,127.9375,0.0,0.0,0.0,0.0,8
tarantool,2026-07-10-21-23-53,4,ubuntu,medium,100000,2,insert,200000,12787.701,0.1561717,0.151209,0.209668,0.260024,0.100015,8.875246,104.38666666666667,91.48222222222222,1543.7368888888889,112.35444444444445,0.020000000000000018,737.2799999999988,0.0,10.240000000000009,9
tarantool,2026-07-10-21-23-53,4,ubuntu,medium,100000,2,read,200000,19909.428,0.10039774,0.098548,0.112587,0.12767369,0.061251998,8.732,92.65166666666666,155.68666666666667,1543.168,111.56666666666666,0.0,0.0,0.0,0.0,6
tarantool,2026-07-10-21-23-53,4,ubuntu,medium,100000,2,update,200000,12721.838,0.1567044,0.149812,0.211972,0.258277,0.101272,9.015771,104.78,102.85777777777778,1545.1022222222223,110.37,0.10999999999999988,665.6000000000004,0.0,0.0,9
tarantool,2026-07-10-21-23-53,4,ubuntu,medium,100000,4,delete,400000,26277.264,0.14912522,0.144504,0.204709,0.237185,0.070402,12.976058,149.0977777777778,197.38222222222223,1974.385777777778,214.75555555555556,0.0,204.79999999999927,0.0,10.240000000000009,9
tarantool,2026-07-10-21-23-53,4,ubuntu,medium,100000,4,insert,400000,21593.385,0.18479711,0.177889,0.254367,0.311358,0.101132,11.201565,155.06454545454545,202.0609090909091,1623.8778181818182,200.0727272727273,0.040000000000000036,1024.0,0.0,10.240000000000009,11
tarantool,2026-07-10-21-23-53,4,ubuntu,medium,100000,4,read,400000,31827.965,0.124913454,0.121316,0.158403,0.18648069,0.057899002,9.918767,121.73,211.71875,1918.08,200.7125,0.0,307.2000000000007,0.0,10.240000000000009,8
tarantool,2026-07-10-21-23-53,4,ubuntu,medium,100000,4,update,400000,21246.291,0.18663704,0.179495,0.254018,0.312825,0.099037,25.057083,155.57909090909092,201.70181818181817,1947.1825454545453,200.65454545454543,0.040000000000000036,1126.3999999999996,0.0,10.240000000000009,11
tarantool,2026-07-10-21-23-53,4,ubuntu,medium,100000,8,delete,800000,32907.434,0.23793536,0.231389,0.362134,0.429602,0.072357,12.835818,143.2107142857143,293.9321428571429,3778.925714285714,321.5785714285715,0.0,102.40000000000146,0.0,0.0,14
tarantool,2026-07-10-21-23-53,4,ubuntu,medium,100000,8,insert,800000,24533.785,0.3246938,0.309892,0.469133,0.580532,0.118523,76.31437,178.14944444444444,292.32055555555553,2451.512888888889,349.1438888888889,0.08000000000000007,2457.6000000000004,0.71,10.240000000000009,18
tarantool,2026-07-10-21-23-53,4,ubuntu,medium,100000,8,read,800000,37930.42,0.20837998,0.204569,0.280907,0.333918,0.064884,14.860693,121.35916666666667,292.9766666666667,3604.9066666666663,322.37666666666667,0.0,0.0,6.42,10.240000000000009,12
tarantool,2026-07-10-21-23-53,4,ubuntu,medium,100000,8,update,800000,24123.328,0.3301769,0.315549,0.477165,0.595967,0.11573,101.146645,180.605,286.8077777777778,3707.904,352.7277777777778,0.06999999999999984,2457.6000000000004,0.0,20.480000000000018,18
tarantool,2026-07-10-21-23-53,4,ubuntu,small,0,1,doc_delete,10000,7883.8345,0.12684183,0.12425,0.15952794,0.18431708,0.104624,3.436261,48.13,64.81,1517.568,60.28,0.0,0.0,0.0,0.0,1
tarantool,2026-07-10-21-23-53,4,ubuntu,small,0,1,doc_increment,10000,8361.345,0.119598,0.109652996,0.163641,0.20331688,0.099806,3.15242,61.2,51.769999999999996,1517.568,59.675,0.0,0.0,0.0,0.0,2
tarantool,2026-07-10-21-23-53,4,ubuntu,small,0,1,doc_insert,10000,8772.747,0.11398938,0.108117,0.137799,0.18313567,0.096732,3.132865,48.099999999999994,172.93,1518.08,58.79,0.0,0.0,0.0,0.0,2
tarantool,2026-07-10-21-23-53,4,ubuntu,small,0,1,doc_read,10000,9302.18,0.107501686,0.103088,0.124459,0.143038,0.085418,3.418521,40.04,125.42,1518.08,58.79,0.0,0.0,0.0,0.0,2
tarantool,2026-07-10-21-23-53,4,ubuntu,small,0,1,doc_read_partial,10000,10462.531,0.09557916,0.089608,0.120139495,0.17274544,0.079411,2.956372,29.53,184.56,1518.592,58.73,0.0,0.0,0.0,0.0,1
tarantool,2026-07-10-21-23-53,4,ubuntu,small,0,1,doc_update_partial,10000,8065.902,0.1239787,0.118942,0.151629,0.21693827,0.102598,3.735956,73.395,91.175,1518.592,58.879999999999995,0.0,0.0,0.0,0.0,2
tarantool,2026-07-10-21-23-53,4,ubuntu,small,0,1,mix_10W_90R,10000,10910.35,0.09165609,0.0847545,0.11545,0.13814801,0.068236,0.478702,53.18,106.1875,1517.824,55.32,0.0,0.0,0.0,10.239999999999782,4
tarantool,2026-07-10-21-23-53,4,ubuntu,small,0,1,mix_50W_50R,20000,9481.865,0.10546449,0.10665,0.13179746,0.16797757,0.069492996,3.0816,53.18,106.1875,1517.824,55.32,0.0,0.0,0.0,10.239999999999782,4
tarantool,2026-07-10-21-23-53,4,ubuntu,small,0,1,mix_90W_10R,10000,9072.451,0.11022379,0.108047,0.1236255,0.1629451,0.082694,8.384756,53.18,106.1875,1517.824,55.32,0.0,0.0,0.0,10.239999999999782,4
tarantool,2026-07-10-21-23-53,4,ubuntu,small,0,1,queue,20000,8516.984,0.11741245,0.112796,0.144085,0.1840367,0.096733,3.142294,48.485,168.015,1517.056,53.275000000000006,0.0,0.0,0.0,0.0,2
tarantool,2026-07-10-21-23-53,4,ubuntu,small,0,2,doc_delete,20000,16928.9,0.11805469,0.116638,0.14394504,0.18543759,0.075011,3.487735,119.83500000000001,135.17000000000002,1517.568,106.195,0.0,0.0,0.0,0.0,2
tarantool,2026-07-10-21-23-53,4,ubuntu,small,0,2,doc_increment,20000,15737.985,0.1265995,0.120688,0.17293444,0.24682748,0.075919,4.340515,91.685,175.41500000000002,1517.568,82.775,0.0,0.0,0.0,0.0,2
tarantool,2026-07-10-21-23-53,4,ubuntu,small,0,2,doc_insert,20000,16891.72,0.1176949,0.114472,0.1415745,0.20332597,0.082973,3.248594,65.83500000000001,344.635,1517.056,82.205,0.0,0.0,0.0,0.0,2
tarantool,2026-07-10-21-23-53,4,ubuntu,small,0,2,doc_read,20000,23333.594,0.08570166,0.082973,0.094777,0.12041039,0.062299,3.789945,69.46000000000001,230.685,1516.544,77.35499999999999,0.0,30.719999999999345,0.0,0.0,2
tarantool,2026-07-10-21-23-53,4,ubuntu,small,0,2,doc_read_partial,20000,19570.691,0.101229206,0.094916,0.12544146,0.170346,0.07068,6.017228,59.89,121.8,1516.544,72.5,0.0,0.0,0.0,0.0,1
tarantool,2026-07-10-21-23-53,4,ubuntu,small,0,2,doc_update_partial,20000,14398.705,0.1383364,0.1377295,0.181451,0.22049679,0.072427,3.387092,88.99000000000001,291.15999999999997,1517.056,82.39,0.0,0.0,0.0,0.0,2
tarantool,2026-07-10-21-23-53,4,ubuntu,small,0,2,mix_10W_90R,20000,21329.08,0.09358594,0.091284,0.11908105,0.1433177,0.059576,0.557624,85.83500000000001,152.0375,1518.336,72.3125,0.0,0.0,0.0,0.0,4
tarantool,2026-07-10-21-23-53,4,ubuntu,small,0,2,mix_50W_50R,40000,18903.188,0.10438524,0.100434,0.134308,0.164479,0.060065,3.651795,85.83500000000001,152.0375,1518.336,72.3125,0.0,0.0,0.0,0.0,4
tarantool,2026-07-10-21-23-53,4,ubuntu,small,0,2,mix_90W_10R,20000,16436.865,0.12128035,0.120129,0.14618444,0.17474599,0.067677,9.303397,85.83500000000001,152.0375,1518.336,72.3125,0.0,0.0,0.0,0.0,4
tarantool,2026-07-10-21-23-53,4,ubuntu,small,0,2,queue,40000,16584.178,0.120166354,0.117685,0.152258,0.184245,0.077526,3.990812,70.965,213.375,1517.568,58.980000000000004,0.0,0.0,0.0,0.0,2
tarantool,2026-07-10-21-23-53,4,ubuntu,small,0,4,doc_delete,40000,31774.986,0.1237009,0.11971,0.163711,0.19081168,0.067188,4.07623,118.665,579.315,1520.1280000000002,176.1,0.010000000000000009,0.0,0.0,0.0,2
tarantool,2026-07-10-21-23-53,4,ubuntu,small,0,4,doc_increment,40000,27633.506,0.13639012,0.129488,0.19430646,0.247592,0.069423,4.505064,133.155,321.475,1520.1280000000002,129.45,0.0,0.0,0.0,0.0,2
tarantool,2026-07-10-21-23-53,4,ubuntu,small,0,4,doc_insert,40000,31341.75,0.12421291,0.120234504,0.163781,0.19276808,0.068514995,3.874175,87.005,472.625,1519.104,129.55,0.0,0.0,0.0,0.0,2
tarantool,2026-07-10-21-23-53,4,ubuntu,small,0,4,doc_read,40000,36593.367,0.10223731,0.099736,0.125997,0.1512104,0.060344,4.67115,100.56,380.79499999999996,1519.616,129.7,0.0,0.0,0.0,10.240000000000009,2
tarantool,2026-07-10-21-23-53,4,ubuntu,small,0,4,doc_read_partial,40000,36162.023,0.11040095,0.105253,0.150232,0.21861078,0.063766,4.015956,134.46,212.825,1519.616,129.64999999999998,0.0,0.0,0.0,0.0,2
tarantool,2026-07-10-21-23-53,4,ubuntu,small,0,4,doc_update_partial,40000,27556.346,0.14492288,0.139406,0.202824,0.263028,0.073894,4.488791,148.95499999999998,195.515,1519.616,129.75,0.0,0.0,0.0,0.0,2
tarantool,2026-07-10-21-23-53,4,ubuntu,small,0,4,mix_10W_90R,40000,36175.215,0.10713362,0.103856,0.140733,0.165457,0.060554,0.715887,144.286,187.148,1518.1824000000001,115.29400000000001,0.0,0.0,0.0,0.0,5
tarantool,2026-07-10-21-23-53,4,ubuntu,small,0,4,mix_50W_50R,80000,32683.31,0.11742158,0.114682,0.154562,0.17837802,0.061602,4.408332,144.286,187.148,1518.1824000000001,115.29400000000001,0.0,0.0,0.0,0.0,5
tarantool,2026-07-10-21-23-53,4,ubuntu,small,0,4,mix_90W_10R,40000,30768.443,0.123389296,0.119989,0.161127,0.18808602,0.065582,10.888408,144.286,187.148,1518.1824000000001,115.29400000000001,0.0,0.0,0.0,0.0,5
tarantool,2026-07-10-21-23-53,4,ubuntu,small,0,4,queue,80000,29255.52,0.13415687,0.130187,0.180823,0.21553569,0.071938,4.609269,131.76500000000001,180.79000000000002,1518.08,107.365,0.0,0.0,0.0,0.0,2
tarantool,2026-07-10-21-23-53,4,ubuntu,small,0,8,doc_delete,80000,41610.727,0.18232325,0.177261,0.256393,0.29913768,0.076268,6.274599,40.555,318.365,1528.8319999999999,150.58499999999998,0.0,0.0,0.0,10.240000000000009,2
tarantool,2026-07-10-21-23-53,4,ubuntu,small,0,8,doc_increment,80000,39576.22,0.18872188,0.175235,0.29746,0.402434,0.076548,5.130296,117.53,636.61,1525.76,222.7,0.0,0.0,0.0,0.0,2
tarantool,2026-07-10-21-23-53,4,ubuntu,small,0,8,doc_insert,80000,43681.64,0.17632073,0.1723715,0.243192,0.285098,0.076408,5.439281,106.02000000000001,619.6899999999999,1524.7359999999999,223.2,0.0,0.0,0.0,0.0,2
tarantool,2026-07-10-21-23-53,4,ubuntu,small,0,8,doc_read,80000,52648.26,0.14647324,0.144715,0.191369,0.219027,0.063487,5.635049,130.59,559.625,1525.76,223.4,0.0,0.0,0.0,0.0,2
tarantool,2026-07-10-21-23-53,4,ubuntu,small,0,8,doc_read_partial,80000,46207.32,0.16575171,0.15519,0.245427,0.39915168,0.069075,5.961215,71.395,827.38,1525.248,222.75,0.0,0.0,0.0,0.0,2
tarantool,2026-07-10-21-23-53,4,ubuntu,small,0,8,doc_update_partial,80000,39997.59,0.19670215,0.184734,0.30262807,0.415774,0.080947995,5.605576,107.32499999999999,618.0799999999999,1525.248,222.35,0.0,0.0,0.0,0.0,2
tarantool,2026-07-10-21-23-53,4,ubuntu,small,0,8,mix_10W_90R,80000,45120.973,0.17234541,0.167622,0.240399,0.3562694,0.065792,1.142347,166.8642857142857,441.71285714285716,1520.3474285714287,213.20000000000002,0.0,92.15999999999985,0.0,0.0,7
tarantool,2026-07-10-21-23-53,4,ubuntu,small,0,8,mix_50W_50R,160000,46481.844,0.16412486,0.161267,0.223287,0.262399,0.063906,6.02505,166.8642857142857,441.71285714285716,1520.3474285714287,213.20000000000002,0.0,92.15999999999985,0.0,0.0,7
tarantool,2026-07-10-21-23-53,4,ubuntu,small,0,8,mix_90W_10R,80000,39191.902,0.19466232,0.191788,0.260653,0.3106607,0.074382,14.587139,166.8642857142857,441.71285714285716,1520.3474285714287,213.20000000000002,0.0,92.15999999999985,0.0,0.0,7
tarantool,2026-07-10-21-23-53,4,ubuntu,small,0,8,queue,160000,40541.555,0.18941277,0.181661,0.27385744,0.3392274,0.076338,8.235224,130.29333333333332,559.6733333333333,1521.3226666666667,222.03333333333333,0.0,0.0,0.0,0.0,3
tarantool,2026-07-10-21-23-53,4,ubuntu,small,10000,1,delete,10000,8532.85,0.11719415,0.112097,0.14555645,0.1645518,0.096314,3.322487,63.29,189.925,21.950000000000003,37.769999999999996,0.0,0.0,0.0,0.0,2
tarantool,2026-07-10-21-23-53,4,ubuntu,small,10000,1,insert,10000,8361.806,0.11959139,0.1101075,0.149463,0.19367608,0.098688,3.199564,44.48,288.23,21.09,30.52,0.0,0.0,0.0,0.0,1
tarantool,2026-07-10-21-23-53,4,ubuntu,small,10000,1,read,10000,11417.189,0.08758723,0.081087,0.10190005,0.1269061,0.066909,5.85638,47.1,166.655,20.985,20.33,0.0,0.0,0.0,0.0,2
tarantool,2026-07-10-21-23-53,4,ubuntu,small,10000,1,update,10000,8335.838,0.119963944,0.113006,0.150371,0.18124269,0.096453,3.185595,51.11,49.62,20.64,14.27,0.0,0.0,0.0,0.0,1
tarantool,2026-07-10-21-23-53,4,ubuntu,small,10000,2,delete,20000,16865.0,0.11843318,0.114612,0.146949,0.23091048,0.077596,3.275412,121.255,175.225,26.02,73.08500000000001,0.0,0.0,0.0,0.0,2
tarantool,2026-07-10-21-23-53,4,ubuntu,small,10000,2,insert,20000,16444.33,0.12144595,0.116776,0.14059746,0.1931868,0.081087,5.730035,71.755,104.705,23.19,38.504999999999995,0.0,0.0,0.0,0.0,2
tarantool,2026-07-10-21-23-53,4,ubuntu,small,10000,2,read,20000,18744.977,0.10587942,0.103018,0.124949,0.217979,0.062928,3.657312,64.21,112.11,23.46,27.32,0.0,0.0,0.0,0.0,1
tarantool,2026-07-10-21-23-53,4,ubuntu,small,10000,2,update,20000,17242.78,0.11551682,0.114193,0.142549,0.1886499,0.081926,3.420826,77.995,253.21,24.54,49.754999999999995,0.0,0.0,0.0,0.0,2
tarantool,2026-07-10-21-23-53,4,ubuntu,small,10000,4,delete,40000,29117.22,0.13300727,0.129838,0.176562,0.19968,0.07089,3.512249,165.01,256.955,29.310000000000002,143.16,0.0,0.0,0.0,0.0,2
tarantool,2026-07-10-21-23-53,4,ubuntu,small,10000,4,insert,40000,29618.023,0.12770869,0.125926,0.162733,0.18703872,0.069214,4.552417,131.715,186.095,27.715,73.07000000000001,0.0,0.0,0.0,0.0,2
tarantool,2026-07-10-21-23-53,4,ubuntu,small,10000,4,read,40000,37678.71,0.10422942,0.103926,0.11992,0.14219901,0.059576,5.228983,127.76500000000001,183.525,28.435000000000002,61.519999999999996,0.0,0.0,0.0,0.0,2
tarantool,2026-07-10-21-23-53,4,ubuntu,small,10000,4,update,40000,28912.857,0.13173139,0.129837,0.169369,0.2024754,0.07103,4.926634,145.025,168.91500000000002,28.645000000000003,84.74,0.0,0.0,0.0,0.0,2
tarantool,2026-07-10-21-23-53,4,ubuntu,small,10000,8,delete,80000,45004.844,0.16950366,0.163711,0.243681,0.285797,0.073894,6.06514,107.065,319.445,36.965,108.71000000000001,0.0,0.0,0.0,0.2041015625,2
tarantool,2026-07-10-21-23-53,4,ubuntu,small,10000,8,insert,80000,41972.344,0.17710677,0.171813,0.250526,0.288659,0.073055,6.262794,111.03,652.975,33.260000000000005,189.9,0.0,0.0,0.0,0.0,2
tarantool,2026-07-10-21-23-53,4,ubuntu,small,10000,8,read,80000,50188.95,0.15406802,0.150371,0.199959,0.2479424,0.065303,7.078767,44.915,793.27,36.105000000000004,174.60000000000002,0.0,45.892001953124996,0.0,0.0,2
tarantool,2026-07-10-21-23-53,4,ubuntu,small,10000,8,update,80000,41910.953,0.17864819,0.169997,0.26477745,0.311358,0.072846,6.001652,82.53999999999999,721.7,36.545,181.89999999999998,0.0,0.0,0.0,0.0,2
tarantool,2026-07-10-21-23-53,4,ubuntu,small,100000,1,delete,100000,8130.204,0.12299815,0.12013,0.147578,0.17928602,0.094009,8.092813,59.26857142857143,61.605714285714285,40.691428571428574,29.004285714285714,0.0,0.0,0.0,2.0999999999999996,7
tarantool,2026-07-10-21-23-53,4,ubuntu,small,100000,1,insert,100000,8517.831,0.11740078,0.113076,0.14227,0.173419,0.092470996,8.154205,54.88142857142857,81.47,37.80285714285714,26.018571428571427,0.0,0.0,0.0,1.8858984374999999,7
tarantool,2026-07-10-21-23-53,4,ubuntu,small,100000,1,read,100000,11389.017,0.08780389,0.084998004,0.10204,0.12054801,0.065792,8.052513,54.218333333333334,88.29333333333334,40.45,26.825,0.0,0.0,0.0,3.76,6
tarantool,2026-07-10-21-23-53,4,ubuntu,small,100000,1,update,100000,8835.732,0.11317681,0.109583,0.135006,0.166086,0.091075,8.347529,63.62285714285714,42.5,40.660000000000004,26.17142857142857,0.0,59.1,0.0,8.75,7
tarantool,2026-07-10-21-23-53,4,ubuntu,small,100000,2,delete,200000,16551.205,0.12053383,0.118034,0.1466,0.178797,0.078573,10.29188,80.32142857142857,147.35714285714286,61.91285714285714,55.69714285714286,0.0,0.0,0.0,4.199999999999999,7
tarantool,2026-07-10-21-23-53,4,ubuntu,small,100000,2,insert,200000,16802.986,0.11898886,0.116498,0.146321,0.176423,0.076617,10.075927,83.20285714285714,140.6357142857143,47.66285714285714,50.05428571428571,0.0,0.0,0.0,2.1000000000000014,7
tarantool,2026-07-10-21-23-53,4,ubuntu,small,100000,2,read,200000,22806.344,0.08761906,0.083462,0.104135,0.119292,0.058389,9.202754,89.90500000000002,100.29166666666667,60.00666666666667,49.156666666666666,0.0,44.0,0.0,2.099999999999998,6
tarantool,2026-07-10-21-23-53,4,ubuntu,small,100000,2,update,200000,17121.025,0.1167649,0.115939,0.142409,0.170975,0.077596,8.151621,88.70285714285716,112.59714285714287,61.300000000000004,50.69428571428572,0.0126953125,0.0,0.0,4.100000000000001,7
tarantool,2026-07-10-21-23-53,4,ubuntu,small,100000,4,delete,400000,30545.578,0.1288208,0.126834,0.170137,0.20282301,0.065373,10.701719,146.53875,238.74875,102.2875,106.96375,0.0,95.0,0.0,8.400000000000006,8
tarantool,2026-07-10-21-23-53,4,ubuntu,small,100000,4,insert,400000,30173.307,0.13100679,0.129488,0.173,0.202683,0.063906,11.50889,131.72125,234.13,75.51625,97.57375,0.0,119.0,0.0,4.199999999999999,8
tarantool,2026-07-10-21-23-53,4,ubuntu,small,100000,4,read,400000,37144.676,0.10477495,0.102809,0.130326,0.154911,0.058109,13.90687,111.09,279.0728571428571,99.17142857142858,97.35000000000001,0.0,0.0,0.0,4.100000000000001,7
tarantool,2026-07-10-21-23-53,4,ubuntu,small,100000,4,update,400000,29873.746,0.13122718,0.12837,0.175025,0.21337,0.066700004,11.653325,127.84,246.94,100.545,97.815,0.00390625,0.0,0.0,8.299999999999997,8
tarantool,2026-07-10-21-23-53,4,ubuntu,small,100000,8,delete,800000,43052.77,0.18203261,0.177191,0.260443,0.31059,0.07096,12.372985,154.04090909090908,386.68636363636364,182.15454545454546,176.38545454545454,0.0,193.0,0.0,16.0,11
tarantool,2026-07-10-21-23-53,4,ubuntu,small,100000,8,insert,800000,41750.973,0.18608318,0.180893,0.26659,0.326933,0.067329,12.542981,156.67727272727274,434.93545454545455,126.51818181818182,189.5818181818182,0.00390625,0.0,0.0,16.599999999999994,11
tarantool,2026-07-10-21-23-53,4,ubuntu,small,100000,8,read,800000,50563.04,0.15670815,0.154143,0.205058,0.247941,0.061112,14.74582,129.81,409.2711111111111,175.11111111111111,190.53333333333333,0.0,0.0,0.0,16.5,9
tarantool,2026-07-10-21-23-53,4,ubuntu,small,100000,8,update,800000,42024.117,0.18689303,0.181451,0.269453,0.322464,0.068166,15.905838,164.45818181818183,404.1263636363637,179.22727272727272,192.9,0.00390625,0.0,0.0,16.700000000000003,11
tarantool,2026-07-10-21-23-53,4,ubuntu,small,1000000,1,delete,1000000,8673.553,0.11529301,0.111259,0.137031,0.169438,0.092053,8.701495,63.388333333333335,46.5635,224.91333333333333,30.9615,0.00390625,112.63999999999987,0.0,22.0,60
tarantool,2026-07-10-21-23-53,4,ubuntu,small,1000000,1,insert,1000000,8741.164,0.114401236,0.110561,0.137521,0.169578,0.090516,8.504398,63.13131147540983,46.61655737704918,189.4573770491803,29.7355737704918,0.0087890625,193.0,0.0,34.0,61
tarantool,2026-07-10-21-23-53,4,ubuntu,small,1000000,1,read,1000000,11078.186,0.090267494,0.085418,0.105253,0.122295,0.063836,9.01872,52.53187500000001,52.544375,219.41458333333333,30.0125,0.0,2.0,0.0,18.0,48
tarantool,2026-07-10-21-23-53,4,ubuntu,small,1000000,1,update,1000000,8601.944,0.116252795,0.112656,0.139056,0.168391,0.090516,8.506285,62.82114754098361,43.33655737704918,221.94098360655738,29.767967213114755,0.0078125,170.68000000000006,0.0,23.0,61
tarantool,2026-07-10-21-23-53,4,ubuntu,small,1000000,2,delete,2000000,16815.31,0.11888814,0.116986,0.143945,0.17474769,0.074382,11.092969,89.39467741935485,89.84903225806453,417.9548387096774,58.770483870967745,0.00390625,184.32000000000016,0.0,32.0,62
tarantool,2026-07-10-21-23-53,4,ubuntu,small,1000000,2,insert,2000000,16796.076,0.119039126,0.116986,0.144993,0.178029,0.07515,10.31114,89.75587301587301,89.83650793650793,277.231746031746,55.11349206349207,0.01171875,399.3600000000001,0.0,36.0,63
tarantool,2026-07-10-21-23-53,4,ubuntu,small,1000000,2,read,2000000,22913.947,0.087128766,0.082694,0.108116,0.12432069,0.058109,10.074097,92.89869565217391,108.87673913043479,407.5239130434782,56.25195652173913,0.0,0.0,0.0,39.0,46
tarantool,2026-07-10-21-23-53,4,ubuntu,small,1000000,2,update,2000000,16702.334,0.11966704,0.117335,0.14639,0.180194,0.075779,10.033313,90.47190476190475,86.4179365079365,412.74920634920636,57.15888888888889,0.0166015625,317.4399999999998,0.0,53.0,63
tarantool,2026-07-10-21-23-53,4,ubuntu,small,1000000,4,delete,4000000,30007.361,0.13251366,0.130606,0.174956,0.204988,0.062998,11.544157,145.24942857142855,179.45299999999997,790.2985714285714,113.01985714285715,0.0078125,337.9199999999996,0.0,86.0,70
tarantool,2026-07-10-21-23-53,4,ubuntu,small,1000000,4,insert,4000000,29921.727,0.13307597,0.131305,0.175026,0.20533869,0.062509,12.688106,143.0064285714286,175.816,516.3,106.18257142857142,0.1513671875,716.7999999999997,0.0,85.0,70
tarantool,2026-07-10-21-23-53,4,ubuntu,small,1000000,4,read,4000000,38265.562,0.10430034,0.102529,0.127114,0.147089,0.056782,12.83806,119.45545454545454,202.86454545454544,770.3490909090908,108.32000000000001,0.0,92.16000000000031,0.0,80.0,55
tarantool,2026-07-10-21-23-53,4,ubuntu,small,1000000,4,update,4000000,29261.865,0.13661334,0.135285,0.177889,0.20862,0.064395,21.885693,140.53569444444443,183.12694444444443,781.0930555555556,110.20138888888889,0.0244140625,655.3600000000001,0.0,84.0,72
tarantool,2026-07-10-21-23-53,4,ubuntu,small,1000000,8,delete,8000000,41181.56,0.19367474,0.187807,0.281955,0.347397,0.069633,14.736462,172.2956,343.7949,1520.16896,218.3592,0.1644140624999999,501.7600000000002,0.0,163.84000000000015,100
tarantool,2026-07-10-21-23-53,4,ubuntu,small,1000000,8,insert,8000000,41135.504,0.1921561,0.18648,0.278603,0.345373,0.067747,14.811959,169.26352941176472,355.2041176470588,971.8999607843137,207.31137254901958,0.0478515625,1587.2000000000003,0.0,165.0,102
tarantool,2026-07-10-21-23-53,4,ubuntu,small,1000000,8,read,8000000,48164.504,0.16500218,0.161057,0.220214,0.299975,0.061042998,15.832642,140.36229885057472,380.8283908045977,1469.3105287356323,211.69275862068966,0.00390625,20.479999999999563,0.0,187.96000000000004,87
tarantool,2026-07-10-21-23-53,4,ubuntu,small,1000000,8,update,8000000,40589.953,0.1962435,0.190392,0.285028,0.359271,0.069005,15.074779,169.04893203883495,353.5458252427185,1498.8576310679612,214.32427184466022,0.171875,1556.4800000000005,0.0,174.07999999999993,103
